[0.664s] DEBUG:colcon:Command line arguments: ['/usr/bin/colcon', 'build']
[0.665s] DEBUG:colcon:Parsed command line arguments: Namespace(log_base=None, log_level=None, verb_name='build', build_base='build', install_base='install', merge_install=False, symlink_install=False, test_result_base=None, continue_on_error=False, executor='parallel', parallel_workers=4, event_handlers=None, ignore_user_meta=False, metas=['./colcon.meta'], base_paths=['.'], packages_ignore=None, packages_ignore_regex=None, paths=None, packages_up_to=None, packages_up_to_regex=None, packages_above=None, packages_above_and_dependencies=None, packages_above_depth=None, packages_select_by_dep=None, packages_skip_by_dep=None, packages_skip_up_to=None, packages_select_build_failed=False, packages_skip_build_finished=False, packages_select_test_failures=False, packages_skip_test_passed=False, packages_select=None, packages_skip=None, packages_select_regex=None, packages_skip_regex=None, packages_start=None, packages_end=None, allow_overriding=[], cmake_args=None, cmake_target=None, cmake_target_skip_unavailable=False, cmake_clean_cache=False, cmake_clean_first=False, cmake_force_configure=False, ament_cmake_args=None, catkin_cmake_args=None, catkin_skip_building_tests=False, mixin_files=None, mixin=None, verb_parser=<colcon_mixin.mixin.mixin_argument.MixinArgumentDecorator object at 0xffff9b9b88c0>, verb_extension=<colcon_core.verb.build.BuildVerb object at 0xffff9bc8a2a0>, main=<bound method BuildVerb.main of <colcon_core.verb.build.BuildVerb object at 0xffff9bc8a2a0>>, mixin_verb=('build',))
[0.858s] Level 1:colcon.colcon_core.package_discovery:discover_packages(colcon_meta) check parameters
[0.858s] Level 1:colcon.colcon_core.package_discovery:discover_packages(recursive) check parameters
[0.859s] Level 1:colcon.colcon_core.package_discovery:discover_packages(ignore) check parameters
[0.859s] Level 1:colcon.colcon_core.package_discovery:discover_packages(path) check parameters
[0.859s] Level 1:colcon.colcon_core.package_discovery:discover_packages(colcon_meta) discover
[0.859s] Level 1:colcon.colcon_core.package_discovery:discover_packages(recursive) discover
[0.859s] INFO:colcon.colcon_core.package_discovery:Crawling recursively for packages in '/home/ngt/ZENS-Final-AUVC'
[0.860s] Level 1:colcon.colcon_core.package_identification:_identify(.) by extensions ['ignore', 'ignore_ament_install']
[0.860s] Level 1:colcon.colcon_core.package_identification:_identify(.) by extension 'ignore'
[0.861s] Level 1:colcon.colcon_core.package_identification:_identify(.) by extension 'ignore_ament_install'
[0.861s] Level 1:colcon.colcon_core.package_identification:_identify(.) by extensions ['colcon_pkg']
[0.861s] Level 1:colcon.colcon_core.package_identification:_identify(.) by extension 'colcon_pkg'
[0.861s] Level 1:colcon.colcon_core.package_identification:_identify(.) by extensions ['colcon_meta']
[0.861s] Level 1:colcon.colcon_core.package_identification:_identify(.) by extension 'colcon_meta'
[0.861s] Level 1:colcon.colcon_core.package_identification:_identify(.) by extensions ['ros']
[0.862s] Level 1:colcon.colcon_core.package_identification:_identify(.) by extension 'ros'
[0.981s] Level 1:colcon.colcon_core.package_identification:_identify(.) by extensions ['cmake', 'python']
[0.982s] Level 1:colcon.colcon_core.package_identification:_identify(.) by extension 'cmake'
[0.982s] Level 1:colcon.colcon_core.package_identification:_identify(.) by extension 'python'
[0.982s] Level 1:colcon.colcon_core.package_identification:_identify(.) by extensions ['python_setup_py']
[0.982s] Level 1:colcon.colcon_core.package_identification:_identify(.) by extension 'python_setup_py'
[0.983s] Level 1:colcon.colcon_core.package_identification:_identify(analysis) by extensions ['ignore', 'ignore_ament_install']
[0.984s] Level 1:colcon.colcon_core.package_identification:_identify(analysis) by extension 'ignore'
[0.984s] Level 1:colcon.colcon_core.package_identification:_identify(analysis) by extension 'ignore_ament_install'
[0.985s] Level 1:colcon.colcon_core.package_identification:_identify(analysis) by extensions ['colcon_pkg']
[0.985s] Level 1:colcon.colcon_core.package_identification:_identify(analysis) by extension 'colcon_pkg'
[0.986s] Level 1:colcon.colcon_core.package_identification:_identify(analysis) by extensions ['colcon_meta']
[0.986s] Level 1:colcon.colcon_core.package_identification:_identify(analysis) by extension 'colcon_meta'
[0.986s] Level 1:colcon.colcon_core.package_identification:_identify(analysis) by extensions ['ros']
[0.986s] Level 1:colcon.colcon_core.package_identification:_identify(analysis) by extension 'ros'
[0.987s] Level 1:colcon.colcon_core.package_identification:_identify(analysis) by extensions ['cmake', 'python']
[0.987s] Level 1:colcon.colcon_core.package_identification:_identify(analysis) by extension 'cmake'
[0.988s] Level 1:colcon.colcon_core.package_identification:_identify(analysis) by extension 'python'
[0.988s] Level 1:colcon.colcon_core.package_identification:_identify(analysis) by extensions ['python_setup_py']
[0.988s] Level 1:colcon.colcon_core.package_identification:_identify(analysis) by extension 'python_setup_py'
[0.989s] Level 1:colcon.colcon_core.package_identification:_identify(analysis/notebooks) by extensions ['ignore', 'ignore_ament_install']
[0.990s] Level 1:colcon.colcon_core.package_identification:_identify(analysis/notebooks) by extension 'ignore'
[0.991s] Level 1:colcon.colcon_core.package_identification:_identify(analysis/notebooks) by extension 'ignore_ament_install'
[0.992s] Level 1:colcon.colcon_core.package_identification:_identify(analysis/notebooks) by extensions ['colcon_pkg']
[0.992s] Level 1:colcon.colcon_core.package_identification:_identify(analysis/notebooks) by extension 'colcon_pkg'
[0.992s] Level 1:colcon.colcon_core.package_identification:_identify(analysis/notebooks) by extensions ['colcon_meta']
[0.993s] Level 1:colcon.colcon_core.package_identification:_identify(analysis/notebooks) by extension 'colcon_meta'
[0.993s] Level 1:colcon.colcon_core.package_identification:_identify(analysis/notebooks) by extensions ['ros']
[0.994s] Level 1:colcon.colcon_core.package_identification:_identify(analysis/notebooks) by extension 'ros'
[0.994s] Level 1:colcon.colcon_core.package_identification:_identify(analysis/notebooks) by extensions ['cmake', 'python']
[0.995s] Level 1:colcon.colcon_core.package_identification:_identify(analysis/notebooks) by extension 'cmake'
[0.996s] Level 1:colcon.colcon_core.package_identification:_identify(analysis/notebooks) by extension 'python'
[0.997s] Level 1:colcon.colcon_core.package_identification:_identify(analysis/notebooks) by extensions ['python_setup_py']
[0.997s] Level 1:colcon.colcon_core.package_identification:_identify(analysis/notebooks) by extension 'python_setup_py'
[0.999s] Level 1:colcon.colcon_core.package_identification:_identify(assets) by extensions ['ignore', 'ignore_ament_install']
[1.000s] Level 1:colcon.colcon_core.package_identification:_identify(assets) by extension 'ignore'
[1.001s] Level 1:colcon.colcon_core.package_identification:_identify(assets) by extension 'ignore_ament_install'
[1.003s] Level 1:colcon.colcon_core.package_identification:_identify(assets) by extensions ['colcon_pkg']
[1.004s] Level 1:colcon.colcon_core.package_identification:_identify(assets) by extension 'colcon_pkg'
[1.005s] Level 1:colcon.colcon_core.package_identification:_identify(assets) by extensions ['colcon_meta']
[1.006s] Level 1:colcon.colcon_core.package_identification:_identify(assets) by extension 'colcon_meta'
[1.007s] Level 1:colcon.colcon_core.package_identification:_identify(assets) by extensions ['ros']
[1.007s] Level 1:colcon.colcon_core.package_identification:_identify(assets) by extension 'ros'
[1.008s] Level 1:colcon.colcon_core.package_identification:_identify(assets) by extensions ['cmake', 'python']
[1.009s] Level 1:colcon.colcon_core.package_identification:_identify(assets) by extension 'cmake'
[1.010s] Level 1:colcon.colcon_core.package_identification:_identify(assets) by extension 'python'
[1.010s] Level 1:colcon.colcon_core.package_identification:_identify(assets) by extensions ['python_setup_py']
[1.011s] Level 1:colcon.colcon_core.package_identification:_identify(assets) by extension 'python_setup_py'
[1.012s] Level 1:colcon.colcon_core.package_identification:_identify(assets/AUV YOLO.v4-auvc_yolo26_dataset.yolo26) by extensions ['ignore', 'ignore_ament_install']
[1.013s] Level 1:colcon.colcon_core.package_identification:_identify(assets/AUV YOLO.v4-auvc_yolo26_dataset.yolo26) by extension 'ignore'
[1.014s] Level 1:colcon.colcon_core.package_identification:_identify(assets/AUV YOLO.v4-auvc_yolo26_dataset.yolo26) by extension 'ignore_ament_install'
[1.015s] Level 1:colcon.colcon_core.package_identification:_identify(assets/AUV YOLO.v4-auvc_yolo26_dataset.yolo26) by extensions ['colcon_pkg']
[1.015s] Level 1:colcon.colcon_core.package_identification:_identify(assets/AUV YOLO.v4-auvc_yolo26_dataset.yolo26) by extension 'colcon_pkg'
[1.015s] Level 1:colcon.colcon_core.package_identification:_identify(assets/AUV YOLO.v4-auvc_yolo26_dataset.yolo26) by extensions ['colcon_meta']
[1.015s] Level 1:colcon.colcon_core.package_identification:_identify(assets/AUV YOLO.v4-auvc_yolo26_dataset.yolo26) by extension 'colcon_meta'
[1.016s] Level 1:colcon.colcon_core.package_identification:_identify(assets/AUV YOLO.v4-auvc_yolo26_dataset.yolo26) by extensions ['ros']
[1.017s] Level 1:colcon.colcon_core.package_identification:_identify(assets/AUV YOLO.v4-auvc_yolo26_dataset.yolo26) by extension 'ros'
[1.018s] Level 1:colcon.colcon_core.package_identification:_identify(assets/AUV YOLO.v4-auvc_yolo26_dataset.yolo26) by extensions ['cmake', 'python']
[1.018s] Level 1:colcon.colcon_core.package_identification:_identify(assets/AUV YOLO.v4-auvc_yolo26_dataset.yolo26) by extension 'cmake'
[1.019s] Level 1:colcon.colcon_core.package_identification:_identify(assets/AUV YOLO.v4-auvc_yolo26_dataset.yolo26) by extension 'python'
[1.020s] Level 1:colcon.colcon_core.package_identification:_identify(assets/AUV YOLO.v4-auvc_yolo26_dataset.yolo26) by extensions ['python_setup_py']
[1.020s] Level 1:colcon.colcon_core.package_identification:_identify(assets/AUV YOLO.v4-auvc_yolo26_dataset.yolo26) by extension 'python_setup_py'
[1.021s] Level 1:colcon.colcon_core.package_identification:_identify(assets/AUV YOLO.v4-auvc_yolo26_dataset.yolo26/AUV YOLO.v4-auvc_yolo26_dataset.yolo26) by extensions ['ignore', 'ignore_ament_install']
[1.023s] Level 1:colcon.colcon_core.package_identification:_identify(assets/AUV YOLO.v4-auvc_yolo26_dataset.yolo26/AUV YOLO.v4-auvc_yolo26_dataset.yolo26) by extension 'ignore'
[1.023s] Level 1:colcon.colcon_core.package_identification:_identify(assets/AUV YOLO.v4-auvc_yolo26_dataset.yolo26/AUV YOLO.v4-auvc_yolo26_dataset.yolo26) by extension 'ignore_ament_install'
[1.024s] Level 1:colcon.colcon_core.package_identification:_identify(assets/AUV YOLO.v4-auvc_yolo26_dataset.yolo26/AUV YOLO.v4-auvc_yolo26_dataset.yolo26) by extensions ['colcon_pkg']
[1.025s] Level 1:colcon.colcon_core.package_identification:_identify(assets/AUV YOLO.v4-auvc_yolo26_dataset.yolo26/AUV YOLO.v4-auvc_yolo26_dataset.yolo26) by extension 'colcon_pkg'
[1.026s] Level 1:colcon.colcon_core.package_identification:_identify(assets/AUV YOLO.v4-auvc_yolo26_dataset.yolo26/AUV YOLO.v4-auvc_yolo26_dataset.yolo26) by extensions ['colcon_meta']
[1.026s] Level 1:colcon.colcon_core.package_identification:_identify(assets/AUV YOLO.v4-auvc_yolo26_dataset.yolo26/AUV YOLO.v4-auvc_yolo26_dataset.yolo26) by extension 'colcon_meta'
[1.026s] Level 1:colcon.colcon_core.package_identification:_identify(assets/AUV YOLO.v4-auvc_yolo26_dataset.yolo26/AUV YOLO.v4-auvc_yolo26_dataset.yolo26) by extensions ['ros']
[1.027s] Level 1:colcon.colcon_core.package_identification:_identify(assets/AUV YOLO.v4-auvc_yolo26_dataset.yolo26/AUV YOLO.v4-auvc_yolo26_dataset.yolo26) by extension 'ros'
[1.027s] Level 1:colcon.colcon_core.package_identification:_identify(assets/AUV YOLO.v4-auvc_yolo26_dataset.yolo26/AUV YOLO.v4-auvc_yolo26_dataset.yolo26) by extensions ['cmake', 'python']
[1.028s] Level 1:colcon.colcon_core.package_identification:_identify(assets/AUV YOLO.v4-auvc_yolo26_dataset.yolo26/AUV YOLO.v4-auvc_yolo26_dataset.yolo26) by extension 'cmake'
[1.028s] Level 1:colcon.colcon_core.package_identification:_identify(assets/AUV YOLO.v4-auvc_yolo26_dataset.yolo26/AUV YOLO.v4-auvc_yolo26_dataset.yolo26) by extension 'python'
[1.028s] Level 1:colcon.colcon_core.package_identification:_identify(assets/AUV YOLO.v4-auvc_yolo26_dataset.yolo26/AUV YOLO.v4-auvc_yolo26_dataset.yolo26) by extensions ['python_setup_py']
[1.028s] Level 1:colcon.colcon_core.package_identification:_identify(assets/AUV YOLO.v4-auvc_yolo26_dataset.yolo26/AUV YOLO.v4-auvc_yolo26_dataset.yolo26) by extension 'python_setup_py'
[1.029s] Level 1:colcon.colcon_core.package_identification:_identify(assets/AUV YOLO.v4-auvc_yolo26_dataset.yolo26/AUV YOLO.v4-auvc_yolo26_dataset.yolo26/test) by extensions ['ignore', 'ignore_ament_install']
[1.030s] Level 1:colcon.colcon_core.package_identification:_identify(assets/AUV YOLO.v4-auvc_yolo26_dataset.yolo26/AUV YOLO.v4-auvc_yolo26_dataset.yolo26/test) by extension 'ignore'
[1.031s] Level 1:colcon.colcon_core.package_identification:_identify(assets/AUV YOLO.v4-auvc_yolo26_dataset.yolo26/AUV YOLO.v4-auvc_yolo26_dataset.yolo26/test) by extension 'ignore_ament_install'
[1.032s] Level 1:colcon.colcon_core.package_identification:_identify(assets/AUV YOLO.v4-auvc_yolo26_dataset.yolo26/AUV YOLO.v4-auvc_yolo26_dataset.yolo26/test) by extensions ['colcon_pkg']
[1.032s] Level 1:colcon.colcon_core.package_identification:_identify(assets/AUV YOLO.v4-auvc_yolo26_dataset.yolo26/AUV YOLO.v4-auvc_yolo26_dataset.yolo26/test) by extension 'colcon_pkg'
[1.032s] Level 1:colcon.colcon_core.package_identification:_identify(assets/AUV YOLO.v4-auvc_yolo26_dataset.yolo26/AUV YOLO.v4-auvc_yolo26_dataset.yolo26/test) by extensions ['colcon_meta']
[1.033s] Level 1:colcon.colcon_core.package_identification:_identify(assets/AUV YOLO.v4-auvc_yolo26_dataset.yolo26/AUV YOLO.v4-auvc_yolo26_dataset.yolo26/test) by extension 'colcon_meta'
[1.033s] Level 1:colcon.colcon_core.package_identification:_identify(assets/AUV YOLO.v4-auvc_yolo26_dataset.yolo26/AUV YOLO.v4-auvc_yolo26_dataset.yolo26/test) by extensions ['ros']
[1.033s] Level 1:colcon.colcon_core.package_identification:_identify(assets/AUV YOLO.v4-auvc_yolo26_dataset.yolo26/AUV YOLO.v4-auvc_yolo26_dataset.yolo26/test) by extension 'ros'
[1.034s] Level 1:colcon.colcon_core.package_identification:_identify(assets/AUV YOLO.v4-auvc_yolo26_dataset.yolo26/AUV YOLO.v4-auvc_yolo26_dataset.yolo26/test) by extensions ['cmake', 'python']
[1.034s] Level 1:colcon.colcon_core.package_identification:_identify(assets/AUV YOLO.v4-auvc_yolo26_dataset.yolo26/AUV YOLO.v4-auvc_yolo26_dataset.yolo26/test) by extension 'cmake'
[1.035s] Level 1:colcon.colcon_core.package_identification:_identify(assets/AUV YOLO.v4-auvc_yolo26_dataset.yolo26/AUV YOLO.v4-auvc_yolo26_dataset.yolo26/test) by extension 'python'
[1.035s] Level 1:colcon.colcon_core.package_identification:_identify(assets/AUV YOLO.v4-auvc_yolo26_dataset.yolo26/AUV YOLO.v4-auvc_yolo26_dataset.yolo26/test) by extensions ['python_setup_py']
[1.036s] Level 1:colcon.colcon_core.package_identification:_identify(assets/AUV YOLO.v4-auvc_yolo26_dataset.yolo26/AUV YOLO.v4-auvc_yolo26_dataset.yolo26/test) by extension 'python_setup_py'
[1.037s] Level 1:colcon.colcon_core.package_identification:_identify(assets/AUV YOLO.v4-auvc_yolo26_dataset.yolo26/AUV YOLO.v4-auvc_yolo26_dataset.yolo26/test/images) by extensions ['ignore', 'ignore_ament_install']
[1.037s] Level 1:colcon.colcon_core.package_identification:_identify(assets/AUV YOLO.v4-auvc_yolo26_dataset.yolo26/AUV YOLO.v4-auvc_yolo26_dataset.yolo26/test/images) by extension 'ignore'
[1.038s] Level 1:colcon.colcon_core.package_identification:_identify(assets/AUV YOLO.v4-auvc_yolo26_dataset.yolo26/AUV YOLO.v4-auvc_yolo26_dataset.yolo26/test/images) by extension 'ignore_ament_install'
[1.038s] Level 1:colcon.colcon_core.package_identification:_identify(assets/AUV YOLO.v4-auvc_yolo26_dataset.yolo26/AUV YOLO.v4-auvc_yolo26_dataset.yolo26/test/images) by extensions ['colcon_pkg']
[1.039s] Level 1:colcon.colcon_core.package_identification:_identify(assets/AUV YOLO.v4-auvc_yolo26_dataset.yolo26/AUV YOLO.v4-auvc_yolo26_dataset.yolo26/test/images) by extension 'colcon_pkg'
[1.039s] Level 1:colcon.colcon_core.package_identification:_identify(assets/AUV YOLO.v4-auvc_yolo26_dataset.yolo26/AUV YOLO.v4-auvc_yolo26_dataset.yolo26/test/images) by extensions ['colcon_meta']
[1.040s] Level 1:colcon.colcon_core.package_identification:_identify(assets/AUV YOLO.v4-auvc_yolo26_dataset.yolo26/AUV YOLO.v4-auvc_yolo26_dataset.yolo26/test/images) by extension 'colcon_meta'
[1.041s] Level 1:colcon.colcon_core.package_identification:_identify(assets/AUV YOLO.v4-auvc_yolo26_dataset.yolo26/AUV YOLO.v4-auvc_yolo26_dataset.yolo26/test/images) by extensions ['ros']
[1.041s] Level 1:colcon.colcon_core.package_identification:_identify(assets/AUV YOLO.v4-auvc_yolo26_dataset.yolo26/AUV YOLO.v4-auvc_yolo26_dataset.yolo26/test/images) by extension 'ros'
[1.043s] Level 1:colcon.colcon_core.package_identification:_identify(assets/AUV YOLO.v4-auvc_yolo26_dataset.yolo26/AUV YOLO.v4-auvc_yolo26_dataset.yolo26/test/images) by extensions ['cmake', 'python']
[1.043s] Level 1:colcon.colcon_core.package_identification:_identify(assets/AUV YOLO.v4-auvc_yolo26_dataset.yolo26/AUV YOLO.v4-auvc_yolo26_dataset.yolo26/test/images) by extension 'cmake'
[1.044s] Level 1:colcon.colcon_core.package_identification:_identify(assets/AUV YOLO.v4-auvc_yolo26_dataset.yolo26/AUV YOLO.v4-auvc_yolo26_dataset.yolo26/test/images) by extension 'python'
[1.045s] Level 1:colcon.colcon_core.package_identification:_identify(assets/AUV YOLO.v4-auvc_yolo26_dataset.yolo26/AUV YOLO.v4-auvc_yolo26_dataset.yolo26/test/images) by extensions ['python_setup_py']
[1.046s] Level 1:colcon.colcon_core.package_identification:_identify(assets/AUV YOLO.v4-auvc_yolo26_dataset.yolo26/AUV YOLO.v4-auvc_yolo26_dataset.yolo26/test/images) by extension 'python_setup_py'
[1.048s] Level 1:colcon.colcon_core.package_identification:_identify(assets/AUV YOLO.v4-auvc_yolo26_dataset.yolo26/AUV YOLO.v4-auvc_yolo26_dataset.yolo26/test/labels) by extensions ['ignore', 'ignore_ament_install']
[1.049s] Level 1:colcon.colcon_core.package_identification:_identify(assets/AUV YOLO.v4-auvc_yolo26_dataset.yolo26/AUV YOLO.v4-auvc_yolo26_dataset.yolo26/test/labels) by extension 'ignore'
[1.049s] Level 1:colcon.colcon_core.package_identification:_identify(assets/AUV YOLO.v4-auvc_yolo26_dataset.yolo26/AUV YOLO.v4-auvc_yolo26_dataset.yolo26/test/labels) by extension 'ignore_ament_install'
[1.050s] Level 1:colcon.colcon_core.package_identification:_identify(assets/AUV YOLO.v4-auvc_yolo26_dataset.yolo26/AUV YOLO.v4-auvc_yolo26_dataset.yolo26/test/labels) by extensions ['colcon_pkg']
[1.051s] Level 1:colcon.colcon_core.package_identification:_identify(assets/AUV YOLO.v4-auvc_yolo26_dataset.yolo26/AUV YOLO.v4-auvc_yolo26_dataset.yolo26/test/labels) by extension 'colcon_pkg'
[1.051s] Level 1:colcon.colcon_core.package_identification:_identify(assets/AUV YOLO.v4-auvc_yolo26_dataset.yolo26/AUV YOLO.v4-auvc_yolo26_dataset.yolo26/test/labels) by extensions ['colcon_meta']
[1.052s] Level 1:colcon.colcon_core.package_identification:_identify(assets/AUV YOLO.v4-auvc_yolo26_dataset.yolo26/AUV YOLO.v4-auvc_yolo26_dataset.yolo26/test/labels) by extension 'colcon_meta'
[1.052s] Level 1:colcon.colcon_core.package_identification:_identify(assets/AUV YOLO.v4-auvc_yolo26_dataset.yolo26/AUV YOLO.v4-auvc_yolo26_dataset.yolo26/test/labels) by extensions ['ros']
[1.053s] Level 1:colcon.colcon_core.package_identification:_identify(assets/AUV YOLO.v4-auvc_yolo26_dataset.yolo26/AUV YOLO.v4-auvc_yolo26_dataset.yolo26/test/labels) by extension 'ros'
[1.053s] Level 1:colcon.colcon_core.package_identification:_identify(assets/AUV YOLO.v4-auvc_yolo26_dataset.yolo26/AUV YOLO.v4-auvc_yolo26_dataset.yolo26/test/labels) by extensions ['cmake', 'python']
[1.054s] Level 1:colcon.colcon_core.package_identification:_identify(assets/AUV YOLO.v4-auvc_yolo26_dataset.yolo26/AUV YOLO.v4-auvc_yolo26_dataset.yolo26/test/labels) by extension 'cmake'
[1.054s] Level 1:colcon.colcon_core.package_identification:_identify(assets/AUV YOLO.v4-auvc_yolo26_dataset.yolo26/AUV YOLO.v4-auvc_yolo26_dataset.yolo26/test/labels) by extension 'python'
[1.055s] Level 1:colcon.colcon_core.package_identification:_identify(assets/AUV YOLO.v4-auvc_yolo26_dataset.yolo26/AUV YOLO.v4-auvc_yolo26_dataset.yolo26/test/labels) by extensions ['python_setup_py']
[1.055s] Level 1:colcon.colcon_core.package_identification:_identify(assets/AUV YOLO.v4-auvc_yolo26_dataset.yolo26/AUV YOLO.v4-auvc_yolo26_dataset.yolo26/test/labels) by extension 'python_setup_py'
[1.056s] Level 1:colcon.colcon_core.package_identification:_identify(assets/AUV YOLO.v4-auvc_yolo26_dataset.yolo26/AUV YOLO.v4-auvc_yolo26_dataset.yolo26/train) by extensions ['ignore', 'ignore_ament_install']
[1.056s] Level 1:colcon.colcon_core.package_identification:_identify(assets/AUV YOLO.v4-auvc_yolo26_dataset.yolo26/AUV YOLO.v4-auvc_yolo26_dataset.yolo26/train) by extension 'ignore'
[1.057s] Level 1:colcon.colcon_core.package_identification:_identify(assets/AUV YOLO.v4-auvc_yolo26_dataset.yolo26/AUV YOLO.v4-auvc_yolo26_dataset.yolo26/train) by extension 'ignore_ament_install'
[1.057s] Level 1:colcon.colcon_core.package_identification:_identify(assets/AUV YOLO.v4-auvc_yolo26_dataset.yolo26/AUV YOLO.v4-auvc_yolo26_dataset.yolo26/train) by extensions ['colcon_pkg']
[1.058s] Level 1:colcon.colcon_core.package_identification:_identify(assets/AUV YOLO.v4-auvc_yolo26_dataset.yolo26/AUV YOLO.v4-auvc_yolo26_dataset.yolo26/train) by extension 'colcon_pkg'
[1.058s] Level 1:colcon.colcon_core.package_identification:_identify(assets/AUV YOLO.v4-auvc_yolo26_dataset.yolo26/AUV YOLO.v4-auvc_yolo26_dataset.yolo26/train) by extensions ['colcon_meta']
[1.058s] Level 1:colcon.colcon_core.package_identification:_identify(assets/AUV YOLO.v4-auvc_yolo26_dataset.yolo26/AUV YOLO.v4-auvc_yolo26_dataset.yolo26/train) by extension 'colcon_meta'
[1.059s] Level 1:colcon.colcon_core.package_identification:_identify(assets/AUV YOLO.v4-auvc_yolo26_dataset.yolo26/AUV YOLO.v4-auvc_yolo26_dataset.yolo26/train) by extensions ['ros']
[1.059s] Level 1:colcon.colcon_core.package_identification:_identify(assets/AUV YOLO.v4-auvc_yolo26_dataset.yolo26/AUV YOLO.v4-auvc_yolo26_dataset.yolo26/train) by extension 'ros'
[1.060s] Level 1:colcon.colcon_core.package_identification:_identify(assets/AUV YOLO.v4-auvc_yolo26_dataset.yolo26/AUV YOLO.v4-auvc_yolo26_dataset.yolo26/train) by extensions ['cmake', 'python']
[1.060s] Level 1:colcon.colcon_core.package_identification:_identify(assets/AUV YOLO.v4-auvc_yolo26_dataset.yolo26/AUV YOLO.v4-auvc_yolo26_dataset.yolo26/train) by extension 'cmake'
[1.061s] Level 1:colcon.colcon_core.package_identification:_identify(assets/AUV YOLO.v4-auvc_yolo26_dataset.yolo26/AUV YOLO.v4-auvc_yolo26_dataset.yolo26/train) by extension 'python'
[1.061s] Level 1:colcon.colcon_core.package_identification:_identify(assets/AUV YOLO.v4-auvc_yolo26_dataset.yolo26/AUV YOLO.v4-auvc_yolo26_dataset.yolo26/train) by extensions ['python_setup_py']
[1.061s] Level 1:colcon.colcon_core.package_identification:_identify(assets/AUV YOLO.v4-auvc_yolo26_dataset.yolo26/AUV YOLO.v4-auvc_yolo26_dataset.yolo26/train) by extension 'python_setup_py'
[1.082s] Level 1:colcon.colcon_core.package_identification:_identify(assets/AUV YOLO.v4-auvc_yolo26_dataset.yolo26/AUV YOLO.v4-auvc_yolo26_dataset.yolo26/train/images) by extensions ['ignore', 'ignore_ament_install']
[1.083s] Level 1:colcon.colcon_core.package_identification:_identify(assets/AUV YOLO.v4-auvc_yolo26_dataset.yolo26/AUV YOLO.v4-auvc_yolo26_dataset.yolo26/train/images) by extension 'ignore'
[1.083s] Level 1:colcon.colcon_core.package_identification:_identify(assets/AUV YOLO.v4-auvc_yolo26_dataset.yolo26/AUV YOLO.v4-auvc_yolo26_dataset.yolo26/train/images) by extension 'ignore_ament_install'
[1.084s] Level 1:colcon.colcon_core.package_identification:_identify(assets/AUV YOLO.v4-auvc_yolo26_dataset.yolo26/AUV YOLO.v4-auvc_yolo26_dataset.yolo26/train/images) by extensions ['colcon_pkg']
[1.084s] Level 1:colcon.colcon_core.package_identification:_identify(assets/AUV YOLO.v4-auvc_yolo26_dataset.yolo26/AUV YOLO.v4-auvc_yolo26_dataset.yolo26/train/images) by extension 'colcon_pkg'
[1.086s] Level 1:colcon.colcon_core.package_identification:_identify(assets/AUV YOLO.v4-auvc_yolo26_dataset.yolo26/AUV YOLO.v4-auvc_yolo26_dataset.yolo26/train/images) by extensions ['colcon_meta']
[1.086s] Level 1:colcon.colcon_core.package_identification:_identify(assets/AUV YOLO.v4-auvc_yolo26_dataset.yolo26/AUV YOLO.v4-auvc_yolo26_dataset.yolo26/train/images) by extension 'colcon_meta'
[1.087s] Level 1:colcon.colcon_core.package_identification:_identify(assets/AUV YOLO.v4-auvc_yolo26_dataset.yolo26/AUV YOLO.v4-auvc_yolo26_dataset.yolo26/train/images) by extensions ['ros']
[1.088s] Level 1:colcon.colcon_core.package_identification:_identify(assets/AUV YOLO.v4-auvc_yolo26_dataset.yolo26/AUV YOLO.v4-auvc_yolo26_dataset.yolo26/train/images) by extension 'ros'
[1.090s] Level 1:colcon.colcon_core.package_identification:_identify(assets/AUV YOLO.v4-auvc_yolo26_dataset.yolo26/AUV YOLO.v4-auvc_yolo26_dataset.yolo26/train/images) by extensions ['cmake', 'python']
[1.091s] Level 1:colcon.colcon_core.package_identification:_identify(assets/AUV YOLO.v4-auvc_yolo26_dataset.yolo26/AUV YOLO.v4-auvc_yolo26_dataset.yolo26/train/images) by extension 'cmake'
[1.092s] Level 1:colcon.colcon_core.package_identification:_identify(assets/AUV YOLO.v4-auvc_yolo26_dataset.yolo26/AUV YOLO.v4-auvc_yolo26_dataset.yolo26/train/images) by extension 'python'
[1.094s] Level 1:colcon.colcon_core.package_identification:_identify(assets/AUV YOLO.v4-auvc_yolo26_dataset.yolo26/AUV YOLO.v4-auvc_yolo26_dataset.yolo26/train/images) by extensions ['python_setup_py']
[1.095s] Level 1:colcon.colcon_core.package_identification:_identify(assets/AUV YOLO.v4-auvc_yolo26_dataset.yolo26/AUV YOLO.v4-auvc_yolo26_dataset.yolo26/train/images) by extension 'python_setup_py'
[1.116s] Level 1:colcon.colcon_core.package_identification:_identify(assets/AUV YOLO.v4-auvc_yolo26_dataset.yolo26/AUV YOLO.v4-auvc_yolo26_dataset.yolo26/train/labels) by extensions ['ignore', 'ignore_ament_install']
[1.117s] Level 1:colcon.colcon_core.package_identification:_identify(assets/AUV YOLO.v4-auvc_yolo26_dataset.yolo26/AUV YOLO.v4-auvc_yolo26_dataset.yolo26/train/labels) by extension 'ignore'
[1.117s] Level 1:colcon.colcon_core.package_identification:_identify(assets/AUV YOLO.v4-auvc_yolo26_dataset.yolo26/AUV YOLO.v4-auvc_yolo26_dataset.yolo26/train/labels) by extension 'ignore_ament_install'
[1.118s] Level 1:colcon.colcon_core.package_identification:_identify(assets/AUV YOLO.v4-auvc_yolo26_dataset.yolo26/AUV YOLO.v4-auvc_yolo26_dataset.yolo26/train/labels) by extensions ['colcon_pkg']
[1.118s] Level 1:colcon.colcon_core.package_identification:_identify(assets/AUV YOLO.v4-auvc_yolo26_dataset.yolo26/AUV YOLO.v4-auvc_yolo26_dataset.yolo26/train/labels) by extension 'colcon_pkg'
[1.118s] Level 1:colcon.colcon_core.package_identification:_identify(assets/AUV YOLO.v4-auvc_yolo26_dataset.yolo26/AUV YOLO.v4-auvc_yolo26_dataset.yolo26/train/labels) by extensions ['colcon_meta']
[1.118s] Level 1:colcon.colcon_core.package_identification:_identify(assets/AUV YOLO.v4-auvc_yolo26_dataset.yolo26/AUV YOLO.v4-auvc_yolo26_dataset.yolo26/train/labels) by extension 'colcon_meta'
[1.119s] Level 1:colcon.colcon_core.package_identification:_identify(assets/AUV YOLO.v4-auvc_yolo26_dataset.yolo26/AUV YOLO.v4-auvc_yolo26_dataset.yolo26/train/labels) by extensions ['ros']
[1.119s] Level 1:colcon.colcon_core.package_identification:_identify(assets/AUV YOLO.v4-auvc_yolo26_dataset.yolo26/AUV YOLO.v4-auvc_yolo26_dataset.yolo26/train/labels) by extension 'ros'
[1.120s] Level 1:colcon.colcon_core.package_identification:_identify(assets/AUV YOLO.v4-auvc_yolo26_dataset.yolo26/AUV YOLO.v4-auvc_yolo26_dataset.yolo26/train/labels) by extensions ['cmake', 'python']
[1.120s] Level 1:colcon.colcon_core.package_identification:_identify(assets/AUV YOLO.v4-auvc_yolo26_dataset.yolo26/AUV YOLO.v4-auvc_yolo26_dataset.yolo26/train/labels) by extension 'cmake'
[1.120s] Level 1:colcon.colcon_core.package_identification:_identify(assets/AUV YOLO.v4-auvc_yolo26_dataset.yolo26/AUV YOLO.v4-auvc_yolo26_dataset.yolo26/train/labels) by extension 'python'
[1.120s] Level 1:colcon.colcon_core.package_identification:_identify(assets/AUV YOLO.v4-auvc_yolo26_dataset.yolo26/AUV YOLO.v4-auvc_yolo26_dataset.yolo26/train/labels) by extensions ['python_setup_py']
[1.120s] Level 1:colcon.colcon_core.package_identification:_identify(assets/AUV YOLO.v4-auvc_yolo26_dataset.yolo26/AUV YOLO.v4-auvc_yolo26_dataset.yolo26/train/labels) by extension 'python_setup_py'
[1.121s] Level 1:colcon.colcon_core.package_identification:_identify(assets/AUV YOLO.v4-auvc_yolo26_dataset.yolo26/AUV YOLO.v4-auvc_yolo26_dataset.yolo26/valid) by extensions ['ignore', 'ignore_ament_install']
[1.122s] Level 1:colcon.colcon_core.package_identification:_identify(assets/AUV YOLO.v4-auvc_yolo26_dataset.yolo26/AUV YOLO.v4-auvc_yolo26_dataset.yolo26/valid) by extension 'ignore'
[1.122s] Level 1:colcon.colcon_core.package_identification:_identify(assets/AUV YOLO.v4-auvc_yolo26_dataset.yolo26/AUV YOLO.v4-auvc_yolo26_dataset.yolo26/valid) by extension 'ignore_ament_install'
[1.122s] Level 1:colcon.colcon_core.package_identification:_identify(assets/AUV YOLO.v4-auvc_yolo26_dataset.yolo26/AUV YOLO.v4-auvc_yolo26_dataset.yolo26/valid) by extensions ['colcon_pkg']
[1.123s] Level 1:colcon.colcon_core.package_identification:_identify(assets/AUV YOLO.v4-auvc_yolo26_dataset.yolo26/AUV YOLO.v4-auvc_yolo26_dataset.yolo26/valid) by extension 'colcon_pkg'
[1.123s] Level 1:colcon.colcon_core.package_identification:_identify(assets/AUV YOLO.v4-auvc_yolo26_dataset.yolo26/AUV YOLO.v4-auvc_yolo26_dataset.yolo26/valid) by extensions ['colcon_meta']
[1.123s] Level 1:colcon.colcon_core.package_identification:_identify(assets/AUV YOLO.v4-auvc_yolo26_dataset.yolo26/AUV YOLO.v4-auvc_yolo26_dataset.yolo26/valid) by extension 'colcon_meta'
[1.124s] Level 1:colcon.colcon_core.package_identification:_identify(assets/AUV YOLO.v4-auvc_yolo26_dataset.yolo26/AUV YOLO.v4-auvc_yolo26_dataset.yolo26/valid) by extensions ['ros']
[1.124s] Level 1:colcon.colcon_core.package_identification:_identify(assets/AUV YOLO.v4-auvc_yolo26_dataset.yolo26/AUV YOLO.v4-auvc_yolo26_dataset.yolo26/valid) by extension 'ros'
[1.125s] Level 1:colcon.colcon_core.package_identification:_identify(assets/AUV YOLO.v4-auvc_yolo26_dataset.yolo26/AUV YOLO.v4-auvc_yolo26_dataset.yolo26/valid) by extensions ['cmake', 'python']
[1.125s] Level 1:colcon.colcon_core.package_identification:_identify(assets/AUV YOLO.v4-auvc_yolo26_dataset.yolo26/AUV YOLO.v4-auvc_yolo26_dataset.yolo26/valid) by extension 'cmake'
[1.125s] Level 1:colcon.colcon_core.package_identification:_identify(assets/AUV YOLO.v4-auvc_yolo26_dataset.yolo26/AUV YOLO.v4-auvc_yolo26_dataset.yolo26/valid) by extension 'python'
[1.126s] Level 1:colcon.colcon_core.package_identification:_identify(assets/AUV YOLO.v4-auvc_yolo26_dataset.yolo26/AUV YOLO.v4-auvc_yolo26_dataset.yolo26/valid) by extensions ['python_setup_py']
[1.126s] Level 1:colcon.colcon_core.package_identification:_identify(assets/AUV YOLO.v4-auvc_yolo26_dataset.yolo26/AUV YOLO.v4-auvc_yolo26_dataset.yolo26/valid) by extension 'python_setup_py'
[1.127s] Level 1:colcon.colcon_core.package_identification:_identify(assets/AUV YOLO.v4-auvc_yolo26_dataset.yolo26/AUV YOLO.v4-auvc_yolo26_dataset.yolo26/valid/images) by extensions ['ignore', 'ignore_ament_install']
[1.128s] Level 1:colcon.colcon_core.package_identification:_identify(assets/AUV YOLO.v4-auvc_yolo26_dataset.yolo26/AUV YOLO.v4-auvc_yolo26_dataset.yolo26/valid/images) by extension 'ignore'
[1.128s] Level 1:colcon.colcon_core.package_identification:_identify(assets/AUV YOLO.v4-auvc_yolo26_dataset.yolo26/AUV YOLO.v4-auvc_yolo26_dataset.yolo26/valid/images) by extension 'ignore_ament_install'
[1.129s] Level 1:colcon.colcon_core.package_identification:_identify(assets/AUV YOLO.v4-auvc_yolo26_dataset.yolo26/AUV YOLO.v4-auvc_yolo26_dataset.yolo26/valid/images) by extensions ['colcon_pkg']
[1.129s] Level 1:colcon.colcon_core.package_identification:_identify(assets/AUV YOLO.v4-auvc_yolo26_dataset.yolo26/AUV YOLO.v4-auvc_yolo26_dataset.yolo26/valid/images) by extension 'colcon_pkg'
[1.130s] Level 1:colcon.colcon_core.package_identification:_identify(assets/AUV YOLO.v4-auvc_yolo26_dataset.yolo26/AUV YOLO.v4-auvc_yolo26_dataset.yolo26/valid/images) by extensions ['colcon_meta']
[1.130s] Level 1:colcon.colcon_core.package_identification:_identify(assets/AUV YOLO.v4-auvc_yolo26_dataset.yolo26/AUV YOLO.v4-auvc_yolo26_dataset.yolo26/valid/images) by extension 'colcon_meta'
[1.131s] Level 1:colcon.colcon_core.package_identification:_identify(assets/AUV YOLO.v4-auvc_yolo26_dataset.yolo26/AUV YOLO.v4-auvc_yolo26_dataset.yolo26/valid/images) by extensions ['ros']
[1.132s] Level 1:colcon.colcon_core.package_identification:_identify(assets/AUV YOLO.v4-auvc_yolo26_dataset.yolo26/AUV YOLO.v4-auvc_yolo26_dataset.yolo26/valid/images) by extension 'ros'
[1.133s] Level 1:colcon.colcon_core.package_identification:_identify(assets/AUV YOLO.v4-auvc_yolo26_dataset.yolo26/AUV YOLO.v4-auvc_yolo26_dataset.yolo26/valid/images) by extensions ['cmake', 'python']
[1.134s] Level 1:colcon.colcon_core.package_identification:_identify(assets/AUV YOLO.v4-auvc_yolo26_dataset.yolo26/AUV YOLO.v4-auvc_yolo26_dataset.yolo26/valid/images) by extension 'cmake'
[1.135s] Level 1:colcon.colcon_core.package_identification:_identify(assets/AUV YOLO.v4-auvc_yolo26_dataset.yolo26/AUV YOLO.v4-auvc_yolo26_dataset.yolo26/valid/images) by extension 'python'
[1.136s] Level 1:colcon.colcon_core.package_identification:_identify(assets/AUV YOLO.v4-auvc_yolo26_dataset.yolo26/AUV YOLO.v4-auvc_yolo26_dataset.yolo26/valid/images) by extensions ['python_setup_py']
[1.137s] Level 1:colcon.colcon_core.package_identification:_identify(assets/AUV YOLO.v4-auvc_yolo26_dataset.yolo26/AUV YOLO.v4-auvc_yolo26_dataset.yolo26/valid/images) by extension 'python_setup_py'
[1.139s] Level 1:colcon.colcon_core.package_identification:_identify(assets/AUV YOLO.v4-auvc_yolo26_dataset.yolo26/AUV YOLO.v4-auvc_yolo26_dataset.yolo26/valid/labels) by extensions ['ignore', 'ignore_ament_install']
[1.140s] Level 1:colcon.colcon_core.package_identification:_identify(assets/AUV YOLO.v4-auvc_yolo26_dataset.yolo26/AUV YOLO.v4-auvc_yolo26_dataset.yolo26/valid/labels) by extension 'ignore'
[1.141s] Level 1:colcon.colcon_core.package_identification:_identify(assets/AUV YOLO.v4-auvc_yolo26_dataset.yolo26/AUV YOLO.v4-auvc_yolo26_dataset.yolo26/valid/labels) by extension 'ignore_ament_install'
[1.142s] Level 1:colcon.colcon_core.package_identification:_identify(assets/AUV YOLO.v4-auvc_yolo26_dataset.yolo26/AUV YOLO.v4-auvc_yolo26_dataset.yolo26/valid/labels) by extensions ['colcon_pkg']
[1.142s] Level 1:colcon.colcon_core.package_identification:_identify(assets/AUV YOLO.v4-auvc_yolo26_dataset.yolo26/AUV YOLO.v4-auvc_yolo26_dataset.yolo26/valid/labels) by extension 'colcon_pkg'
[1.143s] Level 1:colcon.colcon_core.package_identification:_identify(assets/AUV YOLO.v4-auvc_yolo26_dataset.yolo26/AUV YOLO.v4-auvc_yolo26_dataset.yolo26/valid/labels) by extensions ['colcon_meta']
[1.143s] Level 1:colcon.colcon_core.package_identification:_identify(assets/AUV YOLO.v4-auvc_yolo26_dataset.yolo26/AUV YOLO.v4-auvc_yolo26_dataset.yolo26/valid/labels) by extension 'colcon_meta'
[1.143s] Level 1:colcon.colcon_core.package_identification:_identify(assets/AUV YOLO.v4-auvc_yolo26_dataset.yolo26/AUV YOLO.v4-auvc_yolo26_dataset.yolo26/valid/labels) by extensions ['ros']
[1.144s] Level 1:colcon.colcon_core.package_identification:_identify(assets/AUV YOLO.v4-auvc_yolo26_dataset.yolo26/AUV YOLO.v4-auvc_yolo26_dataset.yolo26/valid/labels) by extension 'ros'
[1.145s] Level 1:colcon.colcon_core.package_identification:_identify(assets/AUV YOLO.v4-auvc_yolo26_dataset.yolo26/AUV YOLO.v4-auvc_yolo26_dataset.yolo26/valid/labels) by extensions ['cmake', 'python']
[1.145s] Level 1:colcon.colcon_core.package_identification:_identify(assets/AUV YOLO.v4-auvc_yolo26_dataset.yolo26/AUV YOLO.v4-auvc_yolo26_dataset.yolo26/valid/labels) by extension 'cmake'
[1.145s] Level 1:colcon.colcon_core.package_identification:_identify(assets/AUV YOLO.v4-auvc_yolo26_dataset.yolo26/AUV YOLO.v4-auvc_yolo26_dataset.yolo26/valid/labels) by extension 'python'
[1.146s] Level 1:colcon.colcon_core.package_identification:_identify(assets/AUV YOLO.v4-auvc_yolo26_dataset.yolo26/AUV YOLO.v4-auvc_yolo26_dataset.yolo26/valid/labels) by extensions ['python_setup_py']
[1.146s] Level 1:colcon.colcon_core.package_identification:_identify(assets/AUV YOLO.v4-auvc_yolo26_dataset.yolo26/AUV YOLO.v4-auvc_yolo26_dataset.yolo26/valid/labels) by extension 'python_setup_py'
[1.147s] Level 1:colcon.colcon_core.package_identification:_identify(build) by extensions ['ignore', 'ignore_ament_install']
[1.148s] Level 1:colcon.colcon_core.package_identification:_identify(build) by extension 'ignore'
[1.148s] Level 1:colcon.colcon_core.package_identification:_identify(build) ignored
[1.149s] Level 1:colcon.colcon_core.package_identification:_identify(bwsibot) by extensions ['ignore', 'ignore_ament_install']
[1.150s] Level 1:colcon.colcon_core.package_identification:_identify(bwsibot) by extension 'ignore'
[1.150s] Level 1:colcon.colcon_core.package_identification:_identify(bwsibot) by extension 'ignore_ament_install'
[1.154s] Level 1:colcon.colcon_core.package_identification:_identify(bwsibot) by extensions ['colcon_pkg']
[1.154s] Level 1:colcon.colcon_core.package_identification:_identify(bwsibot) by extension 'colcon_pkg'
[1.155s] Level 1:colcon.colcon_core.package_identification:_identify(bwsibot) by extensions ['colcon_meta']
[1.155s] Level 1:colcon.colcon_core.package_identification:_identify(bwsibot) by extension 'colcon_meta'
[1.156s] Level 1:colcon.colcon_core.package_identification:_identify(bwsibot) by extensions ['ros']
[1.157s] Level 1:colcon.colcon_core.package_identification:_identify(bwsibot) by extension 'ros'
[1.158s] Level 1:colcon.colcon_core.package_identification:_identify(bwsibot) by extensions ['cmake', 'python']
[1.158s] Level 1:colcon.colcon_core.package_identification:_identify(bwsibot) by extension 'cmake'
[1.159s] Level 1:colcon.colcon_core.package_identification:_identify(bwsibot) by extension 'python'
[1.159s] Level 1:colcon.colcon_core.package_identification:_identify(bwsibot) by extensions ['python_setup_py']
[1.159s] Level 1:colcon.colcon_core.package_identification:_identify(bwsibot) by extension 'python_setup_py'
[1.160s] Level 1:colcon.colcon_core.package_identification:_identify(bwsibot/logs) by extensions ['ignore', 'ignore_ament_install']
[1.160s] Level 1:colcon.colcon_core.package_identification:_identify(bwsibot/logs) by extension 'ignore'
[1.161s] Level 1:colcon.colcon_core.package_identification:_identify(bwsibot/logs) by extension 'ignore_ament_install'
[1.161s] Level 1:colcon.colcon_core.package_identification:_identify(bwsibot/logs) by extensions ['colcon_pkg']
[1.162s] Level 1:colcon.colcon_core.package_identification:_identify(bwsibot/logs) by extension 'colcon_pkg'
[1.162s] Level 1:colcon.colcon_core.package_identification:_identify(bwsibot/logs) by extensions ['colcon_meta']
[1.162s] Level 1:colcon.colcon_core.package_identification:_identify(bwsibot/logs) by extension 'colcon_meta'
[1.162s] Level 1:colcon.colcon_core.package_identification:_identify(bwsibot/logs) by extensions ['ros']
[1.163s] Level 1:colcon.colcon_core.package_identification:_identify(bwsibot/logs) by extension 'ros'
[1.163s] Level 1:colcon.colcon_core.package_identification:_identify(bwsibot/logs) by extensions ['cmake', 'python']
[1.163s] Level 1:colcon.colcon_core.package_identification:_identify(bwsibot/logs) by extension 'cmake'
[1.164s] Level 1:colcon.colcon_core.package_identification:_identify(bwsibot/logs) by extension 'python'
[1.164s] Level 1:colcon.colcon_core.package_identification:_identify(bwsibot/logs) by extensions ['python_setup_py']
[1.164s] Level 1:colcon.colcon_core.package_identification:_identify(bwsibot/logs) by extension 'python_setup_py'
[1.165s] Level 1:colcon.colcon_core.package_identification:_identify(bwsibot/logs/2026-07-26) by extensions ['ignore', 'ignore_ament_install']
[1.165s] Level 1:colcon.colcon_core.package_identification:_identify(bwsibot/logs/2026-07-26) by extension 'ignore'
[1.165s] Level 1:colcon.colcon_core.package_identification:_identify(bwsibot/logs/2026-07-26) by extension 'ignore_ament_install'
[1.166s] Level 1:colcon.colcon_core.package_identification:_identify(bwsibot/logs/2026-07-26) by extensions ['colcon_pkg']
[1.166s] Level 1:colcon.colcon_core.package_identification:_identify(bwsibot/logs/2026-07-26) by extension 'colcon_pkg'
[1.166s] Level 1:colcon.colcon_core.package_identification:_identify(bwsibot/logs/2026-07-26) by extensions ['colcon_meta']
[1.166s] Level 1:colcon.colcon_core.package_identification:_identify(bwsibot/logs/2026-07-26) by extension 'colcon_meta'
[1.167s] Level 1:colcon.colcon_core.package_identification:_identify(bwsibot/logs/2026-07-26) by extensions ['ros']
[1.167s] Level 1:colcon.colcon_core.package_identification:_identify(bwsibot/logs/2026-07-26) by extension 'ros'
[1.168s] Level 1:colcon.colcon_core.package_identification:_identify(bwsibot/logs/2026-07-26) by extensions ['cmake', 'python']
[1.168s] Level 1:colcon.colcon_core.package_identification:_identify(bwsibot/logs/2026-07-26) by extension 'cmake'
[1.168s] Level 1:colcon.colcon_core.package_identification:_identify(bwsibot/logs/2026-07-26) by extension 'python'
[1.169s] Level 1:colcon.colcon_core.package_identification:_identify(bwsibot/logs/2026-07-26) by extensions ['python_setup_py']
[1.169s] Level 1:colcon.colcon_core.package_identification:_identify(bwsibot/logs/2026-07-26) by extension 'python_setup_py'
[1.170s] Level 1:colcon.colcon_core.package_identification:_identify(bwsibot/logs/2026-07-26/flight1) by extensions ['ignore', 'ignore_ament_install']
[1.170s] Level 1:colcon.colcon_core.package_identification:_identify(bwsibot/logs/2026-07-26/flight1) by extension 'ignore'
[1.171s] Level 1:colcon.colcon_core.package_identification:_identify(bwsibot/logs/2026-07-26/flight1) by extension 'ignore_ament_install'
[1.171s] Level 1:colcon.colcon_core.package_identification:_identify(bwsibot/logs/2026-07-26/flight1) by extensions ['colcon_pkg']
[1.172s] Level 1:colcon.colcon_core.package_identification:_identify(bwsibot/logs/2026-07-26/flight1) by extension 'colcon_pkg'
[1.172s] Level 1:colcon.colcon_core.package_identification:_identify(bwsibot/logs/2026-07-26/flight1) by extensions ['colcon_meta']
[1.172s] Level 1:colcon.colcon_core.package_identification:_identify(bwsibot/logs/2026-07-26/flight1) by extension 'colcon_meta'
[1.172s] Level 1:colcon.colcon_core.package_identification:_identify(bwsibot/logs/2026-07-26/flight1) by extensions ['ros']
[1.172s] Level 1:colcon.colcon_core.package_identification:_identify(bwsibot/logs/2026-07-26/flight1) by extension 'ros'
[1.173s] Level 1:colcon.colcon_core.package_identification:_identify(bwsibot/logs/2026-07-26/flight1) by extensions ['cmake', 'python']
[1.173s] Level 1:colcon.colcon_core.package_identification:_identify(bwsibot/logs/2026-07-26/flight1) by extension 'cmake'
[1.174s] Level 1:colcon.colcon_core.package_identification:_identify(bwsibot/logs/2026-07-26/flight1) by extension 'python'
[1.175s] Level 1:colcon.colcon_core.package_identification:_identify(bwsibot/logs/2026-07-26/flight1) by extensions ['python_setup_py']
[1.175s] Level 1:colcon.colcon_core.package_identification:_identify(bwsibot/logs/2026-07-26/flight1) by extension 'python_setup_py'
[1.177s] Level 1:colcon.colcon_core.package_identification:_identify(bwsibot/logs/2026-07-26/flight2) by extensions ['ignore', 'ignore_ament_install']
[1.178s] Level 1:colcon.colcon_core.package_identification:_identify(bwsibot/logs/2026-07-26/flight2) by extension 'ignore'
[1.179s] Level 1:colcon.colcon_core.package_identification:_identify(bwsibot/logs/2026-07-26/flight2) by extension 'ignore_ament_install'
[1.180s] Level 1:colcon.colcon_core.package_identification:_identify(bwsibot/logs/2026-07-26/flight2) by extensions ['colcon_pkg']
[1.181s] Level 1:colcon.colcon_core.package_identification:_identify(bwsibot/logs/2026-07-26/flight2) by extension 'colcon_pkg'
[1.182s] Level 1:colcon.colcon_core.package_identification:_identify(bwsibot/logs/2026-07-26/flight2) by extensions ['colcon_meta']
[1.182s] Level 1:colcon.colcon_core.package_identification:_identify(bwsibot/logs/2026-07-26/flight2) by extension 'colcon_meta'
[1.183s] Level 1:colcon.colcon_core.package_identification:_identify(bwsibot/logs/2026-07-26/flight2) by extensions ['ros']
[1.184s] Level 1:colcon.colcon_core.package_identification:_identify(bwsibot/logs/2026-07-26/flight2) by extension 'ros'
[1.185s] Level 1:colcon.colcon_core.package_identification:_identify(bwsibot/logs/2026-07-26/flight2) by extensions ['cmake', 'python']
[1.185s] Level 1:colcon.colcon_core.package_identification:_identify(bwsibot/logs/2026-07-26/flight2) by extension 'cmake'
[1.186s] Level 1:colcon.colcon_core.package_identification:_identify(bwsibot/logs/2026-07-26/flight2) by extension 'python'
[1.186s] Level 1:colcon.colcon_core.package_identification:_identify(bwsibot/logs/2026-07-26/flight2) by extensions ['python_setup_py']
[1.187s] Level 1:colcon.colcon_core.package_identification:_identify(bwsibot/logs/2026-07-26/flight2) by extension 'python_setup_py'
[1.188s] Level 1:colcon.colcon_core.package_identification:_identify(bwsibot/logs/2026-07-27) by extensions ['ignore', 'ignore_ament_install']
[1.188s] Level 1:colcon.colcon_core.package_identification:_identify(bwsibot/logs/2026-07-27) by extension 'ignore'
[1.189s] Level 1:colcon.colcon_core.package_identification:_identify(bwsibot/logs/2026-07-27) by extension 'ignore_ament_install'
[1.189s] Level 1:colcon.colcon_core.package_identification:_identify(bwsibot/logs/2026-07-27) by extensions ['colcon_pkg']
[1.189s] Level 1:colcon.colcon_core.package_identification:_identify(bwsibot/logs/2026-07-27) by extension 'colcon_pkg'
[1.190s] Level 1:colcon.colcon_core.package_identification:_identify(bwsibot/logs/2026-07-27) by extensions ['colcon_meta']
[1.190s] Level 1:colcon.colcon_core.package_identification:_identify(bwsibot/logs/2026-07-27) by extension 'colcon_meta'
[1.190s] Level 1:colcon.colcon_core.package_identification:_identify(bwsibot/logs/2026-07-27) by extensions ['ros']
[1.190s] Level 1:colcon.colcon_core.package_identification:_identify(bwsibot/logs/2026-07-27) by extension 'ros'
[1.191s] Level 1:colcon.colcon_core.package_identification:_identify(bwsibot/logs/2026-07-27) by extensions ['cmake', 'python']
[1.191s] Level 1:colcon.colcon_core.package_identification:_identify(bwsibot/logs/2026-07-27) by extension 'cmake'
[1.192s] Level 1:colcon.colcon_core.package_identification:_identify(bwsibot/logs/2026-07-27) by extension 'python'
[1.192s] Level 1:colcon.colcon_core.package_identification:_identify(bwsibot/logs/2026-07-27) by extensions ['python_setup_py']
[1.195s] Level 1:colcon.colcon_core.package_identification:_identify(bwsibot/logs/2026-07-27) by extension 'python_setup_py'
[1.197s] Level 1:colcon.colcon_core.package_identification:_identify(bwsibot/logs/2026-07-27/flight1) by extensions ['ignore', 'ignore_ament_install']
[1.198s] Level 1:colcon.colcon_core.package_identification:_identify(bwsibot/logs/2026-07-27/flight1) by extension 'ignore'
[1.199s] Level 1:colcon.colcon_core.package_identification:_identify(bwsibot/logs/2026-07-27/flight1) by extension 'ignore_ament_install'
[1.200s] Level 1:colcon.colcon_core.package_identification:_identify(bwsibot/logs/2026-07-27/flight1) by extensions ['colcon_pkg']
[1.201s] Level 1:colcon.colcon_core.package_identification:_identify(bwsibot/logs/2026-07-27/flight1) by extension 'colcon_pkg'
[1.202s] Level 1:colcon.colcon_core.package_identification:_identify(bwsibot/logs/2026-07-27/flight1) by extensions ['colcon_meta']
[1.203s] Level 1:colcon.colcon_core.package_identification:_identify(bwsibot/logs/2026-07-27/flight1) by extension 'colcon_meta'
[1.203s] Level 1:colcon.colcon_core.package_identification:_identify(bwsibot/logs/2026-07-27/flight1) by extensions ['ros']
[1.204s] Level 1:colcon.colcon_core.package_identification:_identify(bwsibot/logs/2026-07-27/flight1) by extension 'ros'
[1.204s] Level 1:colcon.colcon_core.package_identification:_identify(bwsibot/logs/2026-07-27/flight1) by extensions ['cmake', 'python']
[1.204s] Level 1:colcon.colcon_core.package_identification:_identify(bwsibot/logs/2026-07-27/flight1) by extension 'cmake'
[1.205s] Level 1:colcon.colcon_core.package_identification:_identify(bwsibot/logs/2026-07-27/flight1) by extension 'python'
[1.205s] Level 1:colcon.colcon_core.package_identification:_identify(bwsibot/logs/2026-07-27/flight1) by extensions ['python_setup_py']
[1.205s] Level 1:colcon.colcon_core.package_identification:_identify(bwsibot/logs/2026-07-27/flight1) by extension 'python_setup_py'
[1.206s] Level 1:colcon.colcon_core.package_identification:_identify(bwsibot/logs/2026-07-27/flight2) by extensions ['ignore', 'ignore_ament_install']
[1.206s] Level 1:colcon.colcon_core.package_identification:_identify(bwsibot/logs/2026-07-27/flight2) by extension 'ignore'
[1.207s] Level 1:colcon.colcon_core.package_identification:_identify(bwsibot/logs/2026-07-27/flight2) by extension 'ignore_ament_install'
[1.207s] Level 1:colcon.colcon_core.package_identification:_identify(bwsibot/logs/2026-07-27/flight2) by extensions ['colcon_pkg']
[1.207s] Level 1:colcon.colcon_core.package_identification:_identify(bwsibot/logs/2026-07-27/flight2) by extension 'colcon_pkg'
[1.207s] Level 1:colcon.colcon_core.package_identification:_identify(bwsibot/logs/2026-07-27/flight2) by extensions ['colcon_meta']
[1.208s] Level 1:colcon.colcon_core.package_identification:_identify(bwsibot/logs/2026-07-27/flight2) by extension 'colcon_meta'
[1.208s] Level 1:colcon.colcon_core.package_identification:_identify(bwsibot/logs/2026-07-27/flight2) by extensions ['ros']
[1.208s] Level 1:colcon.colcon_core.package_identification:_identify(bwsibot/logs/2026-07-27/flight2) by extension 'ros'
[1.209s] Level 1:colcon.colcon_core.package_identification:_identify(bwsibot/logs/2026-07-27/flight2) by extensions ['cmake', 'python']
[1.209s] Level 1:colcon.colcon_core.package_identification:_identify(bwsibot/logs/2026-07-27/flight2) by extension 'cmake'
[1.209s] Level 1:colcon.colcon_core.package_identification:_identify(bwsibot/logs/2026-07-27/flight2) by extension 'python'
[1.210s] Level 1:colcon.colcon_core.package_identification:_identify(bwsibot/logs/2026-07-27/flight2) by extensions ['python_setup_py']
[1.210s] Level 1:colcon.colcon_core.package_identification:_identify(bwsibot/logs/2026-07-27/flight2) by extension 'python_setup_py'
[1.210s] Level 1:colcon.colcon_core.package_identification:_identify(calibration) by extensions ['ignore', 'ignore_ament_install']
[1.211s] Level 1:colcon.colcon_core.package_identification:_identify(calibration) by extension 'ignore'
[1.211s] Level 1:colcon.colcon_core.package_identification:_identify(calibration) by extension 'ignore_ament_install'
[1.212s] Level 1:colcon.colcon_core.package_identification:_identify(calibration) by extensions ['colcon_pkg']
[1.212s] Level 1:colcon.colcon_core.package_identification:_identify(calibration) by extension 'colcon_pkg'
[1.212s] Level 1:colcon.colcon_core.package_identification:_identify(calibration) by extensions ['colcon_meta']
[1.212s] Level 1:colcon.colcon_core.package_identification:_identify(calibration) by extension 'colcon_meta'
[1.212s] Level 1:colcon.colcon_core.package_identification:_identify(calibration) by extensions ['ros']
[1.213s] Level 1:colcon.colcon_core.package_identification:_identify(calibration) by extension 'ros'
[1.213s] Level 1:colcon.colcon_core.package_identification:_identify(calibration) by extensions ['cmake', 'python']
[1.214s] Level 1:colcon.colcon_core.package_identification:_identify(calibration) by extension 'cmake'
[1.214s] Level 1:colcon.colcon_core.package_identification:_identify(calibration) by extension 'python'
[1.214s] Level 1:colcon.colcon_core.package_identification:_identify(calibration) by extensions ['python_setup_py']
[1.214s] Level 1:colcon.colcon_core.package_identification:_identify(calibration) by extension 'python_setup_py'
[1.215s] Level 1:colcon.colcon_core.package_identification:_identify(install) by extensions ['ignore', 'ignore_ament_install']
[1.216s] Level 1:colcon.colcon_core.package_identification:_identify(install) by extension 'ignore'
[1.216s] Level 1:colcon.colcon_core.package_identification:_identify(install) ignored
[1.217s] Level 1:colcon.colcon_core.package_identification:_identify(log) by extensions ['ignore', 'ignore_ament_install']
[1.217s] Level 1:colcon.colcon_core.package_identification:_identify(log) by extension 'ignore'
[1.218s] Level 1:colcon.colcon_core.package_identification:_identify(log) ignored
[1.219s] Level 1:colcon.colcon_core.package_identification:_identify(logs) by extensions ['ignore', 'ignore_ament_install']
[1.219s] Level 1:colcon.colcon_core.package_identification:_identify(logs) by extension 'ignore'
[1.220s] Level 1:colcon.colcon_core.package_identification:_identify(logs) by extension 'ignore_ament_install'
[1.221s] Level 1:colcon.colcon_core.package_identification:_identify(logs) by extensions ['colcon_pkg']
[1.221s] Level 1:colcon.colcon_core.package_identification:_identify(logs) by extension 'colcon_pkg'
[1.222s] Level 1:colcon.colcon_core.package_identification:_identify(logs) by extensions ['colcon_meta']
[1.223s] Level 1:colcon.colcon_core.package_identification:_identify(logs) by extension 'colcon_meta'
[1.223s] Level 1:colcon.colcon_core.package_identification:_identify(logs) by extensions ['ros']
[1.224s] Level 1:colcon.colcon_core.package_identification:_identify(logs) by extension 'ros'
[1.225s] Level 1:colcon.colcon_core.package_identification:_identify(logs) by extensions ['cmake', 'python']
[1.226s] Level 1:colcon.colcon_core.package_identification:_identify(logs) by extension 'cmake'
[1.226s] Level 1:colcon.colcon_core.package_identification:_identify(logs) by extension 'python'
[1.227s] Level 1:colcon.colcon_core.package_identification:_identify(logs) by extensions ['python_setup_py']
[1.228s] Level 1:colcon.colcon_core.package_identification:_identify(logs) by extension 'python_setup_py'
[1.229s] Level 1:colcon.colcon_core.package_identification:_identify(notebooks) by extensions ['ignore', 'ignore_ament_install']
[1.230s] Level 1:colcon.colcon_core.package_identification:_identify(notebooks) by extension 'ignore'
[1.231s] Level 1:colcon.colcon_core.package_identification:_identify(notebooks) by extension 'ignore_ament_install'
[1.232s] Level 1:colcon.colcon_core.package_identification:_identify(notebooks) by extensions ['colcon_pkg']
[1.232s] Level 1:colcon.colcon_core.package_identification:_identify(notebooks) by extension 'colcon_pkg'
[1.232s] Level 1:colcon.colcon_core.package_identification:_identify(notebooks) by extensions ['colcon_meta']
[1.233s] Level 1:colcon.colcon_core.package_identification:_identify(notebooks) by extension 'colcon_meta'
[1.233s] Level 1:colcon.colcon_core.package_identification:_identify(notebooks) by extensions ['ros']
[1.233s] Level 1:colcon.colcon_core.package_identification:_identify(notebooks) by extension 'ros'
[1.234s] Level 1:colcon.colcon_core.package_identification:_identify(notebooks) by extensions ['cmake', 'python']
[1.234s] Level 1:colcon.colcon_core.package_identification:_identify(notebooks) by extension 'cmake'
[1.234s] Level 1:colcon.colcon_core.package_identification:_identify(notebooks) by extension 'python'
[1.235s] Level 1:colcon.colcon_core.package_identification:_identify(notebooks) by extensions ['python_setup_py']
[1.235s] Level 1:colcon.colcon_core.package_identification:_identify(notebooks) by extension 'python_setup_py'
[1.236s] Level 1:colcon.colcon_core.package_identification:_identify(ros_ws) by extensions ['ignore', 'ignore_ament_install']
[1.237s] Level 1:colcon.colcon_core.package_identification:_identify(ros_ws) by extension 'ignore'
[1.237s] Level 1:colcon.colcon_core.package_identification:_identify(ros_ws) by extension 'ignore_ament_install'
[1.238s] Level 1:colcon.colcon_core.package_identification:_identify(ros_ws) by extensions ['colcon_pkg']
[1.238s] Level 1:colcon.colcon_core.package_identification:_identify(ros_ws) by extension 'colcon_pkg'
[1.239s] Level 1:colcon.colcon_core.package_identification:_identify(ros_ws) by extensions ['colcon_meta']
[1.239s] Level 1:colcon.colcon_core.package_identification:_identify(ros_ws) by extension 'colcon_meta'
[1.239s] Level 1:colcon.colcon_core.package_identification:_identify(ros_ws) by extensions ['ros']
[1.239s] Level 1:colcon.colcon_core.package_identification:_identify(ros_ws) by extension 'ros'
[1.240s] Level 1:colcon.colcon_core.package_identification:_identify(ros_ws) by extensions ['cmake', 'python']
[1.240s] Level 1:colcon.colcon_core.package_identification:_identify(ros_ws) by extension 'cmake'
[1.241s] Level 1:colcon.colcon_core.package_identification:_identify(ros_ws) by extension 'python'
[1.241s] Level 1:colcon.colcon_core.package_identification:_identify(ros_ws) by extensions ['python_setup_py']
[1.241s] Level 1:colcon.colcon_core.package_identification:_identify(ros_ws) by extension 'python_setup_py'
[1.242s] Level 1:colcon.colcon_core.package_identification:_identify(ros_ws/build) by extensions ['ignore', 'ignore_ament_install']
[1.243s] Level 1:colcon.colcon_core.package_identification:_identify(ros_ws/build) by extension 'ignore'
[1.244s] Level 1:colcon.colcon_core.package_identification:_identify(ros_ws/build) ignored
[1.246s] Level 1:colcon.colcon_core.package_identification:_identify(ros_ws/install) by extensions ['ignore', 'ignore_ament_install']
[1.247s] Level 1:colcon.colcon_core.package_identification:_identify(ros_ws/install) by extension 'ignore'
[1.247s] Level 1:colcon.colcon_core.package_identification:_identify(ros_ws/install) ignored
[1.249s] Level 1:colcon.colcon_core.package_identification:_identify(ros_ws/log) by extensions ['ignore', 'ignore_ament_install']
[1.250s] Level 1:colcon.colcon_core.package_identification:_identify(ros_ws/log) by extension 'ignore'
[1.251s] Level 1:colcon.colcon_core.package_identification:_identify(ros_ws/log) ignored
[1.252s] Level 1:colcon.colcon_core.package_identification:_identify(ros_ws/src) by extensions ['ignore', 'ignore_ament_install']
[1.253s] Level 1:colcon.colcon_core.package_identification:_identify(ros_ws/src) by extension 'ignore'
[1.253s] Level 1:colcon.colcon_core.package_identification:_identify(ros_ws/src) by extension 'ignore_ament_install'
[1.254s] Level 1:colcon.colcon_core.package_identification:_identify(ros_ws/src) by extensions ['colcon_pkg']
[1.254s] Level 1:colcon.colcon_core.package_identification:_identify(ros_ws/src) by extension 'colcon_pkg'
[1.255s] Level 1:colcon.colcon_core.package_identification:_identify(ros_ws/src) by extensions ['colcon_meta']
[1.255s] Level 1:colcon.colcon_core.package_identification:_identify(ros_ws/src) by extension 'colcon_meta'
[1.255s] Level 1:colcon.colcon_core.package_identification:_identify(ros_ws/src) by extensions ['ros']
[1.255s] Level 1:colcon.colcon_core.package_identification:_identify(ros_ws/src) by extension 'ros'
[1.256s] Level 1:colcon.colcon_core.package_identification:_identify(ros_ws/src) by extensions ['cmake', 'python']
[1.256s] Level 1:colcon.colcon_core.package_identification:_identify(ros_ws/src) by extension 'cmake'
[1.257s] Level 1:colcon.colcon_core.package_identification:_identify(ros_ws/src) by extension 'python'
[1.257s] Level 1:colcon.colcon_core.package_identification:_identify(ros_ws/src) by extensions ['python_setup_py']
[1.257s] Level 1:colcon.colcon_core.package_identification:_identify(ros_ws/src) by extension 'python_setup_py'
[1.258s] Level 1:colcon.colcon_core.package_identification:_identify(ros_ws/src/bringup) by extensions ['ignore', 'ignore_ament_install']
[1.259s] Level 1:colcon.colcon_core.package_identification:_identify(ros_ws/src/bringup) by extension 'ignore'
[1.259s] Level 1:colcon.colcon_core.package_identification:_identify(ros_ws/src/bringup) by extension 'ignore_ament_install'
[1.260s] Level 1:colcon.colcon_core.package_identification:_identify(ros_ws/src/bringup) by extensions ['colcon_pkg']
[1.260s] Level 1:colcon.colcon_core.package_identification:_identify(ros_ws/src/bringup) by extension 'colcon_pkg'
[1.260s] Level 1:colcon.colcon_core.package_identification:_identify(ros_ws/src/bringup) by extensions ['colcon_meta']
[1.261s] Level 1:colcon.colcon_core.package_identification:_identify(ros_ws/src/bringup) by extension 'colcon_meta'
[1.261s] Level 1:colcon.colcon_core.package_identification:_identify(ros_ws/src/bringup) by extensions ['ros']
[1.261s] Level 1:colcon.colcon_core.package_identification:_identify(ros_ws/src/bringup) by extension 'ros'
[1.281s] DEBUG:colcon.colcon_core.package_identification:Package 'ros_ws/src/bringup' with type 'ros.ament_python' and name 'bringup'
[1.283s] Level 1:colcon.colcon_core.package_identification:_identify(ros_ws/src/control) by extensions ['ignore', 'ignore_ament_install']
[1.284s] Level 1:colcon.colcon_core.package_identification:_identify(ros_ws/src/control) by extension 'ignore'
[1.285s] Level 1:colcon.colcon_core.package_identification:_identify(ros_ws/src/control) by extension 'ignore_ament_install'
[1.286s] Level 1:colcon.colcon_core.package_identification:_identify(ros_ws/src/control) by extensions ['colcon_pkg']
[1.286s] Level 1:colcon.colcon_core.package_identification:_identify(ros_ws/src/control) by extension 'colcon_pkg'
[1.287s] Level 1:colcon.colcon_core.package_identification:_identify(ros_ws/src/control) by extensions ['colcon_meta']
[1.287s] Level 1:colcon.colcon_core.package_identification:_identify(ros_ws/src/control) by extension 'colcon_meta'
[1.288s] Level 1:colcon.colcon_core.package_identification:_identify(ros_ws/src/control) by extensions ['ros']
[1.289s] Level 1:colcon.colcon_core.package_identification:_identify(ros_ws/src/control) by extension 'ros'
[1.298s] DEBUG:colcon.colcon_core.package_identification:Package 'ros_ws/src/control' with type 'ros.ament_python' and name 'control'
[1.299s] Level 1:colcon.colcon_core.package_identification:_identify(ros_ws/src/cv) by extensions ['ignore', 'ignore_ament_install']
[1.299s] Level 1:colcon.colcon_core.package_identification:_identify(ros_ws/src/cv) by extension 'ignore'
[1.300s] Level 1:colcon.colcon_core.package_identification:_identify(ros_ws/src/cv) by extension 'ignore_ament_install'
[1.301s] Level 1:colcon.colcon_core.package_identification:_identify(ros_ws/src/cv) by extensions ['colcon_pkg']
[1.302s] Level 1:colcon.colcon_core.package_identification:_identify(ros_ws/src/cv) by extension 'colcon_pkg'
[1.302s] Level 1:colcon.colcon_core.package_identification:_identify(ros_ws/src/cv) by extensions ['colcon_meta']
[1.303s] Level 1:colcon.colcon_core.package_identification:_identify(ros_ws/src/cv) by extension 'colcon_meta'
[1.303s] Level 1:colcon.colcon_core.package_identification:_identify(ros_ws/src/cv) by extensions ['ros']
[1.303s] Level 1:colcon.colcon_core.package_identification:_identify(ros_ws/src/cv) by extension 'ros'
[1.313s] DEBUG:colcon.colcon_core.package_identification:Package 'ros_ws/src/cv' with type 'ros.ament_python' and name 'cv'
[1.314s] Level 1:colcon.colcon_core.package_identification:_identify(ros_ws/src/flashing) by extensions ['ignore', 'ignore_ament_install']
[1.314s] Level 1:colcon.colcon_core.package_identification:_identify(ros_ws/src/flashing) by extension 'ignore'
[1.315s] Level 1:colcon.colcon_core.package_identification:_identify(ros_ws/src/flashing) by extension 'ignore_ament_install'
[1.316s] Level 1:colcon.colcon_core.package_identification:_identify(ros_ws/src/flashing) by extensions ['colcon_pkg']
[1.317s] Level 1:colcon.colcon_core.package_identification:_identify(ros_ws/src/flashing) by extension 'colcon_pkg'
[1.317s] Level 1:colcon.colcon_core.package_identification:_identify(ros_ws/src/flashing) by extensions ['colcon_meta']
[1.318s] Level 1:colcon.colcon_core.package_identification:_identify(ros_ws/src/flashing) by extension 'colcon_meta'
[1.318s] Level 1:colcon.colcon_core.package_identification:_identify(ros_ws/src/flashing) by extensions ['ros']
[1.319s] Level 1:colcon.colcon_core.package_identification:_identify(ros_ws/src/flashing) by extension 'ros'
[1.328s] DEBUG:colcon.colcon_core.package_identification:Package 'ros_ws/src/flashing' with type 'ros.ament_python' and name 'flashing'
[1.328s] Level 1:colcon.colcon_core.package_identification:_identify(ros_ws/src/hardware) by extensions ['ignore', 'ignore_ament_install']
[1.329s] Level 1:colcon.colcon_core.package_identification:_identify(ros_ws/src/hardware) by extension 'ignore'
[1.330s] Level 1:colcon.colcon_core.package_identification:_identify(ros_ws/src/hardware) by extension 'ignore_ament_install'
[1.331s] Level 1:colcon.colcon_core.package_identification:_identify(ros_ws/src/hardware) by extensions ['colcon_pkg']
[1.331s] Level 1:colcon.colcon_core.package_identification:_identify(ros_ws/src/hardware) by extension 'colcon_pkg'
[1.331s] Level 1:colcon.colcon_core.package_identification:_identify(ros_ws/src/hardware) by extensions ['colcon_meta']
[1.332s] Level 1:colcon.colcon_core.package_identification:_identify(ros_ws/src/hardware) by extension 'colcon_meta'
[1.332s] Level 1:colcon.colcon_core.package_identification:_identify(ros_ws/src/hardware) by extensions ['ros']
[1.332s] Level 1:colcon.colcon_core.package_identification:_identify(ros_ws/src/hardware) by extension 'ros'
[1.341s] DEBUG:colcon.colcon_core.package_identification:Package 'ros_ws/src/hardware' with type 'ros.ament_python' and name 'hardware'
[1.343s] Level 1:colcon.colcon_core.package_identification:_identify(ros_ws/src/msgs) by extensions ['ignore', 'ignore_ament_install']
[1.343s] Level 1:colcon.colcon_core.package_identification:_identify(ros_ws/src/msgs) by extension 'ignore'
[1.344s] Level 1:colcon.colcon_core.package_identification:_identify(ros_ws/src/msgs) by extension 'ignore_ament_install'
[1.344s] Level 1:colcon.colcon_core.package_identification:_identify(ros_ws/src/msgs) by extensions ['colcon_pkg']
[1.344s] Level 1:colcon.colcon_core.package_identification:_identify(ros_ws/src/msgs) by extension 'colcon_pkg'
[1.345s] Level 1:colcon.colcon_core.package_identification:_identify(ros_ws/src/msgs) by extensions ['colcon_meta']
[1.345s] Level 1:colcon.colcon_core.package_identification:_identify(ros_ws/src/msgs) by extension 'colcon_meta'
[1.345s] Level 1:colcon.colcon_core.package_identification:_identify(ros_ws/src/msgs) by extensions ['ros']
[1.345s] Level 1:colcon.colcon_core.package_identification:_identify(ros_ws/src/msgs) by extension 'ros'
[1.352s] DEBUG:colcon.colcon_core.package_identification:Package 'ros_ws/src/msgs' with type 'ros.ament_cmake' and name 'msgs'
[1.353s] Level 1:colcon.colcon_core.package_identification:_identify(scripts) by extensions ['ignore', 'ignore_ament_install']
[1.353s] Level 1:colcon.colcon_core.package_identification:_identify(scripts) by extension 'ignore'
[1.353s] Level 1:colcon.colcon_core.package_identification:_identify(scripts) by extension 'ignore_ament_install'
[1.354s] Level 1:colcon.colcon_core.package_identification:_identify(scripts) by extensions ['colcon_pkg']
[1.354s] Level 1:colcon.colcon_core.package_identification:_identify(scripts) by extension 'colcon_pkg'
[1.354s] Level 1:colcon.colcon_core.package_identification:_identify(scripts) by extensions ['colcon_meta']
[1.354s] Level 1:colcon.colcon_core.package_identification:_identify(scripts) by extension 'colcon_meta'
[1.354s] Level 1:colcon.colcon_core.package_identification:_identify(scripts) by extensions ['ros']
[1.355s] Level 1:colcon.colcon_core.package_identification:_identify(scripts) by extension 'ros'
[1.355s] Level 1:colcon.colcon_core.package_identification:_identify(scripts) by extensions ['cmake', 'python']
[1.355s] Level 1:colcon.colcon_core.package_identification:_identify(scripts) by extension 'cmake'
[1.356s] Level 1:colcon.colcon_core.package_identification:_identify(scripts) by extension 'python'
[1.356s] Level 1:colcon.colcon_core.package_identification:_identify(scripts) by extensions ['python_setup_py']
[1.356s] Level 1:colcon.colcon_core.package_identification:_identify(scripts) by extension 'python_setup_py'
[1.357s] Level 1:colcon.colcon_core.package_identification:_identify(simulation) by extensions ['ignore', 'ignore_ament_install']
[1.357s] Level 1:colcon.colcon_core.package_identification:_identify(simulation) by extension 'ignore'
[1.357s] Level 1:colcon.colcon_core.package_identification:_identify(simulation) by extension 'ignore_ament_install'
[1.358s] Level 1:colcon.colcon_core.package_identification:_identify(simulation) by extensions ['colcon_pkg']
[1.358s] Level 1:colcon.colcon_core.package_identification:_identify(simulation) by extension 'colcon_pkg'
[1.358s] Level 1:colcon.colcon_core.package_identification:_identify(simulation) by extensions ['colcon_meta']
[1.359s] Level 1:colcon.colcon_core.package_identification:_identify(simulation) by extension 'colcon_meta'
[1.359s] Level 1:colcon.colcon_core.package_identification:_identify(simulation) by extensions ['ros']
[1.359s] Level 1:colcon.colcon_core.package_identification:_identify(simulation) by extension 'ros'
[1.360s] Level 1:colcon.colcon_core.package_identification:_identify(simulation) by extensions ['cmake', 'python']
[1.360s] Level 1:colcon.colcon_core.package_identification:_identify(simulation) by extension 'cmake'
[1.360s] Level 1:colcon.colcon_core.package_identification:_identify(simulation) by extension 'python'
[1.361s] Level 1:colcon.colcon_core.package_identification:_identify(simulation) by extensions ['python_setup_py']
[1.361s] Level 1:colcon.colcon_core.package_identification:_identify(simulation) by extension 'python_setup_py'
[1.362s] Level 1:colcon.colcon_core.package_identification:_identify(simulation/gazebo_bluerov2) by extensions ['ignore', 'ignore_ament_install']
[1.362s] Level 1:colcon.colcon_core.package_identification:_identify(simulation/gazebo_bluerov2) by extension 'ignore'
[1.363s] Level 1:colcon.colcon_core.package_identification:_identify(simulation/gazebo_bluerov2) by extension 'ignore_ament_install'
[1.364s] Level 1:colcon.colcon_core.package_identification:_identify(simulation/gazebo_bluerov2) by extensions ['colcon_pkg']
[1.364s] Level 1:colcon.colcon_core.package_identification:_identify(simulation/gazebo_bluerov2) by extension 'colcon_pkg'
[1.364s] Level 1:colcon.colcon_core.package_identification:_identify(simulation/gazebo_bluerov2) by extensions ['colcon_meta']
[1.364s] Level 1:colcon.colcon_core.package_identification:_identify(simulation/gazebo_bluerov2) by extension 'colcon_meta'
[1.365s] Level 1:colcon.colcon_core.package_identification:_identify(simulation/gazebo_bluerov2) by extensions ['ros']
[1.365s] Level 1:colcon.colcon_core.package_identification:_identify(simulation/gazebo_bluerov2) by extension 'ros'
[1.368s] DEBUG:colcon.colcon_core.package_identification:Package 'simulation/gazebo_bluerov2' with type 'ros.ament_cmake' and name 'gazebo_bluerov2'
[1.369s] Level 1:colcon.colcon_core.package_discovery:discover_packages(recursive) using defaults
[1.370s] Level 1:colcon.colcon_core.package_discovery:discover_packages(ignore) discover
[1.371s] Level 1:colcon.colcon_core.package_discovery:discover_packages(ignore) using defaults
[1.371s] Level 1:colcon.colcon_core.package_discovery:discover_packages(path) discover
[1.372s] Level 1:colcon.colcon_core.package_discovery:discover_packages(path) using defaults
[1.501s] Level 1:colcon.colcon_core.package_discovery:discover_packages(prefix_path) check parameters
[1.502s] Level 1:colcon.colcon_core.package_discovery:discover_packages(prefix_path) discover
[1.520s] DEBUG:colcon.colcon_installed_package_information.package_discovery:Found 1 installed packages in /home/ngt/cv_ws/install
[1.524s] DEBUG:colcon.colcon_installed_package_information.package_discovery:Found 2 installed packages in /home/ngt/pid_ws/install
[1.529s] DEBUG:colcon.colcon_installed_package_information.package_discovery:Found 6 installed packages in /home/ngt/auvc_ws/install
[1.533s] DEBUG:colcon.colcon_installed_package_information.package_discovery:Found 1 installed packages in /home/ngt/auv_dancing/install
[1.544s] DEBUG:colcon.colcon_installed_package_information.package_discovery:Found 261 installed packages in /opt/ros/jazzy
[1.549s] Level 1:colcon.colcon_core.package_discovery:discover_packages(prefix_path) using defaults
[1.852s] Level 5:colcon.colcon_core.verb:set package 'bringup' build argument 'cmake_args' from command line to 'None'
[1.853s] Level 5:colcon.colcon_core.verb:set package 'bringup' build argument 'cmake_target' from command line to 'None'
[1.854s] Level 5:colcon.colcon_core.verb:set package 'bringup' build argument 'cmake_target_skip_unavailable' from command line to 'False'
[1.855s] Level 5:colcon.colcon_core.verb:set package 'bringup' build argument 'cmake_clean_cache' from command line to 'False'
[1.855s] Level 5:colcon.colcon_core.verb:set package 'bringup' build argument 'cmake_clean_first' from command line to 'False'
[1.855s] Level 5:colcon.colcon_core.verb:set package 'bringup' build argument 'cmake_force_configure' from command line to 'False'
[1.855s] Level 5:colcon.colcon_core.verb:set package 'bringup' build argument 'ament_cmake_args' from command line to 'None'
[1.855s] Level 5:colcon.colcon_core.verb:set package 'bringup' build argument 'catkin_cmake_args' from command line to 'None'
[1.856s] Level 5:colcon.colcon_core.verb:set package 'bringup' build argument 'catkin_skip_building_tests' from command line to 'False'
[1.856s] DEBUG:colcon.colcon_core.verb:Building package 'bringup' with the following arguments: {'ament_cmake_args': None, 'build_base': '/home/ngt/ZENS-Final-AUVC/build/bringup', 'catkin_cmake_args': None, 'catkin_skip_building_tests': False, 'cmake_args': None, 'cmake_clean_cache': False, 'cmake_clean_first': False, 'cmake_force_configure': False, 'cmake_target': None, 'cmake_target_skip_unavailable': False, 'install_base': '/home/ngt/ZENS-Final-AUVC/install/bringup', 'merge_install': False, 'path': '/home/ngt/ZENS-Final-AUVC/ros_ws/src/bringup', 'symlink_install': False, 'test_result_base': None}
[1.859s] Level 5:colcon.colcon_core.verb:set package 'control' build argument 'cmake_args' from command line to 'None'
[1.860s] Level 5:colcon.colcon_core.verb:set package 'control' build argument 'cmake_target' from command line to 'None'
[1.860s] Level 5:colcon.colcon_core.verb:set package 'control' build argument 'cmake_target_skip_unavailable' from command line to 'False'
[1.860s] Level 5:colcon.colcon_core.verb:set package 'control' build argument 'cmake_clean_cache' from command line to 'False'
[1.861s] Level 5:colcon.colcon_core.verb:set package 'control' build argument 'cmake_clean_first' from command line to 'False'
[1.861s] Level 5:colcon.colcon_core.verb:set package 'control' build argument 'cmake_force_configure' from command line to 'False'
[1.861s] Level 5:colcon.colcon_core.verb:set package 'control' build argument 'ament_cmake_args' from command line to 'None'
[1.862s] Level 5:colcon.colcon_core.verb:set package 'control' build argument 'catkin_cmake_args' from command line to 'None'
[1.862s] Level 5:colcon.colcon_core.verb:set package 'control' build argument 'catkin_skip_building_tests' from command line to 'False'
[1.862s] DEBUG:colcon.colcon_core.verb:Building package 'control' with the following arguments: {'ament_cmake_args': None, 'build_base': '/home/ngt/ZENS-Final-AUVC/build/control', 'catkin_cmake_args': None, 'catkin_skip_building_tests': False, 'cmake_args': None, 'cmake_clean_cache': False, 'cmake_clean_first': False, 'cmake_force_configure': False, 'cmake_target': None, 'cmake_target_skip_unavailable': False, 'install_base': '/home/ngt/ZENS-Final-AUVC/install/control', 'merge_install': False, 'path': '/home/ngt/ZENS-Final-AUVC/ros_ws/src/control', 'symlink_install': False, 'test_result_base': None}
[1.864s] Level 5:colcon.colcon_core.verb:set package 'cv' build argument 'cmake_args' from command line to 'None'
[1.864s] Level 5:colcon.colcon_core.verb:set package 'cv' build argument 'cmake_target' from command line to 'None'
[1.864s] Level 5:colcon.colcon_core.verb:set package 'cv' build argument 'cmake_target_skip_unavailable' from command line to 'False'
[1.864s] Level 5:colcon.colcon_core.verb:set package 'cv' build argument 'cmake_clean_cache' from command line to 'False'
[1.864s] Level 5:colcon.colcon_core.verb:set package 'cv' build argument 'cmake_clean_first' from command line to 'False'
[1.864s] Level 5:colcon.colcon_core.verb:set package 'cv' build argument 'cmake_force_configure' from command line to 'False'
[1.865s] Level 5:colcon.colcon_core.verb:set package 'cv' build argument 'ament_cmake_args' from command line to 'None'
[1.865s] Level 5:colcon.colcon_core.verb:set package 'cv' build argument 'catkin_cmake_args' from command line to 'None'
[1.865s] Level 5:colcon.colcon_core.verb:set package 'cv' build argument 'catkin_skip_building_tests' from command line to 'False'
[1.865s] DEBUG:colcon.colcon_core.verb:Building package 'cv' with the following arguments: {'ament_cmake_args': None, 'build_base': '/home/ngt/ZENS-Final-AUVC/build/cv', 'catkin_cmake_args': None, 'catkin_skip_building_tests': False, 'cmake_args': None, 'cmake_clean_cache': False, 'cmake_clean_first': False, 'cmake_force_configure': False, 'cmake_target': None, 'cmake_target_skip_unavailable': False, 'install_base': '/home/ngt/ZENS-Final-AUVC/install/cv', 'merge_install': False, 'path': '/home/ngt/ZENS-Final-AUVC/ros_ws/src/cv', 'symlink_install': False, 'test_result_base': None}
[1.867s] Level 5:colcon.colcon_core.verb:set package 'flashing' build argument 'cmake_args' from command line to 'None'
[1.867s] Level 5:colcon.colcon_core.verb:set package 'flashing' build argument 'cmake_target' from command line to 'None'
[1.867s] Level 5:colcon.colcon_core.verb:set package 'flashing' build argument 'cmake_target_skip_unavailable' from command line to 'False'
[1.867s] Level 5:colcon.colcon_core.verb:set package 'flashing' build argument 'cmake_clean_cache' from command line to 'False'
[1.867s] Level 5:colcon.colcon_core.verb:set package 'flashing' build argument 'cmake_clean_first' from command line to 'False'
[1.868s] Level 5:colcon.colcon_core.verb:set package 'flashing' build argument 'cmake_force_configure' from command line to 'False'
[1.868s] Level 5:colcon.colcon_core.verb:set package 'flashing' build argument 'ament_cmake_args' from command line to 'None'
[1.868s] Level 5:colcon.colcon_core.verb:set package 'flashing' build argument 'catkin_cmake_args' from command line to 'None'
[1.868s] Level 5:colcon.colcon_core.verb:set package 'flashing' build argument 'catkin_skip_building_tests' from command line to 'False'
[1.868s] DEBUG:colcon.colcon_core.verb:Building package 'flashing' with the following arguments: {'ament_cmake_args': None, 'build_base': '/home/ngt/ZENS-Final-AUVC/build/flashing', 'catkin_cmake_args': None, 'catkin_skip_building_tests': False, 'cmake_args': None, 'cmake_clean_cache': False, 'cmake_clean_first': False, 'cmake_force_configure': False, 'cmake_target': None, 'cmake_target_skip_unavailable': False, 'install_base': '/home/ngt/ZENS-Final-AUVC/install/flashing', 'merge_install': False, 'path': '/home/ngt/ZENS-Final-AUVC/ros_ws/src/flashing', 'symlink_install': False, 'test_result_base': None}
[1.870s] Level 5:colcon.colcon_core.verb:set package 'gazebo_bluerov2' build argument 'cmake_args' from command line to 'None'
[1.870s] Level 5:colcon.colcon_core.verb:set package 'gazebo_bluerov2' build argument 'cmake_target' from command line to 'None'
[1.870s] Level 5:colcon.colcon_core.verb:set package 'gazebo_bluerov2' build argument 'cmake_target_skip_unavailable' from command line to 'False'
[1.870s] Level 5:colcon.colcon_core.verb:set package 'gazebo_bluerov2' build argument 'cmake_clean_cache' from command line to 'False'
[1.870s] Level 5:colcon.colcon_core.verb:set package 'gazebo_bluerov2' build argument 'cmake_clean_first' from command line to 'False'
[1.871s] Level 5:colcon.colcon_core.verb:set package 'gazebo_bluerov2' build argument 'cmake_force_configure' from command line to 'False'
[1.871s] Level 5:colcon.colcon_core.verb:set package 'gazebo_bluerov2' build argument 'ament_cmake_args' from command line to 'None'
[1.871s] Level 5:colcon.colcon_core.verb:set package 'gazebo_bluerov2' build argument 'catkin_cmake_args' from command line to 'None'
[1.871s] Level 5:colcon.colcon_core.verb:set package 'gazebo_bluerov2' build argument 'catkin_skip_building_tests' from command line to 'False'
[1.871s] DEBUG:colcon.colcon_core.verb:Building package 'gazebo_bluerov2' with the following arguments: {'ament_cmake_args': None, 'build_base': '/home/ngt/ZENS-Final-AUVC/build/gazebo_bluerov2', 'catkin_cmake_args': None, 'catkin_skip_building_tests': False, 'cmake_args': None, 'cmake_clean_cache': False, 'cmake_clean_first': False, 'cmake_force_configure': False, 'cmake_target': None, 'cmake_target_skip_unavailable': False, 'install_base': '/home/ngt/ZENS-Final-AUVC/install/gazebo_bluerov2', 'merge_install': False, 'path': '/home/ngt/ZENS-Final-AUVC/simulation/gazebo_bluerov2', 'symlink_install': False, 'test_result_base': None}
[1.873s] Level 5:colcon.colcon_core.verb:set package 'hardware' build argument 'cmake_args' from command line to 'None'
[1.873s] Level 5:colcon.colcon_core.verb:set package 'hardware' build argument 'cmake_target' from command line to 'None'
[1.874s] Level 5:colcon.colcon_core.verb:set package 'hardware' build argument 'cmake_target_skip_unavailable' from command line to 'False'
[1.874s] Level 5:colcon.colcon_core.verb:set package 'hardware' build argument 'cmake_clean_cache' from command line to 'False'
[1.874s] Level 5:colcon.colcon_core.verb:set package 'hardware' build argument 'cmake_clean_first' from command line to 'False'
[1.874s] Level 5:colcon.colcon_core.verb:set package 'hardware' build argument 'cmake_force_configure' from command line to 'False'
[1.875s] Level 5:colcon.colcon_core.verb:set package 'hardware' build argument 'ament_cmake_args' from command line to 'None'
[1.875s] Level 5:colcon.colcon_core.verb:set package 'hardware' build argument 'catkin_cmake_args' from command line to 'None'
[1.875s] Level 5:colcon.colcon_core.verb:set package 'hardware' build argument 'catkin_skip_building_tests' from command line to 'False'
[1.875s] DEBUG:colcon.colcon_core.verb:Building package 'hardware' with the following arguments: {'ament_cmake_args': None, 'build_base': '/home/ngt/ZENS-Final-AUVC/build/hardware', 'catkin_cmake_args': None, 'catkin_skip_building_tests': False, 'cmake_args': None, 'cmake_clean_cache': False, 'cmake_clean_first': False, 'cmake_force_configure': False, 'cmake_target': None, 'cmake_target_skip_unavailable': False, 'install_base': '/home/ngt/ZENS-Final-AUVC/install/hardware', 'merge_install': False, 'path': '/home/ngt/ZENS-Final-AUVC/ros_ws/src/hardware', 'symlink_install': False, 'test_result_base': None}
[1.877s] Level 5:colcon.colcon_core.verb:set package 'msgs' build argument 'cmake_args' from command line to 'None'
[1.877s] Level 5:colcon.colcon_core.verb:set package 'msgs' build argument 'cmake_target' from command line to 'None'
[1.877s] Level 5:colcon.colcon_core.verb:set package 'msgs' build argument 'cmake_target_skip_unavailable' from command line to 'False'
[1.878s] Level 5:colcon.colcon_core.verb:set package 'msgs' build argument 'cmake_clean_cache' from command line to 'False'
[1.878s] Level 5:colcon.colcon_core.verb:set package 'msgs' build argument 'cmake_clean_first' from command line to 'False'
[1.878s] Level 5:colcon.colcon_core.verb:set package 'msgs' build argument 'cmake_force_configure' from command line to 'False'
[1.878s] Level 5:colcon.colcon_core.verb:set package 'msgs' build argument 'ament_cmake_args' from command line to 'None'
[1.879s] Level 5:colcon.colcon_core.verb:set package 'msgs' build argument 'catkin_cmake_args' from command line to 'None'
[1.879s] Level 5:colcon.colcon_core.verb:set package 'msgs' build argument 'catkin_skip_building_tests' from command line to 'False'
[1.880s] DEBUG:colcon.colcon_core.verb:Building package 'msgs' with the following arguments: {'ament_cmake_args': None, 'build_base': '/home/ngt/ZENS-Final-AUVC/build/msgs', 'catkin_cmake_args': None, 'catkin_skip_building_tests': False, 'cmake_args': None, 'cmake_clean_cache': False, 'cmake_clean_first': False, 'cmake_force_configure': False, 'cmake_target': None, 'cmake_target_skip_unavailable': False, 'install_base': '/home/ngt/ZENS-Final-AUVC/install/msgs', 'merge_install': False, 'path': '/home/ngt/ZENS-Final-AUVC/ros_ws/src/msgs', 'symlink_install': False, 'test_result_base': None}
[1.881s] INFO:colcon.colcon_core.executor:Executing jobs using 'parallel' executor
[1.887s] DEBUG:colcon.colcon_parallel_executor.executor.parallel:run_until_complete
[1.889s] INFO:colcon.colcon_ros.task.ament_python.build:Building ROS package in '/home/ngt/ZENS-Final-AUVC/ros_ws/src/bringup' with build type 'ament_python'
[1.890s] Level 1:colcon.colcon_core.shell:create_environment_hook('bringup', 'ament_prefix_path')
[1.907s] INFO:colcon.colcon_core.plugin_system:Skipping extension 'colcon_core.shell.bat': Not used on non-Windows systems
[1.908s] INFO:colcon.colcon_core.shell:Creating environment hook '/home/ngt/ZENS-Final-AUVC/install/bringup/share/bringup/hook/ament_prefix_path.ps1'
[1.912s] INFO:colcon.colcon_core.shell:Creating environment descriptor '/home/ngt/ZENS-Final-AUVC/install/bringup/share/bringup/hook/ament_prefix_path.dsv'
[1.916s] INFO:colcon.colcon_core.shell:Creating environment hook '/home/ngt/ZENS-Final-AUVC/install/bringup/share/bringup/hook/ament_prefix_path.sh'
[1.921s] INFO:colcon.colcon_core.shell:Skip shell extension 'powershell' for command environment: Not usable outside of PowerShell
[1.923s] DEBUG:colcon.colcon_core.shell:Skip shell extension 'dsv' for command environment
[1.970s] INFO:colcon.colcon_ros.task.ament_python.build:Building ROS package in '/home/ngt/ZENS-Final-AUVC/ros_ws/src/control' with build type 'ament_python'
[1.971s] Level 1:colcon.colcon_core.shell:create_environment_hook('control', 'ament_prefix_path')
[1.972s] INFO:colcon.colcon_core.shell:Creating environment hook '/home/ngt/ZENS-Final-AUVC/install/control/share/control/hook/ament_prefix_path.ps1'
[1.983s] INFO:colcon.colcon_core.shell:Creating environment descriptor '/home/ngt/ZENS-Final-AUVC/install/control/share/control/hook/ament_prefix_path.dsv'
[1.993s] INFO:colcon.colcon_core.shell:Creating environment hook '/home/ngt/ZENS-Final-AUVC/install/control/share/control/hook/ament_prefix_path.sh'
[2.002s] INFO:colcon.colcon_core.shell:Skip shell extension 'powershell' for command environment: Not usable outside of PowerShell
[2.002s] DEBUG:colcon.colcon_core.shell:Skip shell extension 'dsv' for command environment
[2.049s] INFO:colcon.colcon_ros.task.ament_python.build:Building ROS package in '/home/ngt/ZENS-Final-AUVC/ros_ws/src/cv' with build type 'ament_python'
[2.050s] Level 1:colcon.colcon_core.shell:create_environment_hook('cv', 'ament_prefix_path')
[2.051s] INFO:colcon.colcon_core.shell:Creating environment hook '/home/ngt/ZENS-Final-AUVC/install/cv/share/cv/hook/ament_prefix_path.ps1'
[2.055s] INFO:colcon.colcon_core.shell:Creating environment descriptor '/home/ngt/ZENS-Final-AUVC/install/cv/share/cv/hook/ament_prefix_path.dsv'
[2.069s] INFO:colcon.colcon_core.shell:Creating environment hook '/home/ngt/ZENS-Final-AUVC/install/cv/share/cv/hook/ament_prefix_path.sh'
[2.080s] INFO:colcon.colcon_core.shell:Skip shell extension 'powershell' for command environment: Not usable outside of PowerShell
[2.080s] DEBUG:colcon.colcon_core.shell:Skip shell extension 'dsv' for command environment
[2.132s] INFO:colcon.colcon_ros.task.ament_python.build:Building ROS package in '/home/ngt/ZENS-Final-AUVC/ros_ws/src/flashing' with build type 'ament_python'
[2.133s] Level 1:colcon.colcon_core.shell:create_environment_hook('flashing', 'ament_prefix_path')
[2.135s] INFO:colcon.colcon_core.shell:Creating environment hook '/home/ngt/ZENS-Final-AUVC/install/flashing/share/flashing/hook/ament_prefix_path.ps1'
[2.141s] INFO:colcon.colcon_core.shell:Creating environment descriptor '/home/ngt/ZENS-Final-AUVC/install/flashing/share/flashing/hook/ament_prefix_path.dsv'
[2.150s] INFO:colcon.colcon_core.shell:Creating environment hook '/home/ngt/ZENS-Final-AUVC/install/flashing/share/flashing/hook/ament_prefix_path.sh'
[2.154s] INFO:colcon.colcon_core.shell:Skip shell extension 'powershell' for command environment: Not usable outside of PowerShell
[2.154s] DEBUG:colcon.colcon_core.shell:Skip shell extension 'dsv' for command environment
[4.320s] INFO:colcon.colcon_core.task.python.build:Building Python package in '/home/ngt/ZENS-Final-AUVC/ros_ws/src/bringup'
[4.321s] INFO:colcon.colcon_core.shell:Skip shell extension 'powershell' for command environment: Not usable outside of PowerShell
[4.322s] DEBUG:colcon.colcon_core.shell:Skip shell extension 'dsv' for command environment
[6.443s] INFO:colcon.colcon_core.task.python.build:Building Python package in '/home/ngt/ZENS-Final-AUVC/ros_ws/src/control'
[6.444s] INFO:colcon.colcon_core.shell:Skip shell extension 'powershell' for command environment: Not usable outside of PowerShell
[6.444s] DEBUG:colcon.colcon_core.shell:Skip shell extension 'dsv' for command environment
[7.945s] INFO:colcon.colcon_core.task.python.build:Building Python package in '/home/ngt/ZENS-Final-AUVC/ros_ws/src/cv'
[7.945s] INFO:colcon.colcon_core.shell:Skip shell extension 'powershell' for command environment: Not usable outside of PowerShell
[7.946s] DEBUG:colcon.colcon_core.shell:Skip shell extension 'dsv' for command environment
[9.185s] INFO:colcon.colcon_core.task.python.build:Building Python package in '/home/ngt/ZENS-Final-AUVC/ros_ws/src/flashing'
[9.185s] INFO:colcon.colcon_core.shell:Skip shell extension 'powershell' for command environment: Not usable outside of PowerShell
[9.186s] DEBUG:colcon.colcon_core.shell:Skip shell extension 'dsv' for command environment
[15.036s] DEBUG:colcon.colcon_core.task.python.build:Available setuptools commands: rotate, check, register, update_catalog, install_lib, init_catalog, saveopts, egg_info, easy_install, develop, build_ext, bdist_rpm, install, sdist, install_headers, build, clean, bdist_egg, install_data, bdist_dumb, upload, setopt, upload_docs, symlink_data, build_py, compile_catalog, editable_wheel, build_clib, build_scripts, extract_messages, dist_info, install_egg_info, install_scripts, bdist, alias, test, bdist_wheel
[15.066s] DEBUG:colcon.colcon_core.event_handler.log_command:Invoking command in '/home/ngt/ZENS-Final-AUVC/ros_ws/src/flashing': PYTHONPATH=/home/ngt/ZENS-Final-AUVC/build/flashing/prefix_override:/usr/lib/python3/dist-packages/colcon_core/task/python/colcon_distutils_commands:/home/ngt/ZENS-Final-AUVC/install/flashing/lib/python3.12/site-packages:${PYTHONPATH} /usr/bin/python3 -W ignore:setup.py install is deprecated -W ignore:easy_install command is deprecated setup.py egg_info --egg-base ../../../build/flashing build --build-base /home/ngt/ZENS-Final-AUVC/build/flashing/build install --record /home/ngt/ZENS-Final-AUVC/build/flashing/install.log --install-scripts $base/lib/flashing --single-version-externally-managed install_data
[15.125s] DEBUG:colcon.colcon_core.task.python.build:Available setuptools commands: rotate, check, register, update_catalog, install_lib, init_catalog, saveopts, egg_info, easy_install, develop, build_ext, bdist_rpm, install, sdist, install_headers, build, clean, bdist_egg, install_data, bdist_dumb, upload, setopt, upload_docs, symlink_data, build_py, compile_catalog, editable_wheel, build_clib, build_scripts, extract_messages, dist_info, install_egg_info, install_scripts, bdist, alias, test, bdist_wheel
[15.143s] DEBUG:colcon.colcon_core.event_handler.log_command:Invoking command in '/home/ngt/ZENS-Final-AUVC/ros_ws/src/control': PYTHONPATH=/home/ngt/ZENS-Final-AUVC/build/control/prefix_override:/usr/lib/python3/dist-packages/colcon_core/task/python/colcon_distutils_commands:/home/ngt/ZENS-Final-AUVC/install/control/lib/python3.12/site-packages:${PYTHONPATH} /usr/bin/python3 -W ignore:setup.py install is deprecated -W ignore:easy_install command is deprecated setup.py egg_info --egg-base ../../../build/control build --build-base /home/ngt/ZENS-Final-AUVC/build/control/build install --record /home/ngt/ZENS-Final-AUVC/build/control/install.log --install-scripts $base/lib/control --single-version-externally-managed install_data
[15.153s] DEBUG:colcon.colcon_core.task.python.build:Available setuptools commands: rotate, check, register, update_catalog, install_lib, init_catalog, saveopts, egg_info, easy_install, develop, build_ext, bdist_rpm, install, sdist, install_headers, build, clean, bdist_egg, install_data, bdist_dumb, upload, setopt, upload_docs, symlink_data, build_py, compile_catalog, editable_wheel, build_clib, build_scripts, extract_messages, dist_info, install_egg_info, install_scripts, bdist, alias, test, bdist_wheel
[15.174s] DEBUG:colcon.colcon_core.event_handler.log_command:Invoking command in '/home/ngt/ZENS-Final-AUVC/ros_ws/src/cv': PYTHONPATH=/home/ngt/ZENS-Final-AUVC/build/cv/prefix_override:/usr/lib/python3/dist-packages/colcon_core/task/python/colcon_distutils_commands:/home/ngt/ZENS-Final-AUVC/install/cv/lib/python3.12/site-packages:${PYTHONPATH} /usr/bin/python3 -W ignore:setup.py install is deprecated -W ignore:easy_install command is deprecated setup.py egg_info --egg-base ../../../build/cv build --build-base /home/ngt/ZENS-Final-AUVC/build/cv/build install --record /home/ngt/ZENS-Final-AUVC/build/cv/install.log --install-scripts $base/lib/cv --single-version-externally-managed install_data
[15.396s] DEBUG:colcon.colcon_core.task.python.build:Available setuptools commands: rotate, check, register, update_catalog, install_lib, init_catalog, saveopts, egg_info, easy_install, develop, build_ext, bdist_rpm, install, sdist, install_headers, build, clean, bdist_egg, install_data, bdist_dumb, upload, setopt, upload_docs, symlink_data, build_py, compile_catalog, editable_wheel, build_clib, build_scripts, extract_messages, dist_info, install_egg_info, install_scripts, bdist, alias, test, bdist_wheel
[15.410s] DEBUG:colcon.colcon_core.event_handler.log_command:Invoking command in '/home/ngt/ZENS-Final-AUVC/ros_ws/src/bringup': PYTHONPATH=/home/ngt/ZENS-Final-AUVC/build/bringup/prefix_override:/usr/lib/python3/dist-packages/colcon_core/task/python/colcon_distutils_commands:/home/ngt/ZENS-Final-AUVC/install/bringup/lib/python3.12/site-packages:${PYTHONPATH} /usr/bin/python3 -W ignore:setup.py install is deprecated -W ignore:easy_install command is deprecated setup.py egg_info --egg-base ../../../build/bringup build --build-base /home/ngt/ZENS-Final-AUVC/build/bringup/build install --record /home/ngt/ZENS-Final-AUVC/build/bringup/install.log --install-scripts $base/lib/bringup --single-version-externally-managed install_data
[20.640s] DEBUG:colcon.colcon_core.event_handler.log_command:Invoked command in '/home/ngt/ZENS-Final-AUVC/ros_ws/src/control' returned '0': PYTHONPATH=/home/ngt/ZENS-Final-AUVC/build/control/prefix_override:/usr/lib/python3/dist-packages/colcon_core/task/python/colcon_distutils_commands:/home/ngt/ZENS-Final-AUVC/install/control/lib/python3.12/site-packages:${PYTHONPATH} /usr/bin/python3 -W ignore:setup.py install is deprecated -W ignore:easy_install command is deprecated setup.py egg_info --egg-base ../../../build/control build --build-base /home/ngt/ZENS-Final-AUVC/build/control/build install --record /home/ngt/ZENS-Final-AUVC/build/control/install.log --install-scripts $base/lib/control --single-version-externally-managed install_data
[20.699s] Level 1:colcon.colcon_core.environment:checking '/home/ngt/ZENS-Final-AUVC/install/control' for CMake module files
[20.707s] Level 1:colcon.colcon_core.environment:checking '/home/ngt/ZENS-Final-AUVC/install/control' for CMake config files
[20.717s] Level 1:colcon.colcon_core.environment:checking '/home/ngt/ZENS-Final-AUVC/install/control/lib'
[20.719s] Level 1:colcon.colcon_core.environment:checking '/home/ngt/ZENS-Final-AUVC/install/control/bin'
[20.722s] Level 1:colcon.colcon_core.environment:checking '/home/ngt/ZENS-Final-AUVC/install/control/lib/pkgconfig/control.pc'
[20.724s] Level 1:colcon.colcon_core.environment:checking '/home/ngt/ZENS-Final-AUVC/install/control/lib/python3.12/site-packages'
[20.725s] Level 1:colcon.colcon_core.shell:create_environment_hook('control', 'pythonpath')
[20.728s] INFO:colcon.colcon_core.shell:Creating environment hook '/home/ngt/ZENS-Final-AUVC/install/control/share/control/hook/pythonpath.ps1'
[20.735s] INFO:colcon.colcon_core.shell:Creating environment descriptor '/home/ngt/ZENS-Final-AUVC/install/control/share/control/hook/pythonpath.dsv'
[20.744s] INFO:colcon.colcon_core.shell:Creating environment hook '/home/ngt/ZENS-Final-AUVC/install/control/share/control/hook/pythonpath.sh'
[20.753s] Level 1:colcon.colcon_core.environment:checking '/home/ngt/ZENS-Final-AUVC/install/control/bin'
[20.754s] Level 1:colcon.colcon_core.environment:create_environment_scripts_only(control)
[20.756s] INFO:colcon.colcon_core.shell:Creating package script '/home/ngt/ZENS-Final-AUVC/install/control/share/control/package.ps1'
[20.767s] INFO:colcon.colcon_core.shell:Creating package descriptor '/home/ngt/ZENS-Final-AUVC/install/control/share/control/package.dsv'
[20.771s] INFO:colcon.colcon_core.shell:Creating package script '/home/ngt/ZENS-Final-AUVC/install/control/share/control/package.sh'
[20.777s] INFO:colcon.colcon_core.shell:Creating package script '/home/ngt/ZENS-Final-AUVC/install/control/share/control/package.bash'
[20.784s] INFO:colcon.colcon_core.shell:Creating package script '/home/ngt/ZENS-Final-AUVC/install/control/share/control/package.zsh'
[20.788s] Level 1:colcon.colcon_core.environment:create_file_with_runtime_dependencies(/home/ngt/ZENS-Final-AUVC/install/control/share/colcon-core/packages/control)
[20.793s] INFO:colcon.colcon_ros.task.ament_cmake.build:Building ROS package in '/home/ngt/ZENS-Final-AUVC/simulation/gazebo_bluerov2' with build type 'ament_cmake'
[20.796s] INFO:colcon.colcon_cmake.task.cmake.build:Building CMake package in '/home/ngt/ZENS-Final-AUVC/simulation/gazebo_bluerov2'
[20.797s] INFO:colcon.colcon_core.shell:Skip shell extension 'powershell' for command environment: Not usable outside of PowerShell
[20.801s] DEBUG:colcon.colcon_core.shell:Skip shell extension 'dsv' for command environment
[20.846s] Level 1:colcon.colcon_core.environment:checking '/home/ngt/ZENS-Final-AUVC/install/flashing' for CMake module files
[20.851s] DEBUG:colcon.colcon_core.event_handler.log_command:Invoked command in '/home/ngt/ZENS-Final-AUVC/ros_ws/src/flashing' returned '0': PYTHONPATH=/home/ngt/ZENS-Final-AUVC/build/flashing/prefix_override:/usr/lib/python3/dist-packages/colcon_core/task/python/colcon_distutils_commands:/home/ngt/ZENS-Final-AUVC/install/flashing/lib/python3.12/site-packages:${PYTHONPATH} /usr/bin/python3 -W ignore:setup.py install is deprecated -W ignore:easy_install command is deprecated setup.py egg_info --egg-base ../../../build/flashing build --build-base /home/ngt/ZENS-Final-AUVC/build/flashing/build install --record /home/ngt/ZENS-Final-AUVC/build/flashing/install.log --install-scripts $base/lib/flashing --single-version-externally-managed install_data
[20.853s] Level 1:colcon.colcon_core.environment:checking '/home/ngt/ZENS-Final-AUVC/install/flashing' for CMake config files
[20.858s] Level 1:colcon.colcon_core.environment:checking '/home/ngt/ZENS-Final-AUVC/install/flashing/lib'
[20.859s] Level 1:colcon.colcon_core.environment:checking '/home/ngt/ZENS-Final-AUVC/install/flashing/bin'
[20.860s] Level 1:colcon.colcon_core.environment:checking '/home/ngt/ZENS-Final-AUVC/install/flashing/lib/pkgconfig/flashing.pc'
[20.861s] Level 1:colcon.colcon_core.environment:checking '/home/ngt/ZENS-Final-AUVC/install/flashing/lib/python3.12/site-packages'
[20.862s] Level 1:colcon.colcon_core.shell:create_environment_hook('flashing', 'pythonpath')
[20.863s] INFO:colcon.colcon_core.shell:Creating environment hook '/home/ngt/ZENS-Final-AUVC/install/flashing/share/flashing/hook/pythonpath.ps1'
[20.867s] INFO:colcon.colcon_core.shell:Creating environment descriptor '/home/ngt/ZENS-Final-AUVC/install/flashing/share/flashing/hook/pythonpath.dsv'
[20.870s] INFO:colcon.colcon_core.shell:Creating environment hook '/home/ngt/ZENS-Final-AUVC/install/flashing/share/flashing/hook/pythonpath.sh'
[20.875s] Level 1:colcon.colcon_core.environment:checking '/home/ngt/ZENS-Final-AUVC/install/flashing/bin'
[20.876s] Level 1:colcon.colcon_core.environment:create_environment_scripts_only(flashing)
[20.877s] INFO:colcon.colcon_core.shell:Creating package script '/home/ngt/ZENS-Final-AUVC/install/flashing/share/flashing/package.ps1'
[20.882s] INFO:colcon.colcon_core.shell:Creating package descriptor '/home/ngt/ZENS-Final-AUVC/install/flashing/share/flashing/package.dsv'
[20.884s] INFO:colcon.colcon_core.shell:Creating package script '/home/ngt/ZENS-Final-AUVC/install/flashing/share/flashing/package.sh'
[20.886s] INFO:colcon.colcon_core.shell:Creating package script '/home/ngt/ZENS-Final-AUVC/install/flashing/share/flashing/package.bash'
[20.889s] INFO:colcon.colcon_core.shell:Creating package script '/home/ngt/ZENS-Final-AUVC/install/flashing/share/flashing/package.zsh'
[20.891s] Level 1:colcon.colcon_core.environment:create_file_with_runtime_dependencies(/home/ngt/ZENS-Final-AUVC/install/flashing/share/colcon-core/packages/flashing)
[20.895s] INFO:colcon.colcon_ros.task.ament_python.build:Building ROS package in '/home/ngt/ZENS-Final-AUVC/ros_ws/src/hardware' with build type 'ament_python'
[20.896s] Level 1:colcon.colcon_core.shell:create_environment_hook('hardware', 'ament_prefix_path')
[20.897s] INFO:colcon.colcon_core.shell:Creating environment hook '/home/ngt/ZENS-Final-AUVC/install/hardware/share/hardware/hook/ament_prefix_path.ps1'
[20.899s] INFO:colcon.colcon_core.shell:Creating environment descriptor '/home/ngt/ZENS-Final-AUVC/install/hardware/share/hardware/hook/ament_prefix_path.dsv'
[20.901s] INFO:colcon.colcon_core.shell:Creating environment hook '/home/ngt/ZENS-Final-AUVC/install/hardware/share/hardware/hook/ament_prefix_path.sh'
[20.904s] INFO:colcon.colcon_core.shell:Skip shell extension 'powershell' for command environment: Not usable outside of PowerShell
[20.904s] DEBUG:colcon.colcon_core.shell:Skip shell extension 'dsv' for command environment
[20.945s] DEBUG:colcon.colcon_core.event_handler.log_command:Invoking command in '/home/ngt/ZENS-Final-AUVC/build/gazebo_bluerov2': CMAKE_PREFIX_PATH=${CMAKE_PREFIX_PATH}:/home/ngt/auvc_ws/install/tutorial_virtualenvs:/home/ngt/auvc_ws/install/tutorial_pid:/home/ngt/auvc_ws/install/tutorial_ardusub:/home/ngt/auvc_ws/install/tutorial:/home/ngt/auvc_ws/install/rosmav:/home/ngt/cv_ws/install/cv:/home/ngt/pid_ws/install/pid:/home/ngt/auv_dancing/install/tutorial:/opt/ros/jazzy /usr/bin/cmake /home/ngt/ZENS-Final-AUVC/simulation/gazebo_bluerov2 -DCMAKE_INSTALL_PREFIX=/home/ngt/ZENS-Final-AUVC/install/gazebo_bluerov2
[20.952s] Level 1:colcon.colcon_core.environment:checking '/home/ngt/ZENS-Final-AUVC/install/cv' for CMake module files
[20.955s] DEBUG:colcon.colcon_core.event_handler.log_command:Invoked command in '/home/ngt/ZENS-Final-AUVC/ros_ws/src/cv' returned '0': PYTHONPATH=/home/ngt/ZENS-Final-AUVC/build/cv/prefix_override:/usr/lib/python3/dist-packages/colcon_core/task/python/colcon_distutils_commands:/home/ngt/ZENS-Final-AUVC/install/cv/lib/python3.12/site-packages:${PYTHONPATH} /usr/bin/python3 -W ignore:setup.py install is deprecated -W ignore:easy_install command is deprecated setup.py egg_info --egg-base ../../../build/cv build --build-base /home/ngt/ZENS-Final-AUVC/build/cv/build install --record /home/ngt/ZENS-Final-AUVC/build/cv/install.log --install-scripts $base/lib/cv --single-version-externally-managed install_data
[20.957s] Level 1:colcon.colcon_core.environment:checking '/home/ngt/ZENS-Final-AUVC/install/cv' for CMake config files
[20.962s] Level 1:colcon.colcon_core.environment:checking '/home/ngt/ZENS-Final-AUVC/install/cv/lib'
[20.962s] Level 1:colcon.colcon_core.environment:checking '/home/ngt/ZENS-Final-AUVC/install/cv/bin'
[20.963s] Level 1:colcon.colcon_core.environment:checking '/home/ngt/ZENS-Final-AUVC/install/cv/lib/pkgconfig/cv.pc'
[20.964s] Level 1:colcon.colcon_core.environment:checking '/home/ngt/ZENS-Final-AUVC/install/cv/lib/python3.12/site-packages'
[20.964s] Level 1:colcon.colcon_core.shell:create_environment_hook('cv', 'pythonpath')
[20.965s] INFO:colcon.colcon_core.shell:Creating environment hook '/home/ngt/ZENS-Final-AUVC/install/cv/share/cv/hook/pythonpath.ps1'
[20.967s] INFO:colcon.colcon_core.shell:Creating environment descriptor '/home/ngt/ZENS-Final-AUVC/install/cv/share/cv/hook/pythonpath.dsv'
[20.969s] INFO:colcon.colcon_core.shell:Creating environment hook '/home/ngt/ZENS-Final-AUVC/install/cv/share/cv/hook/pythonpath.sh'
[20.973s] Level 1:colcon.colcon_core.environment:checking '/home/ngt/ZENS-Final-AUVC/install/cv/bin'
[20.973s] Level 1:colcon.colcon_core.environment:create_environment_scripts_only(cv)
[20.974s] INFO:colcon.colcon_core.shell:Creating package script '/home/ngt/ZENS-Final-AUVC/install/cv/share/cv/package.ps1'
[20.977s] INFO:colcon.colcon_core.shell:Creating package descriptor '/home/ngt/ZENS-Final-AUVC/install/cv/share/cv/package.dsv'
[20.981s] INFO:colcon.colcon_core.shell:Creating package script '/home/ngt/ZENS-Final-AUVC/install/cv/share/cv/package.sh'
[20.984s] INFO:colcon.colcon_core.shell:Creating package script '/home/ngt/ZENS-Final-AUVC/install/cv/share/cv/package.bash'
[20.986s] INFO:colcon.colcon_core.shell:Creating package script '/home/ngt/ZENS-Final-AUVC/install/cv/share/cv/package.zsh'
[20.989s] Level 1:colcon.colcon_core.environment:create_file_with_runtime_dependencies(/home/ngt/ZENS-Final-AUVC/install/cv/share/colcon-core/packages/cv)
[20.991s] INFO:colcon.colcon_ros.task.ament_cmake.build:Building ROS package in '/home/ngt/ZENS-Final-AUVC/ros_ws/src/msgs' with build type 'ament_cmake'
[20.991s] INFO:colcon.colcon_cmake.task.cmake.build:Building CMake package in '/home/ngt/ZENS-Final-AUVC/ros_ws/src/msgs'
[20.993s] INFO:colcon.colcon_core.shell:Skip shell extension 'powershell' for command environment: Not usable outside of PowerShell
[20.993s] DEBUG:colcon.colcon_core.shell:Skip shell extension 'dsv' for command environment
[22.608s] INFO:colcon.colcon_core.task.python.build:Building Python package in '/home/ngt/ZENS-Final-AUVC/ros_ws/src/hardware'
[22.609s] INFO:colcon.colcon_core.shell:Skip shell extension 'powershell' for command environment: Not usable outside of PowerShell
[22.610s] DEBUG:colcon.colcon_core.shell:Skip shell extension 'dsv' for command environment
[22.658s] DEBUG:colcon.colcon_core.event_handler.log_command:Invoking command in '/home/ngt/ZENS-Final-AUVC/build/msgs': CMAKE_PREFIX_PATH=${CMAKE_PREFIX_PATH}:/home/ngt/auvc_ws/install/tutorial_virtualenvs:/home/ngt/auvc_ws/install/tutorial_pid:/home/ngt/auvc_ws/install/tutorial_ardusub:/home/ngt/auvc_ws/install/tutorial:/home/ngt/auvc_ws/install/rosmav:/home/ngt/cv_ws/install/cv:/home/ngt/pid_ws/install/pid:/home/ngt/auv_dancing/install/tutorial:/opt/ros/jazzy /usr/bin/cmake --build /home/ngt/ZENS-Final-AUVC/build/msgs -- -j4 -l4
[22.663s] Level 1:colcon.colcon_core.environment:checking '/home/ngt/ZENS-Final-AUVC/install/bringup' for CMake module files
[22.666s] DEBUG:colcon.colcon_core.event_handler.log_command:Invoked command in '/home/ngt/ZENS-Final-AUVC/ros_ws/src/bringup' returned '0': PYTHONPATH=/home/ngt/ZENS-Final-AUVC/build/bringup/prefix_override:/usr/lib/python3/dist-packages/colcon_core/task/python/colcon_distutils_commands:/home/ngt/ZENS-Final-AUVC/install/bringup/lib/python3.12/site-packages:${PYTHONPATH} /usr/bin/python3 -W ignore:setup.py install is deprecated -W ignore:easy_install command is deprecated setup.py egg_info --egg-base ../../../build/bringup build --build-base /home/ngt/ZENS-Final-AUVC/build/bringup/build install --record /home/ngt/ZENS-Final-AUVC/build/bringup/install.log --install-scripts $base/lib/bringup --single-version-externally-managed install_data
[22.667s] Level 1:colcon.colcon_core.environment:checking '/home/ngt/ZENS-Final-AUVC/install/bringup' for CMake config files
[22.671s] Level 1:colcon.colcon_core.environment:checking '/home/ngt/ZENS-Final-AUVC/install/bringup/lib'
[22.672s] Level 1:colcon.colcon_core.environment:checking '/home/ngt/ZENS-Final-AUVC/install/bringup/bin'
[22.672s] Level 1:colcon.colcon_core.environment:checking '/home/ngt/ZENS-Final-AUVC/install/bringup/lib/pkgconfig/bringup.pc'
[22.673s] Level 1:colcon.colcon_core.environment:checking '/home/ngt/ZENS-Final-AUVC/install/bringup/lib/python3.12/site-packages'
[22.674s] Level 1:colcon.colcon_core.shell:create_environment_hook('bringup', 'pythonpath')
[22.675s] INFO:colcon.colcon_core.shell:Creating environment hook '/home/ngt/ZENS-Final-AUVC/install/bringup/share/bringup/hook/pythonpath.ps1'
[22.677s] INFO:colcon.colcon_core.shell:Creating environment descriptor '/home/ngt/ZENS-Final-AUVC/install/bringup/share/bringup/hook/pythonpath.dsv'
[22.680s] INFO:colcon.colcon_core.shell:Creating environment hook '/home/ngt/ZENS-Final-AUVC/install/bringup/share/bringup/hook/pythonpath.sh'
[22.683s] Level 1:colcon.colcon_core.environment:checking '/home/ngt/ZENS-Final-AUVC/install/bringup/bin'
[22.683s] Level 1:colcon.colcon_core.environment:create_environment_scripts_only(bringup)
[22.685s] INFO:colcon.colcon_core.shell:Creating package script '/home/ngt/ZENS-Final-AUVC/install/bringup/share/bringup/package.ps1'
[22.688s] INFO:colcon.colcon_core.shell:Creating package descriptor '/home/ngt/ZENS-Final-AUVC/install/bringup/share/bringup/package.dsv'
[22.691s] INFO:colcon.colcon_core.shell:Creating package script '/home/ngt/ZENS-Final-AUVC/install/bringup/share/bringup/package.sh'
[22.693s] INFO:colcon.colcon_core.shell:Creating package script '/home/ngt/ZENS-Final-AUVC/install/bringup/share/bringup/package.bash'
[22.695s] INFO:colcon.colcon_core.shell:Creating package script '/home/ngt/ZENS-Final-AUVC/install/bringup/share/bringup/package.zsh'
[22.697s] Level 1:colcon.colcon_core.environment:create_file_with_runtime_dependencies(/home/ngt/ZENS-Final-AUVC/install/bringup/share/colcon-core/packages/bringup)
[23.360s] DEBUG:colcon.colcon_core.event_handler.log_command:Invoked command in '/home/ngt/ZENS-Final-AUVC/build/gazebo_bluerov2' returned '1': CMAKE_PREFIX_PATH=${CMAKE_PREFIX_PATH}:/home/ngt/auvc_ws/install/tutorial_virtualenvs:/home/ngt/auvc_ws/install/tutorial_pid:/home/ngt/auvc_ws/install/tutorial_ardusub:/home/ngt/auvc_ws/install/tutorial:/home/ngt/auvc_ws/install/rosmav:/home/ngt/cv_ws/install/cv:/home/ngt/pid_ws/install/pid:/home/ngt/auv_dancing/install/tutorial:/opt/ros/jazzy /usr/bin/cmake /home/ngt/ZENS-Final-AUVC/simulation/gazebo_bluerov2 -DCMAKE_INSTALL_PREFIX=/home/ngt/ZENS-Final-AUVC/install/gazebo_bluerov2
[23.502s] Level 1:colcon.colcon_core.environment:create_environment_scripts_only(gazebo_bluerov2)
[23.503s] Level 1:colcon.colcon_core.environment:checking '/home/ngt/ZENS-Final-AUVC/install/gazebo_bluerov2' for CMake module files
[23.511s] Level 1:colcon.colcon_core.environment:checking '/home/ngt/ZENS-Final-AUVC/install/gazebo_bluerov2' for CMake config files
[23.512s] Level 1:colcon.colcon_core.environment:checking '/home/ngt/ZENS-Final-AUVC/install/gazebo_bluerov2/bin'
[23.519s] Level 1:colcon.colcon_core.environment:checking '/home/ngt/ZENS-Final-AUVC/install/gazebo_bluerov2/lib/pkgconfig/gazebo_bluerov2.pc'
[23.520s] Level 1:colcon.colcon_core.environment:checking '/home/ngt/ZENS-Final-AUVC/install/gazebo_bluerov2/lib/python3.12/site-packages'
[23.526s] Level 1:colcon.colcon_core.environment:checking '/home/ngt/ZENS-Final-AUVC/install/gazebo_bluerov2/bin'
[23.527s] INFO:colcon.colcon_core.shell:Creating package script '/home/ngt/ZENS-Final-AUVC/install/gazebo_bluerov2/share/gazebo_bluerov2/package.ps1'
[23.536s] INFO:colcon.colcon_core.shell:Creating package descriptor '/home/ngt/ZENS-Final-AUVC/install/gazebo_bluerov2/share/gazebo_bluerov2/package.dsv'
[23.548s] INFO:colcon.colcon_core.shell:Creating package script '/home/ngt/ZENS-Final-AUVC/install/gazebo_bluerov2/share/gazebo_bluerov2/package.sh'
[23.552s] INFO:colcon.colcon_core.shell:Creating package script '/home/ngt/ZENS-Final-AUVC/install/gazebo_bluerov2/share/gazebo_bluerov2/package.bash'
[23.559s] INFO:colcon.colcon_core.shell:Creating package script '/home/ngt/ZENS-Final-AUVC/install/gazebo_bluerov2/share/gazebo_bluerov2/package.zsh'
[23.562s] Level 1:colcon.colcon_core.environment:create_file_with_runtime_dependencies(/home/ngt/ZENS-Final-AUVC/install/gazebo_bluerov2/share/colcon-core/packages/gazebo_bluerov2)
[28.005s] DEBUG:colcon.colcon_parallel_executor.executor.parallel:closing loop
[28.005s] DEBUG:colcon.colcon_parallel_executor.executor.parallel:loop closed
[28.006s] DEBUG:colcon.colcon_parallel_executor.executor.parallel:run_until_complete finished with '1'
[28.006s] DEBUG:colcon.colcon_core.event_reactor:joining thread
[28.009s] DEBUG:colcon.colcon_core.event_reactor:joined thread
[28.010s] INFO:colcon.colcon_core.shell:Creating prefix script '/home/ngt/ZENS-Final-AUVC/install/local_setup.ps1'
[28.016s] INFO:colcon.colcon_core.shell:Creating prefix util module '/home/ngt/ZENS-Final-AUVC/install/_local_setup_util_ps1.py'
[28.024s] INFO:colcon.colcon_core.shell:Creating prefix chain script '/home/ngt/ZENS-Final-AUVC/install/setup.ps1'
[28.032s] INFO:colcon.colcon_core.shell:Creating prefix script '/home/ngt/ZENS-Final-AUVC/install/local_setup.sh'
[28.034s] INFO:colcon.colcon_core.shell:Creating prefix util module '/home/ngt/ZENS-Final-AUVC/install/_local_setup_util_sh.py'
[28.036s] INFO:colcon.colcon_core.shell:Creating prefix chain script '/home/ngt/ZENS-Final-AUVC/install/setup.sh'
[28.044s] INFO:colcon.colcon_core.shell:Creating prefix script '/home/ngt/ZENS-Final-AUVC/install/local_setup.bash'
[28.046s] INFO:colcon.colcon_core.shell:Creating prefix chain script '/home/ngt/ZENS-Final-AUVC/install/setup.bash'
[28.053s] INFO:colcon.colcon_core.shell:Creating prefix script '/home/ngt/ZENS-Final-AUVC/install/local_setup.zsh'
[28.055s] INFO:colcon.colcon_core.shell:Creating prefix chain script '/home/ngt/ZENS-Final-AUVC/install/setup.zsh'
