[0.000000] (-) TimerEvent: {}
[0.001841] (bringup) JobQueued: {'identifier': 'bringup', 'dependencies': OrderedDict()}
[0.004157] (control) JobQueued: {'identifier': 'control', 'dependencies': OrderedDict()}
[0.004377] (cv) JobQueued: {'identifier': 'cv', 'dependencies': OrderedDict()}
[0.004491] (flashing) JobQueued: {'identifier': 'flashing', 'dependencies': OrderedDict()}
[0.004566] (hardware) JobQueued: {'identifier': 'hardware', 'dependencies': OrderedDict()}
[0.004636] (msgs) JobQueued: {'identifier': 'msgs', 'dependencies': OrderedDict()}
[0.004710] (bringup) JobStarted: {'identifier': 'bringup'}
[0.088445] (control) JobStarted: {'identifier': 'control'}
[0.104611] (-) TimerEvent: {}
[0.153077] (cv) JobStarted: {'identifier': 'cv'}
[0.204806] (-) TimerEvent: {}
[0.226803] (flashing) JobStarted: {'identifier': 'flashing'}
[0.305013] (-) TimerEvent: {}
[0.405738] (-) TimerEvent: {}
[0.506592] (-) TimerEvent: {}
[0.611917] (-) TimerEvent: {}
[0.720041] (-) TimerEvent: {}
[0.820867] (-) TimerEvent: {}
[0.921847] (-) TimerEvent: {}
[1.023267] (-) TimerEvent: {}
[1.127274] (-) TimerEvent: {}
[1.229743] (-) TimerEvent: {}
[1.333225] (-) TimerEvent: {}
[1.435024] (-) TimerEvent: {}
[1.539489] (-) TimerEvent: {}
[1.640582] (-) TimerEvent: {}
[1.742472] (-) TimerEvent: {}
[1.845803] (-) TimerEvent: {}
[1.948072] (-) TimerEvent: {}
[2.052046] (-) TimerEvent: {}
[2.152830] (-) TimerEvent: {}
[2.256349] (-) TimerEvent: {}
[2.359056] (-) TimerEvent: {}
[2.463535] (-) TimerEvent: {}
[2.564784] (-) TimerEvent: {}
[2.667568] (-) TimerEvent: {}
[2.768381] (-) TimerEvent: {}
[2.870376] (-) TimerEvent: {}
[2.973019] (-) TimerEvent: {}
[3.073753] (-) TimerEvent: {}
[3.174535] (-) TimerEvent: {}
[3.276471] (-) TimerEvent: {}
[3.379130] (-) TimerEvent: {}
[3.485004] (-) TimerEvent: {}
[3.585734] (-) TimerEvent: {}
[3.687051] (-) TimerEvent: {}
[3.792360] (-) TimerEvent: {}
[3.897065] (-) TimerEvent: {}
[4.000042] (-) TimerEvent: {}
[4.103044] (-) TimerEvent: {}
[4.205036] (-) TimerEvent: {}
[4.306063] (-) TimerEvent: {}
[4.411087] (-) TimerEvent: {}
[4.515042] (-) TimerEvent: {}
[4.615789] (-) TimerEvent: {}
[4.721045] (-) TimerEvent: {}
[4.825020] (-) TimerEvent: {}
[4.925923] (-) TimerEvent: {}
[5.031055] (-) TimerEvent: {}
[5.132213] (-) TimerEvent: {}
[5.236264] (-) TimerEvent: {}
[5.339718] (-) TimerEvent: {}
[5.442206] (-) TimerEvent: {}
[5.547041] (-) TimerEvent: {}
[5.647798] (-) TimerEvent: {}
[5.751057] (-) TimerEvent: {}
[5.852155] (-) TimerEvent: {}
[5.953915] (-) TimerEvent: {}
[6.059063] (-) TimerEvent: {}
[6.159809] (-) TimerEvent: {}
[6.265070] (-) TimerEvent: {}
[6.366095] (-) TimerEvent: {}
[6.473038] (-) TimerEvent: {}
[6.574016] (-) TimerEvent: {}
[6.674786] (-) TimerEvent: {}
[6.780035] (-) TimerEvent: {}
[6.880806] (-) TimerEvent: {}
[6.984075] (-) TimerEvent: {}
[7.084948] (-) TimerEvent: {}
[7.187036] (-) TimerEvent: {}
[7.291202] (-) TimerEvent: {}
[7.397054] (-) TimerEvent: {}
[7.499794] (-) TimerEvent: {}
[7.601302] (-) TimerEvent: {}
[7.702142] (-) TimerEvent: {}
[7.807920] (-) TimerEvent: {}
[7.909007] (-) TimerEvent: {}
[8.009870] (-) TimerEvent: {}
[8.115482] (-) TimerEvent: {}
[8.216627] (-) TimerEvent: {}
[8.326723] (-) TimerEvent: {}
[8.427627] (-) TimerEvent: {}
[8.530031] (-) TimerEvent: {}
[8.633960] (-) TimerEvent: {}
[8.741464] (-) TimerEvent: {}
[8.845198] (-) TimerEvent: {}
[8.954030] (-) TimerEvent: {}
[9.059049] (-) TimerEvent: {}
[9.164081] (-) TimerEvent: {}
[9.265012] (-) TimerEvent: {}
[9.370027] (-) TimerEvent: {}
[9.471203] (-) TimerEvent: {}
[9.575050] (-) TimerEvent: {}
[9.677062] (-) TimerEvent: {}
[9.777938] (-) TimerEvent: {}
[9.884034] (-) TimerEvent: {}
[9.987056] (-) TimerEvent: {}
[10.088000] (-) TimerEvent: {}
[10.190968] (-) TimerEvent: {}
[10.296022] (-) TimerEvent: {}
[10.400031] (-) TimerEvent: {}
[10.505044] (-) TimerEvent: {}
[10.611032] (-) TimerEvent: {}
[10.711930] (-) TimerEvent: {}
[10.812822] (-) TimerEvent: {}
[10.918031] (-) TimerEvent: {}
[11.025848] (-) TimerEvent: {}
[11.129617] (-) TimerEvent: {}
[11.235097] (-) TimerEvent: {}
[11.343340] (-) TimerEvent: {}
[11.449026] (-) TimerEvent: {}
[11.554083] (-) TimerEvent: {}
[11.663125] (-) TimerEvent: {}
[11.769052] (-) TimerEvent: {}
[11.872034] (-) TimerEvent: {}
[11.972972] (-) TimerEvent: {}
[12.083969] (-) TimerEvent: {}
[12.185003] (-) TimerEvent: {}
[12.294039] (-) TimerEvent: {}
[12.402985] (-) TimerEvent: {}
[12.506015] (-) TimerEvent: {}
[12.608516] (-) TimerEvent: {}
[12.718374] (-) TimerEvent: {}
[12.821032] (-) TimerEvent: {}
[12.927177] (-) TimerEvent: {}
[13.037147] (-) TimerEvent: {}
[13.141085] (-) TimerEvent: {}
[13.244535] (-) TimerEvent: {}
[13.357396] (-) TimerEvent: {}
[13.466025] (-) TimerEvent: {}
[13.566758] (-) TimerEvent: {}
[13.670019] (-) TimerEvent: {}
[13.773004] (-) TimerEvent: {}
[13.876031] (-) TimerEvent: {}
[13.981033] (-) TimerEvent: {}
[14.082197] (-) TimerEvent: {}
[14.189027] (-) TimerEvent: {}
[14.291556] (-) TimerEvent: {}
[14.395099] (-) TimerEvent: {}
[14.496579] (-) TimerEvent: {}
[14.602985] (-) TimerEvent: {}
[14.706023] (-) TimerEvent: {}
[14.810065] (-) TimerEvent: {}
[14.913030] (-) TimerEvent: {}
[15.016040] (-) TimerEvent: {}
[15.121033] (-) TimerEvent: {}
[15.221762] (-) TimerEvent: {}
[15.328051] (-) TimerEvent: {}
[15.428728] (-) TimerEvent: {}
[15.532035] (-) TimerEvent: {}
[15.632924] (-) TimerEvent: {}
[15.739311] (-) TimerEvent: {}
[15.844624] (-) TimerEvent: {}
[15.947046] (-) TimerEvent: {}
[16.052177] (-) TimerEvent: {}
[16.153314] (-) TimerEvent: {}
[16.256071] (-) TimerEvent: {}
[16.367027] (-) TimerEvent: {}
[16.467925] (-) TimerEvent: {}
[16.570116] (-) TimerEvent: {}
[16.676076] (-) TimerEvent: {}
[16.779336] (-) TimerEvent: {}
[16.883214] (-) TimerEvent: {}
[16.987056] (-) TimerEvent: {}
[17.090018] (-) TimerEvent: {}
[17.193049] (-) TimerEvent: {}
[17.295032] (-) TimerEvent: {}
[17.404075] (-) TimerEvent: {}
[17.505101] (-) TimerEvent: {}
[17.611031] (-) TimerEvent: {}
[17.714111] (-) TimerEvent: {}
[17.819019] (-) TimerEvent: {}
[17.928270] (-) TimerEvent: {}
[18.034030] (-) TimerEvent: {}
[18.139062] (-) TimerEvent: {}
[18.242058] (-) TimerEvent: {}
[18.348002] (-) TimerEvent: {}
[18.451119] (-) TimerEvent: {}
[18.560028] (-) TimerEvent: {}
[18.663072] (-) TimerEvent: {}
[18.768067] (-) TimerEvent: {}
[18.872032] (-) TimerEvent: {}
[18.980021] (-) TimerEvent: {}
[19.083077] (-) TimerEvent: {}
[19.188031] (-) TimerEvent: {}
[19.291052] (-) TimerEvent: {}
[19.395095] (-) TimerEvent: {}
[19.500076] (-) TimerEvent: {}
[19.603032] (-) TimerEvent: {}
[19.706078] (-) TimerEvent: {}
[19.816053] (-) TimerEvent: {}
[19.921062] (-) TimerEvent: {}
[20.024107] (-) TimerEvent: {}
[20.131155] (-) TimerEvent: {}
[20.231985] (-) TimerEvent: {}
[20.340028] (-) TimerEvent: {}
[20.445097] (-) TimerEvent: {}
[20.545915] (-) TimerEvent: {}
[20.651280] (-) TimerEvent: {}
[20.753083] (-) TimerEvent: {}
[20.859155] (-) TimerEvent: {}
[20.960005] (-) TimerEvent: {}
[21.069036] (-) TimerEvent: {}
[21.169814] (-) TimerEvent: {}
[21.279658] (-) TimerEvent: {}
[21.381812] (-) TimerEvent: {}
[21.489082] (-) TimerEvent: {}
[21.591362] (-) TimerEvent: {}
[21.697042] (-) TimerEvent: {}
[21.802089] (-) TimerEvent: {}
[21.903412] (-) TimerEvent: {}
[22.012160] (-) TimerEvent: {}
[22.116625] (-) TimerEvent: {}
[22.220017] (-) TimerEvent: {}
[22.325991] (-) TimerEvent: {}
[22.430535] (-) TimerEvent: {}
[22.536056] (-) TimerEvent: {}
[22.637134] (-) TimerEvent: {}
[22.744110] (-) TimerEvent: {}
[22.844963] (-) TimerEvent: {}
[22.952039] (-) TimerEvent: {}
[23.069041] (-) TimerEvent: {}
[23.171555] (-) TimerEvent: {}
[23.282307] (-) TimerEvent: {}
[23.388687] (-) TimerEvent: {}
[23.494065] (-) TimerEvent: {}
[23.613018] (-) TimerEvent: {}
[23.720032] (-) TimerEvent: {}
[23.829040] (-) TimerEvent: {}
[23.931992] (-) TimerEvent: {}
[24.050968] (-) TimerEvent: {}
[24.155791] (-) TimerEvent: {}
[24.264515] (-) TimerEvent: {}
[24.365218] (-) TimerEvent: {}
[24.478282] (-) TimerEvent: {}
[24.598306] (-) TimerEvent: {}
[24.706109] (-) TimerEvent: {}
[24.823060] (-) TimerEvent: {}
[24.929146] (-) TimerEvent: {}
[25.029964] (-) TimerEvent: {}
[25.133639] (-) TimerEvent: {}
[25.245806] (-) TimerEvent: {}
[25.351167] (-) TimerEvent: {}
[25.456665] (-) TimerEvent: {}
[25.561581] (-) TimerEvent: {}
[25.673029] (-) TimerEvent: {}
[25.778861] (-) TimerEvent: {}
[25.885248] (-) TimerEvent: {}
[25.994804] (-) TimerEvent: {}
[26.099839] (-) TimerEvent: {}
[26.204154] (-) TimerEvent: {}
[26.313600] (-) TimerEvent: {}
[26.414785] (-) TimerEvent: {}
[26.518304] (-) TimerEvent: {}
[26.623029] (-) TimerEvent: {}
[26.726821] (-) TimerEvent: {}
[26.831410] (-) TimerEvent: {}
[26.935630] (-) TimerEvent: {}
[27.040103] (-) TimerEvent: {}
[27.141603] (-) TimerEvent: {}
[27.252822] (-) TimerEvent: {}
[27.358340] (-) TimerEvent: {}
[27.465624] (-) TimerEvent: {}
[27.572730] (-) TimerEvent: {}
[27.673587] (-) TimerEvent: {}
[27.781033] (-) TimerEvent: {}
[27.888035] (-) TimerEvent: {}
[27.994372] (-) TimerEvent: {}
[28.097776] (-) TimerEvent: {}
[28.201847] (-) TimerEvent: {}
[28.307848] (-) TimerEvent: {}
[28.418817] (-) TimerEvent: {}
[28.522931] (-) TimerEvent: {}
[28.630192] (-) TimerEvent: {}
[28.733349] (-) TimerEvent: {}
[28.837569] (-) TimerEvent: {}
[28.938602] (-) TimerEvent: {}
[29.045017] (-) TimerEvent: {}
[29.146017] (-) TimerEvent: {}
[29.255072] (-) TimerEvent: {}
[29.359834] (-) TimerEvent: {}
[29.466050] (-) TimerEvent: {}
[29.572024] (-) TimerEvent: {}
[29.677153] (-) TimerEvent: {}
[29.784753] (-) TimerEvent: {}
[29.891983] (-) TimerEvent: {}
[30.001599] (-) TimerEvent: {}
[30.104002] (-) TimerEvent: {}
[30.208041] (-) TimerEvent: {}
[30.318040] (-) TimerEvent: {}
[30.425079] (-) TimerEvent: {}
[30.525865] (-) TimerEvent: {}
[30.635654] (-) TimerEvent: {}
[30.743919] (-) TimerEvent: {}
[30.850817] (-) TimerEvent: {}
[30.959057] (-) TimerEvent: {}
[31.059933] (-) TimerEvent: {}
[31.167802] (-) TimerEvent: {}
[31.270190] (-) TimerEvent: {}
[31.371005] (-) TimerEvent: {}
[31.476152] (-) TimerEvent: {}
[31.580025] (-) TimerEvent: {}
[31.683438] (-) TimerEvent: {}
[31.789062] (-) TimerEvent: {}
[31.894730] (-) TimerEvent: {}
[31.996815] (-) TimerEvent: {}
[32.104026] (-) TimerEvent: {}
[32.206448] (-) TimerEvent: {}
[32.314104] (-) TimerEvent: {}
[32.419519] (-) TimerEvent: {}
[32.525091] (-) TimerEvent: {}
[32.632071] (-) TimerEvent: {}
[32.734233] (-) TimerEvent: {}
[32.841049] (-) TimerEvent: {}
[32.944051] (-) TimerEvent: {}
[33.054056] (-) TimerEvent: {}
[33.158150] (-) TimerEvent: {}
[33.263041] (-) TimerEvent: {}
[33.370122] (-) TimerEvent: {}
[33.482044] (-) TimerEvent: {}
[33.583474] (-) TimerEvent: {}
[33.695028] (-) TimerEvent: {}
[33.803060] (-) TimerEvent: {}
[33.909021] (-) TimerEvent: {}
[34.010050] (-) TimerEvent: {}
[34.116055] (-) TimerEvent: {}
[34.220063] (-) TimerEvent: {}
[34.326047] (-) TimerEvent: {}
[34.432042] (-) TimerEvent: {}
[34.532940] (-) TimerEvent: {}
[34.644053] (-) TimerEvent: {}
[34.747036] (-) TimerEvent: {}
[34.847844] (-) TimerEvent: {}
[34.954092] (-) TimerEvent: {}
[35.061034] (-) TimerEvent: {}
[35.162395] (-) TimerEvent: {}
[35.277025] (-) TimerEvent: {}
[35.385041] (-) TimerEvent: {}
[35.485925] (-) TimerEvent: {}
[35.586732] (-) TimerEvent: {}
[35.703038] (-) TimerEvent: {}
[35.817008] (-) TimerEvent: {}
[35.917752] (-) TimerEvent: {}
[36.029115] (-) TimerEvent: {}
[36.129975] (-) TimerEvent: {}
[36.238026] (-) TimerEvent: {}
[36.338808] (-) TimerEvent: {}
[36.451078] (-) TimerEvent: {}
[36.551920] (-) TimerEvent: {}
[36.657033] (-) TimerEvent: {}
[36.760172] (-) TimerEvent: {}
[36.876011] (-) TimerEvent: {}
[36.980076] (-) TimerEvent: {}
[37.086032] (-) TimerEvent: {}
[37.198029] (-) TimerEvent: {}
[37.313063] (-) TimerEvent: {}
[37.413919] (-) TimerEvent: {}
[37.517773] (-) TimerEvent: {}
[37.626033] (-) TimerEvent: {}
[37.726841] (-) TimerEvent: {}
[37.834029] (-) TimerEvent: {}
[37.939035] (-) TimerEvent: {}
[38.039818] (-) TimerEvent: {}
[38.143089] (-) TimerEvent: {}
[38.251034] (-) TimerEvent: {}
[38.354037] (-) TimerEvent: {}
[38.459045] (-) TimerEvent: {}
[38.571021] (-) TimerEvent: {}
[38.680029] (-) TimerEvent: {}
[38.786051] (-) TimerEvent: {}
[38.889027] (-) TimerEvent: {}
[38.997079] (-) TimerEvent: {}
[39.097837] (-) TimerEvent: {}
[39.204028] (-) TimerEvent: {}
[39.308019] (-) TimerEvent: {}
[39.416028] (-) TimerEvent: {}
[39.516790] (-) TimerEvent: {}
[39.620041] (-) TimerEvent: {}
[39.721247] (-) TimerEvent: {}
[39.827022] (-) TimerEvent: {}
[39.930045] (-) TimerEvent: {}
[40.040053] (-) TimerEvent: {}
[40.147144] (-) TimerEvent: {}
[40.252036] (-) TimerEvent: {}
[40.352932] (-) TimerEvent: {}
[40.462040] (-) TimerEvent: {}
[40.567026] (-) TimerEvent: {}
[40.672085] (-) TimerEvent: {}
[40.775062] (-) TimerEvent: {}
[40.881045] (-) TimerEvent: {}
[40.989037] (-) TimerEvent: {}
[41.092050] (-) TimerEvent: {}
[41.193702] (-) TimerEvent: {}
[41.301018] (-) TimerEvent: {}
[41.408100] (-) TimerEvent: {}
[41.509006] (-) TimerEvent: {}
[41.615057] (-) TimerEvent: {}
[41.716633] (-) TimerEvent: {}
[41.826029] (-) TimerEvent: {}
[41.929033] (-) TimerEvent: {}
[42.037045] (-) TimerEvent: {}
[42.137788] (-) TimerEvent: {}
[42.241031] (-) TimerEvent: {}
[42.349032] (-) TimerEvent: {}
[42.454030] (-) TimerEvent: {}
[42.562049] (-) TimerEvent: {}
[42.662802] (-) TimerEvent: {}
[42.763636] (-) TimerEvent: {}
[42.873037] (-) TimerEvent: {}
[42.978039] (-) TimerEvent: {}
[43.083067] (-) TimerEvent: {}
[43.183956] (-) TimerEvent: {}
[43.286067] (-) TimerEvent: {}
[43.392620] (-) TimerEvent: {}
[43.496472] (-) TimerEvent: {}
[43.597361] (-) TimerEvent: {}
[43.702038] (-) TimerEvent: {}
[43.804050] (-) TimerEvent: {}
[43.908930] (-) TimerEvent: {}
[44.017035] (-) TimerEvent: {}
[44.119680] (-) TimerEvent: {}
[44.223034] (-) TimerEvent: {}
[44.324192] (-) TimerEvent: {}
[44.430398] (-) TimerEvent: {}
[44.533038] (-) TimerEvent: {}
[44.633946] (-) TimerEvent: {}
[44.739242] (-) TimerEvent: {}
[44.843672] (-) TimerEvent: {}
[44.944635] (-) TimerEvent: {}
[45.048354] (-) TimerEvent: {}
[45.154080] (-) TimerEvent: {}
[45.255069] (-) TimerEvent: {}
[45.359137] (-) TimerEvent: {}
[45.470027] (-) TimerEvent: {}
[45.570779] (-) TimerEvent: {}
[45.671682] (-) TimerEvent: {}
[45.775508] (-) TimerEvent: {}
[45.878015] (-) TimerEvent: {}
[45.983077] (-) TimerEvent: {}
[46.068629] (cv) Command: {'cmd': ['/usr/bin/python3', '-W', 'ignore:setup.py install is deprecated', '-W', 'ignore:easy_install command is deprecated', 'setup.py', 'egg_info', '--egg-base', '../../build/cv', 'build', '--build-base', '/home/ngt/ZENS-Final-AUVC/ros_ws/build/cv/build', 'install', '--record', '/home/ngt/ZENS-Final-AUVC/ros_ws/build/cv/install.log', '--install-scripts', '$base/lib/cv', '--single-version-externally-managed', 'install_data'], 'cwd': '/home/ngt/ZENS-Final-AUVC/ros_ws/src/cv', 'env': {'PYTHON_BASIC_REPL': '1', 'VIRTUALENVWRAPPER_WORKON_CD': '1', 'USER': 'ngt', 'SSH_CLIENT': '192.168.3.1 60480 22', 'WORKON_HOME': '/home/ngt/.virtualenvs', 'GZ_SIM_RESOURCE_PATH': '/opt/ros/jazzy/share', 'GZ_CONFIG_PATH': '/opt/ros/jazzy/opt/gz_sim_vendor/share/gz:/opt/ros/jazzy/opt/sdformat_vendor/share/gz:/opt/ros/jazzy/opt/gz_gui_vendor/share/gz:/opt/ros/jazzy/opt/gz_transport_vendor/share/gz:/opt/ros/jazzy/opt/gz_rendering_vendor/share/gz:/opt/ros/jazzy/opt/gz_plugin_vendor/share/gz:/opt/ros/jazzy/opt/gz_fuel_tools_vendor/share/gz:/opt/ros/jazzy/opt/gz_msgs_vendor/share/gz:/opt/ros/jazzy/opt/gz_common_vendor/share/gz', 'XDG_SESSION_TYPE': 'tty', 'GIT_ASKPASS': '/home/ngt/.vscode-server/cli/servers/Stable-e4c7e7b1d6d060162f4aa7f8225271b67ce1df75/server/extensions/git/dist/askpass.sh', 'SHLVL': '1', 'BROWSER': '/home/ngt/.vscode-server/cli/servers/Stable-e4c7e7b1d6d060162f4aa7f8225271b67ce1df75/server/bin/helpers/browser.sh', 'LD_LIBRARY_PATH': '/home/ngt/ZENS-Final-AUVC/ros_ws/install/msgs/lib:/home/ngt/auvc_ws/install/example_custom_srv/lib:/home/ngt/pid_ws/install/target_depth_msgs/lib:/opt/ros/jazzy/opt/gz_sim_vendor/lib:/opt/ros/jazzy/opt/gz_sensors_vendor/lib:/opt/ros/jazzy/opt/gz_physics_vendor/lib:/opt/ros/jazzy/opt/sdformat_vendor/lib:/opt/ros/jazzy/opt/rviz_ogre_vendor/lib:/opt/ros/jazzy/lib/aarch64-linux-gnu:/opt/ros/jazzy/opt/gz_gui_vendor/lib:/opt/ros/jazzy/opt/gz_transport_vendor/lib:/opt/ros/jazzy/opt/gz_rendering_vendor/lib:/opt/ros/jazzy/opt/gz_plugin_vendor/lib:/opt/ros/jazzy/opt/gz_fuel_tools_vendor/lib:/opt/ros/jazzy/opt/gz_msgs_vendor/lib:/opt/ros/jazzy/opt/gz_common_vendor/lib:/opt/ros/jazzy/opt/gz_math_vendor/lib:/opt/ros/jazzy/opt/gz_utils_vendor/lib:/opt/ros/jazzy/opt/gz_tools_vendor/lib:/opt/ros/jazzy/opt/gz_ogre_next_vendor/lib:/opt/ros/jazzy/opt/gz_dartsim_vendor/lib:/opt/ros/jazzy/opt/gz_cmake_vendor/lib:/opt/ros/jazzy/lib', 'GZ_TRANSPORT_ID': '192.168.3.1', 'HOME': '/home/ngt', 'OLDPWD': '/home/ngt/ZENS-Final-AUVC', 'LESS': '-R', 'VIRTUALENVWRAPPER_PYTHON': '/usr/bin/python3', 'TERM_PROGRAM_VERSION': '1.131.0', 'VSCODE_IPC_HOOK_CLI': '/run/user/1004/vscode-ipc-31f7fcd4-be69-492a-96ac-e7e5e403dd53.sock', 'ZSH': '/home/ngt/.oh-my-zsh', 'LSCOLORS': 'Gxfxcxdxbxegedabagacad', 'GZ_TRANSPORT_PUB_PORT': '11345', 'VSCODE_GIT_ASKPASS_MAIN': '/home/ngt/.vscode-server/cli/servers/Stable-e4c7e7b1d6d060162f4aa7f8225271b67ce1df75/server/extensions/git/dist/askpass-main.js', 'PAGER': 'less', 'ROS_PYTHON_VERSION': '3', 'PS1': '(ardusub) %(?:%{\x1b[01;32m%}%1{➜%} :%{\x1b[01;31m%}%1{➜%} ) %{\x1b[36m%}%c%{\x1b[00m%} $(git_prompt_info)', 'VSCODE_GIT_ASKPASS_NODE': '/home/ngt/.vscode-server/cli/servers/Stable-e4c7e7b1d6d060162f4aa7f8225271b67ce1df75/server/node', 'DBUS_SESSION_BUS_ADDRESS': 'unix:path=/run/user/1004/bus', 'PYDEVD_DISABLE_FILE_VALIDATION': '1', 'BUNDLED_DEBUGPY_PATH': '/home/ngt/.vscode-server/extensions/ms-python.debugpy-2026.6.0-linux-arm64/bundled/libs/debugpy', 'GZ_TRANSPORT_SUB_PORT': '11346', 'VSCODE_PYTHON_AUTOACTIVATE_GUARD': '1', 'COLORTERM': 'truecolor', 'ROS_DISTRO': 'jazzy', 'COLCON_PREFIX_PATH': '/home/ngt/ZENS-Final-AUVC/ros_ws/install:/home/ngt/auvc_ws/install:/home/ngt/cv_ws/install:/home/ngt/pid_ws/install:/home/ngt/auv_dancing/install', 'LOGNAME': 'ngt', '_': '/usr/bin/colcon', 'XDG_SESSION_CLASS': 'user', 'USER_ZDOTDIR': '/home/ngt', 'ROS_VERSION': '2', 'XDG_SESSION_ID': '1', 'TERM': 'xterm-256color', 'PATH': '/home/ngt/.virtualenvs/ardusub/bin:/home/ngt/.opencode/bin:/opt/ros/jazzy/opt/gz_msgs_vendor/bin:/opt/ros/jazzy/opt/gz_tools_vendor/bin:/opt/ros/jazzy/opt/gz_ogre_next_vendor/bin:/opt/ros/jazzy/bin:/usr/lib/ccache:/home/ngt/.vscode-server/data/User/globalStorage/github.copilot-chat/debugCommand:/home/ngt/.vscode-server/data/User/globalStorage/github.copilot-chat/copilotCli:/home/ngt/.vscode-server/cli/servers/Stable-e4c7e7b1d6d060162f4aa7f8225271b67ce1df75/server/bin/remote-cli:/usr/local/sbin:/usr/local/bin:/usr/sbin:/usr/bin:/sbin:/bin:/usr/games:/usr/local/games:/snap/bin:/home/ngt/.vscode-server/extensions/ms-python.debugpy-2026.6.0-linux-arm64/bundled/scripts/noConfigScripts:/home/ngt/.local/bin:/home/ngt/ardupilot/Tools/autotest', 'XDG_RUNTIME_DIR': '/run/user/1004', 'GZ_PARTITION': 'my_sim', 'LANG': 'en_US.UTF-8', 'VSCODE_DEBUGPY_ADAPTER_ENDPOINTS': '/home/ngt/.vscode-server/extensions/ms-python.debugpy-2026.6.0-linux-arm64/.noConfigDebugAdapterEndpoints/endpoint-2bb7be4cd07b4c2b.txt', 'PYTHONSTARTUP': '/home/ngt/.vscode-server/data/User/workspaceStorage/ebe247280dad30c76e3d7235d970e14f/ms-python.python/pythonrc.py', 'VSCODE_INJECTION': '1', 'VIRTUAL_ENV_PROMPT': 'ardusub', 'TERM_PROGRAM': 'vscode', 'VSCODE_GIT_IPC_HANDLE': '/run/user/1004/vscode-git-75828e3940.sock', 'LS_COLORS': 'rs=0:di=01;34:ln=01;36:mh=00:pi=40;33:so=01;35:do=01;35:bd=40;33;01:cd=40;33;01:or=40;31;01:mi=00:su=37;41:sg=30;43:ca=00:tw=30;42:ow=34;42:st=37;44:ex=01;32:*.tar=01;31:*.tgz=01;31:*.arc=01;31:*.arj=01;31:*.taz=01;31:*.lha=01;31:*.lz4=01;31:*.lzh=01;31:*.lzma=01;31:*.tlz=01;31:*.txz=01;31:*.tzo=01;31:*.t7z=01;31:*.zip=01;31:*.z=01;31:*.dz=01;31:*.gz=01;31:*.lrz=01;31:*.lz=01;31:*.lzo=01;31:*.xz=01;31:*.zst=01;31:*.tzst=01;31:*.bz2=01;31:*.bz=01;31:*.tbz=01;31:*.tbz2=01;31:*.tz=01;31:*.deb=01;31:*.rpm=01;31:*.jar=01;31:*.war=01;31:*.ear=01;31:*.sar=01;31:*.rar=01;31:*.alz=01;31:*.ace=01;31:*.zoo=01;31:*.cpio=01;31:*.7z=01;31:*.rz=01;31:*.cab=01;31:*.wim=01;31:*.swm=01;31:*.dwm=01;31:*.esd=01;31:*.avif=01;35:*.jpg=01;35:*.jpeg=01;35:*.mjpg=01;35:*.mjpeg=01;35:*.gif=01;35:*.bmp=01;35:*.pbm=01;35:*.pgm=01;35:*.ppm=01;35:*.tga=01;35:*.xbm=01;35:*.xpm=01;35:*.tif=01;35:*.tiff=01;35:*.png=01;35:*.svg=01;35:*.svgz=01;35:*.mng=01;35:*.pcx=01;35:*.mov=01;35:*.mpg=01;35:*.mpeg=01;35:*.m2v=01;35:*.mkv=01;35:*.webm=01;35:*.webp=01;35:*.ogm=01;35:*.mp4=01;35:*.m4v=01;35:*.mp4v=01;35:*.vob=01;35:*.qt=01;35:*.nuv=01;35:*.wmv=01;35:*.asf=01;35:*.rm=01;35:*.rmvb=01;35:*.flc=01;35:*.avi=01;35:*.fli=01;35:*.flv=01;35:*.gl=01;35:*.dl=01;35:*.xcf=01;35:*.xwd=01;35:*.yuv=01;35:*.cgm=01;35:*.emf=01;35:*.ogv=01;35:*.ogx=01;35:*.aac=00;36:*.au=00;36:*.flac=00;36:*.m4a=00;36:*.mid=00;36:*.midi=00;36:*.mka=00;36:*.mp3=00;36:*.mpc=00;36:*.ogg=00;36:*.ra=00;36:*.wav=00;36:*.oga=00;36:*.opus=00;36:*.spx=00;36:*.xspf=00;36:*~=00;90:*#=00;90:*.bak=00;90:*.crdownload=00;90:*.dpkg-dist=00;90:*.dpkg-new=00;90:*.dpkg-old=00;90:*.dpkg-tmp=00;90:*.old=00;90:*.orig=00;90:*.part=00;90:*.rej=00;90:*.rpmnew=00;90:*.rpmorig=00;90:*.rpmsave=00;90:*.swp=00;90:*.tmp=00;90:*.ucf-dist=00;90:*.ucf-new=00;90:*.ucf-old=00;90:', 'AMENT_PREFIX_PATH': '/home/ngt/ZENS-Final-AUVC/ros_ws/install/msgs:/home/ngt/ZENS-Final-AUVC/ros_ws/install/hardware:/home/ngt/ZENS-Final-AUVC/ros_ws/install/flashing:/home/ngt/ZENS-Final-AUVC/ros_ws/install/cv:/home/ngt/ZENS-Final-AUVC/ros_ws/install/control:/home/ngt/ZENS-Final-AUVC/ros_ws/install/bringup:/home/ngt/auvc_ws/install/tutorial_virtualenvs:/home/ngt/auvc_ws/install/tutorial_pid:/home/ngt/auvc_ws/install/tutorial_ardusub:/home/ngt/auvc_ws/install/tutorial:/home/ngt/auvc_ws/install/rosmav:/home/ngt/auvc_ws/install/example_custom_srv:/home/ngt/cv_ws/install/cv:/home/ngt/pid_ws/install/target_depth_msgs:/home/ngt/pid_ws/install/pid:/home/ngt/auv_dancing/install/tutorial:/opt/ros/jazzy', 'SHELL': '/usr/bin/zsh', 'VIRTUALENVWRAPPER_PROJECT_FILENAME': '.project', 'VIRTUALENVWRAPPER_HOOK_DIR': '/home/ngt/.virtualenvs', 'VSCODE_GIT_ASKPASS_EXTRA_ARGS': '', 'VIRTUALENVWRAPPER_SCRIPT': '/usr/share/virtualenvwrapper/virtualenvwrapper.sh', 'ROS_AUTOMATIC_DISCOVERY_RANGE': 'SUBNET', 'VIRTUAL_ENV': '/home/ngt/.virtualenvs/ardusub', 'LC_ALL': 'en_US.UTF-8', 'PWD': '/home/ngt/ZENS-Final-AUVC/ros_ws/build/cv', 'SSH_CONNECTION': '192.168.3.1 60480 192.168.3.2 22', 'COPILOT_DEBUG_NONCE': 'ecfdf1043499788fb94714472659d404', 'ZDOTDIR': '/home/ngt', 'PYTHONPATH': '/home/ngt/ZENS-Final-AUVC/ros_ws/build/cv/prefix_override:/usr/lib/python3/dist-packages/colcon_core/task/python/colcon_distutils_commands:/home/ngt/ZENS-Final-AUVC/ros_ws/install/cv/lib/python3.12/site-packages:/home/ngt/ZENS-Final-AUVC/ros_ws/install/msgs/lib/python3.12/site-packages:/home/ngt/ZENS-Final-AUVC/ros_ws/install/hardware/lib/python3.12/site-packages:/home/ngt/ZENS-Final-AUVC/ros_ws/install/flashing/lib/python3.12/site-packages:/home/ngt/ZENS-Final-AUVC/ros_ws/install/cv/lib/python3.12/site-packages:/home/ngt/ZENS-Final-AUVC/ros_ws/install/control/lib/python3.12/site-packages:/home/ngt/ZENS-Final-AUVC/ros_ws/install/bringup/lib/python3.12/site-packages:/home/ngt/auvc_ws/install/tutorial_virtualenvs/lib/python3.12/site-packages:/home/ngt/auvc_ws/install/tutorial_pid/lib/python3.12/site-packages:/home/ngt/auvc_ws/install/tutorial_ardusub/lib/python3.12/site-packages:/home/ngt/auvc_ws/install/tutorial/lib/python3.12/site-packages:/home/ngt/auvc_ws/install/rosmav/lib/python3.12/site-packages:/home/ngt/auvc_ws/install/example_custom_srv/lib/python3.12/site-packages:/home/ngt/cv_ws/install/cv/lib/python3.12/site-packages:/home/ngt/pid_ws/install/target_depth_msgs/lib/python3.12/site-packages:/home/ngt/pid_ws/install/pid/lib/python3.12/site-packages:/home/ngt/auv_dancing/install/tutorial/lib/python3.12/site-packages:/opt/ros/jazzy/lib/python3.12/site-packages', 'COLCON': '1', 'CMAKE_PREFIX_PATH': '/home/ngt/ZENS-Final-AUVC/ros_ws/install/msgs:/home/ngt/auvc_ws/install/example_custom_srv:/home/ngt/pid_ws/install/target_depth_msgs:/opt/ros/jazzy/opt/gz_sim_vendor:/opt/ros/jazzy/opt/gz_sensors_vendor:/opt/ros/jazzy/opt/gz_physics_vendor:/opt/ros/jazzy/opt/sdformat_vendor:/opt/ros/jazzy/opt/gz_gui_vendor:/opt/ros/jazzy/opt/gz_transport_vendor:/opt/ros/jazzy/opt/gz_rendering_vendor:/opt/ros/jazzy/opt/gz_plugin_vendor:/opt/ros/jazzy/opt/gz_fuel_tools_vendor:/opt/ros/jazzy/opt/gz_msgs_vendor:/opt/ros/jazzy/opt/gz_common_vendor:/opt/ros/jazzy/opt/gz_math_vendor:/opt/ros/jazzy/opt/gz_utils_vendor:/opt/ros/jazzy/opt/gz_tools_vendor:/opt/ros/jazzy/opt/gz_ogre_next_vendor:/opt/ros/jazzy/opt/gz_dartsim_vendor:/opt/ros/jazzy/opt/gz_cmake_vendor'}, 'shell': False}
[46.104175] (-) TimerEvent: {}
[46.222157] (-) TimerEvent: {}
[46.325052] (-) TimerEvent: {}
[46.436032] (-) TimerEvent: {}
[46.539040] (-) TimerEvent: {}
[46.643054] (-) TimerEvent: {}
[46.747038] (-) TimerEvent: {}
[46.850035] (-) TimerEvent: {}
[46.954030] (-) TimerEvent: {}
[47.056129] (-) TimerEvent: {}
[47.160441] (-) TimerEvent: {}
[47.261328] (-) TimerEvent: {}
[47.391387] (bringup) Command: {'cmd': ['/usr/bin/python3', '-W', 'ignore:setup.py install is deprecated', '-W', 'ignore:easy_install command is deprecated', 'setup.py', 'egg_info', '--egg-base', '../../build/bringup', 'build', '--build-base', '/home/ngt/ZENS-Final-AUVC/ros_ws/build/bringup/build', 'install', '--record', '/home/ngt/ZENS-Final-AUVC/ros_ws/build/bringup/install.log', '--install-scripts', '$base/lib/bringup', '--single-version-externally-managed', 'install_data'], 'cwd': '/home/ngt/ZENS-Final-AUVC/ros_ws/src/bringup', 'env': {'PYTHON_BASIC_REPL': '1', 'VIRTUALENVWRAPPER_WORKON_CD': '1', 'USER': 'ngt', 'SSH_CLIENT': '192.168.3.1 60480 22', 'WORKON_HOME': '/home/ngt/.virtualenvs', 'GZ_SIM_RESOURCE_PATH': '/opt/ros/jazzy/share', 'GZ_CONFIG_PATH': '/opt/ros/jazzy/opt/gz_sim_vendor/share/gz:/opt/ros/jazzy/opt/sdformat_vendor/share/gz:/opt/ros/jazzy/opt/gz_gui_vendor/share/gz:/opt/ros/jazzy/opt/gz_transport_vendor/share/gz:/opt/ros/jazzy/opt/gz_rendering_vendor/share/gz:/opt/ros/jazzy/opt/gz_plugin_vendor/share/gz:/opt/ros/jazzy/opt/gz_fuel_tools_vendor/share/gz:/opt/ros/jazzy/opt/gz_msgs_vendor/share/gz:/opt/ros/jazzy/opt/gz_common_vendor/share/gz', 'XDG_SESSION_TYPE': 'tty', 'GIT_ASKPASS': '/home/ngt/.vscode-server/cli/servers/Stable-e4c7e7b1d6d060162f4aa7f8225271b67ce1df75/server/extensions/git/dist/askpass.sh', 'SHLVL': '1', 'BROWSER': '/home/ngt/.vscode-server/cli/servers/Stable-e4c7e7b1d6d060162f4aa7f8225271b67ce1df75/server/bin/helpers/browser.sh', 'LD_LIBRARY_PATH': '/home/ngt/ZENS-Final-AUVC/ros_ws/install/msgs/lib:/home/ngt/auvc_ws/install/example_custom_srv/lib:/home/ngt/pid_ws/install/target_depth_msgs/lib:/opt/ros/jazzy/opt/gz_sim_vendor/lib:/opt/ros/jazzy/opt/gz_sensors_vendor/lib:/opt/ros/jazzy/opt/gz_physics_vendor/lib:/opt/ros/jazzy/opt/sdformat_vendor/lib:/opt/ros/jazzy/opt/rviz_ogre_vendor/lib:/opt/ros/jazzy/lib/aarch64-linux-gnu:/opt/ros/jazzy/opt/gz_gui_vendor/lib:/opt/ros/jazzy/opt/gz_transport_vendor/lib:/opt/ros/jazzy/opt/gz_rendering_vendor/lib:/opt/ros/jazzy/opt/gz_plugin_vendor/lib:/opt/ros/jazzy/opt/gz_fuel_tools_vendor/lib:/opt/ros/jazzy/opt/gz_msgs_vendor/lib:/opt/ros/jazzy/opt/gz_common_vendor/lib:/opt/ros/jazzy/opt/gz_math_vendor/lib:/opt/ros/jazzy/opt/gz_utils_vendor/lib:/opt/ros/jazzy/opt/gz_tools_vendor/lib:/opt/ros/jazzy/opt/gz_ogre_next_vendor/lib:/opt/ros/jazzy/opt/gz_dartsim_vendor/lib:/opt/ros/jazzy/opt/gz_cmake_vendor/lib:/opt/ros/jazzy/lib', 'GZ_TRANSPORT_ID': '192.168.3.1', 'HOME': '/home/ngt', 'OLDPWD': '/home/ngt/ZENS-Final-AUVC', 'LESS': '-R', 'VIRTUALENVWRAPPER_PYTHON': '/usr/bin/python3', 'TERM_PROGRAM_VERSION': '1.131.0', 'VSCODE_IPC_HOOK_CLI': '/run/user/1004/vscode-ipc-31f7fcd4-be69-492a-96ac-e7e5e403dd53.sock', 'ZSH': '/home/ngt/.oh-my-zsh', 'LSCOLORS': 'Gxfxcxdxbxegedabagacad', 'GZ_TRANSPORT_PUB_PORT': '11345', 'VSCODE_GIT_ASKPASS_MAIN': '/home/ngt/.vscode-server/cli/servers/Stable-e4c7e7b1d6d060162f4aa7f8225271b67ce1df75/server/extensions/git/dist/askpass-main.js', 'PAGER': 'less', 'ROS_PYTHON_VERSION': '3', 'PS1': '(ardusub) %(?:%{\x1b[01;32m%}%1{➜%} :%{\x1b[01;31m%}%1{➜%} ) %{\x1b[36m%}%c%{\x1b[00m%} $(git_prompt_info)', 'VSCODE_GIT_ASKPASS_NODE': '/home/ngt/.vscode-server/cli/servers/Stable-e4c7e7b1d6d060162f4aa7f8225271b67ce1df75/server/node', 'DBUS_SESSION_BUS_ADDRESS': 'unix:path=/run/user/1004/bus', 'PYDEVD_DISABLE_FILE_VALIDATION': '1', 'BUNDLED_DEBUGPY_PATH': '/home/ngt/.vscode-server/extensions/ms-python.debugpy-2026.6.0-linux-arm64/bundled/libs/debugpy', 'GZ_TRANSPORT_SUB_PORT': '11346', 'VSCODE_PYTHON_AUTOACTIVATE_GUARD': '1', 'COLORTERM': 'truecolor', 'ROS_DISTRO': 'jazzy', 'COLCON_PREFIX_PATH': '/home/ngt/ZENS-Final-AUVC/ros_ws/install:/home/ngt/auvc_ws/install:/home/ngt/cv_ws/install:/home/ngt/pid_ws/install:/home/ngt/auv_dancing/install', 'LOGNAME': 'ngt', '_': '/usr/bin/colcon', 'XDG_SESSION_CLASS': 'user', 'USER_ZDOTDIR': '/home/ngt', 'ROS_VERSION': '2', 'XDG_SESSION_ID': '1', 'TERM': 'xterm-256color', 'PATH': '/home/ngt/.virtualenvs/ardusub/bin:/home/ngt/.opencode/bin:/opt/ros/jazzy/opt/gz_msgs_vendor/bin:/opt/ros/jazzy/opt/gz_tools_vendor/bin:/opt/ros/jazzy/opt/gz_ogre_next_vendor/bin:/opt/ros/jazzy/bin:/usr/lib/ccache:/home/ngt/.vscode-server/data/User/globalStorage/github.copilot-chat/debugCommand:/home/ngt/.vscode-server/data/User/globalStorage/github.copilot-chat/copilotCli:/home/ngt/.vscode-server/cli/servers/Stable-e4c7e7b1d6d060162f4aa7f8225271b67ce1df75/server/bin/remote-cli:/usr/local/sbin:/usr/local/bin:/usr/sbin:/usr/bin:/sbin:/bin:/usr/games:/usr/local/games:/snap/bin:/home/ngt/.vscode-server/extensions/ms-python.debugpy-2026.6.0-linux-arm64/bundled/scripts/noConfigScripts:/home/ngt/.local/bin:/home/ngt/ardupilot/Tools/autotest', 'XDG_RUNTIME_DIR': '/run/user/1004', 'GZ_PARTITION': 'my_sim', 'LANG': 'en_US.UTF-8', 'VSCODE_DEBUGPY_ADAPTER_ENDPOINTS': '/home/ngt/.vscode-server/extensions/ms-python.debugpy-2026.6.0-linux-arm64/.noConfigDebugAdapterEndpoints/endpoint-2bb7be4cd07b4c2b.txt', 'PYTHONSTARTUP': '/home/ngt/.vscode-server/data/User/workspaceStorage/ebe247280dad30c76e3d7235d970e14f/ms-python.python/pythonrc.py', 'VSCODE_INJECTION': '1', 'VIRTUAL_ENV_PROMPT': 'ardusub', 'TERM_PROGRAM': 'vscode', 'VSCODE_GIT_IPC_HANDLE': '/run/user/1004/vscode-git-75828e3940.sock', 'LS_COLORS': 'rs=0:di=01;34:ln=01;36:mh=00:pi=40;33:so=01;35:do=01;35:bd=40;33;01:cd=40;33;01:or=40;31;01:mi=00:su=37;41:sg=30;43:ca=00:tw=30;42:ow=34;42:st=37;44:ex=01;32:*.tar=01;31:*.tgz=01;31:*.arc=01;31:*.arj=01;31:*.taz=01;31:*.lha=01;31:*.lz4=01;31:*.lzh=01;31:*.lzma=01;31:*.tlz=01;31:*.txz=01;31:*.tzo=01;31:*.t7z=01;31:*.zip=01;31:*.z=01;31:*.dz=01;31:*.gz=01;31:*.lrz=01;31:*.lz=01;31:*.lzo=01;31:*.xz=01;31:*.zst=01;31:*.tzst=01;31:*.bz2=01;31:*.bz=01;31:*.tbz=01;31:*.tbz2=01;31:*.tz=01;31:*.deb=01;31:*.rpm=01;31:*.jar=01;31:*.war=01;31:*.ear=01;31:*.sar=01;31:*.rar=01;31:*.alz=01;31:*.ace=01;31:*.zoo=01;31:*.cpio=01;31:*.7z=01;31:*.rz=01;31:*.cab=01;31:*.wim=01;31:*.swm=01;31:*.dwm=01;31:*.esd=01;31:*.avif=01;35:*.jpg=01;35:*.jpeg=01;35:*.mjpg=01;35:*.mjpeg=01;35:*.gif=01;35:*.bmp=01;35:*.pbm=01;35:*.pgm=01;35:*.ppm=01;35:*.tga=01;35:*.xbm=01;35:*.xpm=01;35:*.tif=01;35:*.tiff=01;35:*.png=01;35:*.svg=01;35:*.svgz=01;35:*.mng=01;35:*.pcx=01;35:*.mov=01;35:*.mpg=01;35:*.mpeg=01;35:*.m2v=01;35:*.mkv=01;35:*.webm=01;35:*.webp=01;35:*.ogm=01;35:*.mp4=01;35:*.m4v=01;35:*.mp4v=01;35:*.vob=01;35:*.qt=01;35:*.nuv=01;35:*.wmv=01;35:*.asf=01;35:*.rm=01;35:*.rmvb=01;35:*.flc=01;35:*.avi=01;35:*.fli=01;35:*.flv=01;35:*.gl=01;35:*.dl=01;35:*.xcf=01;35:*.xwd=01;35:*.yuv=01;35:*.cgm=01;35:*.emf=01;35:*.ogv=01;35:*.ogx=01;35:*.aac=00;36:*.au=00;36:*.flac=00;36:*.m4a=00;36:*.mid=00;36:*.midi=00;36:*.mka=00;36:*.mp3=00;36:*.mpc=00;36:*.ogg=00;36:*.ra=00;36:*.wav=00;36:*.oga=00;36:*.opus=00;36:*.spx=00;36:*.xspf=00;36:*~=00;90:*#=00;90:*.bak=00;90:*.crdownload=00;90:*.dpkg-dist=00;90:*.dpkg-new=00;90:*.dpkg-old=00;90:*.dpkg-tmp=00;90:*.old=00;90:*.orig=00;90:*.part=00;90:*.rej=00;90:*.rpmnew=00;90:*.rpmorig=00;90:*.rpmsave=00;90:*.swp=00;90:*.tmp=00;90:*.ucf-dist=00;90:*.ucf-new=00;90:*.ucf-old=00;90:', 'AMENT_PREFIX_PATH': '/home/ngt/ZENS-Final-AUVC/ros_ws/install/msgs:/home/ngt/ZENS-Final-AUVC/ros_ws/install/hardware:/home/ngt/ZENS-Final-AUVC/ros_ws/install/flashing:/home/ngt/ZENS-Final-AUVC/ros_ws/install/cv:/home/ngt/ZENS-Final-AUVC/ros_ws/install/control:/home/ngt/ZENS-Final-AUVC/ros_ws/install/bringup:/home/ngt/auvc_ws/install/tutorial_virtualenvs:/home/ngt/auvc_ws/install/tutorial_pid:/home/ngt/auvc_ws/install/tutorial_ardusub:/home/ngt/auvc_ws/install/tutorial:/home/ngt/auvc_ws/install/rosmav:/home/ngt/auvc_ws/install/example_custom_srv:/home/ngt/cv_ws/install/cv:/home/ngt/pid_ws/install/target_depth_msgs:/home/ngt/pid_ws/install/pid:/home/ngt/auv_dancing/install/tutorial:/opt/ros/jazzy', 'SHELL': '/usr/bin/zsh', 'VIRTUALENVWRAPPER_PROJECT_FILENAME': '.project', 'VIRTUALENVWRAPPER_HOOK_DIR': '/home/ngt/.virtualenvs', 'VSCODE_GIT_ASKPASS_EXTRA_ARGS': '', 'VIRTUALENVWRAPPER_SCRIPT': '/usr/share/virtualenvwrapper/virtualenvwrapper.sh', 'ROS_AUTOMATIC_DISCOVERY_RANGE': 'SUBNET', 'VIRTUAL_ENV': '/home/ngt/.virtualenvs/ardusub', 'LC_ALL': 'en_US.UTF-8', 'PWD': '/home/ngt/ZENS-Final-AUVC/ros_ws/build/bringup', 'SSH_CONNECTION': '192.168.3.1 60480 192.168.3.2 22', 'COPILOT_DEBUG_NONCE': 'ecfdf1043499788fb94714472659d404', 'ZDOTDIR': '/home/ngt', 'PYTHONPATH': '/home/ngt/ZENS-Final-AUVC/ros_ws/build/bringup/prefix_override:/usr/lib/python3/dist-packages/colcon_core/task/python/colcon_distutils_commands:/home/ngt/ZENS-Final-AUVC/ros_ws/install/bringup/lib/python3.12/site-packages:/home/ngt/ZENS-Final-AUVC/ros_ws/install/msgs/lib/python3.12/site-packages:/home/ngt/ZENS-Final-AUVC/ros_ws/install/hardware/lib/python3.12/site-packages:/home/ngt/ZENS-Final-AUVC/ros_ws/install/flashing/lib/python3.12/site-packages:/home/ngt/ZENS-Final-AUVC/ros_ws/install/cv/lib/python3.12/site-packages:/home/ngt/ZENS-Final-AUVC/ros_ws/install/control/lib/python3.12/site-packages:/home/ngt/ZENS-Final-AUVC/ros_ws/install/bringup/lib/python3.12/site-packages:/home/ngt/auvc_ws/install/tutorial_virtualenvs/lib/python3.12/site-packages:/home/ngt/auvc_ws/install/tutorial_pid/lib/python3.12/site-packages:/home/ngt/auvc_ws/install/tutorial_ardusub/lib/python3.12/site-packages:/home/ngt/auvc_ws/install/tutorial/lib/python3.12/site-packages:/home/ngt/auvc_ws/install/rosmav/lib/python3.12/site-packages:/home/ngt/auvc_ws/install/example_custom_srv/lib/python3.12/site-packages:/home/ngt/cv_ws/install/cv/lib/python3.12/site-packages:/home/ngt/pid_ws/install/target_depth_msgs/lib/python3.12/site-packages:/home/ngt/pid_ws/install/pid/lib/python3.12/site-packages:/home/ngt/auv_dancing/install/tutorial/lib/python3.12/site-packages:/opt/ros/jazzy/lib/python3.12/site-packages', 'COLCON': '1', 'CMAKE_PREFIX_PATH': '/home/ngt/ZENS-Final-AUVC/ros_ws/install/msgs:/home/ngt/auvc_ws/install/example_custom_srv:/home/ngt/pid_ws/install/target_depth_msgs:/opt/ros/jazzy/opt/gz_sim_vendor:/opt/ros/jazzy/opt/gz_sensors_vendor:/opt/ros/jazzy/opt/gz_physics_vendor:/opt/ros/jazzy/opt/sdformat_vendor:/opt/ros/jazzy/opt/gz_gui_vendor:/opt/ros/jazzy/opt/gz_transport_vendor:/opt/ros/jazzy/opt/gz_rendering_vendor:/opt/ros/jazzy/opt/gz_plugin_vendor:/opt/ros/jazzy/opt/gz_fuel_tools_vendor:/opt/ros/jazzy/opt/gz_msgs_vendor:/opt/ros/jazzy/opt/gz_common_vendor:/opt/ros/jazzy/opt/gz_math_vendor:/opt/ros/jazzy/opt/gz_utils_vendor:/opt/ros/jazzy/opt/gz_tools_vendor:/opt/ros/jazzy/opt/gz_ogre_next_vendor:/opt/ros/jazzy/opt/gz_dartsim_vendor:/opt/ros/jazzy/opt/gz_cmake_vendor'}, 'shell': False}
[47.407075] (-) TimerEvent: {}
[47.451316] (control) Command: {'cmd': ['/usr/bin/python3', '-W', 'ignore:setup.py install is deprecated', '-W', 'ignore:easy_install command is deprecated', 'setup.py', 'egg_info', '--egg-base', '../../build/control', 'build', '--build-base', '/home/ngt/ZENS-Final-AUVC/ros_ws/build/control/build', 'install', '--record', '/home/ngt/ZENS-Final-AUVC/ros_ws/build/control/install.log', '--install-scripts', '$base/lib/control', '--single-version-externally-managed', 'install_data'], 'cwd': '/home/ngt/ZENS-Final-AUVC/ros_ws/src/control', 'env': {'PYTHON_BASIC_REPL': '1', 'VIRTUALENVWRAPPER_WORKON_CD': '1', 'USER': 'ngt', 'SSH_CLIENT': '192.168.3.1 60480 22', 'WORKON_HOME': '/home/ngt/.virtualenvs', 'GZ_SIM_RESOURCE_PATH': '/opt/ros/jazzy/share', 'GZ_CONFIG_PATH': '/opt/ros/jazzy/opt/gz_sim_vendor/share/gz:/opt/ros/jazzy/opt/sdformat_vendor/share/gz:/opt/ros/jazzy/opt/gz_gui_vendor/share/gz:/opt/ros/jazzy/opt/gz_transport_vendor/share/gz:/opt/ros/jazzy/opt/gz_rendering_vendor/share/gz:/opt/ros/jazzy/opt/gz_plugin_vendor/share/gz:/opt/ros/jazzy/opt/gz_fuel_tools_vendor/share/gz:/opt/ros/jazzy/opt/gz_msgs_vendor/share/gz:/opt/ros/jazzy/opt/gz_common_vendor/share/gz', 'XDG_SESSION_TYPE': 'tty', 'GIT_ASKPASS': '/home/ngt/.vscode-server/cli/servers/Stable-e4c7e7b1d6d060162f4aa7f8225271b67ce1df75/server/extensions/git/dist/askpass.sh', 'SHLVL': '1', 'BROWSER': '/home/ngt/.vscode-server/cli/servers/Stable-e4c7e7b1d6d060162f4aa7f8225271b67ce1df75/server/bin/helpers/browser.sh', 'LD_LIBRARY_PATH': '/home/ngt/ZENS-Final-AUVC/ros_ws/install/msgs/lib:/home/ngt/auvc_ws/install/example_custom_srv/lib:/home/ngt/pid_ws/install/target_depth_msgs/lib:/opt/ros/jazzy/opt/gz_sim_vendor/lib:/opt/ros/jazzy/opt/gz_sensors_vendor/lib:/opt/ros/jazzy/opt/gz_physics_vendor/lib:/opt/ros/jazzy/opt/sdformat_vendor/lib:/opt/ros/jazzy/opt/rviz_ogre_vendor/lib:/opt/ros/jazzy/lib/aarch64-linux-gnu:/opt/ros/jazzy/opt/gz_gui_vendor/lib:/opt/ros/jazzy/opt/gz_transport_vendor/lib:/opt/ros/jazzy/opt/gz_rendering_vendor/lib:/opt/ros/jazzy/opt/gz_plugin_vendor/lib:/opt/ros/jazzy/opt/gz_fuel_tools_vendor/lib:/opt/ros/jazzy/opt/gz_msgs_vendor/lib:/opt/ros/jazzy/opt/gz_common_vendor/lib:/opt/ros/jazzy/opt/gz_math_vendor/lib:/opt/ros/jazzy/opt/gz_utils_vendor/lib:/opt/ros/jazzy/opt/gz_tools_vendor/lib:/opt/ros/jazzy/opt/gz_ogre_next_vendor/lib:/opt/ros/jazzy/opt/gz_dartsim_vendor/lib:/opt/ros/jazzy/opt/gz_cmake_vendor/lib:/opt/ros/jazzy/lib', 'GZ_TRANSPORT_ID': '192.168.3.1', 'HOME': '/home/ngt', 'OLDPWD': '/home/ngt/ZENS-Final-AUVC', 'LESS': '-R', 'VIRTUALENVWRAPPER_PYTHON': '/usr/bin/python3', 'TERM_PROGRAM_VERSION': '1.131.0', 'VSCODE_IPC_HOOK_CLI': '/run/user/1004/vscode-ipc-31f7fcd4-be69-492a-96ac-e7e5e403dd53.sock', 'ZSH': '/home/ngt/.oh-my-zsh', 'LSCOLORS': 'Gxfxcxdxbxegedabagacad', 'GZ_TRANSPORT_PUB_PORT': '11345', 'VSCODE_GIT_ASKPASS_MAIN': '/home/ngt/.vscode-server/cli/servers/Stable-e4c7e7b1d6d060162f4aa7f8225271b67ce1df75/server/extensions/git/dist/askpass-main.js', 'PAGER': 'less', 'ROS_PYTHON_VERSION': '3', 'PS1': '(ardusub) %(?:%{\x1b[01;32m%}%1{➜%} :%{\x1b[01;31m%}%1{➜%} ) %{\x1b[36m%}%c%{\x1b[00m%} $(git_prompt_info)', 'VSCODE_GIT_ASKPASS_NODE': '/home/ngt/.vscode-server/cli/servers/Stable-e4c7e7b1d6d060162f4aa7f8225271b67ce1df75/server/node', 'DBUS_SESSION_BUS_ADDRESS': 'unix:path=/run/user/1004/bus', 'PYDEVD_DISABLE_FILE_VALIDATION': '1', 'BUNDLED_DEBUGPY_PATH': '/home/ngt/.vscode-server/extensions/ms-python.debugpy-2026.6.0-linux-arm64/bundled/libs/debugpy', 'GZ_TRANSPORT_SUB_PORT': '11346', 'VSCODE_PYTHON_AUTOACTIVATE_GUARD': '1', 'COLORTERM': 'truecolor', 'ROS_DISTRO': 'jazzy', 'COLCON_PREFIX_PATH': '/home/ngt/ZENS-Final-AUVC/ros_ws/install:/home/ngt/auvc_ws/install:/home/ngt/cv_ws/install:/home/ngt/pid_ws/install:/home/ngt/auv_dancing/install', 'LOGNAME': 'ngt', '_': '/usr/bin/colcon', 'XDG_SESSION_CLASS': 'user', 'USER_ZDOTDIR': '/home/ngt', 'ROS_VERSION': '2', 'XDG_SESSION_ID': '1', 'TERM': 'xterm-256color', 'PATH': '/home/ngt/.virtualenvs/ardusub/bin:/home/ngt/.opencode/bin:/opt/ros/jazzy/opt/gz_msgs_vendor/bin:/opt/ros/jazzy/opt/gz_tools_vendor/bin:/opt/ros/jazzy/opt/gz_ogre_next_vendor/bin:/opt/ros/jazzy/bin:/usr/lib/ccache:/home/ngt/.vscode-server/data/User/globalStorage/github.copilot-chat/debugCommand:/home/ngt/.vscode-server/data/User/globalStorage/github.copilot-chat/copilotCli:/home/ngt/.vscode-server/cli/servers/Stable-e4c7e7b1d6d060162f4aa7f8225271b67ce1df75/server/bin/remote-cli:/usr/local/sbin:/usr/local/bin:/usr/sbin:/usr/bin:/sbin:/bin:/usr/games:/usr/local/games:/snap/bin:/home/ngt/.vscode-server/extensions/ms-python.debugpy-2026.6.0-linux-arm64/bundled/scripts/noConfigScripts:/home/ngt/.local/bin:/home/ngt/ardupilot/Tools/autotest', 'XDG_RUNTIME_DIR': '/run/user/1004', 'GZ_PARTITION': 'my_sim', 'LANG': 'en_US.UTF-8', 'VSCODE_DEBUGPY_ADAPTER_ENDPOINTS': '/home/ngt/.vscode-server/extensions/ms-python.debugpy-2026.6.0-linux-arm64/.noConfigDebugAdapterEndpoints/endpoint-2bb7be4cd07b4c2b.txt', 'PYTHONSTARTUP': '/home/ngt/.vscode-server/data/User/workspaceStorage/ebe247280dad30c76e3d7235d970e14f/ms-python.python/pythonrc.py', 'VSCODE_INJECTION': '1', 'VIRTUAL_ENV_PROMPT': 'ardusub', 'TERM_PROGRAM': 'vscode', 'VSCODE_GIT_IPC_HANDLE': '/run/user/1004/vscode-git-75828e3940.sock', 'LS_COLORS': 'rs=0:di=01;34:ln=01;36:mh=00:pi=40;33:so=01;35:do=01;35:bd=40;33;01:cd=40;33;01:or=40;31;01:mi=00:su=37;41:sg=30;43:ca=00:tw=30;42:ow=34;42:st=37;44:ex=01;32:*.tar=01;31:*.tgz=01;31:*.arc=01;31:*.arj=01;31:*.taz=01;31:*.lha=01;31:*.lz4=01;31:*.lzh=01;31:*.lzma=01;31:*.tlz=01;31:*.txz=01;31:*.tzo=01;31:*.t7z=01;31:*.zip=01;31:*.z=01;31:*.dz=01;31:*.gz=01;31:*.lrz=01;31:*.lz=01;31:*.lzo=01;31:*.xz=01;31:*.zst=01;31:*.tzst=01;31:*.bz2=01;31:*.bz=01;31:*.tbz=01;31:*.tbz2=01;31:*.tz=01;31:*.deb=01;31:*.rpm=01;31:*.jar=01;31:*.war=01;31:*.ear=01;31:*.sar=01;31:*.rar=01;31:*.alz=01;31:*.ace=01;31:*.zoo=01;31:*.cpio=01;31:*.7z=01;31:*.rz=01;31:*.cab=01;31:*.wim=01;31:*.swm=01;31:*.dwm=01;31:*.esd=01;31:*.avif=01;35:*.jpg=01;35:*.jpeg=01;35:*.mjpg=01;35:*.mjpeg=01;35:*.gif=01;35:*.bmp=01;35:*.pbm=01;35:*.pgm=01;35:*.ppm=01;35:*.tga=01;35:*.xbm=01;35:*.xpm=01;35:*.tif=01;35:*.tiff=01;35:*.png=01;35:*.svg=01;35:*.svgz=01;35:*.mng=01;35:*.pcx=01;35:*.mov=01;35:*.mpg=01;35:*.mpeg=01;35:*.m2v=01;35:*.mkv=01;35:*.webm=01;35:*.webp=01;35:*.ogm=01;35:*.mp4=01;35:*.m4v=01;35:*.mp4v=01;35:*.vob=01;35:*.qt=01;35:*.nuv=01;35:*.wmv=01;35:*.asf=01;35:*.rm=01;35:*.rmvb=01;35:*.flc=01;35:*.avi=01;35:*.fli=01;35:*.flv=01;35:*.gl=01;35:*.dl=01;35:*.xcf=01;35:*.xwd=01;35:*.yuv=01;35:*.cgm=01;35:*.emf=01;35:*.ogv=01;35:*.ogx=01;35:*.aac=00;36:*.au=00;36:*.flac=00;36:*.m4a=00;36:*.mid=00;36:*.midi=00;36:*.mka=00;36:*.mp3=00;36:*.mpc=00;36:*.ogg=00;36:*.ra=00;36:*.wav=00;36:*.oga=00;36:*.opus=00;36:*.spx=00;36:*.xspf=00;36:*~=00;90:*#=00;90:*.bak=00;90:*.crdownload=00;90:*.dpkg-dist=00;90:*.dpkg-new=00;90:*.dpkg-old=00;90:*.dpkg-tmp=00;90:*.old=00;90:*.orig=00;90:*.part=00;90:*.rej=00;90:*.rpmnew=00;90:*.rpmorig=00;90:*.rpmsave=00;90:*.swp=00;90:*.tmp=00;90:*.ucf-dist=00;90:*.ucf-new=00;90:*.ucf-old=00;90:', 'AMENT_PREFIX_PATH': '/home/ngt/ZENS-Final-AUVC/ros_ws/install/msgs:/home/ngt/ZENS-Final-AUVC/ros_ws/install/hardware:/home/ngt/ZENS-Final-AUVC/ros_ws/install/flashing:/home/ngt/ZENS-Final-AUVC/ros_ws/install/cv:/home/ngt/ZENS-Final-AUVC/ros_ws/install/control:/home/ngt/ZENS-Final-AUVC/ros_ws/install/bringup:/home/ngt/auvc_ws/install/tutorial_virtualenvs:/home/ngt/auvc_ws/install/tutorial_pid:/home/ngt/auvc_ws/install/tutorial_ardusub:/home/ngt/auvc_ws/install/tutorial:/home/ngt/auvc_ws/install/rosmav:/home/ngt/auvc_ws/install/example_custom_srv:/home/ngt/cv_ws/install/cv:/home/ngt/pid_ws/install/target_depth_msgs:/home/ngt/pid_ws/install/pid:/home/ngt/auv_dancing/install/tutorial:/opt/ros/jazzy', 'SHELL': '/usr/bin/zsh', 'VIRTUALENVWRAPPER_PROJECT_FILENAME': '.project', 'VIRTUALENVWRAPPER_HOOK_DIR': '/home/ngt/.virtualenvs', 'VSCODE_GIT_ASKPASS_EXTRA_ARGS': '', 'VIRTUALENVWRAPPER_SCRIPT': '/usr/share/virtualenvwrapper/virtualenvwrapper.sh', 'ROS_AUTOMATIC_DISCOVERY_RANGE': 'SUBNET', 'VIRTUAL_ENV': '/home/ngt/.virtualenvs/ardusub', 'LC_ALL': 'en_US.UTF-8', 'PWD': '/home/ngt/ZENS-Final-AUVC/ros_ws/build/control', 'SSH_CONNECTION': '192.168.3.1 60480 192.168.3.2 22', 'COPILOT_DEBUG_NONCE': 'ecfdf1043499788fb94714472659d404', 'ZDOTDIR': '/home/ngt', 'PYTHONPATH': '/home/ngt/ZENS-Final-AUVC/ros_ws/build/control/prefix_override:/usr/lib/python3/dist-packages/colcon_core/task/python/colcon_distutils_commands:/home/ngt/ZENS-Final-AUVC/ros_ws/install/control/lib/python3.12/site-packages:/home/ngt/ZENS-Final-AUVC/ros_ws/install/msgs/lib/python3.12/site-packages:/home/ngt/ZENS-Final-AUVC/ros_ws/install/hardware/lib/python3.12/site-packages:/home/ngt/ZENS-Final-AUVC/ros_ws/install/flashing/lib/python3.12/site-packages:/home/ngt/ZENS-Final-AUVC/ros_ws/install/cv/lib/python3.12/site-packages:/home/ngt/ZENS-Final-AUVC/ros_ws/install/control/lib/python3.12/site-packages:/home/ngt/ZENS-Final-AUVC/ros_ws/install/bringup/lib/python3.12/site-packages:/home/ngt/auvc_ws/install/tutorial_virtualenvs/lib/python3.12/site-packages:/home/ngt/auvc_ws/install/tutorial_pid/lib/python3.12/site-packages:/home/ngt/auvc_ws/install/tutorial_ardusub/lib/python3.12/site-packages:/home/ngt/auvc_ws/install/tutorial/lib/python3.12/site-packages:/home/ngt/auvc_ws/install/rosmav/lib/python3.12/site-packages:/home/ngt/auvc_ws/install/example_custom_srv/lib/python3.12/site-packages:/home/ngt/cv_ws/install/cv/lib/python3.12/site-packages:/home/ngt/pid_ws/install/target_depth_msgs/lib/python3.12/site-packages:/home/ngt/pid_ws/install/pid/lib/python3.12/site-packages:/home/ngt/auv_dancing/install/tutorial/lib/python3.12/site-packages:/opt/ros/jazzy/lib/python3.12/site-packages', 'COLCON': '1', 'CMAKE_PREFIX_PATH': '/home/ngt/ZENS-Final-AUVC/ros_ws/install/msgs:/home/ngt/auvc_ws/install/example_custom_srv:/home/ngt/pid_ws/install/target_depth_msgs:/opt/ros/jazzy/opt/gz_sim_vendor:/opt/ros/jazzy/opt/gz_sensors_vendor:/opt/ros/jazzy/opt/gz_physics_vendor:/opt/ros/jazzy/opt/sdformat_vendor:/opt/ros/jazzy/opt/gz_gui_vendor:/opt/ros/jazzy/opt/gz_transport_vendor:/opt/ros/jazzy/opt/gz_rendering_vendor:/opt/ros/jazzy/opt/gz_plugin_vendor:/opt/ros/jazzy/opt/gz_fuel_tools_vendor:/opt/ros/jazzy/opt/gz_msgs_vendor:/opt/ros/jazzy/opt/gz_common_vendor:/opt/ros/jazzy/opt/gz_math_vendor:/opt/ros/jazzy/opt/gz_utils_vendor:/opt/ros/jazzy/opt/gz_tools_vendor:/opt/ros/jazzy/opt/gz_ogre_next_vendor:/opt/ros/jazzy/opt/gz_dartsim_vendor:/opt/ros/jazzy/opt/gz_cmake_vendor'}, 'shell': False}
[47.520033] (-) TimerEvent: {}
[47.629114] (-) TimerEvent: {}
[47.735041] (-) TimerEvent: {}
[47.842078] (-) TimerEvent: {}
[47.946085] (-) TimerEvent: {}
[48.059611] (-) TimerEvent: {}
[48.165121] (-) TimerEvent: {}
[48.272026] (-) TimerEvent: {}
[48.381024] (-) TimerEvent: {}
[48.489035] (-) TimerEvent: {}
[48.595064] (-) TimerEvent: {}
[48.697437] (-) TimerEvent: {}
[48.806041] (-) TimerEvent: {}
[48.849573] (flashing) Command: {'cmd': ['/usr/bin/python3', '-W', 'ignore:setup.py install is deprecated', '-W', 'ignore:easy_install command is deprecated', 'setup.py', 'egg_info', '--egg-base', '../../build/flashing', 'build', '--build-base', '/home/ngt/ZENS-Final-AUVC/ros_ws/build/flashing/build', 'install', '--record', '/home/ngt/ZENS-Final-AUVC/ros_ws/build/flashing/install.log', '--install-scripts', '$base/lib/flashing', '--single-version-externally-managed', 'install_data'], 'cwd': '/home/ngt/ZENS-Final-AUVC/ros_ws/src/flashing', 'env': {'PYTHON_BASIC_REPL': '1', 'VIRTUALENVWRAPPER_WORKON_CD': '1', 'USER': 'ngt', 'SSH_CLIENT': '192.168.3.1 60480 22', 'WORKON_HOME': '/home/ngt/.virtualenvs', 'GZ_SIM_RESOURCE_PATH': '/opt/ros/jazzy/share', 'GZ_CONFIG_PATH': '/opt/ros/jazzy/opt/gz_sim_vendor/share/gz:/opt/ros/jazzy/opt/sdformat_vendor/share/gz:/opt/ros/jazzy/opt/gz_gui_vendor/share/gz:/opt/ros/jazzy/opt/gz_transport_vendor/share/gz:/opt/ros/jazzy/opt/gz_rendering_vendor/share/gz:/opt/ros/jazzy/opt/gz_plugin_vendor/share/gz:/opt/ros/jazzy/opt/gz_fuel_tools_vendor/share/gz:/opt/ros/jazzy/opt/gz_msgs_vendor/share/gz:/opt/ros/jazzy/opt/gz_common_vendor/share/gz', 'XDG_SESSION_TYPE': 'tty', 'GIT_ASKPASS': '/home/ngt/.vscode-server/cli/servers/Stable-e4c7e7b1d6d060162f4aa7f8225271b67ce1df75/server/extensions/git/dist/askpass.sh', 'SHLVL': '1', 'BROWSER': '/home/ngt/.vscode-server/cli/servers/Stable-e4c7e7b1d6d060162f4aa7f8225271b67ce1df75/server/bin/helpers/browser.sh', 'LD_LIBRARY_PATH': '/home/ngt/ZENS-Final-AUVC/ros_ws/install/msgs/lib:/home/ngt/auvc_ws/install/example_custom_srv/lib:/home/ngt/pid_ws/install/target_depth_msgs/lib:/opt/ros/jazzy/opt/gz_sim_vendor/lib:/opt/ros/jazzy/opt/gz_sensors_vendor/lib:/opt/ros/jazzy/opt/gz_physics_vendor/lib:/opt/ros/jazzy/opt/sdformat_vendor/lib:/opt/ros/jazzy/opt/rviz_ogre_vendor/lib:/opt/ros/jazzy/lib/aarch64-linux-gnu:/opt/ros/jazzy/opt/gz_gui_vendor/lib:/opt/ros/jazzy/opt/gz_transport_vendor/lib:/opt/ros/jazzy/opt/gz_rendering_vendor/lib:/opt/ros/jazzy/opt/gz_plugin_vendor/lib:/opt/ros/jazzy/opt/gz_fuel_tools_vendor/lib:/opt/ros/jazzy/opt/gz_msgs_vendor/lib:/opt/ros/jazzy/opt/gz_common_vendor/lib:/opt/ros/jazzy/opt/gz_math_vendor/lib:/opt/ros/jazzy/opt/gz_utils_vendor/lib:/opt/ros/jazzy/opt/gz_tools_vendor/lib:/opt/ros/jazzy/opt/gz_ogre_next_vendor/lib:/opt/ros/jazzy/opt/gz_dartsim_vendor/lib:/opt/ros/jazzy/opt/gz_cmake_vendor/lib:/opt/ros/jazzy/lib', 'GZ_TRANSPORT_ID': '192.168.3.1', 'HOME': '/home/ngt', 'OLDPWD': '/home/ngt/ZENS-Final-AUVC', 'LESS': '-R', 'VIRTUALENVWRAPPER_PYTHON': '/usr/bin/python3', 'TERM_PROGRAM_VERSION': '1.131.0', 'VSCODE_IPC_HOOK_CLI': '/run/user/1004/vscode-ipc-31f7fcd4-be69-492a-96ac-e7e5e403dd53.sock', 'ZSH': '/home/ngt/.oh-my-zsh', 'LSCOLORS': 'Gxfxcxdxbxegedabagacad', 'GZ_TRANSPORT_PUB_PORT': '11345', 'VSCODE_GIT_ASKPASS_MAIN': '/home/ngt/.vscode-server/cli/servers/Stable-e4c7e7b1d6d060162f4aa7f8225271b67ce1df75/server/extensions/git/dist/askpass-main.js', 'PAGER': 'less', 'ROS_PYTHON_VERSION': '3', 'PS1': '(ardusub) %(?:%{\x1b[01;32m%}%1{➜%} :%{\x1b[01;31m%}%1{➜%} ) %{\x1b[36m%}%c%{\x1b[00m%} $(git_prompt_info)', 'VSCODE_GIT_ASKPASS_NODE': '/home/ngt/.vscode-server/cli/servers/Stable-e4c7e7b1d6d060162f4aa7f8225271b67ce1df75/server/node', 'DBUS_SESSION_BUS_ADDRESS': 'unix:path=/run/user/1004/bus', 'PYDEVD_DISABLE_FILE_VALIDATION': '1', 'BUNDLED_DEBUGPY_PATH': '/home/ngt/.vscode-server/extensions/ms-python.debugpy-2026.6.0-linux-arm64/bundled/libs/debugpy', 'GZ_TRANSPORT_SUB_PORT': '11346', 'VSCODE_PYTHON_AUTOACTIVATE_GUARD': '1', 'COLORTERM': 'truecolor', 'ROS_DISTRO': 'jazzy', 'COLCON_PREFIX_PATH': '/home/ngt/ZENS-Final-AUVC/ros_ws/install:/home/ngt/auvc_ws/install:/home/ngt/cv_ws/install:/home/ngt/pid_ws/install:/home/ngt/auv_dancing/install', 'LOGNAME': 'ngt', '_': '/usr/bin/colcon', 'XDG_SESSION_CLASS': 'user', 'USER_ZDOTDIR': '/home/ngt', 'ROS_VERSION': '2', 'XDG_SESSION_ID': '1', 'TERM': 'xterm-256color', 'PATH': '/home/ngt/.virtualenvs/ardusub/bin:/home/ngt/.opencode/bin:/opt/ros/jazzy/opt/gz_msgs_vendor/bin:/opt/ros/jazzy/opt/gz_tools_vendor/bin:/opt/ros/jazzy/opt/gz_ogre_next_vendor/bin:/opt/ros/jazzy/bin:/usr/lib/ccache:/home/ngt/.vscode-server/data/User/globalStorage/github.copilot-chat/debugCommand:/home/ngt/.vscode-server/data/User/globalStorage/github.copilot-chat/copilotCli:/home/ngt/.vscode-server/cli/servers/Stable-e4c7e7b1d6d060162f4aa7f8225271b67ce1df75/server/bin/remote-cli:/usr/local/sbin:/usr/local/bin:/usr/sbin:/usr/bin:/sbin:/bin:/usr/games:/usr/local/games:/snap/bin:/home/ngt/.vscode-server/extensions/ms-python.debugpy-2026.6.0-linux-arm64/bundled/scripts/noConfigScripts:/home/ngt/.local/bin:/home/ngt/ardupilot/Tools/autotest', 'XDG_RUNTIME_DIR': '/run/user/1004', 'GZ_PARTITION': 'my_sim', 'LANG': 'en_US.UTF-8', 'VSCODE_DEBUGPY_ADAPTER_ENDPOINTS': '/home/ngt/.vscode-server/extensions/ms-python.debugpy-2026.6.0-linux-arm64/.noConfigDebugAdapterEndpoints/endpoint-2bb7be4cd07b4c2b.txt', 'PYTHONSTARTUP': '/home/ngt/.vscode-server/data/User/workspaceStorage/ebe247280dad30c76e3d7235d970e14f/ms-python.python/pythonrc.py', 'VSCODE_INJECTION': '1', 'VIRTUAL_ENV_PROMPT': 'ardusub', 'TERM_PROGRAM': 'vscode', 'VSCODE_GIT_IPC_HANDLE': '/run/user/1004/vscode-git-75828e3940.sock', 'LS_COLORS': 'rs=0:di=01;34:ln=01;36:mh=00:pi=40;33:so=01;35:do=01;35:bd=40;33;01:cd=40;33;01:or=40;31;01:mi=00:su=37;41:sg=30;43:ca=00:tw=30;42:ow=34;42:st=37;44:ex=01;32:*.tar=01;31:*.tgz=01;31:*.arc=01;31:*.arj=01;31:*.taz=01;31:*.lha=01;31:*.lz4=01;31:*.lzh=01;31:*.lzma=01;31:*.tlz=01;31:*.txz=01;31:*.tzo=01;31:*.t7z=01;31:*.zip=01;31:*.z=01;31:*.dz=01;31:*.gz=01;31:*.lrz=01;31:*.lz=01;31:*.lzo=01;31:*.xz=01;31:*.zst=01;31:*.tzst=01;31:*.bz2=01;31:*.bz=01;31:*.tbz=01;31:*.tbz2=01;31:*.tz=01;31:*.deb=01;31:*.rpm=01;31:*.jar=01;31:*.war=01;31:*.ear=01;31:*.sar=01;31:*.rar=01;31:*.alz=01;31:*.ace=01;31:*.zoo=01;31:*.cpio=01;31:*.7z=01;31:*.rz=01;31:*.cab=01;31:*.wim=01;31:*.swm=01;31:*.dwm=01;31:*.esd=01;31:*.avif=01;35:*.jpg=01;35:*.jpeg=01;35:*.mjpg=01;35:*.mjpeg=01;35:*.gif=01;35:*.bmp=01;35:*.pbm=01;35:*.pgm=01;35:*.ppm=01;35:*.tga=01;35:*.xbm=01;35:*.xpm=01;35:*.tif=01;35:*.tiff=01;35:*.png=01;35:*.svg=01;35:*.svgz=01;35:*.mng=01;35:*.pcx=01;35:*.mov=01;35:*.mpg=01;35:*.mpeg=01;35:*.m2v=01;35:*.mkv=01;35:*.webm=01;35:*.webp=01;35:*.ogm=01;35:*.mp4=01;35:*.m4v=01;35:*.mp4v=01;35:*.vob=01;35:*.qt=01;35:*.nuv=01;35:*.wmv=01;35:*.asf=01;35:*.rm=01;35:*.rmvb=01;35:*.flc=01;35:*.avi=01;35:*.fli=01;35:*.flv=01;35:*.gl=01;35:*.dl=01;35:*.xcf=01;35:*.xwd=01;35:*.yuv=01;35:*.cgm=01;35:*.emf=01;35:*.ogv=01;35:*.ogx=01;35:*.aac=00;36:*.au=00;36:*.flac=00;36:*.m4a=00;36:*.mid=00;36:*.midi=00;36:*.mka=00;36:*.mp3=00;36:*.mpc=00;36:*.ogg=00;36:*.ra=00;36:*.wav=00;36:*.oga=00;36:*.opus=00;36:*.spx=00;36:*.xspf=00;36:*~=00;90:*#=00;90:*.bak=00;90:*.crdownload=00;90:*.dpkg-dist=00;90:*.dpkg-new=00;90:*.dpkg-old=00;90:*.dpkg-tmp=00;90:*.old=00;90:*.orig=00;90:*.part=00;90:*.rej=00;90:*.rpmnew=00;90:*.rpmorig=00;90:*.rpmsave=00;90:*.swp=00;90:*.tmp=00;90:*.ucf-dist=00;90:*.ucf-new=00;90:*.ucf-old=00;90:', 'AMENT_PREFIX_PATH': '/home/ngt/ZENS-Final-AUVC/ros_ws/install/msgs:/home/ngt/ZENS-Final-AUVC/ros_ws/install/hardware:/home/ngt/ZENS-Final-AUVC/ros_ws/install/flashing:/home/ngt/ZENS-Final-AUVC/ros_ws/install/cv:/home/ngt/ZENS-Final-AUVC/ros_ws/install/control:/home/ngt/ZENS-Final-AUVC/ros_ws/install/bringup:/home/ngt/auvc_ws/install/tutorial_virtualenvs:/home/ngt/auvc_ws/install/tutorial_pid:/home/ngt/auvc_ws/install/tutorial_ardusub:/home/ngt/auvc_ws/install/tutorial:/home/ngt/auvc_ws/install/rosmav:/home/ngt/auvc_ws/install/example_custom_srv:/home/ngt/cv_ws/install/cv:/home/ngt/pid_ws/install/target_depth_msgs:/home/ngt/pid_ws/install/pid:/home/ngt/auv_dancing/install/tutorial:/opt/ros/jazzy', 'SHELL': '/usr/bin/zsh', 'VIRTUALENVWRAPPER_PROJECT_FILENAME': '.project', 'VIRTUALENVWRAPPER_HOOK_DIR': '/home/ngt/.virtualenvs', 'VSCODE_GIT_ASKPASS_EXTRA_ARGS': '', 'VIRTUALENVWRAPPER_SCRIPT': '/usr/share/virtualenvwrapper/virtualenvwrapper.sh', 'ROS_AUTOMATIC_DISCOVERY_RANGE': 'SUBNET', 'VIRTUAL_ENV': '/home/ngt/.virtualenvs/ardusub', 'LC_ALL': 'en_US.UTF-8', 'PWD': '/home/ngt/ZENS-Final-AUVC/ros_ws/build/flashing', 'SSH_CONNECTION': '192.168.3.1 60480 192.168.3.2 22', 'COPILOT_DEBUG_NONCE': 'ecfdf1043499788fb94714472659d404', 'ZDOTDIR': '/home/ngt', 'PYTHONPATH': '/home/ngt/ZENS-Final-AUVC/ros_ws/build/flashing/prefix_override:/usr/lib/python3/dist-packages/colcon_core/task/python/colcon_distutils_commands:/home/ngt/ZENS-Final-AUVC/ros_ws/install/flashing/lib/python3.12/site-packages:/home/ngt/ZENS-Final-AUVC/ros_ws/install/msgs/lib/python3.12/site-packages:/home/ngt/ZENS-Final-AUVC/ros_ws/install/hardware/lib/python3.12/site-packages:/home/ngt/ZENS-Final-AUVC/ros_ws/install/flashing/lib/python3.12/site-packages:/home/ngt/ZENS-Final-AUVC/ros_ws/install/cv/lib/python3.12/site-packages:/home/ngt/ZENS-Final-AUVC/ros_ws/install/control/lib/python3.12/site-packages:/home/ngt/ZENS-Final-AUVC/ros_ws/install/bringup/lib/python3.12/site-packages:/home/ngt/auvc_ws/install/tutorial_virtualenvs/lib/python3.12/site-packages:/home/ngt/auvc_ws/install/tutorial_pid/lib/python3.12/site-packages:/home/ngt/auvc_ws/install/tutorial_ardusub/lib/python3.12/site-packages:/home/ngt/auvc_ws/install/tutorial/lib/python3.12/site-packages:/home/ngt/auvc_ws/install/rosmav/lib/python3.12/site-packages:/home/ngt/auvc_ws/install/example_custom_srv/lib/python3.12/site-packages:/home/ngt/cv_ws/install/cv/lib/python3.12/site-packages:/home/ngt/pid_ws/install/target_depth_msgs/lib/python3.12/site-packages:/home/ngt/pid_ws/install/pid/lib/python3.12/site-packages:/home/ngt/auv_dancing/install/tutorial/lib/python3.12/site-packages:/opt/ros/jazzy/lib/python3.12/site-packages', 'COLCON': '1', 'CMAKE_PREFIX_PATH': '/home/ngt/ZENS-Final-AUVC/ros_ws/install/msgs:/home/ngt/auvc_ws/install/example_custom_srv:/home/ngt/pid_ws/install/target_depth_msgs:/opt/ros/jazzy/opt/gz_sim_vendor:/opt/ros/jazzy/opt/gz_sensors_vendor:/opt/ros/jazzy/opt/gz_physics_vendor:/opt/ros/jazzy/opt/sdformat_vendor:/opt/ros/jazzy/opt/gz_gui_vendor:/opt/ros/jazzy/opt/gz_transport_vendor:/opt/ros/jazzy/opt/gz_rendering_vendor:/opt/ros/jazzy/opt/gz_plugin_vendor:/opt/ros/jazzy/opt/gz_fuel_tools_vendor:/opt/ros/jazzy/opt/gz_msgs_vendor:/opt/ros/jazzy/opt/gz_common_vendor:/opt/ros/jazzy/opt/gz_math_vendor:/opt/ros/jazzy/opt/gz_utils_vendor:/opt/ros/jazzy/opt/gz_tools_vendor:/opt/ros/jazzy/opt/gz_ogre_next_vendor:/opt/ros/jazzy/opt/gz_dartsim_vendor:/opt/ros/jazzy/opt/gz_cmake_vendor'}, 'shell': False}
[48.912090] (-) TimerEvent: {}
[49.013034] (-) TimerEvent: {}
[49.116654] (-) TimerEvent: {}
[49.227045] (-) TimerEvent: {}
[49.330757] (-) TimerEvent: {}
[49.431698] (-) TimerEvent: {}
[49.543210] (-) TimerEvent: {}
[49.645039] (-) TimerEvent: {}
[49.749198] (-) TimerEvent: {}
[49.861044] (-) TimerEvent: {}
[49.961831] (-) TimerEvent: {}
[50.066365] (-) TimerEvent: {}
[50.169957] (-) TimerEvent: {}
[50.273989] (-) TimerEvent: {}
[50.381132] (-) TimerEvent: {}
[50.496107] (-) TimerEvent: {}
[50.611417] (-) TimerEvent: {}
[50.715073] (-) TimerEvent: {}
[50.819180] (-) TimerEvent: {}
[50.925793] (-) TimerEvent: {}
[51.030154] (-) TimerEvent: {}
[51.136040] (-) TimerEvent: {}
[51.245282] (-) TimerEvent: {}
[51.348123] (-) TimerEvent: {}
[51.455008] (-) TimerEvent: {}
[51.564507] (-) TimerEvent: {}
[51.670201] (-) TimerEvent: {}
[51.781043] (-) TimerEvent: {}
[51.885063] (-) TimerEvent: {}
[51.992063] (-) TimerEvent: {}
[52.099769] (-) TimerEvent: {}
[52.210075] (-) TimerEvent: {}
[52.320025] (-) TimerEvent: {}
[52.422815] (-) TimerEvent: {}
[52.532241] (-) TimerEvent: {}
[52.636062] (-) TimerEvent: {}
[52.745009] (-) TimerEvent: {}
[52.845762] (-) TimerEvent: {}
[52.951030] (-) TimerEvent: {}
[53.051835] (-) TimerEvent: {}
[53.156018] (-) TimerEvent: {}
[53.258078] (-) TimerEvent: {}
[53.365049] (-) TimerEvent: {}
[53.468046] (-) TimerEvent: {}
[53.571028] (-) TimerEvent: {}
[53.676105] (-) TimerEvent: {}
[53.780330] (-) TimerEvent: {}
[53.885071] (-) TimerEvent: {}
[53.986111] (-) TimerEvent: {}
[54.092938] (-) TimerEvent: {}
[54.197667] (-) TimerEvent: {}
[54.302074] (-) TimerEvent: {}
[54.405050] (-) TimerEvent: {}
[54.513045] (-) TimerEvent: {}
[54.618031] (-) TimerEvent: {}
[54.719309] (-) TimerEvent: {}
[54.823001] (-) TimerEvent: {}
[54.929075] (-) TimerEvent: {}
[55.032039] (-) TimerEvent: {}
[55.136062] (-) TimerEvent: {}
[55.239279] (-) TimerEvent: {}
[55.345047] (-) TimerEvent: {}
[55.448032] (-) TimerEvent: {}
[55.552582] (-) TimerEvent: {}
[55.659036] (-) TimerEvent: {}
[55.764027] (-) TimerEvent: {}
[55.864926] (-) TimerEvent: {}
[55.971031] (-) TimerEvent: {}
[56.078032] (-) TimerEvent: {}
[56.181059] (-) TimerEvent: {}
[56.287836] (-) TimerEvent: {}
[56.397741] (-) TimerEvent: {}
[56.498599] (-) TimerEvent: {}
[56.607036] (-) TimerEvent: {}
[56.709291] (-) TimerEvent: {}
[56.814580] (-) TimerEvent: {}
[56.919045] (-) TimerEvent: {}
[57.023755] (-) TimerEvent: {}
[57.124864] (-) TimerEvent: {}
[57.236141] (-) TimerEvent: {}
[57.337147] (-) TimerEvent: {}
[57.444175] (-) TimerEvent: {}
[57.546824] (-) TimerEvent: {}
[57.653607] (-) TimerEvent: {}
[57.759006] (-) TimerEvent: {}
[57.868006] (-) TimerEvent: {}
[57.968813] (-) TimerEvent: {}
[58.069761] (-) TimerEvent: {}
[58.181112] (-) TimerEvent: {}
[58.194465] (bringup) StdoutLine: {'line': b'running egg_info\n'}
[58.291234] (-) TimerEvent: {}
[58.397190] (-) TimerEvent: {}
[58.509075] (-) TimerEvent: {}
[58.610040] (-) TimerEvent: {}
[58.721998] (-) TimerEvent: {}
[58.825042] (-) TimerEvent: {}
[58.929029] (-) TimerEvent: {}
[58.957644] (bringup) StdoutLine: {'line': b'writing ../../build/bringup/bringup.egg-info/PKG-INFO\n'}
[58.970027] (bringup) StdoutLine: {'line': b'writing dependency_links to ../../build/bringup/bringup.egg-info/dependency_links.txt\n'}
[58.970769] (bringup) StdoutLine: {'line': b'writing requirements to ../../build/bringup/bringup.egg-info/requires.txt\n'}
[58.971459] (bringup) StdoutLine: {'line': b'writing top-level names to ../../build/bringup/bringup.egg-info/top_level.txt\n'}
[59.045757] (-) TimerEvent: {}
[59.155032] (-) TimerEvent: {}
[59.256660] (-) TimerEvent: {}
[59.366227] (-) TimerEvent: {}
[59.471683] (-) TimerEvent: {}
[59.582494] (-) TimerEvent: {}
[59.692032] (-) TimerEvent: {}
[59.797941] (-) TimerEvent: {}
[59.902050] (-) TimerEvent: {}
[60.011431] (-) TimerEvent: {}
[60.112248] (-) TimerEvent: {}
[60.219114] (-) TimerEvent: {}
[60.325018] (-) TimerEvent: {}
[60.427814] (-) TimerEvent: {}
[60.435017] (cv) StdoutLine: {'line': b'running egg_info\n'}
[60.532042] (-) TimerEvent: {}
[60.637089] (-) TimerEvent: {}
[60.759099] (-) TimerEvent: {}
[60.811024] (control) StdoutLine: {'line': b'running egg_info\n'}
[60.876079] (-) TimerEvent: {}
[60.988594] (-) TimerEvent: {}
[61.093292] (-) TimerEvent: {}
[61.206459] (-) TimerEvent: {}
[61.312080] (-) TimerEvent: {}
[61.370635] (flashing) StdoutLine: {'line': b'running egg_info\n'}
[61.414638] (-) TimerEvent: {}
[61.523051] (-) TimerEvent: {}
[61.624413] (-) TimerEvent: {}
[61.725550] (-) TimerEvent: {}
[61.797079] (control) StdoutLine: {'line': b'writing ../../build/control/control.egg-info/PKG-INFO\n'}
[61.820423] (control) StdoutLine: {'line': b'writing dependency_links to ../../build/control/control.egg-info/dependency_links.txt\n'}
[61.827151] (-) TimerEvent: {}
[61.829028] (control) StdoutLine: {'line': b'writing entry points to ../../build/control/control.egg-info/entry_points.txt\n'}
[61.845407] (control) StdoutLine: {'line': b'writing requirements to ../../build/control/control.egg-info/requires.txt\n'}
[61.846446] (control) StdoutLine: {'line': b'writing top-level names to ../../build/control/control.egg-info/top_level.txt\n'}
[61.936058] (-) TimerEvent: {}
[61.965223] (cv) StdoutLine: {'line': b'writing ../../build/cv/cv.egg-info/PKG-INFO\n'}
[61.973850] (cv) StdoutLine: {'line': b'writing dependency_links to ../../build/cv/cv.egg-info/dependency_links.txt\n'}
[61.993024] (cv) StdoutLine: {'line': b'writing entry points to ../../build/cv/cv.egg-info/entry_points.txt\n'}
[61.993747] (cv) StdoutLine: {'line': b'writing requirements to ../../build/cv/cv.egg-info/requires.txt\n'}
[61.994356] (cv) StdoutLine: {'line': b'writing top-level names to ../../build/cv/cv.egg-info/top_level.txt\n'}
[62.059122] (-) TimerEvent: {}
[62.159989] (-) TimerEvent: {}
[62.267378] (-) TimerEvent: {}
[62.371956] (-) TimerEvent: {}
[62.484113] (-) TimerEvent: {}
[62.553205] (bringup) StdoutLine: {'line': b"reading manifest file '../../build/bringup/bringup.egg-info/SOURCES.txt'\n"}
[62.554026] (bringup) StdoutLine: {'line': b"writing manifest file '../../build/bringup/bringup.egg-info/SOURCES.txt'\n"}
[62.554671] (bringup) StdoutLine: {'line': b'running build\n'}
[62.555470] (bringup) StdoutLine: {'line': b'running build_py\n'}
[62.583636] (bringup) StdoutLine: {'line': b'running install\n'}
[62.584364] (-) TimerEvent: {}
[62.604055] (bringup) StdoutLine: {'line': b'running install_lib\n'}
[62.690046] (-) TimerEvent: {}
[62.796043] (-) TimerEvent: {}
[62.806100] (flashing) StdoutLine: {'line': b'writing ../../build/flashing/flashing.egg-info/PKG-INFO\n'}
[62.812023] (flashing) StdoutLine: {'line': b'writing dependency_links to ../../build/flashing/flashing.egg-info/dependency_links.txt\n'}
[62.812915] (flashing) StdoutLine: {'line': b'writing entry points to ../../build/flashing/flashing.egg-info/entry_points.txt\n'}
[62.830018] (flashing) StdoutLine: {'line': b'writing requirements to ../../build/flashing/flashing.egg-info/requires.txt\n'}
[62.830698] (flashing) StdoutLine: {'line': b'writing top-level names to ../../build/flashing/flashing.egg-info/top_level.txt\n'}
[62.910030] (-) TimerEvent: {}
[63.023020] (bringup) StdoutLine: {'line': b'running install_data\n'}
[63.023828] (-) TimerEvent: {}
[63.024369] (bringup) StdoutLine: {'line': b'running install_egg_info\n'}
[63.139092] (-) TimerEvent: {}
[63.244030] (-) TimerEvent: {}
[63.349621] (-) TimerEvent: {}
[63.439394] (bringup) StdoutLine: {'line': b"removing '/home/ngt/ZENS-Final-AUVC/ros_ws/install/bringup/lib/python3.12/site-packages/bringup-0.0.0-py3.12.egg-info' (and everything under it)\n"}
[63.451032] (-) TimerEvent: {}
[63.465025] (bringup) StdoutLine: {'line': b'Copying ../../build/bringup/bringup.egg-info to /home/ngt/ZENS-Final-AUVC/ros_ws/install/bringup/lib/python3.12/site-packages/bringup-0.0.0-py3.12.egg-info\n'}
[63.500459] (bringup) StdoutLine: {'line': b'running install_scripts\n'}
[63.557049] (-) TimerEvent: {}
[63.657789] (-) TimerEvent: {}
[63.764027] (-) TimerEvent: {}
[63.864854] (-) TimerEvent: {}
[63.970807] (-) TimerEvent: {}
[64.074029] (-) TimerEvent: {}
[64.180044] (-) TimerEvent: {}
[64.282458] (-) TimerEvent: {}
[64.393000] (-) TimerEvent: {}
[64.499080] (-) TimerEvent: {}
[64.600057] (-) TimerEvent: {}
[64.708057] (-) TimerEvent: {}
[64.811039] (-) TimerEvent: {}
[64.913220] (-) TimerEvent: {}
[65.018032] (-) TimerEvent: {}
[65.121074] (-) TimerEvent: {}
[65.221810] (-) TimerEvent: {}
[65.324029] (-) TimerEvent: {}
[65.427117] (-) TimerEvent: {}
[65.538184] (-) TimerEvent: {}
[65.641818] (-) TimerEvent: {}
[65.745059] (-) TimerEvent: {}
[65.855034] (-) TimerEvent: {}
[65.955916] (-) TimerEvent: {}
[66.058122] (-) TimerEvent: {}
[66.165181] (-) TimerEvent: {}
[66.248068] (bringup) StdoutLine: {'line': b"writing list of installed files to '/home/ngt/ZENS-Final-AUVC/ros_ws/build/bringup/install.log'\n"}
[66.271102] (-) TimerEvent: {}
[66.377039] (-) TimerEvent: {}
[66.483298] (-) TimerEvent: {}
[66.589998] (-) TimerEvent: {}
[66.693123] (-) TimerEvent: {}
[66.797256] (-) TimerEvent: {}
[66.905041] (-) TimerEvent: {}
[67.010332] (-) TimerEvent: {}
[67.112071] (-) TimerEvent: {}
[67.214001] (-) TimerEvent: {}
[67.321125] (-) TimerEvent: {}
[67.389771] (bringup) CommandEnded: {'returncode': 0}
[67.432526] (-) TimerEvent: {}
[67.546079] (-) TimerEvent: {}
[67.659712] (bringup) JobEnded: {'identifier': 'bringup', 'rc': 0}
[67.661851] (-) TimerEvent: {}
[67.668937] (hardware) JobStarted: {'identifier': 'hardware'}
[67.770030] (-) TimerEvent: {}
[67.824091] (control) StdoutLine: {'line': b"reading manifest file '../../build/control/control.egg-info/SOURCES.txt'\n"}
[67.850269] (control) StdoutLine: {'line': b"writing manifest file '../../build/control/control.egg-info/SOURCES.txt'\n"}
[67.854934] (control) StdoutLine: {'line': b'running build\n'}
[67.857613] (control) StdoutLine: {'line': b'running build_py\n'}
[67.866828] (control) StdoutLine: {'line': b'running install\n'}
[67.877713] (-) TimerEvent: {}
[67.980045] (-) TimerEvent: {}
[68.038401] (control) StdoutLine: {'line': b'running install_lib\n'}
[68.086090] (-) TimerEvent: {}
[68.189817] (-) TimerEvent: {}
[68.294648] (-) TimerEvent: {}
[68.400049] (-) TimerEvent: {}
[68.505048] (-) TimerEvent: {}
[68.605951] (-) TimerEvent: {}
[68.712077] (-) TimerEvent: {}
[68.817067] (-) TimerEvent: {}
[68.922027] (-) TimerEvent: {}
[69.008916] (control) StdoutLine: {'line': b'running install_data\n'}
[69.011944] (control) StdoutLine: {'line': b'running install_egg_info\n'}
[69.026093] (-) TimerEvent: {}
[69.128039] (-) TimerEvent: {}
[69.131182] (cv) StdoutLine: {'line': b"reading manifest file '../../build/cv/cv.egg-info/SOURCES.txt'\n"}
[69.140956] (cv) StdoutLine: {'line': b"writing manifest file '../../build/cv/cv.egg-info/SOURCES.txt'\n"}
[69.147561] (cv) StdoutLine: {'line': b'running build\n'}
[69.148328] (cv) StdoutLine: {'line': b'running build_py\n'}
[69.169038] (cv) StdoutLine: {'line': b'running install\n'}
[69.233074] (-) TimerEvent: {}
[69.271053] (cv) StdoutLine: {'line': b'running install_lib\n'}
[69.334506] (-) TimerEvent: {}
[69.441036] (-) TimerEvent: {}
[69.545057] (-) TimerEvent: {}
[69.649977] (-) TimerEvent: {}
[69.753731] (-) TimerEvent: {}
[69.756086] (flashing) StdoutLine: {'line': b"reading manifest file '../../build/flashing/flashing.egg-info/SOURCES.txt'\n"}
[69.782043] (flashing) StdoutLine: {'line': b"writing manifest file '../../build/flashing/flashing.egg-info/SOURCES.txt'\n"}
[69.782829] (flashing) StdoutLine: {'line': b'running build\n'}
[69.794024] (flashing) StdoutLine: {'line': b'running build_py\n'}
[69.794799] (flashing) StdoutLine: {'line': b'running install\n'}
[69.859166] (-) TimerEvent: {}
[69.884416] (control) StdoutLine: {'line': b"removing '/home/ngt/ZENS-Final-AUVC/ros_ws/install/control/lib/python3.12/site-packages/control-0.0.0-py3.12.egg-info' (and everything under it)\n"}
[69.900049] (control) StdoutLine: {'line': b'Copying ../../build/control/control.egg-info to /home/ngt/ZENS-Final-AUVC/ros_ws/install/control/lib/python3.12/site-packages/control-0.0.0-py3.12.egg-info\n'}
[69.942038] (control) StdoutLine: {'line': b'running install_scripts\n'}
[69.945944] (flashing) StdoutLine: {'line': b'running install_lib\n'}
[69.959858] (-) TimerEvent: {}
[70.065365] (-) TimerEvent: {}
[70.168045] (-) TimerEvent: {}
[70.239685] (cv) StdoutLine: {'line': b'running install_data\n'}
[70.249201] (cv) StdoutLine: {'line': b'running install_egg_info\n'}
[70.274101] (-) TimerEvent: {}
[70.379028] (-) TimerEvent: {}
[70.486038] (-) TimerEvent: {}
[70.589052] (-) TimerEvent: {}
[70.689920] (-) TimerEvent: {}
[70.797293] (-) TimerEvent: {}
[70.901036] (-) TimerEvent: {}
[70.985966] (flashing) StdoutLine: {'line': b'running install_data\n'}
[70.994576] (flashing) StdoutLine: {'line': b'running install_egg_info\n'}
[71.003750] (-) TimerEvent: {}
[71.110046] (-) TimerEvent: {}
[71.164158] (cv) StdoutLine: {'line': b"removing '/home/ngt/ZENS-Final-AUVC/ros_ws/install/cv/lib/python3.12/site-packages/cv-0.0.0-py3.12.egg-info' (and everything under it)\n"}
[71.179057] (cv) StdoutLine: {'line': b'Copying ../../build/cv/cv.egg-info to /home/ngt/ZENS-Final-AUVC/ros_ws/install/cv/lib/python3.12/site-packages/cv-0.0.0-py3.12.egg-info\n'}
[71.215029] (cv) StdoutLine: {'line': b'running install_scripts\n'}
[71.215777] (-) TimerEvent: {}
[71.322053] (-) TimerEvent: {}
[71.355345] (control) StdoutLine: {'line': b'Installing depth_pid script to /home/ngt/ZENS-Final-AUVC/ros_ws/install/control/lib/control\n'}
[71.363970] (control) StdoutLine: {'line': b'Installing heading_pid script to /home/ngt/ZENS-Final-AUVC/ros_ws/install/control/lib/control\n'}
[71.368196] (control) StdoutLine: {'line': b'Installing self_arm script to /home/ngt/ZENS-Final-AUVC/ros_ws/install/control/lib/control\n'}
[71.373962] (control) StdoutLine: {'line': b'Installing self_disarm script to /home/ngt/ZENS-Final-AUVC/ros_ws/install/control/lib/control\n'}
[71.389028] (control) StdoutLine: {'line': b"writing list of installed files to '/home/ngt/ZENS-Final-AUVC/ros_ws/build/control/install.log'\n"}
[71.425660] (-) TimerEvent: {}
[71.532033] (-) TimerEvent: {}
[71.632957] (-) TimerEvent: {}
[71.735277] (-) TimerEvent: {}
[71.838429] (-) TimerEvent: {}
[71.939358] (-) TimerEvent: {}
[72.041228] (-) TimerEvent: {}
[72.142031] (-) TimerEvent: {}
[72.241038] (flashing) StdoutLine: {'line': b"removing '/home/ngt/ZENS-Final-AUVC/ros_ws/install/flashing/lib/python3.12/site-packages/flashing-0.0.0-py3.12.egg-info' (and everything under it)\n"}
[72.244090] (-) TimerEvent: {}
[72.251355] (flashing) StdoutLine: {'line': b'Copying ../../build/flashing/flashing.egg-info to /home/ngt/ZENS-Final-AUVC/ros_ws/install/flashing/lib/python3.12/site-packages/flashing-0.0.0-py3.12.egg-info\n'}
[72.287031] (flashing) StdoutLine: {'line': b'running install_scripts\n'}
[72.348070] (-) TimerEvent: {}
[72.451096] (-) TimerEvent: {}
[72.561076] (-) TimerEvent: {}
[72.661982] (-) TimerEvent: {}
[72.769021] (-) TimerEvent: {}
[72.877252] (-) TimerEvent: {}
[72.978632] (-) TimerEvent: {}
[73.079524] (-) TimerEvent: {}
[73.182077] (-) TimerEvent: {}
[73.285026] (-) TimerEvent: {}
[73.385930] (-) TimerEvent: {}
[73.486661] (-) TimerEvent: {}
[73.592705] (-) TimerEvent: {}
[73.693630] (-) TimerEvent: {}
[73.788237] (cv) StdoutLine: {'line': b'Installing calibrate_camera script to /home/ngt/ZENS-Final-AUVC/ros_ws/install/cv/lib/cv\n'}
[73.796976] (-) TimerEvent: {}
[73.798627] (cv) StdoutLine: {'line': b'Installing detect_from_image script to /home/ngt/ZENS-Final-AUVC/ros_ws/install/cv/lib/cv\n'}
[73.799388] (cv) StdoutLine: {'line': b'Installing detection_node script to /home/ngt/ZENS-Final-AUVC/ros_ws/install/cv/lib/cv\n'}
[73.815276] (cv) StdoutLine: {'line': b'Installing fake_camera_node script to /home/ngt/ZENS-Final-AUVC/ros_ws/install/cv/lib/cv\n'}
[73.816077] (cv) StdoutLine: {'line': b'Installing image_saver_node script to /home/ngt/ZENS-Final-AUVC/ros_ws/install/cv/lib/cv\n'}
[73.816724] (cv) StdoutLine: {'line': b'Installing tag_heading_node script to /home/ngt/ZENS-Final-AUVC/ros_ws/install/cv/lib/cv\n'}
[73.830256] (cv) StdoutLine: {'line': b'Installing web_streamer_node script to /home/ngt/ZENS-Final-AUVC/ros_ws/install/cv/lib/cv\n'}
[73.841031] (cv) StdoutLine: {'line': b"writing list of installed files to '/home/ngt/ZENS-Final-AUVC/ros_ws/build/cv/install.log'\n"}
[73.853811] (flashing) StdoutLine: {'line': b'Installing flashing_node script to /home/ngt/ZENS-Final-AUVC/ros_ws/install/flashing/lib/flashing\n'}
[73.884086] (flashing) StdoutLine: {'line': b"writing list of installed files to '/home/ngt/ZENS-Final-AUVC/ros_ws/build/flashing/install.log'\n"}
[73.909039] (-) TimerEvent: {}
[74.009927] (-) TimerEvent: {}
[74.119142] (-) TimerEvent: {}
[74.220061] (-) TimerEvent: {}
[74.324090] (-) TimerEvent: {}
[74.433133] (-) TimerEvent: {}
[74.539073] (-) TimerEvent: {}
[74.640043] (-) TimerEvent: {}
[74.746041] (-) TimerEvent: {}
[74.852029] (-) TimerEvent: {}
[74.952741] (-) TimerEvent: {}
[75.056341] (-) TimerEvent: {}
[75.157359] (-) TimerEvent: {}
[75.264041] (-) TimerEvent: {}
[75.365025] (-) TimerEvent: {}
[75.467074] (-) TimerEvent: {}
[75.571029] (-) TimerEvent: {}
[75.681510] (-) TimerEvent: {}
[75.784046] (cv) CommandEnded: {'returncode': 0}
[75.785583] (-) TimerEvent: {}
[75.905132] (-) TimerEvent: {}
[75.924623] (cv) JobEnded: {'identifier': 'cv', 'rc': 0}
[75.934021] (msgs) JobStarted: {'identifier': 'msgs'}
[76.008158] (-) TimerEvent: {}
[76.051162] (control) CommandEnded: {'returncode': 0}
[76.115358] (-) TimerEvent: {}
[76.183036] (control) JobEnded: {'identifier': 'control', 'rc': 0}
[76.185124] (flashing) CommandEnded: {'returncode': 0}
[76.225171] (-) TimerEvent: {}
[76.344624] (-) TimerEvent: {}
[76.371913] (flashing) JobEnded: {'identifier': 'flashing', 'rc': 0}
[76.445046] (msgs) JobProgress: {'identifier': 'msgs', 'progress': 'cmake'}
[76.445293] (-) TimerEvent: {}
[76.467102] (msgs) JobProgress: {'identifier': 'msgs', 'progress': 'build'}
[76.482116] (msgs) Command: {'cmd': ['/usr/bin/cmake', '--build', '/home/ngt/ZENS-Final-AUVC/ros_ws/build/msgs', '--', '-j4', '-l4'], 'cwd': '/home/ngt/ZENS-Final-AUVC/ros_ws/build/msgs', 'env': OrderedDict({'PYTHON_BASIC_REPL': '1', 'VIRTUALENVWRAPPER_WORKON_CD': '1', 'USER': 'ngt', 'SSH_CLIENT': '192.168.3.1 60480 22', 'WORKON_HOME': '/home/ngt/.virtualenvs', 'GZ_SIM_RESOURCE_PATH': '/opt/ros/jazzy/share', 'GZ_CONFIG_PATH': '/opt/ros/jazzy/opt/gz_sim_vendor/share/gz:/opt/ros/jazzy/opt/sdformat_vendor/share/gz:/opt/ros/jazzy/opt/gz_gui_vendor/share/gz:/opt/ros/jazzy/opt/gz_transport_vendor/share/gz:/opt/ros/jazzy/opt/gz_rendering_vendor/share/gz:/opt/ros/jazzy/opt/gz_plugin_vendor/share/gz:/opt/ros/jazzy/opt/gz_fuel_tools_vendor/share/gz:/opt/ros/jazzy/opt/gz_msgs_vendor/share/gz:/opt/ros/jazzy/opt/gz_common_vendor/share/gz', 'XDG_SESSION_TYPE': 'tty', 'GIT_ASKPASS': '/home/ngt/.vscode-server/cli/servers/Stable-e4c7e7b1d6d060162f4aa7f8225271b67ce1df75/server/extensions/git/dist/askpass.sh', 'SHLVL': '1', 'BROWSER': '/home/ngt/.vscode-server/cli/servers/Stable-e4c7e7b1d6d060162f4aa7f8225271b67ce1df75/server/bin/helpers/browser.sh', 'LD_LIBRARY_PATH': '/home/ngt/ZENS-Final-AUVC/ros_ws/install/msgs/lib:/home/ngt/auvc_ws/install/example_custom_srv/lib:/home/ngt/pid_ws/install/target_depth_msgs/lib:/opt/ros/jazzy/opt/gz_sim_vendor/lib:/opt/ros/jazzy/opt/gz_sensors_vendor/lib:/opt/ros/jazzy/opt/gz_physics_vendor/lib:/opt/ros/jazzy/opt/sdformat_vendor/lib:/opt/ros/jazzy/opt/rviz_ogre_vendor/lib:/opt/ros/jazzy/lib/aarch64-linux-gnu:/opt/ros/jazzy/opt/gz_gui_vendor/lib:/opt/ros/jazzy/opt/gz_transport_vendor/lib:/opt/ros/jazzy/opt/gz_rendering_vendor/lib:/opt/ros/jazzy/opt/gz_plugin_vendor/lib:/opt/ros/jazzy/opt/gz_fuel_tools_vendor/lib:/opt/ros/jazzy/opt/gz_msgs_vendor/lib:/opt/ros/jazzy/opt/gz_common_vendor/lib:/opt/ros/jazzy/opt/gz_math_vendor/lib:/opt/ros/jazzy/opt/gz_utils_vendor/lib:/opt/ros/jazzy/opt/gz_tools_vendor/lib:/opt/ros/jazzy/opt/gz_ogre_next_vendor/lib:/opt/ros/jazzy/opt/gz_dartsim_vendor/lib:/opt/ros/jazzy/opt/gz_cmake_vendor/lib:/opt/ros/jazzy/lib', 'GZ_TRANSPORT_ID': '192.168.3.1', 'HOME': '/home/ngt', 'OLDPWD': '/home/ngt/ZENS-Final-AUVC', 'LESS': '-R', 'VIRTUALENVWRAPPER_PYTHON': '/usr/bin/python3', 'TERM_PROGRAM_VERSION': '1.131.0', 'VSCODE_IPC_HOOK_CLI': '/run/user/1004/vscode-ipc-31f7fcd4-be69-492a-96ac-e7e5e403dd53.sock', 'ZSH': '/home/ngt/.oh-my-zsh', 'LSCOLORS': 'Gxfxcxdxbxegedabagacad', 'GZ_TRANSPORT_PUB_PORT': '11345', 'VSCODE_GIT_ASKPASS_MAIN': '/home/ngt/.vscode-server/cli/servers/Stable-e4c7e7b1d6d060162f4aa7f8225271b67ce1df75/server/extensions/git/dist/askpass-main.js', 'PAGER': 'less', 'ROS_PYTHON_VERSION': '3', 'PS1': '(ardusub) %(?:%{\x1b[01;32m%}%1{➜%} :%{\x1b[01;31m%}%1{➜%} ) %{\x1b[36m%}%c%{\x1b[00m%} $(git_prompt_info)', 'VSCODE_GIT_ASKPASS_NODE': '/home/ngt/.vscode-server/cli/servers/Stable-e4c7e7b1d6d060162f4aa7f8225271b67ce1df75/server/node', 'DBUS_SESSION_BUS_ADDRESS': 'unix:path=/run/user/1004/bus', 'PYDEVD_DISABLE_FILE_VALIDATION': '1', 'BUNDLED_DEBUGPY_PATH': '/home/ngt/.vscode-server/extensions/ms-python.debugpy-2026.6.0-linux-arm64/bundled/libs/debugpy', 'GZ_TRANSPORT_SUB_PORT': '11346', 'VSCODE_PYTHON_AUTOACTIVATE_GUARD': '1', 'COLORTERM': 'truecolor', 'ROS_DISTRO': 'jazzy', 'COLCON_PREFIX_PATH': '/home/ngt/ZENS-Final-AUVC/ros_ws/install:/home/ngt/auvc_ws/install:/home/ngt/cv_ws/install:/home/ngt/pid_ws/install:/home/ngt/auv_dancing/install', 'LOGNAME': 'ngt', '_': '/usr/bin/colcon', 'XDG_SESSION_CLASS': 'user', 'USER_ZDOTDIR': '/home/ngt', 'ROS_VERSION': '2', 'XDG_SESSION_ID': '1', 'TERM': 'xterm-256color', 'PATH': '/home/ngt/.virtualenvs/ardusub/bin:/home/ngt/.opencode/bin:/opt/ros/jazzy/opt/gz_msgs_vendor/bin:/opt/ros/jazzy/opt/gz_tools_vendor/bin:/opt/ros/jazzy/opt/gz_ogre_next_vendor/bin:/opt/ros/jazzy/bin:/usr/lib/ccache:/home/ngt/.vscode-server/data/User/globalStorage/github.copilot-chat/debugCommand:/home/ngt/.vscode-server/data/User/globalStorage/github.copilot-chat/copilotCli:/home/ngt/.vscode-server/cli/servers/Stable-e4c7e7b1d6d060162f4aa7f8225271b67ce1df75/server/bin/remote-cli:/usr/local/sbin:/usr/local/bin:/usr/sbin:/usr/bin:/sbin:/bin:/usr/games:/usr/local/games:/snap/bin:/home/ngt/.vscode-server/extensions/ms-python.debugpy-2026.6.0-linux-arm64/bundled/scripts/noConfigScripts:/home/ngt/.local/bin:/home/ngt/ardupilot/Tools/autotest', 'XDG_RUNTIME_DIR': '/run/user/1004', 'GZ_PARTITION': 'my_sim', 'LANG': 'en_US.UTF-8', 'VSCODE_DEBUGPY_ADAPTER_ENDPOINTS': '/home/ngt/.vscode-server/extensions/ms-python.debugpy-2026.6.0-linux-arm64/.noConfigDebugAdapterEndpoints/endpoint-2bb7be4cd07b4c2b.txt', 'PYTHONSTARTUP': '/home/ngt/.vscode-server/data/User/workspaceStorage/ebe247280dad30c76e3d7235d970e14f/ms-python.python/pythonrc.py', 'VSCODE_INJECTION': '1', 'VIRTUAL_ENV_PROMPT': 'ardusub', 'TERM_PROGRAM': 'vscode', 'VSCODE_GIT_IPC_HANDLE': '/run/user/1004/vscode-git-75828e3940.sock', 'LS_COLORS': 'rs=0:di=01;34:ln=01;36:mh=00:pi=40;33:so=01;35:do=01;35:bd=40;33;01:cd=40;33;01:or=40;31;01:mi=00:su=37;41:sg=30;43:ca=00:tw=30;42:ow=34;42:st=37;44:ex=01;32:*.tar=01;31:*.tgz=01;31:*.arc=01;31:*.arj=01;31:*.taz=01;31:*.lha=01;31:*.lz4=01;31:*.lzh=01;31:*.lzma=01;31:*.tlz=01;31:*.txz=01;31:*.tzo=01;31:*.t7z=01;31:*.zip=01;31:*.z=01;31:*.dz=01;31:*.gz=01;31:*.lrz=01;31:*.lz=01;31:*.lzo=01;31:*.xz=01;31:*.zst=01;31:*.tzst=01;31:*.bz2=01;31:*.bz=01;31:*.tbz=01;31:*.tbz2=01;31:*.tz=01;31:*.deb=01;31:*.rpm=01;31:*.jar=01;31:*.war=01;31:*.ear=01;31:*.sar=01;31:*.rar=01;31:*.alz=01;31:*.ace=01;31:*.zoo=01;31:*.cpio=01;31:*.7z=01;31:*.rz=01;31:*.cab=01;31:*.wim=01;31:*.swm=01;31:*.dwm=01;31:*.esd=01;31:*.avif=01;35:*.jpg=01;35:*.jpeg=01;35:*.mjpg=01;35:*.mjpeg=01;35:*.gif=01;35:*.bmp=01;35:*.pbm=01;35:*.pgm=01;35:*.ppm=01;35:*.tga=01;35:*.xbm=01;35:*.xpm=01;35:*.tif=01;35:*.tiff=01;35:*.png=01;35:*.svg=01;35:*.svgz=01;35:*.mng=01;35:*.pcx=01;35:*.mov=01;35:*.mpg=01;35:*.mpeg=01;35:*.m2v=01;35:*.mkv=01;35:*.webm=01;35:*.webp=01;35:*.ogm=01;35:*.mp4=01;35:*.m4v=01;35:*.mp4v=01;35:*.vob=01;35:*.qt=01;35:*.nuv=01;35:*.wmv=01;35:*.asf=01;35:*.rm=01;35:*.rmvb=01;35:*.flc=01;35:*.avi=01;35:*.fli=01;35:*.flv=01;35:*.gl=01;35:*.dl=01;35:*.xcf=01;35:*.xwd=01;35:*.yuv=01;35:*.cgm=01;35:*.emf=01;35:*.ogv=01;35:*.ogx=01;35:*.aac=00;36:*.au=00;36:*.flac=00;36:*.m4a=00;36:*.mid=00;36:*.midi=00;36:*.mka=00;36:*.mp3=00;36:*.mpc=00;36:*.ogg=00;36:*.ra=00;36:*.wav=00;36:*.oga=00;36:*.opus=00;36:*.spx=00;36:*.xspf=00;36:*~=00;90:*#=00;90:*.bak=00;90:*.crdownload=00;90:*.dpkg-dist=00;90:*.dpkg-new=00;90:*.dpkg-old=00;90:*.dpkg-tmp=00;90:*.old=00;90:*.orig=00;90:*.part=00;90:*.rej=00;90:*.rpmnew=00;90:*.rpmorig=00;90:*.rpmsave=00;90:*.swp=00;90:*.tmp=00;90:*.ucf-dist=00;90:*.ucf-new=00;90:*.ucf-old=00;90:', 'AMENT_PREFIX_PATH': '/home/ngt/ZENS-Final-AUVC/ros_ws/install/msgs:/home/ngt/ZENS-Final-AUVC/ros_ws/install/hardware:/home/ngt/ZENS-Final-AUVC/ros_ws/install/flashing:/home/ngt/ZENS-Final-AUVC/ros_ws/install/cv:/home/ngt/ZENS-Final-AUVC/ros_ws/install/control:/home/ngt/ZENS-Final-AUVC/ros_ws/install/bringup:/home/ngt/auvc_ws/install/tutorial_virtualenvs:/home/ngt/auvc_ws/install/tutorial_pid:/home/ngt/auvc_ws/install/tutorial_ardusub:/home/ngt/auvc_ws/install/tutorial:/home/ngt/auvc_ws/install/rosmav:/home/ngt/auvc_ws/install/example_custom_srv:/home/ngt/cv_ws/install/cv:/home/ngt/pid_ws/install/target_depth_msgs:/home/ngt/pid_ws/install/pid:/home/ngt/auv_dancing/install/tutorial:/opt/ros/jazzy', 'SHELL': '/usr/bin/zsh', 'VIRTUALENVWRAPPER_PROJECT_FILENAME': '.project', 'VIRTUALENVWRAPPER_HOOK_DIR': '/home/ngt/.virtualenvs', 'VSCODE_GIT_ASKPASS_EXTRA_ARGS': '', 'VIRTUALENVWRAPPER_SCRIPT': '/usr/share/virtualenvwrapper/virtualenvwrapper.sh', 'ROS_AUTOMATIC_DISCOVERY_RANGE': 'SUBNET', 'VIRTUAL_ENV': '/home/ngt/.virtualenvs/ardusub', 'LC_ALL': 'en_US.UTF-8', 'PWD': '/home/ngt/ZENS-Final-AUVC/ros_ws/build/msgs', 'SSH_CONNECTION': '192.168.3.1 60480 192.168.3.2 22', 'COPILOT_DEBUG_NONCE': 'ecfdf1043499788fb94714472659d404', 'ZDOTDIR': '/home/ngt', 'PYTHONPATH': '/home/ngt/ZENS-Final-AUVC/ros_ws/install/msgs/lib/python3.12/site-packages:/home/ngt/ZENS-Final-AUVC/ros_ws/install/hardware/lib/python3.12/site-packages:/home/ngt/ZENS-Final-AUVC/ros_ws/install/flashing/lib/python3.12/site-packages:/home/ngt/ZENS-Final-AUVC/ros_ws/install/cv/lib/python3.12/site-packages:/home/ngt/ZENS-Final-AUVC/ros_ws/install/control/lib/python3.12/site-packages:/home/ngt/ZENS-Final-AUVC/ros_ws/install/bringup/lib/python3.12/site-packages:/home/ngt/auvc_ws/install/tutorial_virtualenvs/lib/python3.12/site-packages:/home/ngt/auvc_ws/install/tutorial_pid/lib/python3.12/site-packages:/home/ngt/auvc_ws/install/tutorial_ardusub/lib/python3.12/site-packages:/home/ngt/auvc_ws/install/tutorial/lib/python3.12/site-packages:/home/ngt/auvc_ws/install/rosmav/lib/python3.12/site-packages:/home/ngt/auvc_ws/install/example_custom_srv/lib/python3.12/site-packages:/home/ngt/cv_ws/install/cv/lib/python3.12/site-packages:/home/ngt/pid_ws/install/target_depth_msgs/lib/python3.12/site-packages:/home/ngt/pid_ws/install/pid/lib/python3.12/site-packages:/home/ngt/auv_dancing/install/tutorial/lib/python3.12/site-packages:/opt/ros/jazzy/lib/python3.12/site-packages', 'COLCON': '1', 'CMAKE_PREFIX_PATH': '/home/ngt/ZENS-Final-AUVC/ros_ws/install/msgs:/home/ngt/auvc_ws/install/example_custom_srv:/home/ngt/pid_ws/install/target_depth_msgs:/opt/ros/jazzy/opt/gz_sim_vendor:/opt/ros/jazzy/opt/gz_sensors_vendor:/opt/ros/jazzy/opt/gz_physics_vendor:/opt/ros/jazzy/opt/sdformat_vendor:/opt/ros/jazzy/opt/gz_gui_vendor:/opt/ros/jazzy/opt/gz_transport_vendor:/opt/ros/jazzy/opt/gz_rendering_vendor:/opt/ros/jazzy/opt/gz_plugin_vendor:/opt/ros/jazzy/opt/gz_fuel_tools_vendor:/opt/ros/jazzy/opt/gz_msgs_vendor:/opt/ros/jazzy/opt/gz_common_vendor:/opt/ros/jazzy/opt/gz_math_vendor:/opt/ros/jazzy/opt/gz_utils_vendor:/opt/ros/jazzy/opt/gz_tools_vendor:/opt/ros/jazzy/opt/gz_ogre_next_vendor:/opt/ros/jazzy/opt/gz_dartsim_vendor:/opt/ros/jazzy/opt/gz_cmake_vendor:/home/ngt/ZENS-Final-AUVC/ros_ws/install/hardware:/home/ngt/ZENS-Final-AUVC/ros_ws/install/flashing:/home/ngt/ZENS-Final-AUVC/ros_ws/install/cv:/home/ngt/ZENS-Final-AUVC/ros_ws/install/control:/home/ngt/ZENS-Final-AUVC/ros_ws/install/bringup:/home/ngt/auvc_ws/install/tutorial_virtualenvs:/home/ngt/auvc_ws/install/tutorial_pid:/home/ngt/auvc_ws/install/tutorial_ardusub:/home/ngt/auvc_ws/install/tutorial:/home/ngt/auvc_ws/install/rosmav:/home/ngt/cv_ws/install/cv:/home/ngt/pid_ws/install/pid:/home/ngt/auv_dancing/install/tutorial:/opt/ros/jazzy'}), 'shell': False}
[76.554031] (-) TimerEvent: {}
[76.654792] (-) TimerEvent: {}
[76.765039] (-) TimerEvent: {}
[76.865818] (-) TimerEvent: {}
[76.969032] (-) TimerEvent: {}
[77.072091] (-) TimerEvent: {}
[77.177047] (-) TimerEvent: {}
[77.280045] (-) TimerEvent: {}
[77.383042] (-) TimerEvent: {}
[77.483974] (-) TimerEvent: {}
[77.586046] (-) TimerEvent: {}
[77.690039] (-) TimerEvent: {}
[77.795033] (-) TimerEvent: {}
[77.797805] (msgs) StdoutLine: {'line': b'[  2%] Built target msgs__rs\n'}
[77.898053] (-) TimerEvent: {}
[78.002072] (-) TimerEvent: {}
[78.106089] (-) TimerEvent: {}
[78.207755] (-) TimerEvent: {}
[78.313612] (-) TimerEvent: {}
[78.420118] (-) TimerEvent: {}
[78.523059] (-) TimerEvent: {}
[78.626038] (-) TimerEvent: {}
[78.690420] (msgs) StdoutLine: {'line': b'[  2%] Built target ament_cmake_python_copy_msgs\n'}
[78.729047] (-) TimerEvent: {}
[78.834335] (-) TimerEvent: {}
[78.937062] (-) TimerEvent: {}
[79.038165] (-) TimerEvent: {}
[79.140048] (-) TimerEvent: {}
[79.246040] (-) TimerEvent: {}
[79.338222] (msgs) StdoutLine: {'line': b'[  5%] Built target msgs__rosidl_generator_type_description\n'}
[79.348049] (-) TimerEvent: {}
[79.451104] (-) TimerEvent: {}
[79.552048] (-) TimerEvent: {}
[79.658098] (-) TimerEvent: {}
[79.759041] (-) TimerEvent: {}
[79.862457] (-) TimerEvent: {}
[79.971044] (-) TimerEvent: {}
[80.071975] (-) TimerEvent: {}
[80.175048] (-) TimerEvent: {}
[80.276262] (-) TimerEvent: {}
[80.381036] (-) TimerEvent: {}
[80.481834] (-) TimerEvent: {}
[80.585047] (-) TimerEvent: {}
[80.691041] (-) TimerEvent: {}
[80.793005] (-) TimerEvent: {}
[80.897047] (-) TimerEvent: {}
[81.000068] (-) TimerEvent: {}
[81.100941] (-) TimerEvent: {}
[81.209088] (-) TimerEvent: {}
[81.311050] (-) TimerEvent: {}
[81.412845] (-) TimerEvent: {}
[81.515570] (-) TimerEvent: {}
[81.618585] (-) TimerEvent: {}
[81.723154] (-) TimerEvent: {}
[81.827582] (-) TimerEvent: {}
[81.931047] (-) TimerEvent: {}
[82.031817] (-) TimerEvent: {}
[82.138074] (-) TimerEvent: {}
[82.241130] (-) TimerEvent: {}
[82.344477] (-) TimerEvent: {}
[82.448379] (-) TimerEvent: {}
[82.553138] (-) TimerEvent: {}
[82.654490] (-) TimerEvent: {}
[82.760728] (-) TimerEvent: {}
[82.869150] (-) TimerEvent: {}
[82.971088] (-) TimerEvent: {}
[83.071934] (-) TimerEvent: {}
[83.175381] (-) TimerEvent: {}
[83.280410] (-) TimerEvent: {}
[83.386055] (-) TimerEvent: {}
[83.486821] (-) TimerEvent: {}
[83.590333] (-) TimerEvent: {}
[83.698798] (-) TimerEvent: {}
[83.808021] (-) TimerEvent: {}
[83.909100] (-) TimerEvent: {}
[84.013046] (-) TimerEvent: {}
[84.117045] (-) TimerEvent: {}
[84.220038] (-) TimerEvent: {}
[84.323064] (-) TimerEvent: {}
[84.428039] (-) TimerEvent: {}
[84.531056] (-) TimerEvent: {}
[84.633050] (-) TimerEvent: {}
[84.736075] (-) TimerEvent: {}
[84.836933] (-) TimerEvent: {}
[84.942076] (-) TimerEvent: {}
[85.045033] (-) TimerEvent: {}
[85.145870] (-) TimerEvent: {}
[85.248111] (-) TimerEvent: {}
[85.352255] (-) TimerEvent: {}
[85.458400] (-) TimerEvent: {}
[85.561097] (-) TimerEvent: {}
[85.662111] (-) TimerEvent: {}
[85.763377] (-) TimerEvent: {}
[85.871038] (-) TimerEvent: {}
[85.974004] (-) TimerEvent: {}
[86.078051] (-) TimerEvent: {}
[86.181077] (-) TimerEvent: {}
[86.282486] (-) TimerEvent: {}
[86.389170] (-) TimerEvent: {}
[86.493539] (-) TimerEvent: {}
[86.597042] (-) TimerEvent: {}
[86.633766] (msgs) StdoutLine: {'line': b'running egg_info\n'}
[86.704779] (-) TimerEvent: {}
[86.807998] (-) TimerEvent: {}
[86.913033] (-) TimerEvent: {}
[87.013949] (-) TimerEvent: {}
[87.119089] (-) TimerEvent: {}
[87.222594] (-) TimerEvent: {}
[87.326018] (-) TimerEvent: {}
[87.431015] (-) TimerEvent: {}
[87.533167] (-) TimerEvent: {}
[87.571322] (msgs) StdoutLine: {'line': b'writing msgs.egg-info/PKG-INFO\n'}
[87.579003] (msgs) StdoutLine: {'line': b'writing dependency_links to msgs.egg-info/dependency_links.txt\n'}
[87.583447] (msgs) StdoutLine: {'line': b'writing top-level names to msgs.egg-info/top_level.txt\n'}
[87.635096] (-) TimerEvent: {}
[87.737161] (-) TimerEvent: {}
[87.842038] (-) TimerEvent: {}
[87.943342] (-) TimerEvent: {}
[88.052103] (-) TimerEvent: {}
[88.155113] (-) TimerEvent: {}
[88.256049] (-) TimerEvent: {}
[88.356830] (-) TimerEvent: {}
[88.462271] (-) TimerEvent: {}
[88.568080] (-) TimerEvent: {}
[88.672081] (-) TimerEvent: {}
[88.773014] (-) TimerEvent: {}
[88.879086] (-) TimerEvent: {}
[88.983067] (-) TimerEvent: {}
[89.083833] (-) TimerEvent: {}
[89.192044] (-) TimerEvent: {}
[89.295106] (-) TimerEvent: {}
[89.399047] (-) TimerEvent: {}
[89.501034] (-) TimerEvent: {}
[89.602491] (-) TimerEvent: {}
[89.706681] (-) TimerEvent: {}
[89.807498] (-) TimerEvent: {}
[89.912006] (-) TimerEvent: {}
[90.015052] (-) TimerEvent: {}
[90.118027] (-) TimerEvent: {}
[90.218794] (-) TimerEvent: {}
[90.327165] (-) TimerEvent: {}
[90.428202] (-) TimerEvent: {}
[90.536212] (-) TimerEvent: {}
[90.640050] (-) TimerEvent: {}
[90.744040] (-) TimerEvent: {}
[90.846973] (-) TimerEvent: {}
[90.952365] (-) TimerEvent: {}
[91.056461] (-) TimerEvent: {}
[91.157288] (-) TimerEvent: {}
[91.259143] (-) TimerEvent: {}
[91.363045] (-) TimerEvent: {}
[91.467284] (-) TimerEvent: {}
[91.571057] (-) TimerEvent: {}
[91.671968] (-) TimerEvent: {}
[91.778039] (-) TimerEvent: {}
[91.878761] (-) TimerEvent: {}
[91.985020] (-) TimerEvent: {}
[92.088039] (-) TimerEvent: {}
[92.190031] (-) TimerEvent: {}
[92.293046] (-) TimerEvent: {}
[92.393758] (-) TimerEvent: {}
[92.494568] (-) TimerEvent: {}
[92.596823] (-) TimerEvent: {}
[92.707016] (-) TimerEvent: {}
[92.717634] (msgs) StdoutLine: {'line': b"reading manifest file 'msgs.egg-info/SOURCES.txt'\n"}
[92.725419] (msgs) StdoutLine: {'line': b"writing manifest file 'msgs.egg-info/SOURCES.txt'\n"}
[92.810046] (-) TimerEvent: {}
[92.915078] (-) TimerEvent: {}
[93.018077] (-) TimerEvent: {}
[93.120053] (-) TimerEvent: {}
[93.224206] (-) TimerEvent: {}
[93.325046] (-) TimerEvent: {}
[93.410007] (msgs) StdoutLine: {'line': b'Built target ament_cmake_python_build_msgs_egg\n'}
[93.429679] (-) TimerEvent: {}
[93.532248] (-) TimerEvent: {}
[93.640054] (-) TimerEvent: {}
[93.743045] (-) TimerEvent: {}
[93.848660] (-) TimerEvent: {}
[93.877045] (msgs) StdoutLine: {'line': b'Built target msgs__cpp\n'}
[93.951045] (-) TimerEvent: {}
[94.051723] (-) TimerEvent: {}
[94.155024] (-) TimerEvent: {}
[94.251032] (msgs) StdoutLine: {'line': b'Built target msgs__rosidl_generator_c\n'}
[94.260039] (-) TimerEvent: {}
[94.360707] (-) TimerEvent: {}
[94.461422] (-) TimerEvent: {}
[94.570034] (-) TimerEvent: {}
[94.670830] (-) TimerEvent: {}
[94.772034] (-) TimerEvent: {}
[94.778089] (msgs) StdoutLine: {'line': b'Built target msgs__rosidl_typesupport_fastrtps_c\n'}
[94.874132] (-) TimerEvent: {}
[94.982051] (-) TimerEvent: {}
[95.085054] (-) TimerEvent: {}
[95.185931] (-) TimerEvent: {}
[95.269519] (msgs) StdoutLine: {'line': b'Built target msgs__rosidl_typesupport_c\n'}
[95.290078] (-) TimerEvent: {}
[95.339150] (hardware) Command: {'cmd': ['/usr/bin/python3', '-W', 'ignore:setup.py install is deprecated', '-W', 'ignore:easy_install command is deprecated', 'setup.py', 'egg_info', '--egg-base', '../../build/hardware', 'build', '--build-base', '/home/ngt/ZENS-Final-AUVC/ros_ws/build/hardware/build', 'install', '--record', '/home/ngt/ZENS-Final-AUVC/ros_ws/build/hardware/install.log', '--install-scripts', '$base/lib/hardware', '--single-version-externally-managed', 'install_data'], 'cwd': '/home/ngt/ZENS-Final-AUVC/ros_ws/src/hardware', 'env': {'PYTHON_BASIC_REPL': '1', 'VIRTUALENVWRAPPER_WORKON_CD': '1', 'USER': 'ngt', 'SSH_CLIENT': '192.168.3.1 60480 22', 'WORKON_HOME': '/home/ngt/.virtualenvs', 'GZ_SIM_RESOURCE_PATH': '/opt/ros/jazzy/share', 'GZ_CONFIG_PATH': '/opt/ros/jazzy/opt/gz_sim_vendor/share/gz:/opt/ros/jazzy/opt/sdformat_vendor/share/gz:/opt/ros/jazzy/opt/gz_gui_vendor/share/gz:/opt/ros/jazzy/opt/gz_transport_vendor/share/gz:/opt/ros/jazzy/opt/gz_rendering_vendor/share/gz:/opt/ros/jazzy/opt/gz_plugin_vendor/share/gz:/opt/ros/jazzy/opt/gz_fuel_tools_vendor/share/gz:/opt/ros/jazzy/opt/gz_msgs_vendor/share/gz:/opt/ros/jazzy/opt/gz_common_vendor/share/gz', 'XDG_SESSION_TYPE': 'tty', 'GIT_ASKPASS': '/home/ngt/.vscode-server/cli/servers/Stable-e4c7e7b1d6d060162f4aa7f8225271b67ce1df75/server/extensions/git/dist/askpass.sh', 'SHLVL': '1', 'BROWSER': '/home/ngt/.vscode-server/cli/servers/Stable-e4c7e7b1d6d060162f4aa7f8225271b67ce1df75/server/bin/helpers/browser.sh', 'LD_LIBRARY_PATH': '/home/ngt/ZENS-Final-AUVC/ros_ws/install/msgs/lib:/home/ngt/auvc_ws/install/example_custom_srv/lib:/home/ngt/pid_ws/install/target_depth_msgs/lib:/opt/ros/jazzy/opt/gz_sim_vendor/lib:/opt/ros/jazzy/opt/gz_sensors_vendor/lib:/opt/ros/jazzy/opt/gz_physics_vendor/lib:/opt/ros/jazzy/opt/sdformat_vendor/lib:/opt/ros/jazzy/opt/rviz_ogre_vendor/lib:/opt/ros/jazzy/lib/aarch64-linux-gnu:/opt/ros/jazzy/opt/gz_gui_vendor/lib:/opt/ros/jazzy/opt/gz_transport_vendor/lib:/opt/ros/jazzy/opt/gz_rendering_vendor/lib:/opt/ros/jazzy/opt/gz_plugin_vendor/lib:/opt/ros/jazzy/opt/gz_fuel_tools_vendor/lib:/opt/ros/jazzy/opt/gz_msgs_vendor/lib:/opt/ros/jazzy/opt/gz_common_vendor/lib:/opt/ros/jazzy/opt/gz_math_vendor/lib:/opt/ros/jazzy/opt/gz_utils_vendor/lib:/opt/ros/jazzy/opt/gz_tools_vendor/lib:/opt/ros/jazzy/opt/gz_ogre_next_vendor/lib:/opt/ros/jazzy/opt/gz_dartsim_vendor/lib:/opt/ros/jazzy/opt/gz_cmake_vendor/lib:/opt/ros/jazzy/lib', 'GZ_TRANSPORT_ID': '192.168.3.1', 'HOME': '/home/ngt', 'OLDPWD': '/home/ngt/ZENS-Final-AUVC', 'LESS': '-R', 'VIRTUALENVWRAPPER_PYTHON': '/usr/bin/python3', 'TERM_PROGRAM_VERSION': '1.131.0', 'VSCODE_IPC_HOOK_CLI': '/run/user/1004/vscode-ipc-31f7fcd4-be69-492a-96ac-e7e5e403dd53.sock', 'ZSH': '/home/ngt/.oh-my-zsh', 'LSCOLORS': 'Gxfxcxdxbxegedabagacad', 'GZ_TRANSPORT_PUB_PORT': '11345', 'VSCODE_GIT_ASKPASS_MAIN': '/home/ngt/.vscode-server/cli/servers/Stable-e4c7e7b1d6d060162f4aa7f8225271b67ce1df75/server/extensions/git/dist/askpass-main.js', 'PAGER': 'less', 'ROS_PYTHON_VERSION': '3', 'PS1': '(ardusub) %(?:%{\x1b[01;32m%}%1{➜%} :%{\x1b[01;31m%}%1{➜%} ) %{\x1b[36m%}%c%{\x1b[00m%} $(git_prompt_info)', 'VSCODE_GIT_ASKPASS_NODE': '/home/ngt/.vscode-server/cli/servers/Stable-e4c7e7b1d6d060162f4aa7f8225271b67ce1df75/server/node', 'DBUS_SESSION_BUS_ADDRESS': 'unix:path=/run/user/1004/bus', 'PYDEVD_DISABLE_FILE_VALIDATION': '1', 'BUNDLED_DEBUGPY_PATH': '/home/ngt/.vscode-server/extensions/ms-python.debugpy-2026.6.0-linux-arm64/bundled/libs/debugpy', 'GZ_TRANSPORT_SUB_PORT': '11346', 'VSCODE_PYTHON_AUTOACTIVATE_GUARD': '1', 'COLORTERM': 'truecolor', 'ROS_DISTRO': 'jazzy', 'COLCON_PREFIX_PATH': '/home/ngt/ZENS-Final-AUVC/ros_ws/install:/home/ngt/auvc_ws/install:/home/ngt/cv_ws/install:/home/ngt/pid_ws/install:/home/ngt/auv_dancing/install', 'LOGNAME': 'ngt', '_': '/usr/bin/colcon', 'XDG_SESSION_CLASS': 'user', 'USER_ZDOTDIR': '/home/ngt', 'ROS_VERSION': '2', 'XDG_SESSION_ID': '1', 'TERM': 'xterm-256color', 'PATH': '/home/ngt/.virtualenvs/ardusub/bin:/home/ngt/.opencode/bin:/opt/ros/jazzy/opt/gz_msgs_vendor/bin:/opt/ros/jazzy/opt/gz_tools_vendor/bin:/opt/ros/jazzy/opt/gz_ogre_next_vendor/bin:/opt/ros/jazzy/bin:/usr/lib/ccache:/home/ngt/.vscode-server/data/User/globalStorage/github.copilot-chat/debugCommand:/home/ngt/.vscode-server/data/User/globalStorage/github.copilot-chat/copilotCli:/home/ngt/.vscode-server/cli/servers/Stable-e4c7e7b1d6d060162f4aa7f8225271b67ce1df75/server/bin/remote-cli:/usr/local/sbin:/usr/local/bin:/usr/sbin:/usr/bin:/sbin:/bin:/usr/games:/usr/local/games:/snap/bin:/home/ngt/.vscode-server/extensions/ms-python.debugpy-2026.6.0-linux-arm64/bundled/scripts/noConfigScripts:/home/ngt/.local/bin:/home/ngt/ardupilot/Tools/autotest', 'XDG_RUNTIME_DIR': '/run/user/1004', 'GZ_PARTITION': 'my_sim', 'LANG': 'en_US.UTF-8', 'VSCODE_DEBUGPY_ADAPTER_ENDPOINTS': '/home/ngt/.vscode-server/extensions/ms-python.debugpy-2026.6.0-linux-arm64/.noConfigDebugAdapterEndpoints/endpoint-2bb7be4cd07b4c2b.txt', 'PYTHONSTARTUP': '/home/ngt/.vscode-server/data/User/workspaceStorage/ebe247280dad30c76e3d7235d970e14f/ms-python.python/pythonrc.py', 'VSCODE_INJECTION': '1', 'VIRTUAL_ENV_PROMPT': 'ardusub', 'TERM_PROGRAM': 'vscode', 'VSCODE_GIT_IPC_HANDLE': '/run/user/1004/vscode-git-75828e3940.sock', 'LS_COLORS': 'rs=0:di=01;34:ln=01;36:mh=00:pi=40;33:so=01;35:do=01;35:bd=40;33;01:cd=40;33;01:or=40;31;01:mi=00:su=37;41:sg=30;43:ca=00:tw=30;42:ow=34;42:st=37;44:ex=01;32:*.tar=01;31:*.tgz=01;31:*.arc=01;31:*.arj=01;31:*.taz=01;31:*.lha=01;31:*.lz4=01;31:*.lzh=01;31:*.lzma=01;31:*.tlz=01;31:*.txz=01;31:*.tzo=01;31:*.t7z=01;31:*.zip=01;31:*.z=01;31:*.dz=01;31:*.gz=01;31:*.lrz=01;31:*.lz=01;31:*.lzo=01;31:*.xz=01;31:*.zst=01;31:*.tzst=01;31:*.bz2=01;31:*.bz=01;31:*.tbz=01;31:*.tbz2=01;31:*.tz=01;31:*.deb=01;31:*.rpm=01;31:*.jar=01;31:*.war=01;31:*.ear=01;31:*.sar=01;31:*.rar=01;31:*.alz=01;31:*.ace=01;31:*.zoo=01;31:*.cpio=01;31:*.7z=01;31:*.rz=01;31:*.cab=01;31:*.wim=01;31:*.swm=01;31:*.dwm=01;31:*.esd=01;31:*.avif=01;35:*.jpg=01;35:*.jpeg=01;35:*.mjpg=01;35:*.mjpeg=01;35:*.gif=01;35:*.bmp=01;35:*.pbm=01;35:*.pgm=01;35:*.ppm=01;35:*.tga=01;35:*.xbm=01;35:*.xpm=01;35:*.tif=01;35:*.tiff=01;35:*.png=01;35:*.svg=01;35:*.svgz=01;35:*.mng=01;35:*.pcx=01;35:*.mov=01;35:*.mpg=01;35:*.mpeg=01;35:*.m2v=01;35:*.mkv=01;35:*.webm=01;35:*.webp=01;35:*.ogm=01;35:*.mp4=01;35:*.m4v=01;35:*.mp4v=01;35:*.vob=01;35:*.qt=01;35:*.nuv=01;35:*.wmv=01;35:*.asf=01;35:*.rm=01;35:*.rmvb=01;35:*.flc=01;35:*.avi=01;35:*.fli=01;35:*.flv=01;35:*.gl=01;35:*.dl=01;35:*.xcf=01;35:*.xwd=01;35:*.yuv=01;35:*.cgm=01;35:*.emf=01;35:*.ogv=01;35:*.ogx=01;35:*.aac=00;36:*.au=00;36:*.flac=00;36:*.m4a=00;36:*.mid=00;36:*.midi=00;36:*.mka=00;36:*.mp3=00;36:*.mpc=00;36:*.ogg=00;36:*.ra=00;36:*.wav=00;36:*.oga=00;36:*.opus=00;36:*.spx=00;36:*.xspf=00;36:*~=00;90:*#=00;90:*.bak=00;90:*.crdownload=00;90:*.dpkg-dist=00;90:*.dpkg-new=00;90:*.dpkg-old=00;90:*.dpkg-tmp=00;90:*.old=00;90:*.orig=00;90:*.part=00;90:*.rej=00;90:*.rpmnew=00;90:*.rpmorig=00;90:*.rpmsave=00;90:*.swp=00;90:*.tmp=00;90:*.ucf-dist=00;90:*.ucf-new=00;90:*.ucf-old=00;90:', 'AMENT_PREFIX_PATH': '/home/ngt/ZENS-Final-AUVC/ros_ws/install/msgs:/home/ngt/ZENS-Final-AUVC/ros_ws/install/hardware:/home/ngt/ZENS-Final-AUVC/ros_ws/install/flashing:/home/ngt/ZENS-Final-AUVC/ros_ws/install/cv:/home/ngt/ZENS-Final-AUVC/ros_ws/install/control:/home/ngt/ZENS-Final-AUVC/ros_ws/install/bringup:/home/ngt/auvc_ws/install/tutorial_virtualenvs:/home/ngt/auvc_ws/install/tutorial_pid:/home/ngt/auvc_ws/install/tutorial_ardusub:/home/ngt/auvc_ws/install/tutorial:/home/ngt/auvc_ws/install/rosmav:/home/ngt/auvc_ws/install/example_custom_srv:/home/ngt/cv_ws/install/cv:/home/ngt/pid_ws/install/target_depth_msgs:/home/ngt/pid_ws/install/pid:/home/ngt/auv_dancing/install/tutorial:/opt/ros/jazzy', 'SHELL': '/usr/bin/zsh', 'VIRTUALENVWRAPPER_PROJECT_FILENAME': '.project', 'VIRTUALENVWRAPPER_HOOK_DIR': '/home/ngt/.virtualenvs', 'VSCODE_GIT_ASKPASS_EXTRA_ARGS': '', 'VIRTUALENVWRAPPER_SCRIPT': '/usr/share/virtualenvwrapper/virtualenvwrapper.sh', 'ROS_AUTOMATIC_DISCOVERY_RANGE': 'SUBNET', 'VIRTUAL_ENV': '/home/ngt/.virtualenvs/ardusub', 'LC_ALL': 'en_US.UTF-8', 'PWD': '/home/ngt/ZENS-Final-AUVC/ros_ws/build/hardware', 'SSH_CONNECTION': '192.168.3.1 60480 192.168.3.2 22', 'COPILOT_DEBUG_NONCE': 'ecfdf1043499788fb94714472659d404', 'ZDOTDIR': '/home/ngt', 'PYTHONPATH': '/home/ngt/ZENS-Final-AUVC/ros_ws/build/hardware/prefix_override:/usr/lib/python3/dist-packages/colcon_core/task/python/colcon_distutils_commands:/home/ngt/ZENS-Final-AUVC/ros_ws/install/hardware/lib/python3.12/site-packages:/home/ngt/ZENS-Final-AUVC/ros_ws/install/msgs/lib/python3.12/site-packages:/home/ngt/ZENS-Final-AUVC/ros_ws/install/hardware/lib/python3.12/site-packages:/home/ngt/ZENS-Final-AUVC/ros_ws/install/flashing/lib/python3.12/site-packages:/home/ngt/ZENS-Final-AUVC/ros_ws/install/cv/lib/python3.12/site-packages:/home/ngt/ZENS-Final-AUVC/ros_ws/install/control/lib/python3.12/site-packages:/home/ngt/ZENS-Final-AUVC/ros_ws/install/bringup/lib/python3.12/site-packages:/home/ngt/auvc_ws/install/tutorial_virtualenvs/lib/python3.12/site-packages:/home/ngt/auvc_ws/install/tutorial_pid/lib/python3.12/site-packages:/home/ngt/auvc_ws/install/tutorial_ardusub/lib/python3.12/site-packages:/home/ngt/auvc_ws/install/tutorial/lib/python3.12/site-packages:/home/ngt/auvc_ws/install/rosmav/lib/python3.12/site-packages:/home/ngt/auvc_ws/install/example_custom_srv/lib/python3.12/site-packages:/home/ngt/cv_ws/install/cv/lib/python3.12/site-packages:/home/ngt/pid_ws/install/target_depth_msgs/lib/python3.12/site-packages:/home/ngt/pid_ws/install/pid/lib/python3.12/site-packages:/home/ngt/auv_dancing/install/tutorial/lib/python3.12/site-packages:/opt/ros/jazzy/lib/python3.12/site-packages', 'COLCON': '1', 'CMAKE_PREFIX_PATH': '/home/ngt/ZENS-Final-AUVC/ros_ws/install/msgs:/home/ngt/auvc_ws/install/example_custom_srv:/home/ngt/pid_ws/install/target_depth_msgs:/opt/ros/jazzy/opt/gz_sim_vendor:/opt/ros/jazzy/opt/gz_sensors_vendor:/opt/ros/jazzy/opt/gz_physics_vendor:/opt/ros/jazzy/opt/sdformat_vendor:/opt/ros/jazzy/opt/gz_gui_vendor:/opt/ros/jazzy/opt/gz_transport_vendor:/opt/ros/jazzy/opt/gz_rendering_vendor:/opt/ros/jazzy/opt/gz_plugin_vendor:/opt/ros/jazzy/opt/gz_fuel_tools_vendor:/opt/ros/jazzy/opt/gz_msgs_vendor:/opt/ros/jazzy/opt/gz_common_vendor:/opt/ros/jazzy/opt/gz_math_vendor:/opt/ros/jazzy/opt/gz_utils_vendor:/opt/ros/jazzy/opt/gz_tools_vendor:/opt/ros/jazzy/opt/gz_ogre_next_vendor:/opt/ros/jazzy/opt/gz_dartsim_vendor:/opt/ros/jazzy/opt/gz_cmake_vendor'}, 'shell': False}
[95.393045] (-) TimerEvent: {}
[95.495039] (-) TimerEvent: {}
[95.601053] (-) TimerEvent: {}
[95.704054] (-) TimerEvent: {}
[95.717288] (msgs) StdoutLine: {'line': b'Built target msgs__rosidl_typesupport_introspection_cpp\n'}
[95.805368] (-) TimerEvent: {}
[95.909262] (-) TimerEvent: {}
[96.015833] (-) TimerEvent: {}
[96.116619] (-) TimerEvent: {}
[96.179079] (msgs) StdoutLine: {'line': b'Built target msgs__rosidl_typesupport_cpp\n'}
[96.216868] (-) TimerEvent: {}
[96.323063] (-) TimerEvent: {}
[96.423801] (-) TimerEvent: {}
[96.527223] (-) TimerEvent: {}
[96.570236] (msgs) StdoutLine: {'line': b'Built target msgs__rosidl_typesupport_introspection_c\n'}
[96.627938] (-) TimerEvent: {}
[96.734270] (-) TimerEvent: {}
[96.836032] (-) TimerEvent: {}
[96.939306] (-) TimerEvent: {}
[97.026524] (msgs) StdoutLine: {'line': b'Built target msgs__rosidl_typesupport_fastrtps_cpp\n'}
[97.040820] (-) TimerEvent: {}
[97.145028] (-) TimerEvent: {}
[97.248041] (-) TimerEvent: {}
[97.348847] (-) TimerEvent: {}
[97.406645] (msgs) StdoutLine: {'line': b'Built target msgs\n'}
[97.455186] (-) TimerEvent: {}
[97.560022] (-) TimerEvent: {}
[97.661025] (-) TimerEvent: {}
[97.761961] (-) TimerEvent: {}
[97.852029] (msgs) StdoutLine: {'line': b'Built target msgs__py\n'}
[97.862027] (-) TimerEvent: {}
[97.964112] (-) TimerEvent: {}
[98.067046] (-) TimerEvent: {}
[98.170242] (-) TimerEvent: {}
[98.254025] (msgs) StdoutLine: {'line': b'Built target msgs__rosidl_generator_py\n'}
[98.273053] (-) TimerEvent: {}
[98.373854] (-) TimerEvent: {}
[98.478671] (-) TimerEvent: {}
[98.588040] (-) TimerEvent: {}
[98.688836] (-) TimerEvent: {}
[98.791061] (-) TimerEvent: {}
[98.820011] (msgs) StdoutLine: {'line': b'Built target msgs_s__rosidl_typesupport_fastrtps_c\n'}
[98.891226] (-) TimerEvent: {}
[98.994045] (-) TimerEvent: {}
[99.098032] (-) TimerEvent: {}
[99.201061] (-) TimerEvent: {}
[99.261019] (msgs) StdoutLine: {'line': b'Built target msgs_s__rosidl_typesupport_c\n'}
[99.304151] (-) TimerEvent: {}
[99.405732] (-) TimerEvent: {}
[99.514072] (-) TimerEvent: {}
[99.621087] (-) TimerEvent: {}
[99.714046] (msgs) StdoutLine: {'line': b'Built target msgs_s__rosidl_typesupport_introspection_c\n'}
[99.722188] (-) TimerEvent: {}
[99.825087] (-) TimerEvent: {}
[99.927303] (-) TimerEvent: {}
[99.977737] (msgs) CommandEnded: {'returncode': 0}
[99.991320] (msgs) JobProgress: {'identifier': 'msgs', 'progress': 'install'}
[100.027448] (-) TimerEvent: {}
[100.130434] (-) TimerEvent: {}
[100.142415] (msgs) Command: {'cmd': ['/usr/bin/cmake', '--install', '/home/ngt/ZENS-Final-AUVC/ros_ws/build/msgs'], 'cwd': '/home/ngt/ZENS-Final-AUVC/ros_ws/build/msgs', 'env': OrderedDict({'PYTHON_BASIC_REPL': '1', 'VIRTUALENVWRAPPER_WORKON_CD': '1', 'USER': 'ngt', 'SSH_CLIENT': '192.168.3.1 60480 22', 'WORKON_HOME': '/home/ngt/.virtualenvs', 'GZ_SIM_RESOURCE_PATH': '/opt/ros/jazzy/share', 'GZ_CONFIG_PATH': '/opt/ros/jazzy/opt/gz_sim_vendor/share/gz:/opt/ros/jazzy/opt/sdformat_vendor/share/gz:/opt/ros/jazzy/opt/gz_gui_vendor/share/gz:/opt/ros/jazzy/opt/gz_transport_vendor/share/gz:/opt/ros/jazzy/opt/gz_rendering_vendor/share/gz:/opt/ros/jazzy/opt/gz_plugin_vendor/share/gz:/opt/ros/jazzy/opt/gz_fuel_tools_vendor/share/gz:/opt/ros/jazzy/opt/gz_msgs_vendor/share/gz:/opt/ros/jazzy/opt/gz_common_vendor/share/gz', 'XDG_SESSION_TYPE': 'tty', 'GIT_ASKPASS': '/home/ngt/.vscode-server/cli/servers/Stable-e4c7e7b1d6d060162f4aa7f8225271b67ce1df75/server/extensions/git/dist/askpass.sh', 'SHLVL': '1', 'BROWSER': '/home/ngt/.vscode-server/cli/servers/Stable-e4c7e7b1d6d060162f4aa7f8225271b67ce1df75/server/bin/helpers/browser.sh', 'LD_LIBRARY_PATH': '/home/ngt/ZENS-Final-AUVC/ros_ws/install/msgs/lib:/home/ngt/auvc_ws/install/example_custom_srv/lib:/home/ngt/pid_ws/install/target_depth_msgs/lib:/opt/ros/jazzy/opt/gz_sim_vendor/lib:/opt/ros/jazzy/opt/gz_sensors_vendor/lib:/opt/ros/jazzy/opt/gz_physics_vendor/lib:/opt/ros/jazzy/opt/sdformat_vendor/lib:/opt/ros/jazzy/opt/rviz_ogre_vendor/lib:/opt/ros/jazzy/lib/aarch64-linux-gnu:/opt/ros/jazzy/opt/gz_gui_vendor/lib:/opt/ros/jazzy/opt/gz_transport_vendor/lib:/opt/ros/jazzy/opt/gz_rendering_vendor/lib:/opt/ros/jazzy/opt/gz_plugin_vendor/lib:/opt/ros/jazzy/opt/gz_fuel_tools_vendor/lib:/opt/ros/jazzy/opt/gz_msgs_vendor/lib:/opt/ros/jazzy/opt/gz_common_vendor/lib:/opt/ros/jazzy/opt/gz_math_vendor/lib:/opt/ros/jazzy/opt/gz_utils_vendor/lib:/opt/ros/jazzy/opt/gz_tools_vendor/lib:/opt/ros/jazzy/opt/gz_ogre_next_vendor/lib:/opt/ros/jazzy/opt/gz_dartsim_vendor/lib:/opt/ros/jazzy/opt/gz_cmake_vendor/lib:/opt/ros/jazzy/lib', 'GZ_TRANSPORT_ID': '192.168.3.1', 'HOME': '/home/ngt', 'OLDPWD': '/home/ngt/ZENS-Final-AUVC', 'LESS': '-R', 'VIRTUALENVWRAPPER_PYTHON': '/usr/bin/python3', 'TERM_PROGRAM_VERSION': '1.131.0', 'VSCODE_IPC_HOOK_CLI': '/run/user/1004/vscode-ipc-31f7fcd4-be69-492a-96ac-e7e5e403dd53.sock', 'ZSH': '/home/ngt/.oh-my-zsh', 'LSCOLORS': 'Gxfxcxdxbxegedabagacad', 'GZ_TRANSPORT_PUB_PORT': '11345', 'VSCODE_GIT_ASKPASS_MAIN': '/home/ngt/.vscode-server/cli/servers/Stable-e4c7e7b1d6d060162f4aa7f8225271b67ce1df75/server/extensions/git/dist/askpass-main.js', 'PAGER': 'less', 'ROS_PYTHON_VERSION': '3', 'PS1': '(ardusub) %(?:%{\x1b[01;32m%}%1{➜%} :%{\x1b[01;31m%}%1{➜%} ) %{\x1b[36m%}%c%{\x1b[00m%} $(git_prompt_info)', 'VSCODE_GIT_ASKPASS_NODE': '/home/ngt/.vscode-server/cli/servers/Stable-e4c7e7b1d6d060162f4aa7f8225271b67ce1df75/server/node', 'DBUS_SESSION_BUS_ADDRESS': 'unix:path=/run/user/1004/bus', 'PYDEVD_DISABLE_FILE_VALIDATION': '1', 'BUNDLED_DEBUGPY_PATH': '/home/ngt/.vscode-server/extensions/ms-python.debugpy-2026.6.0-linux-arm64/bundled/libs/debugpy', 'GZ_TRANSPORT_SUB_PORT': '11346', 'VSCODE_PYTHON_AUTOACTIVATE_GUARD': '1', 'COLORTERM': 'truecolor', 'ROS_DISTRO': 'jazzy', 'COLCON_PREFIX_PATH': '/home/ngt/ZENS-Final-AUVC/ros_ws/install:/home/ngt/auvc_ws/install:/home/ngt/cv_ws/install:/home/ngt/pid_ws/install:/home/ngt/auv_dancing/install', 'LOGNAME': 'ngt', '_': '/usr/bin/colcon', 'XDG_SESSION_CLASS': 'user', 'USER_ZDOTDIR': '/home/ngt', 'ROS_VERSION': '2', 'XDG_SESSION_ID': '1', 'TERM': 'xterm-256color', 'PATH': '/home/ngt/.virtualenvs/ardusub/bin:/home/ngt/.opencode/bin:/opt/ros/jazzy/opt/gz_msgs_vendor/bin:/opt/ros/jazzy/opt/gz_tools_vendor/bin:/opt/ros/jazzy/opt/gz_ogre_next_vendor/bin:/opt/ros/jazzy/bin:/usr/lib/ccache:/home/ngt/.vscode-server/data/User/globalStorage/github.copilot-chat/debugCommand:/home/ngt/.vscode-server/data/User/globalStorage/github.copilot-chat/copilotCli:/home/ngt/.vscode-server/cli/servers/Stable-e4c7e7b1d6d060162f4aa7f8225271b67ce1df75/server/bin/remote-cli:/usr/local/sbin:/usr/local/bin:/usr/sbin:/usr/bin:/sbin:/bin:/usr/games:/usr/local/games:/snap/bin:/home/ngt/.vscode-server/extensions/ms-python.debugpy-2026.6.0-linux-arm64/bundled/scripts/noConfigScripts:/home/ngt/.local/bin:/home/ngt/ardupilot/Tools/autotest', 'XDG_RUNTIME_DIR': '/run/user/1004', 'GZ_PARTITION': 'my_sim', 'LANG': 'en_US.UTF-8', 'VSCODE_DEBUGPY_ADAPTER_ENDPOINTS': '/home/ngt/.vscode-server/extensions/ms-python.debugpy-2026.6.0-linux-arm64/.noConfigDebugAdapterEndpoints/endpoint-2bb7be4cd07b4c2b.txt', 'PYTHONSTARTUP': '/home/ngt/.vscode-server/data/User/workspaceStorage/ebe247280dad30c76e3d7235d970e14f/ms-python.python/pythonrc.py', 'VSCODE_INJECTION': '1', 'VIRTUAL_ENV_PROMPT': 'ardusub', 'TERM_PROGRAM': 'vscode', 'VSCODE_GIT_IPC_HANDLE': '/run/user/1004/vscode-git-75828e3940.sock', 'LS_COLORS': 'rs=0:di=01;34:ln=01;36:mh=00:pi=40;33:so=01;35:do=01;35:bd=40;33;01:cd=40;33;01:or=40;31;01:mi=00:su=37;41:sg=30;43:ca=00:tw=30;42:ow=34;42:st=37;44:ex=01;32:*.tar=01;31:*.tgz=01;31:*.arc=01;31:*.arj=01;31:*.taz=01;31:*.lha=01;31:*.lz4=01;31:*.lzh=01;31:*.lzma=01;31:*.tlz=01;31:*.txz=01;31:*.tzo=01;31:*.t7z=01;31:*.zip=01;31:*.z=01;31:*.dz=01;31:*.gz=01;31:*.lrz=01;31:*.lz=01;31:*.lzo=01;31:*.xz=01;31:*.zst=01;31:*.tzst=01;31:*.bz2=01;31:*.bz=01;31:*.tbz=01;31:*.tbz2=01;31:*.tz=01;31:*.deb=01;31:*.rpm=01;31:*.jar=01;31:*.war=01;31:*.ear=01;31:*.sar=01;31:*.rar=01;31:*.alz=01;31:*.ace=01;31:*.zoo=01;31:*.cpio=01;31:*.7z=01;31:*.rz=01;31:*.cab=01;31:*.wim=01;31:*.swm=01;31:*.dwm=01;31:*.esd=01;31:*.avif=01;35:*.jpg=01;35:*.jpeg=01;35:*.mjpg=01;35:*.mjpeg=01;35:*.gif=01;35:*.bmp=01;35:*.pbm=01;35:*.pgm=01;35:*.ppm=01;35:*.tga=01;35:*.xbm=01;35:*.xpm=01;35:*.tif=01;35:*.tiff=01;35:*.png=01;35:*.svg=01;35:*.svgz=01;35:*.mng=01;35:*.pcx=01;35:*.mov=01;35:*.mpg=01;35:*.mpeg=01;35:*.m2v=01;35:*.mkv=01;35:*.webm=01;35:*.webp=01;35:*.ogm=01;35:*.mp4=01;35:*.m4v=01;35:*.mp4v=01;35:*.vob=01;35:*.qt=01;35:*.nuv=01;35:*.wmv=01;35:*.asf=01;35:*.rm=01;35:*.rmvb=01;35:*.flc=01;35:*.avi=01;35:*.fli=01;35:*.flv=01;35:*.gl=01;35:*.dl=01;35:*.xcf=01;35:*.xwd=01;35:*.yuv=01;35:*.cgm=01;35:*.emf=01;35:*.ogv=01;35:*.ogx=01;35:*.aac=00;36:*.au=00;36:*.flac=00;36:*.m4a=00;36:*.mid=00;36:*.midi=00;36:*.mka=00;36:*.mp3=00;36:*.mpc=00;36:*.ogg=00;36:*.ra=00;36:*.wav=00;36:*.oga=00;36:*.opus=00;36:*.spx=00;36:*.xspf=00;36:*~=00;90:*#=00;90:*.bak=00;90:*.crdownload=00;90:*.dpkg-dist=00;90:*.dpkg-new=00;90:*.dpkg-old=00;90:*.dpkg-tmp=00;90:*.old=00;90:*.orig=00;90:*.part=00;90:*.rej=00;90:*.rpmnew=00;90:*.rpmorig=00;90:*.rpmsave=00;90:*.swp=00;90:*.tmp=00;90:*.ucf-dist=00;90:*.ucf-new=00;90:*.ucf-old=00;90:', 'AMENT_PREFIX_PATH': '/home/ngt/ZENS-Final-AUVC/ros_ws/install/msgs:/home/ngt/ZENS-Final-AUVC/ros_ws/install/hardware:/home/ngt/ZENS-Final-AUVC/ros_ws/install/flashing:/home/ngt/ZENS-Final-AUVC/ros_ws/install/cv:/home/ngt/ZENS-Final-AUVC/ros_ws/install/control:/home/ngt/ZENS-Final-AUVC/ros_ws/install/bringup:/home/ngt/auvc_ws/install/tutorial_virtualenvs:/home/ngt/auvc_ws/install/tutorial_pid:/home/ngt/auvc_ws/install/tutorial_ardusub:/home/ngt/auvc_ws/install/tutorial:/home/ngt/auvc_ws/install/rosmav:/home/ngt/auvc_ws/install/example_custom_srv:/home/ngt/cv_ws/install/cv:/home/ngt/pid_ws/install/target_depth_msgs:/home/ngt/pid_ws/install/pid:/home/ngt/auv_dancing/install/tutorial:/opt/ros/jazzy', 'SHELL': '/usr/bin/zsh', 'VIRTUALENVWRAPPER_PROJECT_FILENAME': '.project', 'VIRTUALENVWRAPPER_HOOK_DIR': '/home/ngt/.virtualenvs', 'VSCODE_GIT_ASKPASS_EXTRA_ARGS': '', 'VIRTUALENVWRAPPER_SCRIPT': '/usr/share/virtualenvwrapper/virtualenvwrapper.sh', 'ROS_AUTOMATIC_DISCOVERY_RANGE': 'SUBNET', 'VIRTUAL_ENV': '/home/ngt/.virtualenvs/ardusub', 'LC_ALL': 'en_US.UTF-8', 'PWD': '/home/ngt/ZENS-Final-AUVC/ros_ws/build/msgs', 'SSH_CONNECTION': '192.168.3.1 60480 192.168.3.2 22', 'COPILOT_DEBUG_NONCE': 'ecfdf1043499788fb94714472659d404', 'ZDOTDIR': '/home/ngt', 'PYTHONPATH': '/home/ngt/ZENS-Final-AUVC/ros_ws/install/msgs/lib/python3.12/site-packages:/home/ngt/ZENS-Final-AUVC/ros_ws/install/hardware/lib/python3.12/site-packages:/home/ngt/ZENS-Final-AUVC/ros_ws/install/flashing/lib/python3.12/site-packages:/home/ngt/ZENS-Final-AUVC/ros_ws/install/cv/lib/python3.12/site-packages:/home/ngt/ZENS-Final-AUVC/ros_ws/install/control/lib/python3.12/site-packages:/home/ngt/ZENS-Final-AUVC/ros_ws/install/bringup/lib/python3.12/site-packages:/home/ngt/auvc_ws/install/tutorial_virtualenvs/lib/python3.12/site-packages:/home/ngt/auvc_ws/install/tutorial_pid/lib/python3.12/site-packages:/home/ngt/auvc_ws/install/tutorial_ardusub/lib/python3.12/site-packages:/home/ngt/auvc_ws/install/tutorial/lib/python3.12/site-packages:/home/ngt/auvc_ws/install/rosmav/lib/python3.12/site-packages:/home/ngt/auvc_ws/install/example_custom_srv/lib/python3.12/site-packages:/home/ngt/cv_ws/install/cv/lib/python3.12/site-packages:/home/ngt/pid_ws/install/target_depth_msgs/lib/python3.12/site-packages:/home/ngt/pid_ws/install/pid/lib/python3.12/site-packages:/home/ngt/auv_dancing/install/tutorial/lib/python3.12/site-packages:/opt/ros/jazzy/lib/python3.12/site-packages', 'COLCON': '1', 'CMAKE_PREFIX_PATH': '/home/ngt/ZENS-Final-AUVC/ros_ws/install/msgs:/home/ngt/auvc_ws/install/example_custom_srv:/home/ngt/pid_ws/install/target_depth_msgs:/opt/ros/jazzy/opt/gz_sim_vendor:/opt/ros/jazzy/opt/gz_sensors_vendor:/opt/ros/jazzy/opt/gz_physics_vendor:/opt/ros/jazzy/opt/sdformat_vendor:/opt/ros/jazzy/opt/gz_gui_vendor:/opt/ros/jazzy/opt/gz_transport_vendor:/opt/ros/jazzy/opt/gz_rendering_vendor:/opt/ros/jazzy/opt/gz_plugin_vendor:/opt/ros/jazzy/opt/gz_fuel_tools_vendor:/opt/ros/jazzy/opt/gz_msgs_vendor:/opt/ros/jazzy/opt/gz_common_vendor:/opt/ros/jazzy/opt/gz_math_vendor:/opt/ros/jazzy/opt/gz_utils_vendor:/opt/ros/jazzy/opt/gz_tools_vendor:/opt/ros/jazzy/opt/gz_ogre_next_vendor:/opt/ros/jazzy/opt/gz_dartsim_vendor:/opt/ros/jazzy/opt/gz_cmake_vendor:/home/ngt/ZENS-Final-AUVC/ros_ws/install/hardware:/home/ngt/ZENS-Final-AUVC/ros_ws/install/flashing:/home/ngt/ZENS-Final-AUVC/ros_ws/install/cv:/home/ngt/ZENS-Final-AUVC/ros_ws/install/control:/home/ngt/ZENS-Final-AUVC/ros_ws/install/bringup:/home/ngt/auvc_ws/install/tutorial_virtualenvs:/home/ngt/auvc_ws/install/tutorial_pid:/home/ngt/auvc_ws/install/tutorial_ardusub:/home/ngt/auvc_ws/install/tutorial:/home/ngt/auvc_ws/install/rosmav:/home/ngt/cv_ws/install/cv:/home/ngt/pid_ws/install/pid:/home/ngt/auv_dancing/install/tutorial:/opt/ros/jazzy'}), 'shell': False}
[100.240048] (-) TimerEvent: {}
[100.344163] (-) TimerEvent: {}
[100.429132] (msgs) StdoutLine: {'line': b'-- Install configuration: ""\n'}
[100.433438] (msgs) StdoutLine: {'line': b'-- Up-to-date: /home/ngt/ZENS-Final-AUVC/ros_ws/install/msgs/share/ament_index/resource_index/rosidl_interfaces/msgs\n'}
[100.435777] (msgs) StdoutLine: {'line': b'-- Up-to-date: /home/ngt/ZENS-Final-AUVC/ros_ws/install/msgs/share/msgs/msg/TargetDepth.json\n'}
[100.449260] (-) TimerEvent: {}
[100.459748] (msgs) StdoutLine: {'line': b'-- Up-to-date: /home/ngt/ZENS-Final-AUVC/ros_ws/install/msgs/include/msgs/msgs\n'}
[100.460510] (msgs) StdoutLine: {'line': b'-- Up-to-date: /home/ngt/ZENS-Final-AUVC/ros_ws/install/msgs/include/msgs/msgs/msg\n'}
[100.461511] (msgs) StdoutLine: {'line': b'-- Up-to-date: /home/ngt/ZENS-Final-AUVC/ros_ws/install/msgs/include/msgs/msgs/msg/detail\n'}
[100.465299] (msgs) StdoutLine: {'line': b'-- Up-to-date: /home/ngt/ZENS-Final-AUVC/ros_ws/install/msgs/include/msgs/msgs/msg/detail/target_depth__struct.h\n'}
[100.467977] (msgs) StdoutLine: {'line': b'-- Installing: /home/ngt/ZENS-Final-AUVC/ros_ws/install/msgs/include/msgs/msgs/msg/detail/target_depth__type_support.c\n'}
[100.470495] (msgs) StdoutLine: {'line': b'-- Up-to-date: /home/ngt/ZENS-Final-AUVC/ros_ws/install/msgs/include/msgs/msgs/msg/detail/target_depth__functions.c\n'}
[100.474853] (msgs) StdoutLine: {'line': b'-- Up-to-date: /home/ngt/ZENS-Final-AUVC/ros_ws/install/msgs/include/msgs/msgs/msg/detail/target_depth__functions.h\n'}
[100.476289] (msgs) StdoutLine: {'line': b'-- Up-to-date: /home/ngt/ZENS-Final-AUVC/ros_ws/install/msgs/include/msgs/msgs/msg/detail/target_depth__description.c\n'}
[100.477418] (msgs) StdoutLine: {'line': b'-- Up-to-date: /home/ngt/ZENS-Final-AUVC/ros_ws/install/msgs/include/msgs/msgs/msg/detail/target_depth__type_support.h\n'}
[100.481954] (msgs) StdoutLine: {'line': b'-- Up-to-date: /home/ngt/ZENS-Final-AUVC/ros_ws/install/msgs/include/msgs/msgs/msg/target_depth.h\n'}
[100.487499] (msgs) StdoutLine: {'line': b'-- Up-to-date: /home/ngt/ZENS-Final-AUVC/ros_ws/install/msgs/include/msgs/msgs/msg/rosidl_generator_c__visibility_control.h\n'}
[100.489176] (msgs) StdoutLine: {'line': b'-- Up-to-date: /home/ngt/ZENS-Final-AUVC/ros_ws/install/msgs/share/msgs/environment/library_path.sh\n'}
[100.494367] (msgs) StdoutLine: {'line': b'-- Up-to-date: /home/ngt/ZENS-Final-AUVC/ros_ws/install/msgs/share/msgs/environment/library_path.dsv\n'}
[100.512040] (msgs) StdoutLine: {'line': b'-- Up-to-date: /home/ngt/ZENS-Final-AUVC/ros_ws/install/msgs/lib/libmsgs__rosidl_generator_c.so\n'}
[100.513781] (msgs) StdoutLine: {'line': b'-- Up-to-date: /home/ngt/ZENS-Final-AUVC/ros_ws/install/msgs/include/msgs/msgs\n'}
[100.522555] (msgs) StdoutLine: {'line': b'-- Up-to-date: /home/ngt/ZENS-Final-AUVC/ros_ws/install/msgs/include/msgs/msgs/msg\n'}
[100.523850] (msgs) StdoutLine: {'line': b'-- Up-to-date: /home/ngt/ZENS-Final-AUVC/ros_ws/install/msgs/include/msgs/msgs/msg/rosidl_typesupport_fastrtps_c__visibility_control.h\n'}
[100.531327] (msgs) StdoutLine: {'line': b'-- Up-to-date: /home/ngt/ZENS-Final-AUVC/ros_ws/install/msgs/include/msgs/msgs/msg/detail\n'}
[100.542154] (msgs) StdoutLine: {'line': b'-- Up-to-date: /home/ngt/ZENS-Final-AUVC/ros_ws/install/msgs/include/msgs/msgs/msg/detail/target_depth__rosidl_typesupport_fastrtps_c.h\n'}
[100.543536] (msgs) StdoutLine: {'line': b'-- Up-to-date: /home/ngt/ZENS-Final-AUVC/ros_ws/install/msgs/lib/libmsgs__rosidl_typesupport_fastrtps_c.so\n'}
[100.544584] (msgs) StdoutLine: {'line': b'-- Up-to-date: /home/ngt/ZENS-Final-AUVC/ros_ws/install/msgs/include/msgs/msgs\n'}
[100.557168] (-) TimerEvent: {}
[100.558311] (msgs) StdoutLine: {'line': b'-- Up-to-date: /home/ngt/ZENS-Final-AUVC/ros_ws/install/msgs/include/msgs/msgs/msg\n'}
[100.569226] (msgs) StdoutLine: {'line': b'-- Up-to-date: /home/ngt/ZENS-Final-AUVC/ros_ws/install/msgs/include/msgs/msgs/msg/rosidl_generator_cpp__visibility_control.hpp\n'}
[100.573208] (msgs) StdoutLine: {'line': b'-- Up-to-date: /home/ngt/ZENS-Final-AUVC/ros_ws/install/msgs/include/msgs/msgs/msg/detail\n'}
[100.582443] (msgs) StdoutLine: {'line': b'-- Up-to-date: /home/ngt/ZENS-Final-AUVC/ros_ws/install/msgs/include/msgs/msgs/msg/detail/target_depth__traits.hpp\n'}
[100.590654] (msgs) StdoutLine: {'line': b'-- Up-to-date: /home/ngt/ZENS-Final-AUVC/ros_ws/install/msgs/include/msgs/msgs/msg/detail/target_depth__type_support.hpp\n'}
[100.592198] (msgs) StdoutLine: {'line': b'-- Up-to-date: /home/ngt/ZENS-Final-AUVC/ros_ws/install/msgs/include/msgs/msgs/msg/detail/target_depth__builder.hpp\n'}
[100.600030] (msgs) StdoutLine: {'line': b'-- Up-to-date: /home/ngt/ZENS-Final-AUVC/ros_ws/install/msgs/include/msgs/msgs/msg/detail/target_depth__struct.hpp\n'}
[100.607671] (msgs) StdoutLine: {'line': b'-- Up-to-date: /home/ngt/ZENS-Final-AUVC/ros_ws/install/msgs/include/msgs/msgs/msg/target_depth.hpp\n'}
[100.609185] (msgs) StdoutLine: {'line': b'-- Up-to-date: /home/ngt/ZENS-Final-AUVC/ros_ws/install/msgs/include/msgs/msgs\n'}
[100.622297] (msgs) StdoutLine: {'line': b'-- Up-to-date: /home/ngt/ZENS-Final-AUVC/ros_ws/install/msgs/include/msgs/msgs/msg\n'}
[100.629325] (msgs) StdoutLine: {'line': b'-- Up-to-date: /home/ngt/ZENS-Final-AUVC/ros_ws/install/msgs/include/msgs/msgs/msg/rosidl_typesupport_fastrtps_cpp__visibility_control.h\n'}
[100.633567] (msgs) StdoutLine: {'line': b'-- Up-to-date: /home/ngt/ZENS-Final-AUVC/ros_ws/install/msgs/include/msgs/msgs/msg/detail\n'}
[100.635014] (msgs) StdoutLine: {'line': b'-- Up-to-date: /home/ngt/ZENS-Final-AUVC/ros_ws/install/msgs/include/msgs/msgs/msg/detail/dds_fastrtps\n'}
[100.644173] (msgs) StdoutLine: {'line': b'-- Up-to-date: /home/ngt/ZENS-Final-AUVC/ros_ws/install/msgs/include/msgs/msgs/msg/detail/target_depth__rosidl_typesupport_fastrtps_cpp.hpp\n'}
[100.644997] (msgs) StdoutLine: {'line': b'-- Up-to-date: /home/ngt/ZENS-Final-AUVC/ros_ws/install/msgs/lib/libmsgs__rosidl_typesupport_fastrtps_cpp.so\n'}
[100.645585] (msgs) StdoutLine: {'line': b'-- Up-to-date: /home/ngt/ZENS-Final-AUVC/ros_ws/install/msgs/include/msgs/msgs\n'}
[100.646101] (msgs) StdoutLine: {'line': b'-- Up-to-date: /home/ngt/ZENS-Final-AUVC/ros_ws/install/msgs/include/msgs/msgs/msg\n'}
[100.655954] (msgs) StdoutLine: {'line': b'-- Up-to-date: /home/ngt/ZENS-Final-AUVC/ros_ws/install/msgs/include/msgs/msgs/msg/rosidl_typesupport_introspection_c__visibility_control.h\n'}
[100.657133] (msgs) StdoutLine: {'line': b'-- Up-to-date: /home/ngt/ZENS-Final-AUVC/ros_ws/install/msgs/include/msgs/msgs/msg/detail\n'}
[100.661845] (-) TimerEvent: {}
[100.663192] (msgs) StdoutLine: {'line': b'-- Installing: /home/ngt/ZENS-Final-AUVC/ros_ws/install/msgs/include/msgs/msgs/msg/detail/target_depth__type_support.c\n'}
[100.664424] (msgs) StdoutLine: {'line': b'-- Up-to-date: /home/ngt/ZENS-Final-AUVC/ros_ws/install/msgs/include/msgs/msgs/msg/detail/target_depth__rosidl_typesupport_introspection_c.h\n'}
[100.670160] (msgs) StdoutLine: {'line': b'-- Up-to-date: /home/ngt/ZENS-Final-AUVC/ros_ws/install/msgs/lib/libmsgs__rosidl_typesupport_introspection_c.so\n'}
[100.671009] (msgs) StdoutLine: {'line': b'-- Up-to-date: /home/ngt/ZENS-Final-AUVC/ros_ws/install/msgs/lib/libmsgs__rosidl_typesupport_c.so\n'}
[100.671799] (msgs) StdoutLine: {'line': b'-- Up-to-date: /home/ngt/ZENS-Final-AUVC/ros_ws/install/msgs/include/msgs/msgs\n'}
[100.676050] (msgs) StdoutLine: {'line': b'-- Up-to-date: /home/ngt/ZENS-Final-AUVC/ros_ws/install/msgs/include/msgs/msgs/msg\n'}
[100.676828] (msgs) StdoutLine: {'line': b'-- Up-to-date: /home/ngt/ZENS-Final-AUVC/ros_ws/install/msgs/include/msgs/msgs/msg/detail\n'}
[100.677637] (msgs) StdoutLine: {'line': b'-- Up-to-date: /home/ngt/ZENS-Final-AUVC/ros_ws/install/msgs/include/msgs/msgs/msg/detail/target_depth__rosidl_typesupport_introspection_cpp.hpp\n'}
[100.682557] (msgs) StdoutLine: {'line': b'-- Up-to-date: /home/ngt/ZENS-Final-AUVC/ros_ws/install/msgs/include/msgs/msgs/msg/detail/target_depth__type_support.cpp\n'}
[100.683757] (msgs) StdoutLine: {'line': b'-- Up-to-date: /home/ngt/ZENS-Final-AUVC/ros_ws/install/msgs/lib/libmsgs__rosidl_typesupport_introspection_cpp.so\n'}
[100.688764] (msgs) StdoutLine: {'line': b'-- Up-to-date: /home/ngt/ZENS-Final-AUVC/ros_ws/install/msgs/lib/libmsgs__rosidl_typesupport_cpp.so\n'}
[100.693272] (msgs) StdoutLine: {'line': b'-- Up-to-date: /home/ngt/ZENS-Final-AUVC/ros_ws/install/msgs/share/msgs/environment/pythonpath.sh\n'}
[100.693934] (msgs) StdoutLine: {'line': b'-- Up-to-date: /home/ngt/ZENS-Final-AUVC/ros_ws/install/msgs/share/msgs/environment/pythonpath.dsv\n'}
[100.694682] (msgs) StdoutLine: {'line': b'-- Up-to-date: /home/ngt/ZENS-Final-AUVC/ros_ws/install/msgs/lib/python3.12/site-packages/msgs-0.0.0-py3.12.egg-info\n'}
[100.695731] (msgs) StdoutLine: {'line': b'-- Installing: /home/ngt/ZENS-Final-AUVC/ros_ws/install/msgs/lib/python3.12/site-packages/msgs-0.0.0-py3.12.egg-info/SOURCES.txt\n'}
[100.699532] (msgs) StdoutLine: {'line': b'-- Installing: /home/ngt/ZENS-Final-AUVC/ros_ws/install/msgs/lib/python3.12/site-packages/msgs-0.0.0-py3.12.egg-info/top_level.txt\n'}
[100.700111] (msgs) StdoutLine: {'line': b'-- Installing: /home/ngt/ZENS-Final-AUVC/ros_ws/install/msgs/lib/python3.12/site-packages/msgs-0.0.0-py3.12.egg-info/dependency_links.txt\n'}
[100.700821] (msgs) StdoutLine: {'line': b'-- Installing: /home/ngt/ZENS-Final-AUVC/ros_ws/install/msgs/lib/python3.12/site-packages/msgs-0.0.0-py3.12.egg-info/PKG-INFO\n'}
[100.701316] (msgs) StdoutLine: {'line': b'-- Up-to-date: /home/ngt/ZENS-Final-AUVC/ros_ws/install/msgs/lib/python3.12/site-packages/msgs\n'}
[100.701698] (msgs) StdoutLine: {'line': b'-- Up-to-date: /home/ngt/ZENS-Final-AUVC/ros_ws/install/msgs/lib/python3.12/site-packages/msgs/msgs_s__rosidl_typesupport_fastrtps_c.so\n'}
[100.705360] (msgs) StdoutLine: {'line': b'-- Up-to-date: /home/ngt/ZENS-Final-AUVC/ros_ws/install/msgs/lib/python3.12/site-packages/msgs/msgs_s__rosidl_typesupport_c.so\n'}
[100.705822] (msgs) StdoutLine: {'line': b'-- Up-to-date: /home/ngt/ZENS-Final-AUVC/ros_ws/install/msgs/lib/python3.12/site-packages/msgs/msg\n'}
[100.706371] (msgs) StdoutLine: {'line': b'-- Up-to-date: /home/ngt/ZENS-Final-AUVC/ros_ws/install/msgs/lib/python3.12/site-packages/msgs/msg/_target_depth.py\n'}
[100.706783] (msgs) StdoutLine: {'line': b'-- Up-to-date: /home/ngt/ZENS-Final-AUVC/ros_ws/install/msgs/lib/python3.12/site-packages/msgs/msg/_target_depth_s.c\n'}
[100.707245] (msgs) StdoutLine: {'line': b'-- Up-to-date: /home/ngt/ZENS-Final-AUVC/ros_ws/install/msgs/lib/python3.12/site-packages/msgs/msg/__init__.py\n'}
[100.707698] (msgs) StdoutLine: {'line': b'-- Up-to-date: /home/ngt/ZENS-Final-AUVC/ros_ws/install/msgs/lib/python3.12/site-packages/msgs/_msgs_s.ep.rosidl_typesupport_introspection_c.c\n'}
[100.713123] (msgs) StdoutLine: {'line': b'-- Up-to-date: /home/ngt/ZENS-Final-AUVC/ros_ws/install/msgs/lib/python3.12/site-packages/msgs/_msgs_s.ep.rosidl_typesupport_fastrtps_c.c\n'}
[100.713717] (msgs) StdoutLine: {'line': b'-- Up-to-date: /home/ngt/ZENS-Final-AUVC/ros_ws/install/msgs/lib/python3.12/site-packages/msgs/msgs_s__rosidl_typesupport_introspection_c.so\n'}
[100.714258] (msgs) StdoutLine: {'line': b'-- Up-to-date: /home/ngt/ZENS-Final-AUVC/ros_ws/install/msgs/lib/python3.12/site-packages/msgs/_msgs_s.ep.rosidl_typesupport_c.c\n'}
[100.714732] (msgs) StdoutLine: {'line': b'-- Up-to-date: /home/ngt/ZENS-Final-AUVC/ros_ws/install/msgs/lib/python3.12/site-packages/msgs/__init__.py\n'}
[100.764242] (-) TimerEvent: {}
[100.866965] (-) TimerEvent: {}
[100.971105] (-) TimerEvent: {}
[101.072259] (-) TimerEvent: {}
[101.177083] (-) TimerEvent: {}
[101.283092] (-) TimerEvent: {}
[101.392042] (-) TimerEvent: {}
[101.406378] (msgs) StdoutLine: {'line': b"Listing '/home/ngt/ZENS-Final-AUVC/ros_ws/install/msgs/lib/python3.12/site-packages/msgs'...\n"}
[101.410564] (msgs) StdoutLine: {'line': b"Listing '/home/ngt/ZENS-Final-AUVC/ros_ws/install/msgs/lib/python3.12/site-packages/msgs/msg'...\n"}
[101.475412] (msgs) StdoutLine: {'line': b'-- Up-to-date: /home/ngt/ZENS-Final-AUVC/ros_ws/install/msgs/lib/python3.12/site-packages/msgs/msgs_s__rosidl_typesupport_fastrtps_c.so\n'}
[101.483102] (msgs) StdoutLine: {'line': b'-- Up-to-date: /home/ngt/ZENS-Final-AUVC/ros_ws/install/msgs/lib/python3.12/site-packages/msgs/msgs_s__rosidl_typesupport_introspection_c.so\n'}
[101.496039] (msgs) StdoutLine: {'line': b'-- Up-to-date: /home/ngt/ZENS-Final-AUVC/ros_ws/install/msgs/lib/python3.12/site-packages/msgs/msgs_s__rosidl_typesupport_c.so\n'}
[101.496762] (-) TimerEvent: {}
[101.500733] (msgs) StdoutLine: {'line': b'-- Up-to-date: /home/ngt/ZENS-Final-AUVC/ros_ws/install/msgs/lib/libmsgs__rosidl_generator_py.so\n'}
[101.503631] (msgs) StdoutLine: {'line': b'-- Up-to-date: /home/ngt/ZENS-Final-AUVC/ros_ws/install/msgs/share/ament_index/resource_index/rust_packages/msgs\n'}
[101.509045] (msgs) StdoutLine: {'line': b'-- Up-to-date: /home/ngt/ZENS-Final-AUVC/ros_ws/install/msgs/share/msgs/rust\n'}
[101.509735] (msgs) StdoutLine: {'line': b'-- Up-to-date: /home/ngt/ZENS-Final-AUVC/ros_ws/install/msgs/share/msgs/rust/build.rs\n'}
[101.510331] (msgs) StdoutLine: {'line': b'-- Up-to-date: /home/ngt/ZENS-Final-AUVC/ros_ws/install/msgs/share/msgs/rust/Cargo.toml\n'}
[101.518961] (msgs) StdoutLine: {'line': b'-- Up-to-date: /home/ngt/ZENS-Final-AUVC/ros_ws/install/msgs/share/msgs/rust/src\n'}
[101.519652] (msgs) StdoutLine: {'line': b'-- Up-to-date: /home/ngt/ZENS-Final-AUVC/ros_ws/install/msgs/share/msgs/rust/src/lib.rs\n'}
[101.520408] (msgs) StdoutLine: {'line': b'-- Up-to-date: /home/ngt/ZENS-Final-AUVC/ros_ws/install/msgs/share/msgs/rust/src/msg.rs\n'}
[101.525575] (msgs) StdoutLine: {'line': b'-- Up-to-date: /home/ngt/ZENS-Final-AUVC/ros_ws/install/msgs/share/msgs/rust/src/msg\n'}
[101.526216] (msgs) StdoutLine: {'line': b'-- Up-to-date: /home/ngt/ZENS-Final-AUVC/ros_ws/install/msgs/share/msgs/rust/src/msg/rmw.rs\n'}
[101.528508] (msgs) StdoutLine: {'line': b'-- Up-to-date: /home/ngt/ZENS-Final-AUVC/ros_ws/install/msgs/share/msgs/msg/TargetDepth.idl\n'}
[101.529232] (msgs) StdoutLine: {'line': b'-- Up-to-date: /home/ngt/ZENS-Final-AUVC/ros_ws/install/msgs/share/msgs/msg/TargetDepth.msg\n'}
[101.529699] (msgs) StdoutLine: {'line': b'-- Up-to-date: /home/ngt/ZENS-Final-AUVC/ros_ws/install/msgs/share/ament_index/resource_index/package_run_dependencies/msgs\n'}
[101.530224] (msgs) StdoutLine: {'line': b'-- Up-to-date: /home/ngt/ZENS-Final-AUVC/ros_ws/install/msgs/share/ament_index/resource_index/parent_prefix_path/msgs\n'}
[101.530677] (msgs) StdoutLine: {'line': b'-- Up-to-date: /home/ngt/ZENS-Final-AUVC/ros_ws/install/msgs/share/msgs/environment/ament_prefix_path.sh\n'}
[101.537374] (msgs) StdoutLine: {'line': b'-- Up-to-date: /home/ngt/ZENS-Final-AUVC/ros_ws/install/msgs/share/msgs/environment/ament_prefix_path.dsv\n'}
[101.538051] (msgs) StdoutLine: {'line': b'-- Up-to-date: /home/ngt/ZENS-Final-AUVC/ros_ws/install/msgs/share/msgs/environment/path.sh\n'}
[101.538725] (msgs) StdoutLine: {'line': b'-- Up-to-date: /home/ngt/ZENS-Final-AUVC/ros_ws/install/msgs/share/msgs/environment/path.dsv\n'}
[101.545322] (msgs) StdoutLine: {'line': b'-- Up-to-date: /home/ngt/ZENS-Final-AUVC/ros_ws/install/msgs/share/msgs/local_setup.bash\n'}
[101.546188] (msgs) StdoutLine: {'line': b'-- Up-to-date: /home/ngt/ZENS-Final-AUVC/ros_ws/install/msgs/share/msgs/local_setup.sh\n'}
[101.546698] (msgs) StdoutLine: {'line': b'-- Up-to-date: /home/ngt/ZENS-Final-AUVC/ros_ws/install/msgs/share/msgs/local_setup.zsh\n'}
[101.553749] (msgs) StdoutLine: {'line': b'-- Up-to-date: /home/ngt/ZENS-Final-AUVC/ros_ws/install/msgs/share/msgs/local_setup.dsv\n'}
[101.554433] (msgs) StdoutLine: {'line': b'-- Installing: /home/ngt/ZENS-Final-AUVC/ros_ws/install/msgs/share/msgs/package.dsv\n'}
[101.554964] (msgs) StdoutLine: {'line': b'-- Up-to-date: /home/ngt/ZENS-Final-AUVC/ros_ws/install/msgs/share/ament_index/resource_index/packages/msgs\n'}
[101.555587] (msgs) StdoutLine: {'line': b'-- Up-to-date: /home/ngt/ZENS-Final-AUVC/ros_ws/install/msgs/share/msgs/cmake/export_msgs__rosidl_generator_cExport.cmake\n'}
[101.562812] (msgs) StdoutLine: {'line': b'-- Up-to-date: /home/ngt/ZENS-Final-AUVC/ros_ws/install/msgs/share/msgs/cmake/export_msgs__rosidl_generator_cExport-noconfig.cmake\n'}
[101.564222] (msgs) StdoutLine: {'line': b'-- Up-to-date: /home/ngt/ZENS-Final-AUVC/ros_ws/install/msgs/share/msgs/cmake/export_msgs__rosidl_typesupport_fastrtps_cExport.cmake\n'}
[101.570437] (msgs) StdoutLine: {'line': b'-- Up-to-date: /home/ngt/ZENS-Final-AUVC/ros_ws/install/msgs/share/msgs/cmake/export_msgs__rosidl_typesupport_fastrtps_cExport-noconfig.cmake\n'}
[101.571412] (msgs) StdoutLine: {'line': b'-- Up-to-date: /home/ngt/ZENS-Final-AUVC/ros_ws/install/msgs/share/msgs/cmake/export_msgs__rosidl_generator_cppExport.cmake\n'}
[101.577025] (msgs) StdoutLine: {'line': b'-- Up-to-date: /home/ngt/ZENS-Final-AUVC/ros_ws/install/msgs/share/msgs/cmake/export_msgs__rosidl_typesupport_fastrtps_cppExport.cmake\n'}
[101.577826] (msgs) StdoutLine: {'line': b'-- Up-to-date: /home/ngt/ZENS-Final-AUVC/ros_ws/install/msgs/share/msgs/cmake/export_msgs__rosidl_typesupport_fastrtps_cppExport-noconfig.cmake\n'}
[101.578466] (msgs) StdoutLine: {'line': b'-- Up-to-date: /home/ngt/ZENS-Final-AUVC/ros_ws/install/msgs/share/msgs/cmake/msgs__rosidl_typesupport_introspection_cExport.cmake\n'}
[101.582001] (msgs) StdoutLine: {'line': b'-- Up-to-date: /home/ngt/ZENS-Final-AUVC/ros_ws/install/msgs/share/msgs/cmake/msgs__rosidl_typesupport_introspection_cExport-noconfig.cmake\n'}
[101.582819] (msgs) StdoutLine: {'line': b'-- Up-to-date: /home/ngt/ZENS-Final-AUVC/ros_ws/install/msgs/share/msgs/cmake/msgs__rosidl_typesupport_cExport.cmake\n'}
[101.583640] (msgs) StdoutLine: {'line': b'-- Up-to-date: /home/ngt/ZENS-Final-AUVC/ros_ws/install/msgs/share/msgs/cmake/msgs__rosidl_typesupport_cExport-noconfig.cmake\n'}
[101.596010] (msgs) StdoutLine: {'line': b'-- Up-to-date: /home/ngt/ZENS-Final-AUVC/ros_ws/install/msgs/share/msgs/cmake/msgs__rosidl_typesupport_introspection_cppExport.cmake\n'}
[101.597024] (-) TimerEvent: {}
[101.597530] (msgs) StdoutLine: {'line': b'-- Up-to-date: /home/ngt/ZENS-Final-AUVC/ros_ws/install/msgs/share/msgs/cmake/msgs__rosidl_typesupport_introspection_cppExport-noconfig.cmake\n'}
[101.598497] (msgs) StdoutLine: {'line': b'-- Up-to-date: /home/ngt/ZENS-Final-AUVC/ros_ws/install/msgs/share/msgs/cmake/msgs__rosidl_typesupport_cppExport.cmake\n'}
[101.605758] (msgs) StdoutLine: {'line': b'-- Up-to-date: /home/ngt/ZENS-Final-AUVC/ros_ws/install/msgs/share/msgs/cmake/msgs__rosidl_typesupport_cppExport-noconfig.cmake\n'}
[101.606526] (msgs) StdoutLine: {'line': b'-- Up-to-date: /home/ngt/ZENS-Final-AUVC/ros_ws/install/msgs/share/msgs/cmake/export_msgs__rosidl_generator_pyExport.cmake\n'}
[101.609931] (msgs) StdoutLine: {'line': b'-- Up-to-date: /home/ngt/ZENS-Final-AUVC/ros_ws/install/msgs/share/msgs/cmake/export_msgs__rosidl_generator_pyExport-noconfig.cmake\n'}
[101.610730] (msgs) StdoutLine: {'line': b'-- Up-to-date: /home/ngt/ZENS-Final-AUVC/ros_ws/install/msgs/share/msgs/cmake/rosidl_cmake-extras.cmake\n'}
[101.611324] (msgs) StdoutLine: {'line': b'-- Up-to-date: /home/ngt/ZENS-Final-AUVC/ros_ws/install/msgs/share/msgs/cmake/ament_cmake_export_dependencies-extras.cmake\n'}
[101.611814] (msgs) StdoutLine: {'line': b'-- Up-to-date: /home/ngt/ZENS-Final-AUVC/ros_ws/install/msgs/share/msgs/cmake/ament_cmake_export_include_directories-extras.cmake\n'}
[101.621655] (msgs) StdoutLine: {'line': b'-- Up-to-date: /home/ngt/ZENS-Final-AUVC/ros_ws/install/msgs/share/msgs/cmake/ament_cmake_export_libraries-extras.cmake\n'}
[101.622225] (msgs) StdoutLine: {'line': b'-- Up-to-date: /home/ngt/ZENS-Final-AUVC/ros_ws/install/msgs/share/msgs/cmake/ament_cmake_export_targets-extras.cmake\n'}
[101.622640] (msgs) StdoutLine: {'line': b'-- Up-to-date: /home/ngt/ZENS-Final-AUVC/ros_ws/install/msgs/share/msgs/cmake/rosidl_cmake_export_typesupport_targets-extras.cmake\n'}
[101.623144] (msgs) StdoutLine: {'line': b'-- Up-to-date: /home/ngt/ZENS-Final-AUVC/ros_ws/install/msgs/share/msgs/cmake/rosidl_cmake_export_typesupport_libraries-extras.cmake\n'}
[101.623526] (msgs) StdoutLine: {'line': b'-- Up-to-date: /home/ngt/ZENS-Final-AUVC/ros_ws/install/msgs/share/msgs/cmake/rosidl_cmake_aggregate_target-extras.cmake\n'}
[101.627068] (msgs) StdoutLine: {'line': b'-- Up-to-date: /home/ngt/ZENS-Final-AUVC/ros_ws/install/msgs/share/msgs/cmake/msgsConfig.cmake\n'}
[101.627748] (msgs) StdoutLine: {'line': b'-- Up-to-date: /home/ngt/ZENS-Final-AUVC/ros_ws/install/msgs/share/msgs/cmake/msgsConfig-version.cmake\n'}
[101.628308] (msgs) StdoutLine: {'line': b'-- Up-to-date: /home/ngt/ZENS-Final-AUVC/ros_ws/install/msgs/share/msgs/package.xml\n'}
[101.653114] (msgs) CommandEnded: {'returncode': 0}
[101.703483] (-) TimerEvent: {}
[101.805648] (-) TimerEvent: {}
[101.914025] (-) TimerEvent: {}
[101.992122] (msgs) JobEnded: {'identifier': 'msgs', 'rc': 0}
[102.025081] (-) TimerEvent: {}
[102.127025] (-) TimerEvent: {}
[102.230039] (-) TimerEvent: {}
[102.330835] (-) TimerEvent: {}
[102.401486] (hardware) StdoutLine: {'line': b'running egg_info\n'}
[102.434032] (-) TimerEvent: {}
[102.534758] (-) TimerEvent: {}
[102.638038] (-) TimerEvent: {}
[102.741034] (-) TimerEvent: {}
[102.758160] (hardware) StdoutLine: {'line': b'writing ../../build/hardware/hardware.egg-info/PKG-INFO\n'}
[102.765166] (hardware) StdoutLine: {'line': b'writing dependency_links to ../../build/hardware/hardware.egg-info/dependency_links.txt\n'}
[102.766239] (hardware) StdoutLine: {'line': b'writing entry points to ../../build/hardware/hardware.egg-info/entry_points.txt\n'}
[102.771910] (hardware) StdoutLine: {'line': b'writing requirements to ../../build/hardware/hardware.egg-info/requires.txt\n'}
[102.774613] (hardware) StdoutLine: {'line': b'writing top-level names to ../../build/hardware/hardware.egg-info/top_level.txt\n'}
[102.845104] (-) TimerEvent: {}
[102.951062] (-) TimerEvent: {}
[103.051968] (-) TimerEvent: {}
[103.159032] (-) TimerEvent: {}
[103.260696] (-) TimerEvent: {}
[103.362680] (-) TimerEvent: {}
[103.468116] (-) TimerEvent: {}
[103.569998] (-) TimerEvent: {}
[103.672328] (-) TimerEvent: {}
[103.774209] (-) TimerEvent: {}
[103.877830] (-) TimerEvent: {}
[103.980064] (-) TimerEvent: {}
[104.086047] (-) TimerEvent: {}
[104.186837] (-) TimerEvent: {}
[104.288416] (-) TimerEvent: {}
[104.391068] (-) TimerEvent: {}
[104.495249] (-) TimerEvent: {}
[104.602169] (-) TimerEvent: {}
[104.703067] (-) TimerEvent: {}
[104.810070] (-) TimerEvent: {}
[104.913063] (-) TimerEvent: {}
[105.014137] (-) TimerEvent: {}
[105.118050] (-) TimerEvent: {}
[105.204109] (hardware) StdoutLine: {'line': b"reading manifest file '../../build/hardware/hardware.egg-info/SOURCES.txt'\n"}
[105.218234] (-) TimerEvent: {}
[105.223025] (hardware) StdoutLine: {'line': b"writing manifest file '../../build/hardware/hardware.egg-info/SOURCES.txt'\n"}
[105.228433] (hardware) StdoutLine: {'line': b'running build\n'}
[105.236191] (hardware) StdoutLine: {'line': b'running build_py\n'}
[105.242027] (hardware) StdoutLine: {'line': b'running install\n'}
[105.321057] (-) TimerEvent: {}
[105.330985] (hardware) StdoutLine: {'line': b'running install_lib\n'}
[105.424035] (-) TimerEvent: {}
[105.524823] (-) TimerEvent: {}
[105.627422] (-) TimerEvent: {}
[105.732674] (-) TimerEvent: {}
[105.833477] (-) TimerEvent: {}
[105.936840] (-) TimerEvent: {}
[105.948792] (hardware) StdoutLine: {'line': b'running install_data\n'}
[105.965036] (hardware) StdoutLine: {'line': b'running install_egg_info\n'}
[106.037028] (-) TimerEvent: {}
[106.140036] (-) TimerEvent: {}
[106.240939] (-) TimerEvent: {}
[106.343044] (-) TimerEvent: {}
[106.447437] (-) TimerEvent: {}
[106.552072] (-) TimerEvent: {}
[106.594493] (hardware) StdoutLine: {'line': b"removing '/home/ngt/ZENS-Final-AUVC/ros_ws/install/hardware/lib/python3.12/site-packages/hardware-0.0.0-py3.12.egg-info' (and everything under it)\n"}
[106.604063] (hardware) StdoutLine: {'line': b'Copying ../../build/hardware/hardware.egg-info to /home/ngt/ZENS-Final-AUVC/ros_ws/install/hardware/lib/python3.12/site-packages/hardware-0.0.0-py3.12.egg-info\n'}
[106.622938] (hardware) StdoutLine: {'line': b'running install_scripts\n'}
[106.653662] (-) TimerEvent: {}
[106.756739] (-) TimerEvent: {}
[106.861074] (-) TimerEvent: {}
[106.967112] (-) TimerEvent: {}
[107.074263] (-) TimerEvent: {}
[107.177648] (-) TimerEvent: {}
[107.279519] (-) TimerEvent: {}
[107.380634] (-) TimerEvent: {}
[107.485380] (-) TimerEvent: {}
[107.586040] (-) TimerEvent: {}
[107.689692] (-) TimerEvent: {}
[107.748557] (hardware) StdoutLine: {'line': b'Installing bluerov2_camera_interface script to /home/ngt/ZENS-Final-AUVC/ros_ws/install/hardware/lib/hardware\n'}
[107.749438] (hardware) StdoutLine: {'line': b'Installing bluerov2_hardware_interface script to /home/ngt/ZENS-Final-AUVC/ros_ws/install/hardware/lib/hardware\n'}
[107.752451] (hardware) StdoutLine: {'line': b'Installing bluerov2_simulation_interface script to /home/ngt/ZENS-Final-AUVC/ros_ws/install/hardware/lib/hardware\n'}
[107.753347] (hardware) StdoutLine: {'line': b"writing list of installed files to '/home/ngt/ZENS-Final-AUVC/ros_ws/build/hardware/install.log'\n"}
[107.794157] (-) TimerEvent: {}
[107.898631] (-) TimerEvent: {}
[107.978153] (hardware) CommandEnded: {'returncode': 0}
[107.999690] (-) TimerEvent: {}
[108.024928] (hardware) JobEnded: {'identifier': 'hardware', 'rc': 0}
[108.030205] (-) EventReactorShutdown: {}
