[0.000000] (-) TimerEvent: {}
[0.000570] (bringup) JobQueued: {'identifier': 'bringup', 'dependencies': OrderedDict()}
[0.001225] (control) JobQueued: {'identifier': 'control', 'dependencies': OrderedDict()}
[0.002640] (cv) JobQueued: {'identifier': 'cv', 'dependencies': OrderedDict()}
[0.002839] (flashing) JobQueued: {'identifier': 'flashing', 'dependencies': OrderedDict()}
[0.002952] (hardware) JobQueued: {'identifier': 'hardware', 'dependencies': OrderedDict()}
[0.003028] (msgs) JobQueued: {'identifier': 'msgs', 'dependencies': OrderedDict()}
[0.003097] (bringup) JobStarted: {'identifier': 'bringup'}
[0.090370] (control) JobStarted: {'identifier': 'control'}
[0.096203] (-) TimerEvent: {}
[0.163405] (cv) JobStarted: {'identifier': 'cv'}
[0.196341] (-) TimerEvent: {}
[0.223317] (flashing) JobStarted: {'identifier': 'flashing'}
[0.296629] (-) TimerEvent: {}
[0.399642] (-) TimerEvent: {}
[0.500480] (-) TimerEvent: {}
[0.600881] (-) TimerEvent: {}
[0.701327] (-) TimerEvent: {}
[0.802068] (-) TimerEvent: {}
[0.904956] (-) TimerEvent: {}
[1.006166] (-) TimerEvent: {}
[1.108088] (-) TimerEvent: {}
[1.208878] (-) TimerEvent: {}
[1.309350] (-) TimerEvent: {}
[1.411623] (-) TimerEvent: {}
[1.512056] (-) TimerEvent: {}
[1.612552] (-) TimerEvent: {}
[1.715316] (-) TimerEvent: {}
[1.815831] (-) TimerEvent: {}
[1.917590] (-) TimerEvent: {}
[2.018101] (-) TimerEvent: {}
[2.120954] (-) TimerEvent: {}
[2.224512] (-) TimerEvent: {}
[2.324903] (-) TimerEvent: {}
[2.425271] (-) TimerEvent: {}
[2.525690] (-) TimerEvent: {}
[2.626615] (-) TimerEvent: {}
[2.727307] (-) TimerEvent: {}
[2.830066] (-) TimerEvent: {}
[2.930855] (-) TimerEvent: {}
[3.032953] (-) TimerEvent: {}
[3.133401] (-) TimerEvent: {}
[3.233951] (-) TimerEvent: {}
[3.334409] (-) TimerEvent: {}
[3.434868] (-) TimerEvent: {}
[3.535954] (-) TimerEvent: {}
[3.637343] (-) TimerEvent: {}
[3.739321] (-) TimerEvent: {}
[3.841603] (-) TimerEvent: {}
[3.942063] (-) TimerEvent: {}
[4.042519] (-) TimerEvent: {}
[4.143167] (-) TimerEvent: {}
[4.245690] (-) TimerEvent: {}
[4.346610] (-) TimerEvent: {}
[4.450113] (-) TimerEvent: {}
[4.550573] (-) TimerEvent: {}
[4.651289] (-) TimerEvent: {}
[4.752279] (-) TimerEvent: {}
[4.853961] (-) TimerEvent: {}
[4.956582] (-) TimerEvent: {}
[5.056973] (-) TimerEvent: {}
[5.157377] (-) TimerEvent: {}
[5.258057] (-) TimerEvent: {}
[5.360551] (-) TimerEvent: {}
[5.460960] (-) TimerEvent: {}
[5.563546] (-) TimerEvent: {}
[5.663905] (-) TimerEvent: {}
[5.764363] (-) TimerEvent: {}
[5.866901] (-) TimerEvent: {}
[5.967603] (-) TimerEvent: {}
[6.070541] (-) TimerEvent: {}
[6.171078] (-) TimerEvent: {}
[6.271609] (-) TimerEvent: {}
[6.372061] (-) TimerEvent: {}
[6.472586] (-) TimerEvent: {}
[6.575602] (-) TimerEvent: {}
[6.676051] (-) TimerEvent: {}
[6.780624] (-) TimerEvent: {}
[6.881064] (-) TimerEvent: {}
[6.981640] (-) TimerEvent: {}
[7.082407] (-) TimerEvent: {}
[7.183345] (-) TimerEvent: {}
[7.285402] (-) TimerEvent: {}
[7.385912] (-) TimerEvent: {}
[7.487878] (-) TimerEvent: {}
[7.589253] (-) TimerEvent: {}
[7.691562] (-) TimerEvent: {}
[7.791954] (-) TimerEvent: {}
[7.892384] (-) TimerEvent: {}
[7.992847] (-) TimerEvent: {}
[8.093584] (-) TimerEvent: {}
[8.193967] (-) TimerEvent: {}
[8.294345] (-) TimerEvent: {}
[8.398192] (-) TimerEvent: {}
[8.499223] (-) TimerEvent: {}
[8.599678] (-) TimerEvent: {}
[8.700975] (-) TimerEvent: {}
[8.804339] (-) TimerEvent: {}
[8.904799] (-) TimerEvent: {}
[9.005188] (-) TimerEvent: {}
[9.109135] (-) TimerEvent: {}
[9.210017] (-) TimerEvent: {}
[9.311838] (-) TimerEvent: {}
[9.413934] (-) TimerEvent: {}
[9.514370] (-) TimerEvent: {}
[9.615899] (-) TimerEvent: {}
[9.716611] (-) TimerEvent: {}
[9.817075] (-) TimerEvent: {}
[9.917535] (-) TimerEvent: {}
[10.017907] (-) TimerEvent: {}
[10.118247] (-) TimerEvent: {}
[10.218784] (-) TimerEvent: {}
[10.319166] (-) TimerEvent: {}
[10.419860] (-) TimerEvent: {}
[10.520407] (-) TimerEvent: {}
[10.621093] (-) TimerEvent: {}
[10.722138] (-) TimerEvent: {}
[10.823606] (-) TimerEvent: {}
[10.924633] (-) TimerEvent: {}
[11.026580] (-) TimerEvent: {}
[11.127038] (-) TimerEvent: {}
[11.228617] (-) TimerEvent: {}
[11.331158] (-) TimerEvent: {}
[11.431624] (-) TimerEvent: {}
[11.534504] (-) TimerEvent: {}
[11.634948] (-) TimerEvent: {}
[11.735836] (-) TimerEvent: {}
[11.840509] (-) TimerEvent: {}
[11.941625] (-) TimerEvent: {}
[12.043626] (-) TimerEvent: {}
[12.148582] (-) TimerEvent: {}
[12.249024] (-) TimerEvent: {}
[12.353565] (-) TimerEvent: {}
[12.453986] (-) TimerEvent: {}
[12.554516] (-) TimerEvent: {}
[12.655009] (-) TimerEvent: {}
[12.756886] (-) TimerEvent: {}
[12.857322] (-) TimerEvent: {}
[12.958194] (-) TimerEvent: {}
[13.058603] (-) TimerEvent: {}
[13.164069] (-) TimerEvent: {}
[13.264591] (-) TimerEvent: {}
[13.366572] (-) TimerEvent: {}
[13.466982] (-) TimerEvent: {}
[13.567412] (-) TimerEvent: {}
[13.669033] (-) TimerEvent: {}
[13.771646] (-) TimerEvent: {}
[13.872058] (-) TimerEvent: {}
[13.974552] (-) TimerEvent: {}
[14.074916] (-) TimerEvent: {}
[14.175361] (-) TimerEvent: {}
[14.275850] (-) TimerEvent: {}
[14.377642] (-) TimerEvent: {}
[14.480663] (-) TimerEvent: {}
[14.581162] (-) TimerEvent: {}
[14.682627] (-) TimerEvent: {}
[14.787572] (-) TimerEvent: {}
[14.888005] (-) TimerEvent: {}
[14.992204] (-) TimerEvent: {}
[15.096600] (-) TimerEvent: {}
[15.197073] (-) TimerEvent: {}
[15.297525] (-) TimerEvent: {}
[15.399844] (-) TimerEvent: {}
[15.501060] (-) TimerEvent: {}
[15.601586] (-) TimerEvent: {}
[15.702596] (-) TimerEvent: {}
[15.806922] (-) TimerEvent: {}
[15.908208] (-) TimerEvent: {}
[16.011875] (-) TimerEvent: {}
[16.116608] (-) TimerEvent: {}
[16.217132] (-) TimerEvent: {}
[16.317677] (-) TimerEvent: {}
[16.420757] (-) TimerEvent: {}
[16.521148] (-) TimerEvent: {}
[16.623641] (-) TimerEvent: {}
[16.724191] (-) TimerEvent: {}
[16.824760] (-) TimerEvent: {}
[16.930060] (-) TimerEvent: {}
[17.031493] (-) TimerEvent: {}
[17.131966] (-) TimerEvent: {}
[17.232376] (-) TimerEvent: {}
[17.333138] (-) TimerEvent: {}
[17.433645] (-) TimerEvent: {}
[17.536600] (-) TimerEvent: {}
[17.637054] (-) TimerEvent: {}
[17.737806] (-) TimerEvent: {}
[17.842573] (-) TimerEvent: {}
[17.943000] (-) TimerEvent: {}
[18.043471] (-) TimerEvent: {}
[18.144625] (-) TimerEvent: {}
[18.246652] (-) TimerEvent: {}
[18.347224] (-) TimerEvent: {}
[18.448715] (-) TimerEvent: {}
[18.550631] (-) TimerEvent: {}
[18.651147] (-) TimerEvent: {}
[18.752373] (-) TimerEvent: {}
[18.855580] (-) TimerEvent: {}
[18.955994] (-) TimerEvent: {}
[19.056936] (-) TimerEvent: {}
[19.157382] (-) TimerEvent: {}
[19.260343] (-) TimerEvent: {}
[19.362589] (-) TimerEvent: {}
[19.462967] (-) TimerEvent: {}
[19.563397] (-) TimerEvent: {}
[19.667051] (-) TimerEvent: {}
[19.769566] (-) TimerEvent: {}
[19.870967] (-) TimerEvent: {}
[19.972641] (-) TimerEvent: {}
[20.075569] (-) TimerEvent: {}
[20.177968] (-) TimerEvent: {}
[20.278373] (-) TimerEvent: {}
[20.385673] (-) TimerEvent: {}
[20.486161] (-) TimerEvent: {}
[20.586565] (-) TimerEvent: {}
[20.686951] (-) TimerEvent: {}
[20.787372] (-) TimerEvent: {}
[20.889663] (-) TimerEvent: {}
[20.993281] (-) TimerEvent: {}
[21.093692] (-) TimerEvent: {}
[21.194762] (-) TimerEvent: {}
[21.299816] (-) TimerEvent: {}
[21.400227] (-) TimerEvent: {}
[21.503794] (-) TimerEvent: {}
[21.606721] (-) TimerEvent: {}
[21.707116] (-) TimerEvent: {}
[21.812583] (-) TimerEvent: {}
[21.914664] (-) TimerEvent: {}
[22.017096] (-) TimerEvent: {}
[22.117591] (-) TimerEvent: {}
[22.219635] (-) TimerEvent: {}
[22.327144] (-) TimerEvent: {}
[22.427728] (-) TimerEvent: {}
[22.528120] (-) TimerEvent: {}
[22.630574] (-) TimerEvent: {}
[22.732634] (-) TimerEvent: {}
[22.833048] (-) TimerEvent: {}
[22.933602] (-) TimerEvent: {}
[23.040830] (-) TimerEvent: {}
[23.141236] (-) TimerEvent: {}
[23.242634] (-) TimerEvent: {}
[23.343120] (-) TimerEvent: {}
[23.443690] (-) TimerEvent: {}
[23.544593] (-) TimerEvent: {}
[23.645019] (-) TimerEvent: {}
[23.746278] (-) TimerEvent: {}
[23.848720] (-) TimerEvent: {}
[23.949625] (-) TimerEvent: {}
[24.051672] (-) TimerEvent: {}
[24.153677] (-) TimerEvent: {}
[24.258722] (-) TimerEvent: {}
[24.359245] (-) TimerEvent: {}
[24.459860] (-) TimerEvent: {}
[24.560351] (-) TimerEvent: {}
[24.661567] (-) TimerEvent: {}
[24.763591] (-) TimerEvent: {}
[24.865618] (-) TimerEvent: {}
[24.966079] (-) TimerEvent: {}
[25.066727] (-) TimerEvent: {}
[25.169749] (-) TimerEvent: {}
[25.272598] (-) TimerEvent: {}
[25.373078] (-) TimerEvent: {}
[25.476073] (-) TimerEvent: {}
[25.577726] (-) TimerEvent: {}
[25.678309] (-) TimerEvent: {}
[25.779556] (-) TimerEvent: {}
[25.881755] (-) TimerEvent: {}
[25.992603] (-) TimerEvent: {}
[26.093659] (-) TimerEvent: {}
[26.195594] (-) TimerEvent: {}
[26.296001] (-) TimerEvent: {}
[26.401616] (-) TimerEvent: {}
[26.502015] (-) TimerEvent: {}
[26.609605] (-) TimerEvent: {}
[26.711641] (-) TimerEvent: {}
[26.812112] (-) TimerEvent: {}
[26.913611] (-) TimerEvent: {}
[27.014003] (-) TimerEvent: {}
[27.114584] (-) TimerEvent: {}
[27.216597] (-) TimerEvent: {}
[27.317042] (-) TimerEvent: {}
[27.417493] (-) TimerEvent: {}
[27.519655] (-) TimerEvent: {}
[27.622328] (-) TimerEvent: {}
[27.723761] (-) TimerEvent: {}
[27.824819] (-) TimerEvent: {}
[27.930664] (-) TimerEvent: {}
[28.031086] (-) TimerEvent: {}
[28.131776] (-) TimerEvent: {}
[28.234577] (-) TimerEvent: {}
[28.334983] (-) TimerEvent: {}
[28.438633] (-) TimerEvent: {}
[28.543781] (-) TimerEvent: {}
[28.644207] (-) TimerEvent: {}
[28.747563] (-) TimerEvent: {}
[28.848997] (-) TimerEvent: {}
[28.949487] (-) TimerEvent: {}
[29.054574] (-) TimerEvent: {}
[29.154979] (-) TimerEvent: {}
[29.255492] (-) TimerEvent: {}
[29.355889] (-) TimerEvent: {}
[29.457761] (-) TimerEvent: {}
[29.558592] (-) TimerEvent: {}
[29.660595] (-) TimerEvent: {}
[29.763555] (-) TimerEvent: {}
[29.864132] (-) TimerEvent: {}
[29.965632] (-) TimerEvent: {}
[30.066010] (-) TimerEvent: {}
[30.166485] (-) TimerEvent: {}
[30.268041] (-) TimerEvent: {}
[30.368621] (-) TimerEvent: {}
[30.471605] (-) TimerEvent: {}
[30.574788] (-) TimerEvent: {}
[30.676305] (-) TimerEvent: {}
[30.780609] (-) TimerEvent: {}
[30.884845] (-) TimerEvent: {}
[30.985284] (-) TimerEvent: {}
[31.087568] (-) TimerEvent: {}
[31.188420] (-) TimerEvent: {}
[31.289170] (-) TimerEvent: {}
[31.394244] (-) TimerEvent: {}
[31.498638] (-) TimerEvent: {}
[31.601570] (-) TimerEvent: {}
[31.701948] (-) TimerEvent: {}
[31.802552] (-) TimerEvent: {}
[31.905689] (-) TimerEvent: {}
[32.008608] (-) TimerEvent: {}
[32.112043] (-) TimerEvent: {}
[32.212981] (-) TimerEvent: {}
[32.313721] (-) TimerEvent: {}
[32.415803] (-) TimerEvent: {}
[32.516776] (-) TimerEvent: {}
[32.618186] (-) TimerEvent: {}
[32.718704] (-) TimerEvent: {}
[32.820766] (-) TimerEvent: {}
[32.921413] (-) TimerEvent: {}
[33.024618] (-) TimerEvent: {}
[33.125058] (-) TimerEvent: {}
[33.142232] (flashing) Command: {'cmd': ['/usr/bin/python3', '-W', 'ignore:setup.py install is deprecated', '-W', 'ignore:easy_install command is deprecated', 'setup.py', 'develop', '--editable', '--build-directory', '/home/ngt/ZENS-Final-AUVC/ros_ws/build/flashing/build', '--no-deps', 'symlink_data', '--force'], 'cwd': '/home/ngt/ZENS-Final-AUVC/ros_ws/build/flashing', 'env': {'VIRTUALENVWRAPPER_WORKON_CD': '1', 'PYTHON_BASIC_REPL': '1', 'USER': 'ngt', 'GZ_SIM_RESOURCE_PATH': '/opt/ros/jazzy/share', 'WORKON_HOME': '/home/ngt/.virtualenvs', 'SSH_CLIENT': '192.168.3.1 57380 22', 'GZ_CONFIG_PATH': '/opt/ros/jazzy/opt/gz_sim_vendor/share/gz:/opt/ros/jazzy/opt/sdformat_vendor/share/gz:/opt/ros/jazzy/opt/gz_gui_vendor/share/gz:/opt/ros/jazzy/opt/gz_transport_vendor/share/gz:/opt/ros/jazzy/opt/gz_rendering_vendor/share/gz:/opt/ros/jazzy/opt/gz_plugin_vendor/share/gz:/opt/ros/jazzy/opt/gz_fuel_tools_vendor/share/gz:/opt/ros/jazzy/opt/gz_msgs_vendor/share/gz:/opt/ros/jazzy/opt/gz_common_vendor/share/gz', 'AGENT': '1', 'XDG_SESSION_TYPE': 'tty', 'GIT_ASKPASS': '/home/ngt/.vscode-server/cli/servers/Stable-e4c7e7b1d6d060162f4aa7f8225271b67ce1df75/server/extensions/git/dist/askpass.sh', 'GZ_TRANSPORT_ID': '192.168.3.1', 'LD_LIBRARY_PATH': '/home/ngt/ZENS-Final-AUVC/ros_ws/install/msgs/lib:/home/ngt/auvc_ws/install/example_custom_srv/lib:/home/ngt/pid_ws/install/target_depth_msgs/lib:/opt/ros/jazzy/opt/gz_sim_vendor/lib:/opt/ros/jazzy/opt/gz_sensors_vendor/lib:/opt/ros/jazzy/opt/gz_physics_vendor/lib:/opt/ros/jazzy/opt/sdformat_vendor/lib:/opt/ros/jazzy/opt/rviz_ogre_vendor/lib:/opt/ros/jazzy/lib/aarch64-linux-gnu:/opt/ros/jazzy/opt/gz_gui_vendor/lib:/opt/ros/jazzy/opt/gz_transport_vendor/lib:/opt/ros/jazzy/opt/gz_rendering_vendor/lib:/opt/ros/jazzy/opt/gz_plugin_vendor/lib:/opt/ros/jazzy/opt/gz_fuel_tools_vendor/lib:/opt/ros/jazzy/opt/gz_msgs_vendor/lib:/opt/ros/jazzy/opt/gz_common_vendor/lib:/opt/ros/jazzy/opt/gz_math_vendor/lib:/opt/ros/jazzy/opt/gz_utils_vendor/lib:/opt/ros/jazzy/opt/gz_tools_vendor/lib:/opt/ros/jazzy/opt/gz_ogre_next_vendor/lib:/opt/ros/jazzy/opt/gz_dartsim_vendor/lib:/opt/ros/jazzy/opt/gz_cmake_vendor/lib:/opt/ros/jazzy/lib', 'BROWSER': '/home/ngt/.vscode-server/cli/servers/Stable-e4c7e7b1d6d060162f4aa7f8225271b67ce1df75/server/bin/helpers/browser.sh', 'SHLVL': '2', 'OLDPWD': '/home/ngt/ZENS-Final-AUVC', 'LESS': '-R', 'HOME': '/home/ngt', 'VIRTUALENVWRAPPER_PYTHON': '/usr/bin/python3', 'TERM_PROGRAM_VERSION': '1.131.0', 'VSCODE_IPC_HOOK_CLI': '/run/user/1004/vscode-ipc-22873989-9fac-420e-b19e-85800e0978ec.sock', 'ZSH': '/home/ngt/.oh-my-zsh', 'GZ_TRANSPORT_PUB_PORT': '11345', 'LSCOLORS': 'Gxfxcxdxbxegedabagacad', 'PAGER': 'less', 'VSCODE_GIT_ASKPASS_MAIN': '/home/ngt/.vscode-server/cli/servers/Stable-e4c7e7b1d6d060162f4aa7f8225271b67ce1df75/server/extensions/git/dist/askpass-main.js', 'ROS_PYTHON_VERSION': '3', 'VSCODE_GIT_ASKPASS_NODE': '/home/ngt/.vscode-server/cli/servers/Stable-e4c7e7b1d6d060162f4aa7f8225271b67ce1df75/server/node', 'BUNDLED_DEBUGPY_PATH': '/home/ngt/.vscode-server/extensions/ms-python.debugpy-2026.6.0-linux-arm64/bundled/libs/debugpy', 'PYDEVD_DISABLE_FILE_VALIDATION': '1', 'VSCODE_PYTHON_AUTOACTIVATE_GUARD': '1', 'GZ_TRANSPORT_SUB_PORT': '11346', 'DBUS_SESSION_BUS_ADDRESS': 'unix:path=/run/user/1004/bus', 'COLORTERM': 'truecolor', 'COLCON_PREFIX_PATH': '/home/ngt/ZENS-Final-AUVC/ros_ws/install:/home/ngt/auvc_ws/install:/home/ngt/cv_ws/install:/home/ngt/pid_ws/install:/home/ngt/auv_dancing/install', 'ROS_DISTRO': 'jazzy', 'LOGNAME': 'ngt', '_': '/usr/bin/colcon', 'USER_ZDOTDIR': '/home/ngt', 'XDG_SESSION_CLASS': 'user', 'ROS_VERSION': '2', 'TERM': 'xterm-256color', 'XDG_SESSION_ID': '4', 'OPENCODE': '1', 'PATH': '/home/ngt/.opencode/bin:/opt/ros/jazzy/opt/gz_msgs_vendor/bin:/opt/ros/jazzy/opt/gz_tools_vendor/bin:/opt/ros/jazzy/opt/gz_ogre_next_vendor/bin:/opt/ros/jazzy/bin:/usr/lib/ccache:/home/ngt/.vscode-server/data/User/globalStorage/github.copilot-chat/debugCommand:/home/ngt/.vscode-server/data/User/globalStorage/github.copilot-chat/copilotCli:/home/ngt/.vscode-server/cli/servers/Stable-e4c7e7b1d6d060162f4aa7f8225271b67ce1df75/server/bin/remote-cli:/usr/local/sbin:/usr/local/bin:/usr/sbin:/usr/bin:/sbin:/bin:/usr/games:/usr/local/games:/snap/bin:/home/ngt/.vscode-server/extensions/ms-python.debugpy-2026.6.0-linux-arm64/bundled/scripts/noConfigScripts:/home/ngt/.local/bin:/home/ngt/ardupilot/Tools/autotest', 'XDG_RUNTIME_DIR': '/run/user/1004', 'GZ_PARTITION': 'my_sim', 'LANG': 'en_US.UTF-8', 'VSCODE_DEBUGPY_ADAPTER_ENDPOINTS': '/home/ngt/.vscode-server/extensions/ms-python.debugpy-2026.6.0-linux-arm64/.noConfigDebugAdapterEndpoints/endpoint-15e54b3cb67be4e0.txt', 'PYTHONSTARTUP': '/home/ngt/.vscode-server/data/User/workspaceStorage/ebe247280dad30c76e3d7235d970e14f/ms-python.python/pythonrc.py', 'VSCODE_INJECTION': '1', 'OPENCODE_PID': '14605', 'VSCODE_GIT_IPC_HANDLE': '/run/user/1004/vscode-git-75828e3940.sock', 'TERM_PROGRAM': 'vscode', 'LS_COLORS': 'rs=0:di=01;34:ln=01;36:mh=00:pi=40;33:so=01;35:do=01;35:bd=40;33;01:cd=40;33;01:or=40;31;01:mi=00:su=37;41:sg=30;43:ca=00:tw=30;42:ow=34;42:st=37;44:ex=01;32:*.tar=01;31:*.tgz=01;31:*.arc=01;31:*.arj=01;31:*.taz=01;31:*.lha=01;31:*.lz4=01;31:*.lzh=01;31:*.lzma=01;31:*.tlz=01;31:*.txz=01;31:*.tzo=01;31:*.t7z=01;31:*.zip=01;31:*.z=01;31:*.dz=01;31:*.gz=01;31:*.lrz=01;31:*.lz=01;31:*.lzo=01;31:*.xz=01;31:*.zst=01;31:*.tzst=01;31:*.bz2=01;31:*.bz=01;31:*.tbz=01;31:*.tbz2=01;31:*.tz=01;31:*.deb=01;31:*.rpm=01;31:*.jar=01;31:*.war=01;31:*.ear=01;31:*.sar=01;31:*.rar=01;31:*.alz=01;31:*.ace=01;31:*.zoo=01;31:*.cpio=01;31:*.7z=01;31:*.rz=01;31:*.cab=01;31:*.wim=01;31:*.swm=01;31:*.dwm=01;31:*.esd=01;31:*.avif=01;35:*.jpg=01;35:*.jpeg=01;35:*.mjpg=01;35:*.mjpeg=01;35:*.gif=01;35:*.bmp=01;35:*.pbm=01;35:*.pgm=01;35:*.ppm=01;35:*.tga=01;35:*.xbm=01;35:*.xpm=01;35:*.tif=01;35:*.tiff=01;35:*.png=01;35:*.svg=01;35:*.svgz=01;35:*.mng=01;35:*.pcx=01;35:*.mov=01;35:*.mpg=01;35:*.mpeg=01;35:*.m2v=01;35:*.mkv=01;35:*.webm=01;35:*.webp=01;35:*.ogm=01;35:*.mp4=01;35:*.m4v=01;35:*.mp4v=01;35:*.vob=01;35:*.qt=01;35:*.nuv=01;35:*.wmv=01;35:*.asf=01;35:*.rm=01;35:*.rmvb=01;35:*.flc=01;35:*.avi=01;35:*.fli=01;35:*.flv=01;35:*.gl=01;35:*.dl=01;35:*.xcf=01;35:*.xwd=01;35:*.yuv=01;35:*.cgm=01;35:*.emf=01;35:*.ogv=01;35:*.ogx=01;35:*.aac=00;36:*.au=00;36:*.flac=00;36:*.m4a=00;36:*.mid=00;36:*.midi=00;36:*.mka=00;36:*.mp3=00;36:*.mpc=00;36:*.ogg=00;36:*.ra=00;36:*.wav=00;36:*.oga=00;36:*.opus=00;36:*.spx=00;36:*.xspf=00;36:*~=00;90:*#=00;90:*.bak=00;90:*.crdownload=00;90:*.dpkg-dist=00;90:*.dpkg-new=00;90:*.dpkg-old=00;90:*.dpkg-tmp=00;90:*.old=00;90:*.orig=00;90:*.part=00;90:*.rej=00;90:*.rpmnew=00;90:*.rpmorig=00;90:*.rpmsave=00;90:*.swp=00;90:*.tmp=00;90:*.ucf-dist=00;90:*.ucf-new=00;90:*.ucf-old=00;90:', 'AMENT_PREFIX_PATH': '/home/ngt/ZENS-Final-AUVC/ros_ws/install/msgs:/home/ngt/ZENS-Final-AUVC/ros_ws/install/hardware:/home/ngt/ZENS-Final-AUVC/ros_ws/install/flashing:/home/ngt/ZENS-Final-AUVC/ros_ws/install/cv:/home/ngt/ZENS-Final-AUVC/ros_ws/install/control:/home/ngt/ZENS-Final-AUVC/ros_ws/install/bringup:/home/ngt/auvc_ws/install/tutorial_virtualenvs:/home/ngt/auvc_ws/install/tutorial_pid:/home/ngt/auvc_ws/install/tutorial_ardusub:/home/ngt/auvc_ws/install/tutorial:/home/ngt/auvc_ws/install/rosmav:/home/ngt/auvc_ws/install/example_custom_srv:/home/ngt/cv_ws/install/cv:/home/ngt/pid_ws/install/target_depth_msgs:/home/ngt/pid_ws/install/pid:/home/ngt/auv_dancing/install/tutorial:/opt/ros/jazzy', 'SHELL': '/usr/bin/zsh', 'VIRTUALENVWRAPPER_PROJECT_FILENAME': '.project', 'VIRTUALENVWRAPPER_HOOK_DIR': '/home/ngt/.virtualenvs', 'VIRTUALENVWRAPPER_SCRIPT': '/usr/share/virtualenvwrapper/virtualenvwrapper.sh', 'VSCODE_GIT_ASKPASS_EXTRA_ARGS': '', 'ROS_AUTOMATIC_DISCOVERY_RANGE': 'SUBNET', 'PWD': '/home/ngt/ZENS-Final-AUVC/ros_ws/build/flashing', 'LC_ALL': 'en_US.UTF-8', 'ZDOTDIR': '/home/ngt', 'COPILOT_DEBUG_NONCE': 'ecfdf1043499788fb94714472659d404', 'SSH_CONNECTION': '192.168.3.1 57380 192.168.3.2 22', 'PYTHONPATH': '/home/ngt/ZENS-Final-AUVC/ros_ws/build/flashing/prefix_override:/usr/lib/python3/dist-packages/colcon_core/task/python/colcon_distutils_commands:/home/ngt/ZENS-Final-AUVC/ros_ws/install/flashing/lib/python3.12/site-packages:/home/ngt/ZENS-Final-AUVC/ros_ws/install/msgs/lib/python3.12/site-packages:/home/ngt/ZENS-Final-AUVC/ros_ws/install/hardware/lib/python3.12/site-packages:/home/ngt/ZENS-Final-AUVC/ros_ws/install/flashing/lib/python3.12/site-packages:/home/ngt/ZENS-Final-AUVC/ros_ws/install/cv/lib/python3.12/site-packages:/home/ngt/ZENS-Final-AUVC/ros_ws/install/control/lib/python3.12/site-packages:/home/ngt/ZENS-Final-AUVC/ros_ws/install/bringup/lib/python3.12/site-packages:/home/ngt/auvc_ws/install/tutorial_virtualenvs/lib/python3.12/site-packages:/home/ngt/auvc_ws/install/tutorial_pid/lib/python3.12/site-packages:/home/ngt/auvc_ws/install/tutorial_ardusub/lib/python3.12/site-packages:/home/ngt/auvc_ws/install/tutorial/lib/python3.12/site-packages:/home/ngt/auvc_ws/install/rosmav/lib/python3.12/site-packages:/home/ngt/auvc_ws/install/example_custom_srv/lib/python3.12/site-packages:/home/ngt/cv_ws/install/cv/lib/python3.12/site-packages:/home/ngt/pid_ws/install/target_depth_msgs/lib/python3.12/site-packages:/home/ngt/pid_ws/install/pid/lib/python3.12/site-packages:/home/ngt/auv_dancing/install/tutorial/lib/python3.12/site-packages:/opt/ros/jazzy/lib/python3.12/site-packages', 'COLCON': '1', 'CMAKE_PREFIX_PATH': '/home/ngt/ZENS-Final-AUVC/ros_ws/install/msgs:/home/ngt/auvc_ws/install/example_custom_srv:/home/ngt/pid_ws/install/target_depth_msgs:/opt/ros/jazzy/opt/gz_sim_vendor:/opt/ros/jazzy/opt/gz_sensors_vendor:/opt/ros/jazzy/opt/gz_physics_vendor:/opt/ros/jazzy/opt/sdformat_vendor:/opt/ros/jazzy/opt/gz_gui_vendor:/opt/ros/jazzy/opt/gz_transport_vendor:/opt/ros/jazzy/opt/gz_rendering_vendor:/opt/ros/jazzy/opt/gz_plugin_vendor:/opt/ros/jazzy/opt/gz_fuel_tools_vendor:/opt/ros/jazzy/opt/gz_msgs_vendor:/opt/ros/jazzy/opt/gz_common_vendor:/opt/ros/jazzy/opt/gz_math_vendor:/opt/ros/jazzy/opt/gz_utils_vendor:/opt/ros/jazzy/opt/gz_tools_vendor:/opt/ros/jazzy/opt/gz_ogre_next_vendor:/opt/ros/jazzy/opt/gz_dartsim_vendor:/opt/ros/jazzy/opt/gz_cmake_vendor'}, 'shell': False}
[33.227501] (-) TimerEvent: {}
[33.328291] (-) TimerEvent: {}
[33.429741] (-) TimerEvent: {}
[33.531635] (-) TimerEvent: {}
[33.632352] (-) TimerEvent: {}
[33.720907] (bringup) Command: {'cmd': ['/usr/bin/python3', '-W', 'ignore:setup.py install is deprecated', '-W', 'ignore:easy_install command is deprecated', 'setup.py', 'develop', '--editable', '--build-directory', '/home/ngt/ZENS-Final-AUVC/ros_ws/build/bringup/build', '--no-deps', 'symlink_data'], 'cwd': '/home/ngt/ZENS-Final-AUVC/ros_ws/build/bringup', 'env': {'VIRTUALENVWRAPPER_WORKON_CD': '1', 'PYTHON_BASIC_REPL': '1', 'USER': 'ngt', 'GZ_SIM_RESOURCE_PATH': '/opt/ros/jazzy/share', 'WORKON_HOME': '/home/ngt/.virtualenvs', 'SSH_CLIENT': '192.168.3.1 57380 22', 'GZ_CONFIG_PATH': '/opt/ros/jazzy/opt/gz_sim_vendor/share/gz:/opt/ros/jazzy/opt/sdformat_vendor/share/gz:/opt/ros/jazzy/opt/gz_gui_vendor/share/gz:/opt/ros/jazzy/opt/gz_transport_vendor/share/gz:/opt/ros/jazzy/opt/gz_rendering_vendor/share/gz:/opt/ros/jazzy/opt/gz_plugin_vendor/share/gz:/opt/ros/jazzy/opt/gz_fuel_tools_vendor/share/gz:/opt/ros/jazzy/opt/gz_msgs_vendor/share/gz:/opt/ros/jazzy/opt/gz_common_vendor/share/gz', 'AGENT': '1', 'XDG_SESSION_TYPE': 'tty', 'GIT_ASKPASS': '/home/ngt/.vscode-server/cli/servers/Stable-e4c7e7b1d6d060162f4aa7f8225271b67ce1df75/server/extensions/git/dist/askpass.sh', 'GZ_TRANSPORT_ID': '192.168.3.1', 'LD_LIBRARY_PATH': '/home/ngt/ZENS-Final-AUVC/ros_ws/install/msgs/lib:/home/ngt/auvc_ws/install/example_custom_srv/lib:/home/ngt/pid_ws/install/target_depth_msgs/lib:/opt/ros/jazzy/opt/gz_sim_vendor/lib:/opt/ros/jazzy/opt/gz_sensors_vendor/lib:/opt/ros/jazzy/opt/gz_physics_vendor/lib:/opt/ros/jazzy/opt/sdformat_vendor/lib:/opt/ros/jazzy/opt/rviz_ogre_vendor/lib:/opt/ros/jazzy/lib/aarch64-linux-gnu:/opt/ros/jazzy/opt/gz_gui_vendor/lib:/opt/ros/jazzy/opt/gz_transport_vendor/lib:/opt/ros/jazzy/opt/gz_rendering_vendor/lib:/opt/ros/jazzy/opt/gz_plugin_vendor/lib:/opt/ros/jazzy/opt/gz_fuel_tools_vendor/lib:/opt/ros/jazzy/opt/gz_msgs_vendor/lib:/opt/ros/jazzy/opt/gz_common_vendor/lib:/opt/ros/jazzy/opt/gz_math_vendor/lib:/opt/ros/jazzy/opt/gz_utils_vendor/lib:/opt/ros/jazzy/opt/gz_tools_vendor/lib:/opt/ros/jazzy/opt/gz_ogre_next_vendor/lib:/opt/ros/jazzy/opt/gz_dartsim_vendor/lib:/opt/ros/jazzy/opt/gz_cmake_vendor/lib:/opt/ros/jazzy/lib', 'BROWSER': '/home/ngt/.vscode-server/cli/servers/Stable-e4c7e7b1d6d060162f4aa7f8225271b67ce1df75/server/bin/helpers/browser.sh', 'SHLVL': '2', 'OLDPWD': '/home/ngt/ZENS-Final-AUVC', 'LESS': '-R', 'HOME': '/home/ngt', 'VIRTUALENVWRAPPER_PYTHON': '/usr/bin/python3', 'TERM_PROGRAM_VERSION': '1.131.0', 'VSCODE_IPC_HOOK_CLI': '/run/user/1004/vscode-ipc-22873989-9fac-420e-b19e-85800e0978ec.sock', 'ZSH': '/home/ngt/.oh-my-zsh', 'GZ_TRANSPORT_PUB_PORT': '11345', 'LSCOLORS': 'Gxfxcxdxbxegedabagacad', 'PAGER': 'less', 'VSCODE_GIT_ASKPASS_MAIN': '/home/ngt/.vscode-server/cli/servers/Stable-e4c7e7b1d6d060162f4aa7f8225271b67ce1df75/server/extensions/git/dist/askpass-main.js', 'ROS_PYTHON_VERSION': '3', 'VSCODE_GIT_ASKPASS_NODE': '/home/ngt/.vscode-server/cli/servers/Stable-e4c7e7b1d6d060162f4aa7f8225271b67ce1df75/server/node', 'BUNDLED_DEBUGPY_PATH': '/home/ngt/.vscode-server/extensions/ms-python.debugpy-2026.6.0-linux-arm64/bundled/libs/debugpy', 'PYDEVD_DISABLE_FILE_VALIDATION': '1', 'VSCODE_PYTHON_AUTOACTIVATE_GUARD': '1', 'GZ_TRANSPORT_SUB_PORT': '11346', 'DBUS_SESSION_BUS_ADDRESS': 'unix:path=/run/user/1004/bus', 'COLORTERM': 'truecolor', 'COLCON_PREFIX_PATH': '/home/ngt/ZENS-Final-AUVC/ros_ws/install:/home/ngt/auvc_ws/install:/home/ngt/cv_ws/install:/home/ngt/pid_ws/install:/home/ngt/auv_dancing/install', 'ROS_DISTRO': 'jazzy', 'LOGNAME': 'ngt', '_': '/usr/bin/colcon', 'USER_ZDOTDIR': '/home/ngt', 'XDG_SESSION_CLASS': 'user', 'ROS_VERSION': '2', 'TERM': 'xterm-256color', 'XDG_SESSION_ID': '4', 'OPENCODE': '1', 'PATH': '/home/ngt/.opencode/bin:/opt/ros/jazzy/opt/gz_msgs_vendor/bin:/opt/ros/jazzy/opt/gz_tools_vendor/bin:/opt/ros/jazzy/opt/gz_ogre_next_vendor/bin:/opt/ros/jazzy/bin:/usr/lib/ccache:/home/ngt/.vscode-server/data/User/globalStorage/github.copilot-chat/debugCommand:/home/ngt/.vscode-server/data/User/globalStorage/github.copilot-chat/copilotCli:/home/ngt/.vscode-server/cli/servers/Stable-e4c7e7b1d6d060162f4aa7f8225271b67ce1df75/server/bin/remote-cli:/usr/local/sbin:/usr/local/bin:/usr/sbin:/usr/bin:/sbin:/bin:/usr/games:/usr/local/games:/snap/bin:/home/ngt/.vscode-server/extensions/ms-python.debugpy-2026.6.0-linux-arm64/bundled/scripts/noConfigScripts:/home/ngt/.local/bin:/home/ngt/ardupilot/Tools/autotest', 'XDG_RUNTIME_DIR': '/run/user/1004', 'GZ_PARTITION': 'my_sim', 'LANG': 'en_US.UTF-8', 'VSCODE_DEBUGPY_ADAPTER_ENDPOINTS': '/home/ngt/.vscode-server/extensions/ms-python.debugpy-2026.6.0-linux-arm64/.noConfigDebugAdapterEndpoints/endpoint-15e54b3cb67be4e0.txt', 'PYTHONSTARTUP': '/home/ngt/.vscode-server/data/User/workspaceStorage/ebe247280dad30c76e3d7235d970e14f/ms-python.python/pythonrc.py', 'VSCODE_INJECTION': '1', 'OPENCODE_PID': '14605', 'VSCODE_GIT_IPC_HANDLE': '/run/user/1004/vscode-git-75828e3940.sock', 'TERM_PROGRAM': 'vscode', 'LS_COLORS': 'rs=0:di=01;34:ln=01;36:mh=00:pi=40;33:so=01;35:do=01;35:bd=40;33;01:cd=40;33;01:or=40;31;01:mi=00:su=37;41:sg=30;43:ca=00:tw=30;42:ow=34;42:st=37;44:ex=01;32:*.tar=01;31:*.tgz=01;31:*.arc=01;31:*.arj=01;31:*.taz=01;31:*.lha=01;31:*.lz4=01;31:*.lzh=01;31:*.lzma=01;31:*.tlz=01;31:*.txz=01;31:*.tzo=01;31:*.t7z=01;31:*.zip=01;31:*.z=01;31:*.dz=01;31:*.gz=01;31:*.lrz=01;31:*.lz=01;31:*.lzo=01;31:*.xz=01;31:*.zst=01;31:*.tzst=01;31:*.bz2=01;31:*.bz=01;31:*.tbz=01;31:*.tbz2=01;31:*.tz=01;31:*.deb=01;31:*.rpm=01;31:*.jar=01;31:*.war=01;31:*.ear=01;31:*.sar=01;31:*.rar=01;31:*.alz=01;31:*.ace=01;31:*.zoo=01;31:*.cpio=01;31:*.7z=01;31:*.rz=01;31:*.cab=01;31:*.wim=01;31:*.swm=01;31:*.dwm=01;31:*.esd=01;31:*.avif=01;35:*.jpg=01;35:*.jpeg=01;35:*.mjpg=01;35:*.mjpeg=01;35:*.gif=01;35:*.bmp=01;35:*.pbm=01;35:*.pgm=01;35:*.ppm=01;35:*.tga=01;35:*.xbm=01;35:*.xpm=01;35:*.tif=01;35:*.tiff=01;35:*.png=01;35:*.svg=01;35:*.svgz=01;35:*.mng=01;35:*.pcx=01;35:*.mov=01;35:*.mpg=01;35:*.mpeg=01;35:*.m2v=01;35:*.mkv=01;35:*.webm=01;35:*.webp=01;35:*.ogm=01;35:*.mp4=01;35:*.m4v=01;35:*.mp4v=01;35:*.vob=01;35:*.qt=01;35:*.nuv=01;35:*.wmv=01;35:*.asf=01;35:*.rm=01;35:*.rmvb=01;35:*.flc=01;35:*.avi=01;35:*.fli=01;35:*.flv=01;35:*.gl=01;35:*.dl=01;35:*.xcf=01;35:*.xwd=01;35:*.yuv=01;35:*.cgm=01;35:*.emf=01;35:*.ogv=01;35:*.ogx=01;35:*.aac=00;36:*.au=00;36:*.flac=00;36:*.m4a=00;36:*.mid=00;36:*.midi=00;36:*.mka=00;36:*.mp3=00;36:*.mpc=00;36:*.ogg=00;36:*.ra=00;36:*.wav=00;36:*.oga=00;36:*.opus=00;36:*.spx=00;36:*.xspf=00;36:*~=00;90:*#=00;90:*.bak=00;90:*.crdownload=00;90:*.dpkg-dist=00;90:*.dpkg-new=00;90:*.dpkg-old=00;90:*.dpkg-tmp=00;90:*.old=00;90:*.orig=00;90:*.part=00;90:*.rej=00;90:*.rpmnew=00;90:*.rpmorig=00;90:*.rpmsave=00;90:*.swp=00;90:*.tmp=00;90:*.ucf-dist=00;90:*.ucf-new=00;90:*.ucf-old=00;90:', 'AMENT_PREFIX_PATH': '/home/ngt/ZENS-Final-AUVC/ros_ws/install/msgs:/home/ngt/ZENS-Final-AUVC/ros_ws/install/hardware:/home/ngt/ZENS-Final-AUVC/ros_ws/install/flashing:/home/ngt/ZENS-Final-AUVC/ros_ws/install/cv:/home/ngt/ZENS-Final-AUVC/ros_ws/install/control:/home/ngt/ZENS-Final-AUVC/ros_ws/install/bringup:/home/ngt/auvc_ws/install/tutorial_virtualenvs:/home/ngt/auvc_ws/install/tutorial_pid:/home/ngt/auvc_ws/install/tutorial_ardusub:/home/ngt/auvc_ws/install/tutorial:/home/ngt/auvc_ws/install/rosmav:/home/ngt/auvc_ws/install/example_custom_srv:/home/ngt/cv_ws/install/cv:/home/ngt/pid_ws/install/target_depth_msgs:/home/ngt/pid_ws/install/pid:/home/ngt/auv_dancing/install/tutorial:/opt/ros/jazzy', 'SHELL': '/usr/bin/zsh', 'VIRTUALENVWRAPPER_PROJECT_FILENAME': '.project', 'VIRTUALENVWRAPPER_HOOK_DIR': '/home/ngt/.virtualenvs', 'VIRTUALENVWRAPPER_SCRIPT': '/usr/share/virtualenvwrapper/virtualenvwrapper.sh', 'VSCODE_GIT_ASKPASS_EXTRA_ARGS': '', 'ROS_AUTOMATIC_DISCOVERY_RANGE': 'SUBNET', 'PWD': '/home/ngt/ZENS-Final-AUVC/ros_ws/build/bringup', 'LC_ALL': 'en_US.UTF-8', 'ZDOTDIR': '/home/ngt', 'COPILOT_DEBUG_NONCE': 'ecfdf1043499788fb94714472659d404', 'SSH_CONNECTION': '192.168.3.1 57380 192.168.3.2 22', 'PYTHONPATH': '/home/ngt/ZENS-Final-AUVC/ros_ws/build/bringup/prefix_override:/usr/lib/python3/dist-packages/colcon_core/task/python/colcon_distutils_commands:/home/ngt/ZENS-Final-AUVC/ros_ws/install/bringup/lib/python3.12/site-packages:/home/ngt/ZENS-Final-AUVC/ros_ws/install/msgs/lib/python3.12/site-packages:/home/ngt/ZENS-Final-AUVC/ros_ws/install/hardware/lib/python3.12/site-packages:/home/ngt/ZENS-Final-AUVC/ros_ws/install/flashing/lib/python3.12/site-packages:/home/ngt/ZENS-Final-AUVC/ros_ws/install/cv/lib/python3.12/site-packages:/home/ngt/ZENS-Final-AUVC/ros_ws/install/control/lib/python3.12/site-packages:/home/ngt/ZENS-Final-AUVC/ros_ws/install/bringup/lib/python3.12/site-packages:/home/ngt/auvc_ws/install/tutorial_virtualenvs/lib/python3.12/site-packages:/home/ngt/auvc_ws/install/tutorial_pid/lib/python3.12/site-packages:/home/ngt/auvc_ws/install/tutorial_ardusub/lib/python3.12/site-packages:/home/ngt/auvc_ws/install/tutorial/lib/python3.12/site-packages:/home/ngt/auvc_ws/install/rosmav/lib/python3.12/site-packages:/home/ngt/auvc_ws/install/example_custom_srv/lib/python3.12/site-packages:/home/ngt/cv_ws/install/cv/lib/python3.12/site-packages:/home/ngt/pid_ws/install/target_depth_msgs/lib/python3.12/site-packages:/home/ngt/pid_ws/install/pid/lib/python3.12/site-packages:/home/ngt/auv_dancing/install/tutorial/lib/python3.12/site-packages:/opt/ros/jazzy/lib/python3.12/site-packages', 'COLCON': '1', 'CMAKE_PREFIX_PATH': '/home/ngt/ZENS-Final-AUVC/ros_ws/install/msgs:/home/ngt/auvc_ws/install/example_custom_srv:/home/ngt/pid_ws/install/target_depth_msgs:/opt/ros/jazzy/opt/gz_sim_vendor:/opt/ros/jazzy/opt/gz_sensors_vendor:/opt/ros/jazzy/opt/gz_physics_vendor:/opt/ros/jazzy/opt/sdformat_vendor:/opt/ros/jazzy/opt/gz_gui_vendor:/opt/ros/jazzy/opt/gz_transport_vendor:/opt/ros/jazzy/opt/gz_rendering_vendor:/opt/ros/jazzy/opt/gz_plugin_vendor:/opt/ros/jazzy/opt/gz_fuel_tools_vendor:/opt/ros/jazzy/opt/gz_msgs_vendor:/opt/ros/jazzy/opt/gz_common_vendor:/opt/ros/jazzy/opt/gz_math_vendor:/opt/ros/jazzy/opt/gz_utils_vendor:/opt/ros/jazzy/opt/gz_tools_vendor:/opt/ros/jazzy/opt/gz_ogre_next_vendor:/opt/ros/jazzy/opt/gz_dartsim_vendor:/opt/ros/jazzy/opt/gz_cmake_vendor'}, 'shell': False}
[33.740968] (-) TimerEvent: {}
[33.841362] (-) TimerEvent: {}
[33.944128] (-) TimerEvent: {}
[34.045580] (-) TimerEvent: {}
[34.151592] (-) TimerEvent: {}
[34.252099] (-) TimerEvent: {}
[34.352637] (-) TimerEvent: {}
[34.453710] (-) TimerEvent: {}
[34.557626] (-) TimerEvent: {}
[34.662649] (-) TimerEvent: {}
[34.764689] (-) TimerEvent: {}
[34.867659] (-) TimerEvent: {}
[34.973628] (-) TimerEvent: {}
[35.074049] (-) TimerEvent: {}
[35.179592] (-) TimerEvent: {}
[35.282628] (-) TimerEvent: {}
[35.384606] (-) TimerEvent: {}
[35.486636] (-) TimerEvent: {}
[35.588684] (-) TimerEvent: {}
[35.693697] (-) TimerEvent: {}
[35.745596] (cv) Command: {'cmd': ['/usr/bin/python3', '-W', 'ignore:setup.py install is deprecated', '-W', 'ignore:easy_install command is deprecated', 'setup.py', 'develop', '--editable', '--build-directory', '/home/ngt/ZENS-Final-AUVC/ros_ws/build/cv/build', '--no-deps', 'symlink_data', '--force'], 'cwd': '/home/ngt/ZENS-Final-AUVC/ros_ws/build/cv', 'env': {'VIRTUALENVWRAPPER_WORKON_CD': '1', 'PYTHON_BASIC_REPL': '1', 'USER': 'ngt', 'GZ_SIM_RESOURCE_PATH': '/opt/ros/jazzy/share', 'WORKON_HOME': '/home/ngt/.virtualenvs', 'SSH_CLIENT': '192.168.3.1 57380 22', 'GZ_CONFIG_PATH': '/opt/ros/jazzy/opt/gz_sim_vendor/share/gz:/opt/ros/jazzy/opt/sdformat_vendor/share/gz:/opt/ros/jazzy/opt/gz_gui_vendor/share/gz:/opt/ros/jazzy/opt/gz_transport_vendor/share/gz:/opt/ros/jazzy/opt/gz_rendering_vendor/share/gz:/opt/ros/jazzy/opt/gz_plugin_vendor/share/gz:/opt/ros/jazzy/opt/gz_fuel_tools_vendor/share/gz:/opt/ros/jazzy/opt/gz_msgs_vendor/share/gz:/opt/ros/jazzy/opt/gz_common_vendor/share/gz', 'AGENT': '1', 'XDG_SESSION_TYPE': 'tty', 'GIT_ASKPASS': '/home/ngt/.vscode-server/cli/servers/Stable-e4c7e7b1d6d060162f4aa7f8225271b67ce1df75/server/extensions/git/dist/askpass.sh', 'GZ_TRANSPORT_ID': '192.168.3.1', 'LD_LIBRARY_PATH': '/home/ngt/ZENS-Final-AUVC/ros_ws/install/msgs/lib:/home/ngt/auvc_ws/install/example_custom_srv/lib:/home/ngt/pid_ws/install/target_depth_msgs/lib:/opt/ros/jazzy/opt/gz_sim_vendor/lib:/opt/ros/jazzy/opt/gz_sensors_vendor/lib:/opt/ros/jazzy/opt/gz_physics_vendor/lib:/opt/ros/jazzy/opt/sdformat_vendor/lib:/opt/ros/jazzy/opt/rviz_ogre_vendor/lib:/opt/ros/jazzy/lib/aarch64-linux-gnu:/opt/ros/jazzy/opt/gz_gui_vendor/lib:/opt/ros/jazzy/opt/gz_transport_vendor/lib:/opt/ros/jazzy/opt/gz_rendering_vendor/lib:/opt/ros/jazzy/opt/gz_plugin_vendor/lib:/opt/ros/jazzy/opt/gz_fuel_tools_vendor/lib:/opt/ros/jazzy/opt/gz_msgs_vendor/lib:/opt/ros/jazzy/opt/gz_common_vendor/lib:/opt/ros/jazzy/opt/gz_math_vendor/lib:/opt/ros/jazzy/opt/gz_utils_vendor/lib:/opt/ros/jazzy/opt/gz_tools_vendor/lib:/opt/ros/jazzy/opt/gz_ogre_next_vendor/lib:/opt/ros/jazzy/opt/gz_dartsim_vendor/lib:/opt/ros/jazzy/opt/gz_cmake_vendor/lib:/opt/ros/jazzy/lib', 'BROWSER': '/home/ngt/.vscode-server/cli/servers/Stable-e4c7e7b1d6d060162f4aa7f8225271b67ce1df75/server/bin/helpers/browser.sh', 'SHLVL': '2', 'OLDPWD': '/home/ngt/ZENS-Final-AUVC', 'LESS': '-R', 'HOME': '/home/ngt', 'VIRTUALENVWRAPPER_PYTHON': '/usr/bin/python3', 'TERM_PROGRAM_VERSION': '1.131.0', 'VSCODE_IPC_HOOK_CLI': '/run/user/1004/vscode-ipc-22873989-9fac-420e-b19e-85800e0978ec.sock', 'ZSH': '/home/ngt/.oh-my-zsh', 'GZ_TRANSPORT_PUB_PORT': '11345', 'LSCOLORS': 'Gxfxcxdxbxegedabagacad', 'PAGER': 'less', 'VSCODE_GIT_ASKPASS_MAIN': '/home/ngt/.vscode-server/cli/servers/Stable-e4c7e7b1d6d060162f4aa7f8225271b67ce1df75/server/extensions/git/dist/askpass-main.js', 'ROS_PYTHON_VERSION': '3', 'VSCODE_GIT_ASKPASS_NODE': '/home/ngt/.vscode-server/cli/servers/Stable-e4c7e7b1d6d060162f4aa7f8225271b67ce1df75/server/node', 'BUNDLED_DEBUGPY_PATH': '/home/ngt/.vscode-server/extensions/ms-python.debugpy-2026.6.0-linux-arm64/bundled/libs/debugpy', 'PYDEVD_DISABLE_FILE_VALIDATION': '1', 'VSCODE_PYTHON_AUTOACTIVATE_GUARD': '1', 'GZ_TRANSPORT_SUB_PORT': '11346', 'DBUS_SESSION_BUS_ADDRESS': 'unix:path=/run/user/1004/bus', 'COLORTERM': 'truecolor', 'COLCON_PREFIX_PATH': '/home/ngt/ZENS-Final-AUVC/ros_ws/install:/home/ngt/auvc_ws/install:/home/ngt/cv_ws/install:/home/ngt/pid_ws/install:/home/ngt/auv_dancing/install', 'ROS_DISTRO': 'jazzy', 'LOGNAME': 'ngt', '_': '/usr/bin/colcon', 'USER_ZDOTDIR': '/home/ngt', 'XDG_SESSION_CLASS': 'user', 'ROS_VERSION': '2', 'TERM': 'xterm-256color', 'XDG_SESSION_ID': '4', 'OPENCODE': '1', 'PATH': '/home/ngt/.opencode/bin:/opt/ros/jazzy/opt/gz_msgs_vendor/bin:/opt/ros/jazzy/opt/gz_tools_vendor/bin:/opt/ros/jazzy/opt/gz_ogre_next_vendor/bin:/opt/ros/jazzy/bin:/usr/lib/ccache:/home/ngt/.vscode-server/data/User/globalStorage/github.copilot-chat/debugCommand:/home/ngt/.vscode-server/data/User/globalStorage/github.copilot-chat/copilotCli:/home/ngt/.vscode-server/cli/servers/Stable-e4c7e7b1d6d060162f4aa7f8225271b67ce1df75/server/bin/remote-cli:/usr/local/sbin:/usr/local/bin:/usr/sbin:/usr/bin:/sbin:/bin:/usr/games:/usr/local/games:/snap/bin:/home/ngt/.vscode-server/extensions/ms-python.debugpy-2026.6.0-linux-arm64/bundled/scripts/noConfigScripts:/home/ngt/.local/bin:/home/ngt/ardupilot/Tools/autotest', 'XDG_RUNTIME_DIR': '/run/user/1004', 'GZ_PARTITION': 'my_sim', 'LANG': 'en_US.UTF-8', 'VSCODE_DEBUGPY_ADAPTER_ENDPOINTS': '/home/ngt/.vscode-server/extensions/ms-python.debugpy-2026.6.0-linux-arm64/.noConfigDebugAdapterEndpoints/endpoint-15e54b3cb67be4e0.txt', 'PYTHONSTARTUP': '/home/ngt/.vscode-server/data/User/workspaceStorage/ebe247280dad30c76e3d7235d970e14f/ms-python.python/pythonrc.py', 'VSCODE_INJECTION': '1', 'OPENCODE_PID': '14605', 'VSCODE_GIT_IPC_HANDLE': '/run/user/1004/vscode-git-75828e3940.sock', 'TERM_PROGRAM': 'vscode', 'LS_COLORS': 'rs=0:di=01;34:ln=01;36:mh=00:pi=40;33:so=01;35:do=01;35:bd=40;33;01:cd=40;33;01:or=40;31;01:mi=00:su=37;41:sg=30;43:ca=00:tw=30;42:ow=34;42:st=37;44:ex=01;32:*.tar=01;31:*.tgz=01;31:*.arc=01;31:*.arj=01;31:*.taz=01;31:*.lha=01;31:*.lz4=01;31:*.lzh=01;31:*.lzma=01;31:*.tlz=01;31:*.txz=01;31:*.tzo=01;31:*.t7z=01;31:*.zip=01;31:*.z=01;31:*.dz=01;31:*.gz=01;31:*.lrz=01;31:*.lz=01;31:*.lzo=01;31:*.xz=01;31:*.zst=01;31:*.tzst=01;31:*.bz2=01;31:*.bz=01;31:*.tbz=01;31:*.tbz2=01;31:*.tz=01;31:*.deb=01;31:*.rpm=01;31:*.jar=01;31:*.war=01;31:*.ear=01;31:*.sar=01;31:*.rar=01;31:*.alz=01;31:*.ace=01;31:*.zoo=01;31:*.cpio=01;31:*.7z=01;31:*.rz=01;31:*.cab=01;31:*.wim=01;31:*.swm=01;31:*.dwm=01;31:*.esd=01;31:*.avif=01;35:*.jpg=01;35:*.jpeg=01;35:*.mjpg=01;35:*.mjpeg=01;35:*.gif=01;35:*.bmp=01;35:*.pbm=01;35:*.pgm=01;35:*.ppm=01;35:*.tga=01;35:*.xbm=01;35:*.xpm=01;35:*.tif=01;35:*.tiff=01;35:*.png=01;35:*.svg=01;35:*.svgz=01;35:*.mng=01;35:*.pcx=01;35:*.mov=01;35:*.mpg=01;35:*.mpeg=01;35:*.m2v=01;35:*.mkv=01;35:*.webm=01;35:*.webp=01;35:*.ogm=01;35:*.mp4=01;35:*.m4v=01;35:*.mp4v=01;35:*.vob=01;35:*.qt=01;35:*.nuv=01;35:*.wmv=01;35:*.asf=01;35:*.rm=01;35:*.rmvb=01;35:*.flc=01;35:*.avi=01;35:*.fli=01;35:*.flv=01;35:*.gl=01;35:*.dl=01;35:*.xcf=01;35:*.xwd=01;35:*.yuv=01;35:*.cgm=01;35:*.emf=01;35:*.ogv=01;35:*.ogx=01;35:*.aac=00;36:*.au=00;36:*.flac=00;36:*.m4a=00;36:*.mid=00;36:*.midi=00;36:*.mka=00;36:*.mp3=00;36:*.mpc=00;36:*.ogg=00;36:*.ra=00;36:*.wav=00;36:*.oga=00;36:*.opus=00;36:*.spx=00;36:*.xspf=00;36:*~=00;90:*#=00;90:*.bak=00;90:*.crdownload=00;90:*.dpkg-dist=00;90:*.dpkg-new=00;90:*.dpkg-old=00;90:*.dpkg-tmp=00;90:*.old=00;90:*.orig=00;90:*.part=00;90:*.rej=00;90:*.rpmnew=00;90:*.rpmorig=00;90:*.rpmsave=00;90:*.swp=00;90:*.tmp=00;90:*.ucf-dist=00;90:*.ucf-new=00;90:*.ucf-old=00;90:', 'AMENT_PREFIX_PATH': '/home/ngt/ZENS-Final-AUVC/ros_ws/install/msgs:/home/ngt/ZENS-Final-AUVC/ros_ws/install/hardware:/home/ngt/ZENS-Final-AUVC/ros_ws/install/flashing:/home/ngt/ZENS-Final-AUVC/ros_ws/install/cv:/home/ngt/ZENS-Final-AUVC/ros_ws/install/control:/home/ngt/ZENS-Final-AUVC/ros_ws/install/bringup:/home/ngt/auvc_ws/install/tutorial_virtualenvs:/home/ngt/auvc_ws/install/tutorial_pid:/home/ngt/auvc_ws/install/tutorial_ardusub:/home/ngt/auvc_ws/install/tutorial:/home/ngt/auvc_ws/install/rosmav:/home/ngt/auvc_ws/install/example_custom_srv:/home/ngt/cv_ws/install/cv:/home/ngt/pid_ws/install/target_depth_msgs:/home/ngt/pid_ws/install/pid:/home/ngt/auv_dancing/install/tutorial:/opt/ros/jazzy', 'SHELL': '/usr/bin/zsh', 'VIRTUALENVWRAPPER_PROJECT_FILENAME': '.project', 'VIRTUALENVWRAPPER_HOOK_DIR': '/home/ngt/.virtualenvs', 'VIRTUALENVWRAPPER_SCRIPT': '/usr/share/virtualenvwrapper/virtualenvwrapper.sh', 'VSCODE_GIT_ASKPASS_EXTRA_ARGS': '', 'ROS_AUTOMATIC_DISCOVERY_RANGE': 'SUBNET', 'PWD': '/home/ngt/ZENS-Final-AUVC/ros_ws/build/cv', 'LC_ALL': 'en_US.UTF-8', 'ZDOTDIR': '/home/ngt', 'COPILOT_DEBUG_NONCE': 'ecfdf1043499788fb94714472659d404', 'SSH_CONNECTION': '192.168.3.1 57380 192.168.3.2 22', 'PYTHONPATH': '/home/ngt/ZENS-Final-AUVC/ros_ws/build/cv/prefix_override:/usr/lib/python3/dist-packages/colcon_core/task/python/colcon_distutils_commands:/home/ngt/ZENS-Final-AUVC/ros_ws/install/cv/lib/python3.12/site-packages:/home/ngt/ZENS-Final-AUVC/ros_ws/install/msgs/lib/python3.12/site-packages:/home/ngt/ZENS-Final-AUVC/ros_ws/install/hardware/lib/python3.12/site-packages:/home/ngt/ZENS-Final-AUVC/ros_ws/install/flashing/lib/python3.12/site-packages:/home/ngt/ZENS-Final-AUVC/ros_ws/install/cv/lib/python3.12/site-packages:/home/ngt/ZENS-Final-AUVC/ros_ws/install/control/lib/python3.12/site-packages:/home/ngt/ZENS-Final-AUVC/ros_ws/install/bringup/lib/python3.12/site-packages:/home/ngt/auvc_ws/install/tutorial_virtualenvs/lib/python3.12/site-packages:/home/ngt/auvc_ws/install/tutorial_pid/lib/python3.12/site-packages:/home/ngt/auvc_ws/install/tutorial_ardusub/lib/python3.12/site-packages:/home/ngt/auvc_ws/install/tutorial/lib/python3.12/site-packages:/home/ngt/auvc_ws/install/rosmav/lib/python3.12/site-packages:/home/ngt/auvc_ws/install/example_custom_srv/lib/python3.12/site-packages:/home/ngt/cv_ws/install/cv/lib/python3.12/site-packages:/home/ngt/pid_ws/install/target_depth_msgs/lib/python3.12/site-packages:/home/ngt/pid_ws/install/pid/lib/python3.12/site-packages:/home/ngt/auv_dancing/install/tutorial/lib/python3.12/site-packages:/opt/ros/jazzy/lib/python3.12/site-packages', 'COLCON': '1', 'CMAKE_PREFIX_PATH': '/home/ngt/ZENS-Final-AUVC/ros_ws/install/msgs:/home/ngt/auvc_ws/install/example_custom_srv:/home/ngt/pid_ws/install/target_depth_msgs:/opt/ros/jazzy/opt/gz_sim_vendor:/opt/ros/jazzy/opt/gz_sensors_vendor:/opt/ros/jazzy/opt/gz_physics_vendor:/opt/ros/jazzy/opt/sdformat_vendor:/opt/ros/jazzy/opt/gz_gui_vendor:/opt/ros/jazzy/opt/gz_transport_vendor:/opt/ros/jazzy/opt/gz_rendering_vendor:/opt/ros/jazzy/opt/gz_plugin_vendor:/opt/ros/jazzy/opt/gz_fuel_tools_vendor:/opt/ros/jazzy/opt/gz_msgs_vendor:/opt/ros/jazzy/opt/gz_common_vendor:/opt/ros/jazzy/opt/gz_math_vendor:/opt/ros/jazzy/opt/gz_utils_vendor:/opt/ros/jazzy/opt/gz_tools_vendor:/opt/ros/jazzy/opt/gz_ogre_next_vendor:/opt/ros/jazzy/opt/gz_dartsim_vendor:/opt/ros/jazzy/opt/gz_cmake_vendor'}, 'shell': False}
[35.796591] (-) TimerEvent: {}
[35.901631] (-) TimerEvent: {}
[36.002088] (-) TimerEvent: {}
[36.107620] (-) TimerEvent: {}
[36.208045] (-) TimerEvent: {}
[36.313666] (-) TimerEvent: {}
[36.414146] (-) TimerEvent: {}
[36.514636] (-) TimerEvent: {}
[36.617580] (-) TimerEvent: {}
[36.720583] (-) TimerEvent: {}
[36.823853] (-) TimerEvent: {}
[36.924315] (-) TimerEvent: {}
[37.024858] (-) TimerEvent: {}
[37.128620] (-) TimerEvent: {}
[37.230382] (-) TimerEvent: {}
[37.330868] (-) TimerEvent: {}
[37.436575] (-) TimerEvent: {}
[37.536980] (-) TimerEvent: {}
[37.639314] (-) TimerEvent: {}
[37.741060] (-) TimerEvent: {}
[37.841582] (-) TimerEvent: {}
[37.950953] (-) TimerEvent: {}
[38.055601] (-) TimerEvent: {}
[38.164570] (-) TimerEvent: {}
[38.264993] (-) TimerEvent: {}
[38.372606] (-) TimerEvent: {}
[38.475590] (-) TimerEvent: {}
[38.575996] (-) TimerEvent: {}
[38.676527] (-) TimerEvent: {}
[38.781604] (-) TimerEvent: {}
[38.883632] (-) TimerEvent: {}
[38.984160] (-) TimerEvent: {}
[39.086663] (-) TimerEvent: {}
[39.187418] (-) TimerEvent: {}
[39.293608] (-) TimerEvent: {}
[39.394113] (-) TimerEvent: {}
[39.497662] (-) TimerEvent: {}
[39.602642] (-) TimerEvent: {}
[39.672204] (control) Command: {'cmd': ['/usr/bin/python3', '-W', 'ignore:setup.py install is deprecated', '-W', 'ignore:easy_install command is deprecated', 'setup.py', 'develop', '--editable', '--build-directory', '/home/ngt/ZENS-Final-AUVC/ros_ws/build/control/build', '--no-deps', 'symlink_data', '--force'], 'cwd': '/home/ngt/ZENS-Final-AUVC/ros_ws/build/control', 'env': {'VIRTUALENVWRAPPER_WORKON_CD': '1', 'PYTHON_BASIC_REPL': '1', 'USER': 'ngt', 'GZ_SIM_RESOURCE_PATH': '/opt/ros/jazzy/share', 'WORKON_HOME': '/home/ngt/.virtualenvs', 'SSH_CLIENT': '192.168.3.1 57380 22', 'GZ_CONFIG_PATH': '/opt/ros/jazzy/opt/gz_sim_vendor/share/gz:/opt/ros/jazzy/opt/sdformat_vendor/share/gz:/opt/ros/jazzy/opt/gz_gui_vendor/share/gz:/opt/ros/jazzy/opt/gz_transport_vendor/share/gz:/opt/ros/jazzy/opt/gz_rendering_vendor/share/gz:/opt/ros/jazzy/opt/gz_plugin_vendor/share/gz:/opt/ros/jazzy/opt/gz_fuel_tools_vendor/share/gz:/opt/ros/jazzy/opt/gz_msgs_vendor/share/gz:/opt/ros/jazzy/opt/gz_common_vendor/share/gz', 'AGENT': '1', 'XDG_SESSION_TYPE': 'tty', 'GIT_ASKPASS': '/home/ngt/.vscode-server/cli/servers/Stable-e4c7e7b1d6d060162f4aa7f8225271b67ce1df75/server/extensions/git/dist/askpass.sh', 'GZ_TRANSPORT_ID': '192.168.3.1', 'LD_LIBRARY_PATH': '/home/ngt/ZENS-Final-AUVC/ros_ws/install/msgs/lib:/home/ngt/auvc_ws/install/example_custom_srv/lib:/home/ngt/pid_ws/install/target_depth_msgs/lib:/opt/ros/jazzy/opt/gz_sim_vendor/lib:/opt/ros/jazzy/opt/gz_sensors_vendor/lib:/opt/ros/jazzy/opt/gz_physics_vendor/lib:/opt/ros/jazzy/opt/sdformat_vendor/lib:/opt/ros/jazzy/opt/rviz_ogre_vendor/lib:/opt/ros/jazzy/lib/aarch64-linux-gnu:/opt/ros/jazzy/opt/gz_gui_vendor/lib:/opt/ros/jazzy/opt/gz_transport_vendor/lib:/opt/ros/jazzy/opt/gz_rendering_vendor/lib:/opt/ros/jazzy/opt/gz_plugin_vendor/lib:/opt/ros/jazzy/opt/gz_fuel_tools_vendor/lib:/opt/ros/jazzy/opt/gz_msgs_vendor/lib:/opt/ros/jazzy/opt/gz_common_vendor/lib:/opt/ros/jazzy/opt/gz_math_vendor/lib:/opt/ros/jazzy/opt/gz_utils_vendor/lib:/opt/ros/jazzy/opt/gz_tools_vendor/lib:/opt/ros/jazzy/opt/gz_ogre_next_vendor/lib:/opt/ros/jazzy/opt/gz_dartsim_vendor/lib:/opt/ros/jazzy/opt/gz_cmake_vendor/lib:/opt/ros/jazzy/lib', 'BROWSER': '/home/ngt/.vscode-server/cli/servers/Stable-e4c7e7b1d6d060162f4aa7f8225271b67ce1df75/server/bin/helpers/browser.sh', 'SHLVL': '2', 'OLDPWD': '/home/ngt/ZENS-Final-AUVC', 'LESS': '-R', 'HOME': '/home/ngt', 'VIRTUALENVWRAPPER_PYTHON': '/usr/bin/python3', 'TERM_PROGRAM_VERSION': '1.131.0', 'VSCODE_IPC_HOOK_CLI': '/run/user/1004/vscode-ipc-22873989-9fac-420e-b19e-85800e0978ec.sock', 'ZSH': '/home/ngt/.oh-my-zsh', 'GZ_TRANSPORT_PUB_PORT': '11345', 'LSCOLORS': 'Gxfxcxdxbxegedabagacad', 'PAGER': 'less', 'VSCODE_GIT_ASKPASS_MAIN': '/home/ngt/.vscode-server/cli/servers/Stable-e4c7e7b1d6d060162f4aa7f8225271b67ce1df75/server/extensions/git/dist/askpass-main.js', 'ROS_PYTHON_VERSION': '3', 'VSCODE_GIT_ASKPASS_NODE': '/home/ngt/.vscode-server/cli/servers/Stable-e4c7e7b1d6d060162f4aa7f8225271b67ce1df75/server/node', 'BUNDLED_DEBUGPY_PATH': '/home/ngt/.vscode-server/extensions/ms-python.debugpy-2026.6.0-linux-arm64/bundled/libs/debugpy', 'PYDEVD_DISABLE_FILE_VALIDATION': '1', 'VSCODE_PYTHON_AUTOACTIVATE_GUARD': '1', 'GZ_TRANSPORT_SUB_PORT': '11346', 'DBUS_SESSION_BUS_ADDRESS': 'unix:path=/run/user/1004/bus', 'COLORTERM': 'truecolor', 'COLCON_PREFIX_PATH': '/home/ngt/ZENS-Final-AUVC/ros_ws/install:/home/ngt/auvc_ws/install:/home/ngt/cv_ws/install:/home/ngt/pid_ws/install:/home/ngt/auv_dancing/install', 'ROS_DISTRO': 'jazzy', 'LOGNAME': 'ngt', '_': '/usr/bin/colcon', 'USER_ZDOTDIR': '/home/ngt', 'XDG_SESSION_CLASS': 'user', 'ROS_VERSION': '2', 'TERM': 'xterm-256color', 'XDG_SESSION_ID': '4', 'OPENCODE': '1', 'PATH': '/home/ngt/.opencode/bin:/opt/ros/jazzy/opt/gz_msgs_vendor/bin:/opt/ros/jazzy/opt/gz_tools_vendor/bin:/opt/ros/jazzy/opt/gz_ogre_next_vendor/bin:/opt/ros/jazzy/bin:/usr/lib/ccache:/home/ngt/.vscode-server/data/User/globalStorage/github.copilot-chat/debugCommand:/home/ngt/.vscode-server/data/User/globalStorage/github.copilot-chat/copilotCli:/home/ngt/.vscode-server/cli/servers/Stable-e4c7e7b1d6d060162f4aa7f8225271b67ce1df75/server/bin/remote-cli:/usr/local/sbin:/usr/local/bin:/usr/sbin:/usr/bin:/sbin:/bin:/usr/games:/usr/local/games:/snap/bin:/home/ngt/.vscode-server/extensions/ms-python.debugpy-2026.6.0-linux-arm64/bundled/scripts/noConfigScripts:/home/ngt/.local/bin:/home/ngt/ardupilot/Tools/autotest', 'XDG_RUNTIME_DIR': '/run/user/1004', 'GZ_PARTITION': 'my_sim', 'LANG': 'en_US.UTF-8', 'VSCODE_DEBUGPY_ADAPTER_ENDPOINTS': '/home/ngt/.vscode-server/extensions/ms-python.debugpy-2026.6.0-linux-arm64/.noConfigDebugAdapterEndpoints/endpoint-15e54b3cb67be4e0.txt', 'PYTHONSTARTUP': '/home/ngt/.vscode-server/data/User/workspaceStorage/ebe247280dad30c76e3d7235d970e14f/ms-python.python/pythonrc.py', 'VSCODE_INJECTION': '1', 'OPENCODE_PID': '14605', 'VSCODE_GIT_IPC_HANDLE': '/run/user/1004/vscode-git-75828e3940.sock', 'TERM_PROGRAM': 'vscode', 'LS_COLORS': 'rs=0:di=01;34:ln=01;36:mh=00:pi=40;33:so=01;35:do=01;35:bd=40;33;01:cd=40;33;01:or=40;31;01:mi=00:su=37;41:sg=30;43:ca=00:tw=30;42:ow=34;42:st=37;44:ex=01;32:*.tar=01;31:*.tgz=01;31:*.arc=01;31:*.arj=01;31:*.taz=01;31:*.lha=01;31:*.lz4=01;31:*.lzh=01;31:*.lzma=01;31:*.tlz=01;31:*.txz=01;31:*.tzo=01;31:*.t7z=01;31:*.zip=01;31:*.z=01;31:*.dz=01;31:*.gz=01;31:*.lrz=01;31:*.lz=01;31:*.lzo=01;31:*.xz=01;31:*.zst=01;31:*.tzst=01;31:*.bz2=01;31:*.bz=01;31:*.tbz=01;31:*.tbz2=01;31:*.tz=01;31:*.deb=01;31:*.rpm=01;31:*.jar=01;31:*.war=01;31:*.ear=01;31:*.sar=01;31:*.rar=01;31:*.alz=01;31:*.ace=01;31:*.zoo=01;31:*.cpio=01;31:*.7z=01;31:*.rz=01;31:*.cab=01;31:*.wim=01;31:*.swm=01;31:*.dwm=01;31:*.esd=01;31:*.avif=01;35:*.jpg=01;35:*.jpeg=01;35:*.mjpg=01;35:*.mjpeg=01;35:*.gif=01;35:*.bmp=01;35:*.pbm=01;35:*.pgm=01;35:*.ppm=01;35:*.tga=01;35:*.xbm=01;35:*.xpm=01;35:*.tif=01;35:*.tiff=01;35:*.png=01;35:*.svg=01;35:*.svgz=01;35:*.mng=01;35:*.pcx=01;35:*.mov=01;35:*.mpg=01;35:*.mpeg=01;35:*.m2v=01;35:*.mkv=01;35:*.webm=01;35:*.webp=01;35:*.ogm=01;35:*.mp4=01;35:*.m4v=01;35:*.mp4v=01;35:*.vob=01;35:*.qt=01;35:*.nuv=01;35:*.wmv=01;35:*.asf=01;35:*.rm=01;35:*.rmvb=01;35:*.flc=01;35:*.avi=01;35:*.fli=01;35:*.flv=01;35:*.gl=01;35:*.dl=01;35:*.xcf=01;35:*.xwd=01;35:*.yuv=01;35:*.cgm=01;35:*.emf=01;35:*.ogv=01;35:*.ogx=01;35:*.aac=00;36:*.au=00;36:*.flac=00;36:*.m4a=00;36:*.mid=00;36:*.midi=00;36:*.mka=00;36:*.mp3=00;36:*.mpc=00;36:*.ogg=00;36:*.ra=00;36:*.wav=00;36:*.oga=00;36:*.opus=00;36:*.spx=00;36:*.xspf=00;36:*~=00;90:*#=00;90:*.bak=00;90:*.crdownload=00;90:*.dpkg-dist=00;90:*.dpkg-new=00;90:*.dpkg-old=00;90:*.dpkg-tmp=00;90:*.old=00;90:*.orig=00;90:*.part=00;90:*.rej=00;90:*.rpmnew=00;90:*.rpmorig=00;90:*.rpmsave=00;90:*.swp=00;90:*.tmp=00;90:*.ucf-dist=00;90:*.ucf-new=00;90:*.ucf-old=00;90:', 'AMENT_PREFIX_PATH': '/home/ngt/ZENS-Final-AUVC/ros_ws/install/msgs:/home/ngt/ZENS-Final-AUVC/ros_ws/install/hardware:/home/ngt/ZENS-Final-AUVC/ros_ws/install/flashing:/home/ngt/ZENS-Final-AUVC/ros_ws/install/cv:/home/ngt/ZENS-Final-AUVC/ros_ws/install/control:/home/ngt/ZENS-Final-AUVC/ros_ws/install/bringup:/home/ngt/auvc_ws/install/tutorial_virtualenvs:/home/ngt/auvc_ws/install/tutorial_pid:/home/ngt/auvc_ws/install/tutorial_ardusub:/home/ngt/auvc_ws/install/tutorial:/home/ngt/auvc_ws/install/rosmav:/home/ngt/auvc_ws/install/example_custom_srv:/home/ngt/cv_ws/install/cv:/home/ngt/pid_ws/install/target_depth_msgs:/home/ngt/pid_ws/install/pid:/home/ngt/auv_dancing/install/tutorial:/opt/ros/jazzy', 'SHELL': '/usr/bin/zsh', 'VIRTUALENVWRAPPER_PROJECT_FILENAME': '.project', 'VIRTUALENVWRAPPER_HOOK_DIR': '/home/ngt/.virtualenvs', 'VIRTUALENVWRAPPER_SCRIPT': '/usr/share/virtualenvwrapper/virtualenvwrapper.sh', 'VSCODE_GIT_ASKPASS_EXTRA_ARGS': '', 'ROS_AUTOMATIC_DISCOVERY_RANGE': 'SUBNET', 'PWD': '/home/ngt/ZENS-Final-AUVC/ros_ws/build/control', 'LC_ALL': 'en_US.UTF-8', 'ZDOTDIR': '/home/ngt', 'COPILOT_DEBUG_NONCE': 'ecfdf1043499788fb94714472659d404', 'SSH_CONNECTION': '192.168.3.1 57380 192.168.3.2 22', 'PYTHONPATH': '/home/ngt/ZENS-Final-AUVC/ros_ws/build/control/prefix_override:/usr/lib/python3/dist-packages/colcon_core/task/python/colcon_distutils_commands:/home/ngt/ZENS-Final-AUVC/ros_ws/install/control/lib/python3.12/site-packages:/home/ngt/ZENS-Final-AUVC/ros_ws/install/msgs/lib/python3.12/site-packages:/home/ngt/ZENS-Final-AUVC/ros_ws/install/hardware/lib/python3.12/site-packages:/home/ngt/ZENS-Final-AUVC/ros_ws/install/flashing/lib/python3.12/site-packages:/home/ngt/ZENS-Final-AUVC/ros_ws/install/cv/lib/python3.12/site-packages:/home/ngt/ZENS-Final-AUVC/ros_ws/install/control/lib/python3.12/site-packages:/home/ngt/ZENS-Final-AUVC/ros_ws/install/bringup/lib/python3.12/site-packages:/home/ngt/auvc_ws/install/tutorial_virtualenvs/lib/python3.12/site-packages:/home/ngt/auvc_ws/install/tutorial_pid/lib/python3.12/site-packages:/home/ngt/auvc_ws/install/tutorial_ardusub/lib/python3.12/site-packages:/home/ngt/auvc_ws/install/tutorial/lib/python3.12/site-packages:/home/ngt/auvc_ws/install/rosmav/lib/python3.12/site-packages:/home/ngt/auvc_ws/install/example_custom_srv/lib/python3.12/site-packages:/home/ngt/cv_ws/install/cv/lib/python3.12/site-packages:/home/ngt/pid_ws/install/target_depth_msgs/lib/python3.12/site-packages:/home/ngt/pid_ws/install/pid/lib/python3.12/site-packages:/home/ngt/auv_dancing/install/tutorial/lib/python3.12/site-packages:/opt/ros/jazzy/lib/python3.12/site-packages', 'COLCON': '1', 'CMAKE_PREFIX_PATH': '/home/ngt/ZENS-Final-AUVC/ros_ws/install/msgs:/home/ngt/auvc_ws/install/example_custom_srv:/home/ngt/pid_ws/install/target_depth_msgs:/opt/ros/jazzy/opt/gz_sim_vendor:/opt/ros/jazzy/opt/gz_sensors_vendor:/opt/ros/jazzy/opt/gz_physics_vendor:/opt/ros/jazzy/opt/sdformat_vendor:/opt/ros/jazzy/opt/gz_gui_vendor:/opt/ros/jazzy/opt/gz_transport_vendor:/opt/ros/jazzy/opt/gz_rendering_vendor:/opt/ros/jazzy/opt/gz_plugin_vendor:/opt/ros/jazzy/opt/gz_fuel_tools_vendor:/opt/ros/jazzy/opt/gz_msgs_vendor:/opt/ros/jazzy/opt/gz_common_vendor:/opt/ros/jazzy/opt/gz_math_vendor:/opt/ros/jazzy/opt/gz_utils_vendor:/opt/ros/jazzy/opt/gz_tools_vendor:/opt/ros/jazzy/opt/gz_ogre_next_vendor:/opt/ros/jazzy/opt/gz_dartsim_vendor:/opt/ros/jazzy/opt/gz_cmake_vendor'}, 'shell': False}
[39.708973] (-) TimerEvent: {}
[39.809374] (-) TimerEvent: {}
[39.912871] (-) TimerEvent: {}
[40.013401] (-) TimerEvent: {}
[40.116581] (-) TimerEvent: {}
[40.222771] (-) TimerEvent: {}
[40.323191] (-) TimerEvent: {}
[40.424994] (-) TimerEvent: {}
[40.525398] (-) TimerEvent: {}
[40.631903] (-) TimerEvent: {}
[40.734596] (-) TimerEvent: {}
[40.835008] (-) TimerEvent: {}
[40.943627] (-) TimerEvent: {}
[41.044129] (-) TimerEvent: {}
[41.146663] (-) TimerEvent: {}
[41.247312] (-) TimerEvent: {}
[41.347918] (-) TimerEvent: {}
[41.448895] (-) TimerEvent: {}
[41.549342] (-) TimerEvent: {}
[41.652564] (-) TimerEvent: {}
[41.755674] (-) TimerEvent: {}
[41.858292] (-) TimerEvent: {}
[41.958771] (-) TimerEvent: {}
[42.059570] (-) TimerEvent: {}
[42.163605] (-) TimerEvent: {}
[42.264036] (-) TimerEvent: {}
[42.364543] (-) TimerEvent: {}
[42.467802] (-) TimerEvent: {}
[42.569772] (-) TimerEvent: {}
[42.674586] (-) TimerEvent: {}
[42.775089] (-) TimerEvent: {}
[42.878610] (-) TimerEvent: {}
[42.981637] (-) TimerEvent: {}
[43.082156] (-) TimerEvent: {}
[43.182682] (-) TimerEvent: {}
[43.283129] (-) TimerEvent: {}
[43.389687] (-) TimerEvent: {}
[43.490133] (-) TimerEvent: {}
[43.592636] (-) TimerEvent: {}
[43.693046] (-) TimerEvent: {}
[43.802497] (-) TimerEvent: {}
[43.910743] (-) TimerEvent: {}
[44.011727] (-) TimerEvent: {}
[44.112140] (-) TimerEvent: {}
[44.212571] (-) TimerEvent: {}
[44.315587] (-) TimerEvent: {}
[44.416127] (-) TimerEvent: {}
[44.518485] (-) TimerEvent: {}
[44.620758] (-) TimerEvent: {}
[44.721268] (-) TimerEvent: {}
[44.834603] (-) TimerEvent: {}
[44.935376] (-) TimerEvent: {}
[45.036010] (-) TimerEvent: {}
[45.140606] (-) TimerEvent: {}
[45.243589] (-) TimerEvent: {}
[45.345792] (-) TimerEvent: {}
[45.446197] (-) TimerEvent: {}
[45.549679] (-) TimerEvent: {}
[45.650269] (-) TimerEvent: {}
[45.752896] (-) TimerEvent: {}
[45.855561] (-) TimerEvent: {}
[45.955989] (-) TimerEvent: {}
[46.058614] (-) TimerEvent: {}
[46.163367] (-) TimerEvent: {}
[46.263817] (-) TimerEvent: {}
[46.364299] (-) TimerEvent: {}
[46.466648] (-) TimerEvent: {}
[46.567544] (-) TimerEvent: {}
[46.604455] (flashing) StdoutLine: {'line': b'running develop\n'}
[46.668140] (-) TimerEvent: {}
[46.768707] (-) TimerEvent: {}
[46.871045] (-) TimerEvent: {}
[46.973569] (-) TimerEvent: {}
[47.076703] (-) TimerEvent: {}
[47.104686] (bringup) StdoutLine: {'line': b'running develop\n'}
[47.177308] (-) TimerEvent: {}
[47.277812] (-) TimerEvent: {}
[47.381667] (-) TimerEvent: {}
[47.483347] (-) TimerEvent: {}
[47.587224] (-) TimerEvent: {}
[47.688352] (-) TimerEvent: {}
[47.788914] (-) TimerEvent: {}
[47.889919] (-) TimerEvent: {}
[47.906813] (cv) StdoutLine: {'line': b'running develop\n'}
[47.995688] (-) TimerEvent: {}
[48.096294] (-) TimerEvent: {}
[48.200573] (-) TimerEvent: {}
[48.310220] (-) TimerEvent: {}
[48.412757] (-) TimerEvent: {}
[48.513271] (-) TimerEvent: {}
[48.613767] (-) TimerEvent: {}
[48.720323] (-) TimerEvent: {}
[48.825586] (-) TimerEvent: {}
[48.926024] (-) TimerEvent: {}
[49.026850] (-) TimerEvent: {}
[49.127657] (-) TimerEvent: {}
[49.230748] (-) TimerEvent: {}
[49.331170] (-) TimerEvent: {}
[49.437657] (-) TimerEvent: {}
[49.541219] (-) TimerEvent: {}
[49.646579] (-) TimerEvent: {}
[49.750116] (-) TimerEvent: {}
[49.831039] (control) StdoutLine: {'line': b'running develop\n'}
[49.855638] (-) TimerEvent: {}
[49.958627] (-) TimerEvent: {}
[50.060395] (-) TimerEvent: {}
[50.161673] (-) TimerEvent: {}
[50.265721] (-) TimerEvent: {}
[50.368612] (-) TimerEvent: {}
[50.471616] (-) TimerEvent: {}
[50.572069] (-) TimerEvent: {}
[50.678573] (-) TimerEvent: {}
[50.779001] (-) TimerEvent: {}
[50.882574] (-) TimerEvent: {}
[50.982992] (-) TimerEvent: {}
[51.091585] (-) TimerEvent: {}
[51.197580] (-) TimerEvent: {}
[51.298081] (-) TimerEvent: {}
[51.400596] (-) TimerEvent: {}
[51.505605] (-) TimerEvent: {}
[51.606067] (-) TimerEvent: {}
[51.707565] (-) TimerEvent: {}
[51.809613] (-) TimerEvent: {}
[51.919643] (-) TimerEvent: {}
[52.020171] (-) TimerEvent: {}
[52.121756] (-) TimerEvent: {}
[52.227692] (-) TimerEvent: {}
[52.332033] (-) TimerEvent: {}
[52.432483] (-) TimerEvent: {}
[52.532866] (-) TimerEvent: {}
[52.640571] (-) TimerEvent: {}
[52.741007] (-) TimerEvent: {}
[52.845839] (-) TimerEvent: {}
[52.951607] (-) TimerEvent: {}
[53.052056] (-) TimerEvent: {}
[53.156603] (-) TimerEvent: {}
[53.257125] (-) TimerEvent: {}
[53.358697] (-) TimerEvent: {}
[53.463685] (-) TimerEvent: {}
[53.564675] (-) TimerEvent: {}
[53.665125] (-) TimerEvent: {}
[53.771592] (-) TimerEvent: {}
[53.873261] (-) TimerEvent: {}
[53.973777] (-) TimerEvent: {}
[54.076590] (-) TimerEvent: {}
[54.177972] (-) TimerEvent: {}
[54.284735] (-) TimerEvent: {}
[54.385151] (-) TimerEvent: {}
[54.490781] (-) TimerEvent: {}
[54.596663] (-) TimerEvent: {}
[54.699619] (-) TimerEvent: {}
[54.805642] (-) TimerEvent: {}
[54.906059] (-) TimerEvent: {}
[55.014060] (-) TimerEvent: {}
[55.114588] (-) TimerEvent: {}
[55.220593] (-) TimerEvent: {}
[55.321117] (-) TimerEvent: {}
[55.421674] (-) TimerEvent: {}
[55.524577] (-) TimerEvent: {}
[55.626600] (-) TimerEvent: {}
[55.729565] (-) TimerEvent: {}
[55.829929] (-) TimerEvent: {}
[55.930417] (-) TimerEvent: {}
[56.033602] (-) TimerEvent: {}
[56.136656] (-) TimerEvent: {}
[56.239170] (-) TimerEvent: {}
[56.340754] (-) TimerEvent: {}
[56.445648] (-) TimerEvent: {}
[56.546078] (-) TimerEvent: {}
[56.656605] (-) TimerEvent: {}
[56.758595] (-) TimerEvent: {}
[56.859016] (-) TimerEvent: {}
[56.960652] (-) TimerEvent: {}
[57.061652] (-) TimerEvent: {}
[57.159196] (cv) StdoutLine: {'line': b'running egg_info\n'}
[57.164613] (-) TimerEvent: {}
[57.266655] (-) TimerEvent: {}
[57.367714] (-) TimerEvent: {}
[57.468225] (-) TimerEvent: {}
[57.571145] (-) TimerEvent: {}
[57.674621] (-) TimerEvent: {}
[57.780677] (-) TimerEvent: {}
[57.881070] (-) TimerEvent: {}
[57.985662] (-) TimerEvent: {}
[58.092658] (-) TimerEvent: {}
[58.195735] (-) TimerEvent: {}
[58.296187] (-) TimerEvent: {}
[58.399628] (-) TimerEvent: {}
[58.507705] (-) TimerEvent: {}
[58.576282] (cv) StdoutLine: {'line': b'writing cv.egg-info/PKG-INFO\n'}
[58.588383] (cv) StdoutLine: {'line': b'writing dependency_links to cv.egg-info/dependency_links.txt\n'}
[58.591636] (cv) StdoutLine: {'line': b'writing entry points to cv.egg-info/entry_points.txt\n'}
[58.595830] (cv) StdoutLine: {'line': b'writing requirements to cv.egg-info/requires.txt\n'}
[58.602165] (cv) StdoutLine: {'line': b'writing top-level names to cv.egg-info/top_level.txt\n'}
[58.610822] (flashing) StdoutLine: {'line': b'running egg_info\n'}
[58.611664] (-) TimerEvent: {}
[58.695397] (bringup) StdoutLine: {'line': b'running egg_info\n'}
[58.715593] (-) TimerEvent: {}
[58.816033] (-) TimerEvent: {}
[58.918718] (-) TimerEvent: {}
[59.021413] (-) TimerEvent: {}
[59.127293] (-) TimerEvent: {}
[59.235784] (-) TimerEvent: {}
[59.336236] (-) TimerEvent: {}
[59.442635] (-) TimerEvent: {}
[59.543086] (-) TimerEvent: {}
[59.598853] (flashing) StdoutLine: {'line': b'writing flashing.egg-info/PKG-INFO\n'}
[59.612961] (flashing) StdoutLine: {'line': b'writing dependency_links to flashing.egg-info/dependency_links.txt\n'}
[59.624616] (flashing) StdoutLine: {'line': b'writing entry points to flashing.egg-info/entry_points.txt\n'}
[59.625534] (flashing) StdoutLine: {'line': b'writing requirements to flashing.egg-info/requires.txt\n'}
[59.626339] (flashing) StdoutLine: {'line': b'writing top-level names to flashing.egg-info/top_level.txt\n'}
[59.657282] (-) TimerEvent: {}
[59.760622] (-) TimerEvent: {}
[59.861039] (-) TimerEvent: {}
[59.921536] (bringup) StdoutLine: {'line': b'writing bringup.egg-info/PKG-INFO\n'}
[59.946518] (bringup) StdoutLine: {'line': b'writing dependency_links to bringup.egg-info/dependency_links.txt\n'}
[59.956600] (bringup) StdoutLine: {'line': b'writing requirements to bringup.egg-info/requires.txt\n'}
[59.962626] (bringup) StdoutLine: {'line': b'writing top-level names to bringup.egg-info/top_level.txt\n'}
[59.963478] (-) TimerEvent: {}
[60.069385] (-) TimerEvent: {}
[60.170004] (-) TimerEvent: {}
[60.270457] (-) TimerEvent: {}
[60.372837] (-) TimerEvent: {}
[60.473373] (-) TimerEvent: {}
[60.577819] (-) TimerEvent: {}
[60.642984] (control) StdoutLine: {'line': b'running egg_info\n'}
[60.679152] (-) TimerEvent: {}
[60.793634] (-) TimerEvent: {}
[60.894023] (-) TimerEvent: {}
[60.994516] (-) TimerEvent: {}
[61.005881] (cv) StdoutLine: {'line': b"reading manifest file 'cv.egg-info/SOURCES.txt'\n"}
[61.017148] (cv) StdoutLine: {'line': b"writing manifest file 'cv.egg-info/SOURCES.txt'\n"}
[61.106650] (-) TimerEvent: {}
[61.207137] (-) TimerEvent: {}
[61.321721] (-) TimerEvent: {}
[61.424168] (-) TimerEvent: {}
[61.527673] (-) TimerEvent: {}
[61.635293] (-) TimerEvent: {}
[61.737207] (-) TimerEvent: {}
[61.841943] (-) TimerEvent: {}
[61.952635] (-) TimerEvent: {}
[62.058626] (-) TimerEvent: {}
[62.159689] (-) TimerEvent: {}
[62.229608] (control) StdoutLine: {'line': b'writing control.egg-info/PKG-INFO\n'}
[62.234313] (control) StdoutLine: {'line': b'writing dependency_links to control.egg-info/dependency_links.txt\n'}
[62.238593] (control) StdoutLine: {'line': b'writing entry points to control.egg-info/entry_points.txt\n'}
[62.244217] (control) StdoutLine: {'line': b'writing requirements to control.egg-info/requires.txt\n'}
[62.245124] (control) StdoutLine: {'line': b'writing top-level names to control.egg-info/top_level.txt\n'}
[62.262582] (-) TimerEvent: {}
[62.364517] (-) TimerEvent: {}
[62.471076] (-) TimerEvent: {}
[62.573211] (-) TimerEvent: {}
[62.582793] (cv) StdoutLine: {'line': b'running build_ext\n'}
[62.602619] (cv) StdoutLine: {'line': b'Creating /home/ngt/ZENS-Final-AUVC/ros_ws/install/cv/lib/python3.12/site-packages/cv.egg-link (link to .)\n'}
[62.621612] (cv) StdoutLine: {'line': b'Installing calibrate_camera script to /home/ngt/ZENS-Final-AUVC/ros_ws/install/cv/lib/cv\n'}
[62.641492] (cv) StdoutLine: {'line': b'Installing detect_from_image script to /home/ngt/ZENS-Final-AUVC/ros_ws/install/cv/lib/cv\n'}
[62.671517] (cv) StdoutLine: {'line': b'Installing detection_node script to /home/ngt/ZENS-Final-AUVC/ros_ws/install/cv/lib/cv\n'}
[62.672454] (cv) StdoutLine: {'line': b'Installing fake_camera_node script to /home/ngt/ZENS-Final-AUVC/ros_ws/install/cv/lib/cv\n'}
[62.673217] (cv) StdoutLine: {'line': b'Installing image_saver_node script to /home/ngt/ZENS-Final-AUVC/ros_ws/install/cv/lib/cv\n'}
[62.693645] (-) TimerEvent: {}
[62.693918] (cv) StdoutLine: {'line': b'Installing tag_heading_node script to /home/ngt/ZENS-Final-AUVC/ros_ws/install/cv/lib/cv\n'}
[62.709504] (cv) StdoutLine: {'line': b'Installing web_streamer_node script to /home/ngt/ZENS-Final-AUVC/ros_ws/install/cv/lib/cv\n'}
[62.710466] (cv) StdoutLine: {'line': b'\n'}
[62.711320] (cv) StdoutLine: {'line': b'Installed /home/ngt/ZENS-Final-AUVC/ros_ws/build/cv\n'}
[62.736495] (cv) StdoutLine: {'line': b'running symlink_data\n'}
[62.737648] (cv) StdoutLine: {'line': b'symbolically linking /home/ngt/ZENS-Final-AUVC/ros_ws/build/cv/resource/cv -> /home/ngt/ZENS-Final-AUVC/ros_ws/install/cv/share/ament_index/resource_index/packages\n'}
[62.738299] (cv) StdoutLine: {'line': b'symbolically linking /home/ngt/ZENS-Final-AUVC/ros_ws/build/cv/package.xml -> /home/ngt/ZENS-Final-AUVC/ros_ws/install/cv/share/cv\n'}
[62.760372] (cv) StdoutLine: {'line': b'symbolically linking /home/ngt/ZENS-Final-AUVC/ros_ws/build/cv/launch/tag_heading.launch.yaml -> /home/ngt/ZENS-Final-AUVC/ros_ws/install/cv/share/cv/launch\n'}
[62.762341] (cv) StdoutLine: {'line': b'symbolically linking /home/ngt/ZENS-Final-AUVC/ros_ws/build/cv/launch/detection.launch.yaml -> /home/ngt/ZENS-Final-AUVC/ros_ws/install/cv/share/cv/launch\n'}
[62.763276] (cv) StdoutLine: {'line': b'symbolically linking /home/ngt/ZENS-Final-AUVC/ros_ws/build/cv/launch/web_streamer.launch.yaml -> /home/ngt/ZENS-Final-AUVC/ros_ws/install/cv/share/cv/launch\n'}
[62.785995] (cv) StdoutLine: {'line': b'symbolically linking /home/ngt/ZENS-Final-AUVC/ros_ws/build/cv/launch/test_detection.launch.yaml -> /home/ngt/ZENS-Final-AUVC/ros_ws/install/cv/share/cv/launch\n'}
[62.805395] (-) TimerEvent: {}
[62.805580] (cv) StdoutLine: {'line': b'symbolically linking /home/ngt/ZENS-Final-AUVC/ros_ws/build/cv/config/auv_labels.yaml -> /home/ngt/ZENS-Final-AUVC/ros_ws/install/cv/share/cv/config\n'}
[62.806197] (cv) StdoutLine: {'line': b'symbolically linking /home/ngt/ZENS-Final-AUVC/ros_ws/build/cv/config/detector_params.yaml -> /home/ngt/ZENS-Final-AUVC/ros_ws/install/cv/share/cv/config\n'}
[62.918759] (-) TimerEvent: {}
[63.019528] (-) TimerEvent: {}
[63.119989] (-) TimerEvent: {}
[63.221584] (-) TimerEvent: {}
[63.313870] (cv) CommandEnded: {'returncode': 0}
[63.323105] (-) TimerEvent: {}
[63.432208] (-) TimerEvent: {}
[63.534650] (-) TimerEvent: {}
[63.649874] (cv) JobEnded: {'identifier': 'cv', 'rc': 0}
[63.658664] (-) TimerEvent: {}
[63.658870] (hardware) JobStarted: {'identifier': 'hardware'}
[63.763613] (-) TimerEvent: {}
[63.871900] (-) TimerEvent: {}
[63.921813] (flashing) StdoutLine: {'line': b"reading manifest file 'flashing.egg-info/SOURCES.txt'\n"}
[63.927054] (flashing) StdoutLine: {'line': b"writing manifest file 'flashing.egg-info/SOURCES.txt'\n"}
[63.929004] (control) StdoutLine: {'line': b"reading manifest file 'control.egg-info/SOURCES.txt'\n"}
[63.938881] (control) StdoutLine: {'line': b"writing manifest file 'control.egg-info/SOURCES.txt'\n"}
[63.939762] (bringup) StdoutLine: {'line': b"reading manifest file 'bringup.egg-info/SOURCES.txt'\n"}
[63.946088] (bringup) StdoutLine: {'line': b"writing manifest file 'bringup.egg-info/SOURCES.txt'\n"}
[63.977623] (-) TimerEvent: {}
[64.080609] (-) TimerEvent: {}
[64.184618] (-) TimerEvent: {}
[64.287661] (-) TimerEvent: {}
[64.394588] (-) TimerEvent: {}
[64.497616] (-) TimerEvent: {}
[64.599394] (-) TimerEvent: {}
[64.703628] (-) TimerEvent: {}
[64.806623] (-) TimerEvent: {}
[64.908027] (-) TimerEvent: {}
[65.012578] (-) TimerEvent: {}
[65.113635] (-) TimerEvent: {}
[65.224753] (-) TimerEvent: {}
[65.325294] (-) TimerEvent: {}
[65.430881] (-) TimerEvent: {}
[65.533691] (-) TimerEvent: {}
[65.639190] (-) TimerEvent: {}
[65.747667] (-) TimerEvent: {}
[65.849091] (-) TimerEvent: {}
[65.949952] (-) TimerEvent: {}
[66.052791] (-) TimerEvent: {}
[66.154905] (-) TimerEvent: {}
[66.256781] (-) TimerEvent: {}
[66.360250] (-) TimerEvent: {}
[66.461093] (-) TimerEvent: {}
[66.561645] (-) TimerEvent: {}
[66.663610] (-) TimerEvent: {}
[66.767249] (-) TimerEvent: {}
[66.868365] (-) TimerEvent: {}
[66.969922] (-) TimerEvent: {}
[67.074557] (-) TimerEvent: {}
[67.175020] (-) TimerEvent: {}
[67.278631] (-) TimerEvent: {}
[67.379040] (-) TimerEvent: {}
[67.479549] (-) TimerEvent: {}
[67.580001] (-) TimerEvent: {}
[67.682658] (-) TimerEvent: {}
[67.784733] (-) TimerEvent: {}
[67.885172] (-) TimerEvent: {}
[67.987912] (-) TimerEvent: {}
[68.088335] (-) TimerEvent: {}
[68.191663] (-) TimerEvent: {}
[68.296952] (-) TimerEvent: {}
[68.397505] (-) TimerEvent: {}
[68.498075] (-) TimerEvent: {}
[68.599073] (-) TimerEvent: {}
[68.699570] (-) TimerEvent: {}
[68.799987] (-) TimerEvent: {}
[68.901539] (-) TimerEvent: {}
[69.002066] (-) TimerEvent: {}
[69.103779] (-) TimerEvent: {}
[69.204219] (-) TimerEvent: {}
[69.306659] (-) TimerEvent: {}
[69.408171] (-) TimerEvent: {}
[69.508664] (-) TimerEvent: {}
[69.612186] (-) TimerEvent: {}
[69.713141] (-) TimerEvent: {}
[69.814391] (-) TimerEvent: {}
[69.915400] (-) TimerEvent: {}
[70.016699] (-) TimerEvent: {}
[70.117329] (-) TimerEvent: {}
[70.218962] (-) TimerEvent: {}
[70.320947] (-) TimerEvent: {}
[70.412924] (bringup) StdoutLine: {'line': b'running build_ext\n'}
[70.414935] (bringup) StdoutLine: {'line': b'Creating /home/ngt/ZENS-Final-AUVC/ros_ws/install/bringup/lib/python3.12/site-packages/bringup.egg-link (link to .)\n'}
[70.420184] (bringup) StdoutLine: {'line': b'\n'}
[70.421019] (-) TimerEvent: {}
[70.421156] (bringup) StdoutLine: {'line': b'Installed /home/ngt/ZENS-Final-AUVC/ros_ws/build/bringup\n'}
[70.424733] (bringup) StdoutLine: {'line': b'running symlink_data\n'}
[70.425583] (control) StdoutLine: {'line': b'running build_ext\n'}
[70.426370] (control) StdoutLine: {'line': b'Creating /home/ngt/ZENS-Final-AUVC/ros_ws/install/control/lib/python3.12/site-packages/control.egg-link (link to .)\n'}
[70.431107] (control) StdoutLine: {'line': b'Installing depth_pid script to /home/ngt/ZENS-Final-AUVC/ros_ws/install/control/lib/control\n'}
[70.434533] (control) StdoutLine: {'line': b'Installing heading_pid script to /home/ngt/ZENS-Final-AUVC/ros_ws/install/control/lib/control\n'}
[70.438153] (control) StdoutLine: {'line': b'Installing self_arm script to /home/ngt/ZENS-Final-AUVC/ros_ws/install/control/lib/control\n'}
[70.439112] (control) StdoutLine: {'line': b'Installing self_disarm script to /home/ngt/ZENS-Final-AUVC/ros_ws/install/control/lib/control\n'}
[70.440196] (control) StdoutLine: {'line': b'\n'}
[70.448256] (control) StdoutLine: {'line': b'Installed /home/ngt/ZENS-Final-AUVC/ros_ws/build/control\n'}
[70.452533] (control) StdoutLine: {'line': b'running symlink_data\n'}
[70.457788] (control) StdoutLine: {'line': b'symbolically linking /home/ngt/ZENS-Final-AUVC/ros_ws/build/control/resource/control -> /home/ngt/ZENS-Final-AUVC/ros_ws/install/control/share/ament_index/resource_index/packages\n'}
[70.459229] (control) StdoutLine: {'line': b'symbolically linking /home/ngt/ZENS-Final-AUVC/ros_ws/build/control/package.xml -> /home/ngt/ZENS-Final-AUVC/ros_ws/install/control/share/control\n'}
[70.470998] (flashing) StdoutLine: {'line': b'running build_ext\n'}
[70.471955] (flashing) StdoutLine: {'line': b'Creating /home/ngt/ZENS-Final-AUVC/ros_ws/install/flashing/lib/python3.12/site-packages/flashing.egg-link (link to .)\n'}
[70.472884] (flashing) StdoutLine: {'line': b'Installing flashing_node script to /home/ngt/ZENS-Final-AUVC/ros_ws/install/flashing/lib/flashing\n'}
[70.491001] (flashing) StdoutLine: {'line': b'\n'}
[70.491654] (flashing) StdoutLine: {'line': b'Installed /home/ngt/ZENS-Final-AUVC/ros_ws/build/flashing\n'}
[70.492233] (flashing) StdoutLine: {'line': b'running symlink_data\n'}
[70.509392] (flashing) StdoutLine: {'line': b'symbolically linking /home/ngt/ZENS-Final-AUVC/ros_ws/build/flashing/resource/flashing -> /home/ngt/ZENS-Final-AUVC/ros_ws/install/flashing/share/ament_index/resource_index/packages\n'}
[70.510960] (flashing) StdoutLine: {'line': b'symbolically linking /home/ngt/ZENS-Final-AUVC/ros_ws/build/flashing/package.xml -> /home/ngt/ZENS-Final-AUVC/ros_ws/install/flashing/share/flashing\n'}
[70.516267] (bringup) CommandEnded: {'returncode': 0}
[70.521753] (-) TimerEvent: {}
[70.583114] (bringup) JobEnded: {'identifier': 'bringup', 'rc': 0}
[70.589020] (control) CommandEnded: {'returncode': 0}
[70.623624] (-) TimerEvent: {}
[70.705323] (control) JobEnded: {'identifier': 'control', 'rc': 0}
[70.716843] (flashing) CommandEnded: {'returncode': 0}
[70.725756] (-) TimerEvent: {}
[70.827814] (-) TimerEvent: {}
[70.860758] (flashing) JobEnded: {'identifier': 'flashing', 'rc': 0}
[70.883575] (msgs) JobStarted: {'identifier': 'msgs'}
[70.930652] (-) TimerEvent: {}
[71.031168] (-) TimerEvent: {}
[71.076754] (msgs) JobProgress: {'identifier': 'msgs', 'progress': 'cmake'}
[71.078081] (msgs) Command: {'cmd': ['/usr/bin/cmake', '/home/ngt/ZENS-Final-AUVC/ros_ws/src/msgs', '-DAMENT_CMAKE_SYMLINK_INSTALL=1', '-DCMAKE_INSTALL_PREFIX=/home/ngt/ZENS-Final-AUVC/ros_ws/install/msgs'], 'cwd': '/home/ngt/ZENS-Final-AUVC/ros_ws/build/msgs', 'env': OrderedDict({'VIRTUALENVWRAPPER_WORKON_CD': '1', 'PYTHON_BASIC_REPL': '1', 'USER': 'ngt', 'GZ_SIM_RESOURCE_PATH': '/opt/ros/jazzy/share', 'WORKON_HOME': '/home/ngt/.virtualenvs', 'SSH_CLIENT': '192.168.3.1 57380 22', 'GZ_CONFIG_PATH': '/opt/ros/jazzy/opt/gz_sim_vendor/share/gz:/opt/ros/jazzy/opt/sdformat_vendor/share/gz:/opt/ros/jazzy/opt/gz_gui_vendor/share/gz:/opt/ros/jazzy/opt/gz_transport_vendor/share/gz:/opt/ros/jazzy/opt/gz_rendering_vendor/share/gz:/opt/ros/jazzy/opt/gz_plugin_vendor/share/gz:/opt/ros/jazzy/opt/gz_fuel_tools_vendor/share/gz:/opt/ros/jazzy/opt/gz_msgs_vendor/share/gz:/opt/ros/jazzy/opt/gz_common_vendor/share/gz', 'AGENT': '1', 'XDG_SESSION_TYPE': 'tty', 'GIT_ASKPASS': '/home/ngt/.vscode-server/cli/servers/Stable-e4c7e7b1d6d060162f4aa7f8225271b67ce1df75/server/extensions/git/dist/askpass.sh', 'GZ_TRANSPORT_ID': '192.168.3.1', 'LD_LIBRARY_PATH': '/home/ngt/ZENS-Final-AUVC/ros_ws/install/msgs/lib:/home/ngt/auvc_ws/install/example_custom_srv/lib:/home/ngt/pid_ws/install/target_depth_msgs/lib:/opt/ros/jazzy/opt/gz_sim_vendor/lib:/opt/ros/jazzy/opt/gz_sensors_vendor/lib:/opt/ros/jazzy/opt/gz_physics_vendor/lib:/opt/ros/jazzy/opt/sdformat_vendor/lib:/opt/ros/jazzy/opt/rviz_ogre_vendor/lib:/opt/ros/jazzy/lib/aarch64-linux-gnu:/opt/ros/jazzy/opt/gz_gui_vendor/lib:/opt/ros/jazzy/opt/gz_transport_vendor/lib:/opt/ros/jazzy/opt/gz_rendering_vendor/lib:/opt/ros/jazzy/opt/gz_plugin_vendor/lib:/opt/ros/jazzy/opt/gz_fuel_tools_vendor/lib:/opt/ros/jazzy/opt/gz_msgs_vendor/lib:/opt/ros/jazzy/opt/gz_common_vendor/lib:/opt/ros/jazzy/opt/gz_math_vendor/lib:/opt/ros/jazzy/opt/gz_utils_vendor/lib:/opt/ros/jazzy/opt/gz_tools_vendor/lib:/opt/ros/jazzy/opt/gz_ogre_next_vendor/lib:/opt/ros/jazzy/opt/gz_dartsim_vendor/lib:/opt/ros/jazzy/opt/gz_cmake_vendor/lib:/opt/ros/jazzy/lib', 'BROWSER': '/home/ngt/.vscode-server/cli/servers/Stable-e4c7e7b1d6d060162f4aa7f8225271b67ce1df75/server/bin/helpers/browser.sh', 'SHLVL': '2', 'OLDPWD': '/home/ngt/ZENS-Final-AUVC', 'LESS': '-R', 'HOME': '/home/ngt', 'VIRTUALENVWRAPPER_PYTHON': '/usr/bin/python3', 'TERM_PROGRAM_VERSION': '1.131.0', 'VSCODE_IPC_HOOK_CLI': '/run/user/1004/vscode-ipc-22873989-9fac-420e-b19e-85800e0978ec.sock', 'ZSH': '/home/ngt/.oh-my-zsh', 'GZ_TRANSPORT_PUB_PORT': '11345', 'LSCOLORS': 'Gxfxcxdxbxegedabagacad', 'PAGER': 'less', 'VSCODE_GIT_ASKPASS_MAIN': '/home/ngt/.vscode-server/cli/servers/Stable-e4c7e7b1d6d060162f4aa7f8225271b67ce1df75/server/extensions/git/dist/askpass-main.js', 'ROS_PYTHON_VERSION': '3', 'VSCODE_GIT_ASKPASS_NODE': '/home/ngt/.vscode-server/cli/servers/Stable-e4c7e7b1d6d060162f4aa7f8225271b67ce1df75/server/node', 'BUNDLED_DEBUGPY_PATH': '/home/ngt/.vscode-server/extensions/ms-python.debugpy-2026.6.0-linux-arm64/bundled/libs/debugpy', 'PYDEVD_DISABLE_FILE_VALIDATION': '1', 'VSCODE_PYTHON_AUTOACTIVATE_GUARD': '1', 'GZ_TRANSPORT_SUB_PORT': '11346', 'DBUS_SESSION_BUS_ADDRESS': 'unix:path=/run/user/1004/bus', 'COLORTERM': 'truecolor', 'COLCON_PREFIX_PATH': '/home/ngt/ZENS-Final-AUVC/ros_ws/install:/home/ngt/auvc_ws/install:/home/ngt/cv_ws/install:/home/ngt/pid_ws/install:/home/ngt/auv_dancing/install', 'ROS_DISTRO': 'jazzy', 'LOGNAME': 'ngt', '_': '/usr/bin/colcon', 'USER_ZDOTDIR': '/home/ngt', 'XDG_SESSION_CLASS': 'user', 'ROS_VERSION': '2', 'TERM': 'xterm-256color', 'XDG_SESSION_ID': '4', 'OPENCODE': '1', 'PATH': '/home/ngt/.opencode/bin:/opt/ros/jazzy/opt/gz_msgs_vendor/bin:/opt/ros/jazzy/opt/gz_tools_vendor/bin:/opt/ros/jazzy/opt/gz_ogre_next_vendor/bin:/opt/ros/jazzy/bin:/usr/lib/ccache:/home/ngt/.vscode-server/data/User/globalStorage/github.copilot-chat/debugCommand:/home/ngt/.vscode-server/data/User/globalStorage/github.copilot-chat/copilotCli:/home/ngt/.vscode-server/cli/servers/Stable-e4c7e7b1d6d060162f4aa7f8225271b67ce1df75/server/bin/remote-cli:/usr/local/sbin:/usr/local/bin:/usr/sbin:/usr/bin:/sbin:/bin:/usr/games:/usr/local/games:/snap/bin:/home/ngt/.vscode-server/extensions/ms-python.debugpy-2026.6.0-linux-arm64/bundled/scripts/noConfigScripts:/home/ngt/.local/bin:/home/ngt/ardupilot/Tools/autotest', 'XDG_RUNTIME_DIR': '/run/user/1004', 'GZ_PARTITION': 'my_sim', 'LANG': 'en_US.UTF-8', 'VSCODE_DEBUGPY_ADAPTER_ENDPOINTS': '/home/ngt/.vscode-server/extensions/ms-python.debugpy-2026.6.0-linux-arm64/.noConfigDebugAdapterEndpoints/endpoint-15e54b3cb67be4e0.txt', 'PYTHONSTARTUP': '/home/ngt/.vscode-server/data/User/workspaceStorage/ebe247280dad30c76e3d7235d970e14f/ms-python.python/pythonrc.py', 'VSCODE_INJECTION': '1', 'OPENCODE_PID': '14605', 'VSCODE_GIT_IPC_HANDLE': '/run/user/1004/vscode-git-75828e3940.sock', 'TERM_PROGRAM': 'vscode', 'LS_COLORS': 'rs=0:di=01;34:ln=01;36:mh=00:pi=40;33:so=01;35:do=01;35:bd=40;33;01:cd=40;33;01:or=40;31;01:mi=00:su=37;41:sg=30;43:ca=00:tw=30;42:ow=34;42:st=37;44:ex=01;32:*.tar=01;31:*.tgz=01;31:*.arc=01;31:*.arj=01;31:*.taz=01;31:*.lha=01;31:*.lz4=01;31:*.lzh=01;31:*.lzma=01;31:*.tlz=01;31:*.txz=01;31:*.tzo=01;31:*.t7z=01;31:*.zip=01;31:*.z=01;31:*.dz=01;31:*.gz=01;31:*.lrz=01;31:*.lz=01;31:*.lzo=01;31:*.xz=01;31:*.zst=01;31:*.tzst=01;31:*.bz2=01;31:*.bz=01;31:*.tbz=01;31:*.tbz2=01;31:*.tz=01;31:*.deb=01;31:*.rpm=01;31:*.jar=01;31:*.war=01;31:*.ear=01;31:*.sar=01;31:*.rar=01;31:*.alz=01;31:*.ace=01;31:*.zoo=01;31:*.cpio=01;31:*.7z=01;31:*.rz=01;31:*.cab=01;31:*.wim=01;31:*.swm=01;31:*.dwm=01;31:*.esd=01;31:*.avif=01;35:*.jpg=01;35:*.jpeg=01;35:*.mjpg=01;35:*.mjpeg=01;35:*.gif=01;35:*.bmp=01;35:*.pbm=01;35:*.pgm=01;35:*.ppm=01;35:*.tga=01;35:*.xbm=01;35:*.xpm=01;35:*.tif=01;35:*.tiff=01;35:*.png=01;35:*.svg=01;35:*.svgz=01;35:*.mng=01;35:*.pcx=01;35:*.mov=01;35:*.mpg=01;35:*.mpeg=01;35:*.m2v=01;35:*.mkv=01;35:*.webm=01;35:*.webp=01;35:*.ogm=01;35:*.mp4=01;35:*.m4v=01;35:*.mp4v=01;35:*.vob=01;35:*.qt=01;35:*.nuv=01;35:*.wmv=01;35:*.asf=01;35:*.rm=01;35:*.rmvb=01;35:*.flc=01;35:*.avi=01;35:*.fli=01;35:*.flv=01;35:*.gl=01;35:*.dl=01;35:*.xcf=01;35:*.xwd=01;35:*.yuv=01;35:*.cgm=01;35:*.emf=01;35:*.ogv=01;35:*.ogx=01;35:*.aac=00;36:*.au=00;36:*.flac=00;36:*.m4a=00;36:*.mid=00;36:*.midi=00;36:*.mka=00;36:*.mp3=00;36:*.mpc=00;36:*.ogg=00;36:*.ra=00;36:*.wav=00;36:*.oga=00;36:*.opus=00;36:*.spx=00;36:*.xspf=00;36:*~=00;90:*#=00;90:*.bak=00;90:*.crdownload=00;90:*.dpkg-dist=00;90:*.dpkg-new=00;90:*.dpkg-old=00;90:*.dpkg-tmp=00;90:*.old=00;90:*.orig=00;90:*.part=00;90:*.rej=00;90:*.rpmnew=00;90:*.rpmorig=00;90:*.rpmsave=00;90:*.swp=00;90:*.tmp=00;90:*.ucf-dist=00;90:*.ucf-new=00;90:*.ucf-old=00;90:', 'AMENT_PREFIX_PATH': '/home/ngt/ZENS-Final-AUVC/ros_ws/install/msgs:/home/ngt/ZENS-Final-AUVC/ros_ws/install/hardware:/home/ngt/ZENS-Final-AUVC/ros_ws/install/flashing:/home/ngt/ZENS-Final-AUVC/ros_ws/install/cv:/home/ngt/ZENS-Final-AUVC/ros_ws/install/control:/home/ngt/ZENS-Final-AUVC/ros_ws/install/bringup:/home/ngt/auvc_ws/install/tutorial_virtualenvs:/home/ngt/auvc_ws/install/tutorial_pid:/home/ngt/auvc_ws/install/tutorial_ardusub:/home/ngt/auvc_ws/install/tutorial:/home/ngt/auvc_ws/install/rosmav:/home/ngt/auvc_ws/install/example_custom_srv:/home/ngt/cv_ws/install/cv:/home/ngt/pid_ws/install/target_depth_msgs:/home/ngt/pid_ws/install/pid:/home/ngt/auv_dancing/install/tutorial:/opt/ros/jazzy', 'SHELL': '/usr/bin/zsh', 'VIRTUALENVWRAPPER_PROJECT_FILENAME': '.project', 'VIRTUALENVWRAPPER_HOOK_DIR': '/home/ngt/.virtualenvs', 'VIRTUALENVWRAPPER_SCRIPT': '/usr/share/virtualenvwrapper/virtualenvwrapper.sh', 'VSCODE_GIT_ASKPASS_EXTRA_ARGS': '', 'ROS_AUTOMATIC_DISCOVERY_RANGE': 'SUBNET', 'PWD': '/home/ngt/ZENS-Final-AUVC/ros_ws/build/msgs', 'LC_ALL': 'en_US.UTF-8', 'ZDOTDIR': '/home/ngt', 'COPILOT_DEBUG_NONCE': 'ecfdf1043499788fb94714472659d404', 'SSH_CONNECTION': '192.168.3.1 57380 192.168.3.2 22', 'PYTHONPATH': '/home/ngt/ZENS-Final-AUVC/ros_ws/install/msgs/lib/python3.12/site-packages:/home/ngt/ZENS-Final-AUVC/ros_ws/install/hardware/lib/python3.12/site-packages:/home/ngt/ZENS-Final-AUVC/ros_ws/install/flashing/lib/python3.12/site-packages:/home/ngt/ZENS-Final-AUVC/ros_ws/install/cv/lib/python3.12/site-packages:/home/ngt/ZENS-Final-AUVC/ros_ws/install/control/lib/python3.12/site-packages:/home/ngt/ZENS-Final-AUVC/ros_ws/install/bringup/lib/python3.12/site-packages:/home/ngt/auvc_ws/install/tutorial_virtualenvs/lib/python3.12/site-packages:/home/ngt/auvc_ws/install/tutorial_pid/lib/python3.12/site-packages:/home/ngt/auvc_ws/install/tutorial_ardusub/lib/python3.12/site-packages:/home/ngt/auvc_ws/install/tutorial/lib/python3.12/site-packages:/home/ngt/auvc_ws/install/rosmav/lib/python3.12/site-packages:/home/ngt/auvc_ws/install/example_custom_srv/lib/python3.12/site-packages:/home/ngt/cv_ws/install/cv/lib/python3.12/site-packages:/home/ngt/pid_ws/install/target_depth_msgs/lib/python3.12/site-packages:/home/ngt/pid_ws/install/pid/lib/python3.12/site-packages:/home/ngt/auv_dancing/install/tutorial/lib/python3.12/site-packages:/opt/ros/jazzy/lib/python3.12/site-packages', 'COLCON': '1', 'CMAKE_PREFIX_PATH': '/home/ngt/ZENS-Final-AUVC/ros_ws/install/msgs:/home/ngt/auvc_ws/install/example_custom_srv:/home/ngt/pid_ws/install/target_depth_msgs:/opt/ros/jazzy/opt/gz_sim_vendor:/opt/ros/jazzy/opt/gz_sensors_vendor:/opt/ros/jazzy/opt/gz_physics_vendor:/opt/ros/jazzy/opt/sdformat_vendor:/opt/ros/jazzy/opt/gz_gui_vendor:/opt/ros/jazzy/opt/gz_transport_vendor:/opt/ros/jazzy/opt/gz_rendering_vendor:/opt/ros/jazzy/opt/gz_plugin_vendor:/opt/ros/jazzy/opt/gz_fuel_tools_vendor:/opt/ros/jazzy/opt/gz_msgs_vendor:/opt/ros/jazzy/opt/gz_common_vendor:/opt/ros/jazzy/opt/gz_math_vendor:/opt/ros/jazzy/opt/gz_utils_vendor:/opt/ros/jazzy/opt/gz_tools_vendor:/opt/ros/jazzy/opt/gz_ogre_next_vendor:/opt/ros/jazzy/opt/gz_dartsim_vendor:/opt/ros/jazzy/opt/gz_cmake_vendor:/home/ngt/ZENS-Final-AUVC/ros_ws/install/hardware:/home/ngt/ZENS-Final-AUVC/ros_ws/install/flashing:/home/ngt/ZENS-Final-AUVC/ros_ws/install/cv:/home/ngt/ZENS-Final-AUVC/ros_ws/install/control:/home/ngt/ZENS-Final-AUVC/ros_ws/install/bringup:/home/ngt/auvc_ws/install/tutorial_virtualenvs:/home/ngt/auvc_ws/install/tutorial_pid:/home/ngt/auvc_ws/install/tutorial_ardusub:/home/ngt/auvc_ws/install/tutorial:/home/ngt/auvc_ws/install/rosmav:/home/ngt/cv_ws/install/cv:/home/ngt/pid_ws/install/pid:/home/ngt/auv_dancing/install/tutorial:/opt/ros/jazzy'}), 'shell': False}
[71.134612] (-) TimerEvent: {}
[71.235052] (msgs) StdoutLine: {'line': b'-- Found ament_cmake: 2.5.6 (/opt/ros/jazzy/share/ament_cmake/cmake)\n'}
[71.239748] (-) TimerEvent: {}
[71.342591] (-) TimerEvent: {}
[71.447844] (-) TimerEvent: {}
[71.548557] (-) TimerEvent: {}
[71.648998] (-) TimerEvent: {}
[71.749410] (-) TimerEvent: {}
[71.849979] (-) TimerEvent: {}
[71.951595] (-) TimerEvent: {}
[72.052052] (-) TimerEvent: {}
[72.154762] (-) TimerEvent: {}
[72.257644] (-) TimerEvent: {}
[72.358073] (-) TimerEvent: {}
[72.462637] (-) TimerEvent: {}
[72.563131] (-) TimerEvent: {}
[72.665768] (-) TimerEvent: {}
[72.766185] (-) TimerEvent: {}
[72.866808] (-) TimerEvent: {}
[72.942406] (msgs) StdoutLine: {'line': b'-- Override CMake install command with custom implementation using symlinks instead of copying resources\n'}
[72.967993] (-) TimerEvent: {}
[73.040573] (msgs) StdoutLine: {'line': b'-- Found std_msgs: 5.3.8 (/opt/ros/jazzy/share/std_msgs/cmake)\n'}
[73.068320] (-) TimerEvent: {}
[73.168987] (-) TimerEvent: {}
[73.270219] (-) TimerEvent: {}
[73.346915] (msgs) StdoutLine: {'line': b'-- Found rosidl_generator_c: 4.6.9 (/opt/ros/jazzy/share/rosidl_generator_c/cmake)\n'}
[73.370511] (-) TimerEvent: {}
[73.440750] (msgs) StdoutLine: {'line': b'-- Found rosidl_generator_cpp: 4.6.9 (/opt/ros/jazzy/share/rosidl_generator_cpp/cmake)\n'}
[73.470632] (-) TimerEvent: {}
[73.571125] (-) TimerEvent: {}
[73.597022] (msgs) StdoutLine: {'line': b'-- Using all available rosidl_typesupport_c: rosidl_typesupport_fastrtps_c;rosidl_typesupport_introspection_c\n'}
[73.677706] (-) TimerEvent: {}
[73.778260] (-) TimerEvent: {}
[73.787184] (msgs) StdoutLine: {'line': b'-- Using all available rosidl_typesupport_cpp: rosidl_typesupport_fastrtps_cpp;rosidl_typesupport_introspection_cpp\n'}
[73.879694] (-) TimerEvent: {}
[73.980344] (-) TimerEvent: {}
[74.080773] (-) TimerEvent: {}
[74.082326] (msgs) StdoutLine: {'line': b'-- Found rosidl_default_generators: 1.6.1 (/opt/ros/jazzy/share/rosidl_default_generators/cmake)\n'}
[74.180962] (-) TimerEvent: {}
[74.205612] (msgs) StdoutLine: {'line': b'-- Found rosidl_adapter: 4.6.9 (/opt/ros/jazzy/share/rosidl_adapter/cmake)\n'}
[74.283598] (-) TimerEvent: {}
[74.385966] (-) TimerEvent: {}
[74.486688] (-) TimerEvent: {}
[74.587410] (-) TimerEvent: {}
[74.690592] (-) TimerEvent: {}
[74.791087] (-) TimerEvent: {}
[74.893687] (-) TimerEvent: {}
[74.994264] (-) TimerEvent: {}
[75.097754] (-) TimerEvent: {}
[75.198108] (-) TimerEvent: {}
[75.300859] (-) TimerEvent: {}
[75.401658] (-) TimerEvent: {}
[75.502842] (-) TimerEvent: {}
[75.603361] (-) TimerEvent: {}
[75.706575] (-) TimerEvent: {}
[75.806973] (-) TimerEvent: {}
[75.907363] (-) TimerEvent: {}
[76.007786] (-) TimerEvent: {}
[76.109112] (-) TimerEvent: {}
[76.211214] (-) TimerEvent: {}
[76.312212] (-) TimerEvent: {}
[76.413617] (-) TimerEvent: {}
[76.515675] (-) TimerEvent: {}
[76.616121] (-) TimerEvent: {}
[76.716675] (-) TimerEvent: {}
[76.817142] (-) TimerEvent: {}
[76.917615] (-) TimerEvent: {}
[77.018021] (-) TimerEvent: {}
[77.120569] (-) TimerEvent: {}
[77.221343] (-) TimerEvent: {}
[77.322913] (-) TimerEvent: {}
[77.348735] (msgs) StdoutLine: {'line': b'-- Found ament_cmake_ros: 0.12.1 (/opt/ros/jazzy/share/ament_cmake_ros/cmake)\n'}
[77.423282] (-) TimerEvent: {}
[77.526231] (-) TimerEvent: {}
[77.626629] (-) TimerEvent: {}
[77.728374] (-) TimerEvent: {}
[77.829070] (-) TimerEvent: {}
[77.930116] (-) TimerEvent: {}
[78.030952] (-) TimerEvent: {}
[78.134951] (-) TimerEvent: {}
[78.237605] (-) TimerEvent: {}
[78.338071] (-) TimerEvent: {}
[78.439169] (-) TimerEvent: {}
[78.544014] (-) TimerEvent: {}
[78.644495] (-) TimerEvent: {}
[78.749651] (-) TimerEvent: {}
[78.850112] (-) TimerEvent: {}
[78.950577] (-) TimerEvent: {}
[79.053558] (-) TimerEvent: {}
[79.153991] (-) TimerEvent: {}
[79.254544] (-) TimerEvent: {}
[79.354927] (-) TimerEvent: {}
[79.457330] (-) TimerEvent: {}
[79.557913] (-) TimerEvent: {}
[79.586093] (msgs) StdoutLine: {'line': b'-- Using all available rosidl_typesupport_c: rosidl_typesupport_fastrtps_c;rosidl_typesupport_introspection_c\n'}
[79.660654] (-) TimerEvent: {}
[79.761200] (-) TimerEvent: {}
[79.861653] (-) TimerEvent: {}
[79.962520] (-) TimerEvent: {}
[80.064648] (-) TimerEvent: {}
[80.165093] (-) TimerEvent: {}
[80.266383] (-) TimerEvent: {}
[80.366863] (-) TimerEvent: {}
[80.468543] (-) TimerEvent: {}
[80.530364] (msgs) StdoutLine: {'line': b'-- Using all available rosidl_typesupport_cpp: rosidl_typesupport_fastrtps_cpp;rosidl_typesupport_introspection_cpp\n'}
[80.550456] (msgs) StdoutLine: {'line': b'-- Found python_cmake_module: 0.11.1 (/opt/ros/jazzy/share/python_cmake_module/cmake)\n'}
[80.573027] (-) TimerEvent: {}
[80.678730] (-) TimerEvent: {}
[80.779508] (-) TimerEvent: {}
[80.882624] (-) TimerEvent: {}
[80.983302] (-) TimerEvent: {}
[81.083924] (-) TimerEvent: {}
[81.184542] (-) TimerEvent: {}
[81.285929] (-) TimerEvent: {}
[81.386419] (-) TimerEvent: {}
[81.489308] (-) TimerEvent: {}
[81.589851] (-) TimerEvent: {}
[81.692022] (-) TimerEvent: {}
[81.798577] (-) TimerEvent: {}
[81.899901] (-) TimerEvent: {}
[82.002582] (-) TimerEvent: {}
[82.106552] (-) TimerEvent: {}
[82.207017] (-) TimerEvent: {}
[82.308716] (-) TimerEvent: {}
[82.409129] (-) TimerEvent: {}
[82.512225] (-) TimerEvent: {}
[82.614134] (-) TimerEvent: {}
[82.716523] (-) TimerEvent: {}
[82.818285] (-) TimerEvent: {}
[82.921298] (-) TimerEvent: {}
[83.021873] (-) TimerEvent: {}
[83.122334] (-) TimerEvent: {}
[83.225042] (-) TimerEvent: {}
[83.327606] (-) TimerEvent: {}
[83.428086] (-) TimerEvent: {}
[83.529771] (-) TimerEvent: {}
[83.630715] (-) TimerEvent: {}
[83.731185] (-) TimerEvent: {}
[83.837053] (-) TimerEvent: {}
[83.937670] (-) TimerEvent: {}
[84.043597] (-) TimerEvent: {}
[84.144031] (-) TimerEvent: {}
[84.244580] (-) TimerEvent: {}
[84.346407] (-) TimerEvent: {}
[84.448884] (-) TimerEvent: {}
[84.488707] (msgs) StdoutLine: {'line': b'-- Found Python3: /home/ngt/.virtualenvs/ardusub/bin/python3 (found version "3.12.3") found components: Interpreter Development NumPy Development.Module Development.Embed \n'}
[84.549192] (-) TimerEvent: {}
[84.649611] (-) TimerEvent: {}
[84.750024] (-) TimerEvent: {}
[84.851643] (-) TimerEvent: {}
[84.954601] (-) TimerEvent: {}
[85.055091] (-) TimerEvent: {}
[85.155703] (-) TimerEvent: {}
[85.256105] (-) TimerEvent: {}
[85.359231] (-) TimerEvent: {}
[85.459793] (-) TimerEvent: {}
[85.560689] (-) TimerEvent: {}
[85.609527] (msgs) StdoutLine: {'line': b'-- Found Python3: /home/ngt/.virtualenvs/ardusub/bin/python3 (found version "3.12.3") found components: Interpreter \n'}
[85.662662] (-) TimerEvent: {}
[85.764063] (-) TimerEvent: {}
[85.840351] (msgs) StdoutLine: {'line': b'-- Configuring done (14.7s)\n'}
[85.871082] (-) TimerEvent: {}
[85.971619] (-) TimerEvent: {}
[86.078988] (-) TimerEvent: {}
[86.179368] (-) TimerEvent: {}
[86.281617] (-) TimerEvent: {}
[86.382074] (-) TimerEvent: {}
[86.487021] (-) TimerEvent: {}
[86.494012] (msgs) StdoutLine: {'line': b'-- Generating done (0.5s)\n'}
[86.594529] (-) TimerEvent: {}
[86.697344] (-) TimerEvent: {}
[86.720867] (msgs) StdoutLine: {'line': b'-- Build files have been written to: /home/ngt/ZENS-Final-AUVC/ros_ws/build/msgs\n'}
[86.798201] (msgs) CommandEnded: {'returncode': 0}
[86.800037] (-) TimerEvent: {}
[86.800202] (msgs) JobProgress: {'identifier': 'msgs', 'progress': 'build'}
[86.800321] (msgs) Command: {'cmd': ['/usr/bin/cmake', '--build', '/home/ngt/ZENS-Final-AUVC/ros_ws/build/msgs', '--', '-j4', '-l4'], 'cwd': '/home/ngt/ZENS-Final-AUVC/ros_ws/build/msgs', 'env': OrderedDict({'VIRTUALENVWRAPPER_WORKON_CD': '1', 'PYTHON_BASIC_REPL': '1', 'USER': 'ngt', 'GZ_SIM_RESOURCE_PATH': '/opt/ros/jazzy/share', 'WORKON_HOME': '/home/ngt/.virtualenvs', 'SSH_CLIENT': '192.168.3.1 57380 22', 'GZ_CONFIG_PATH': '/opt/ros/jazzy/opt/gz_sim_vendor/share/gz:/opt/ros/jazzy/opt/sdformat_vendor/share/gz:/opt/ros/jazzy/opt/gz_gui_vendor/share/gz:/opt/ros/jazzy/opt/gz_transport_vendor/share/gz:/opt/ros/jazzy/opt/gz_rendering_vendor/share/gz:/opt/ros/jazzy/opt/gz_plugin_vendor/share/gz:/opt/ros/jazzy/opt/gz_fuel_tools_vendor/share/gz:/opt/ros/jazzy/opt/gz_msgs_vendor/share/gz:/opt/ros/jazzy/opt/gz_common_vendor/share/gz', 'AGENT': '1', 'XDG_SESSION_TYPE': 'tty', 'GIT_ASKPASS': '/home/ngt/.vscode-server/cli/servers/Stable-e4c7e7b1d6d060162f4aa7f8225271b67ce1df75/server/extensions/git/dist/askpass.sh', 'GZ_TRANSPORT_ID': '192.168.3.1', 'LD_LIBRARY_PATH': '/home/ngt/ZENS-Final-AUVC/ros_ws/install/msgs/lib:/home/ngt/auvc_ws/install/example_custom_srv/lib:/home/ngt/pid_ws/install/target_depth_msgs/lib:/opt/ros/jazzy/opt/gz_sim_vendor/lib:/opt/ros/jazzy/opt/gz_sensors_vendor/lib:/opt/ros/jazzy/opt/gz_physics_vendor/lib:/opt/ros/jazzy/opt/sdformat_vendor/lib:/opt/ros/jazzy/opt/rviz_ogre_vendor/lib:/opt/ros/jazzy/lib/aarch64-linux-gnu:/opt/ros/jazzy/opt/gz_gui_vendor/lib:/opt/ros/jazzy/opt/gz_transport_vendor/lib:/opt/ros/jazzy/opt/gz_rendering_vendor/lib:/opt/ros/jazzy/opt/gz_plugin_vendor/lib:/opt/ros/jazzy/opt/gz_fuel_tools_vendor/lib:/opt/ros/jazzy/opt/gz_msgs_vendor/lib:/opt/ros/jazzy/opt/gz_common_vendor/lib:/opt/ros/jazzy/opt/gz_math_vendor/lib:/opt/ros/jazzy/opt/gz_utils_vendor/lib:/opt/ros/jazzy/opt/gz_tools_vendor/lib:/opt/ros/jazzy/opt/gz_ogre_next_vendor/lib:/opt/ros/jazzy/opt/gz_dartsim_vendor/lib:/opt/ros/jazzy/opt/gz_cmake_vendor/lib:/opt/ros/jazzy/lib', 'BROWSER': '/home/ngt/.vscode-server/cli/servers/Stable-e4c7e7b1d6d060162f4aa7f8225271b67ce1df75/server/bin/helpers/browser.sh', 'SHLVL': '2', 'OLDPWD': '/home/ngt/ZENS-Final-AUVC', 'LESS': '-R', 'HOME': '/home/ngt', 'VIRTUALENVWRAPPER_PYTHON': '/usr/bin/python3', 'TERM_PROGRAM_VERSION': '1.131.0', 'VSCODE_IPC_HOOK_CLI': '/run/user/1004/vscode-ipc-22873989-9fac-420e-b19e-85800e0978ec.sock', 'ZSH': '/home/ngt/.oh-my-zsh', 'GZ_TRANSPORT_PUB_PORT': '11345', 'LSCOLORS': 'Gxfxcxdxbxegedabagacad', 'PAGER': 'less', 'VSCODE_GIT_ASKPASS_MAIN': '/home/ngt/.vscode-server/cli/servers/Stable-e4c7e7b1d6d060162f4aa7f8225271b67ce1df75/server/extensions/git/dist/askpass-main.js', 'ROS_PYTHON_VERSION': '3', 'VSCODE_GIT_ASKPASS_NODE': '/home/ngt/.vscode-server/cli/servers/Stable-e4c7e7b1d6d060162f4aa7f8225271b67ce1df75/server/node', 'BUNDLED_DEBUGPY_PATH': '/home/ngt/.vscode-server/extensions/ms-python.debugpy-2026.6.0-linux-arm64/bundled/libs/debugpy', 'PYDEVD_DISABLE_FILE_VALIDATION': '1', 'VSCODE_PYTHON_AUTOACTIVATE_GUARD': '1', 'GZ_TRANSPORT_SUB_PORT': '11346', 'DBUS_SESSION_BUS_ADDRESS': 'unix:path=/run/user/1004/bus', 'COLORTERM': 'truecolor', 'COLCON_PREFIX_PATH': '/home/ngt/ZENS-Final-AUVC/ros_ws/install:/home/ngt/auvc_ws/install:/home/ngt/cv_ws/install:/home/ngt/pid_ws/install:/home/ngt/auv_dancing/install', 'ROS_DISTRO': 'jazzy', 'LOGNAME': 'ngt', '_': '/usr/bin/colcon', 'USER_ZDOTDIR': '/home/ngt', 'XDG_SESSION_CLASS': 'user', 'ROS_VERSION': '2', 'TERM': 'xterm-256color', 'XDG_SESSION_ID': '4', 'OPENCODE': '1', 'PATH': '/home/ngt/.opencode/bin:/opt/ros/jazzy/opt/gz_msgs_vendor/bin:/opt/ros/jazzy/opt/gz_tools_vendor/bin:/opt/ros/jazzy/opt/gz_ogre_next_vendor/bin:/opt/ros/jazzy/bin:/usr/lib/ccache:/home/ngt/.vscode-server/data/User/globalStorage/github.copilot-chat/debugCommand:/home/ngt/.vscode-server/data/User/globalStorage/github.copilot-chat/copilotCli:/home/ngt/.vscode-server/cli/servers/Stable-e4c7e7b1d6d060162f4aa7f8225271b67ce1df75/server/bin/remote-cli:/usr/local/sbin:/usr/local/bin:/usr/sbin:/usr/bin:/sbin:/bin:/usr/games:/usr/local/games:/snap/bin:/home/ngt/.vscode-server/extensions/ms-python.debugpy-2026.6.0-linux-arm64/bundled/scripts/noConfigScripts:/home/ngt/.local/bin:/home/ngt/ardupilot/Tools/autotest', 'XDG_RUNTIME_DIR': '/run/user/1004', 'GZ_PARTITION': 'my_sim', 'LANG': 'en_US.UTF-8', 'VSCODE_DEBUGPY_ADAPTER_ENDPOINTS': '/home/ngt/.vscode-server/extensions/ms-python.debugpy-2026.6.0-linux-arm64/.noConfigDebugAdapterEndpoints/endpoint-15e54b3cb67be4e0.txt', 'PYTHONSTARTUP': '/home/ngt/.vscode-server/data/User/workspaceStorage/ebe247280dad30c76e3d7235d970e14f/ms-python.python/pythonrc.py', 'VSCODE_INJECTION': '1', 'OPENCODE_PID': '14605', 'VSCODE_GIT_IPC_HANDLE': '/run/user/1004/vscode-git-75828e3940.sock', 'TERM_PROGRAM': 'vscode', 'LS_COLORS': 'rs=0:di=01;34:ln=01;36:mh=00:pi=40;33:so=01;35:do=01;35:bd=40;33;01:cd=40;33;01:or=40;31;01:mi=00:su=37;41:sg=30;43:ca=00:tw=30;42:ow=34;42:st=37;44:ex=01;32:*.tar=01;31:*.tgz=01;31:*.arc=01;31:*.arj=01;31:*.taz=01;31:*.lha=01;31:*.lz4=01;31:*.lzh=01;31:*.lzma=01;31:*.tlz=01;31:*.txz=01;31:*.tzo=01;31:*.t7z=01;31:*.zip=01;31:*.z=01;31:*.dz=01;31:*.gz=01;31:*.lrz=01;31:*.lz=01;31:*.lzo=01;31:*.xz=01;31:*.zst=01;31:*.tzst=01;31:*.bz2=01;31:*.bz=01;31:*.tbz=01;31:*.tbz2=01;31:*.tz=01;31:*.deb=01;31:*.rpm=01;31:*.jar=01;31:*.war=01;31:*.ear=01;31:*.sar=01;31:*.rar=01;31:*.alz=01;31:*.ace=01;31:*.zoo=01;31:*.cpio=01;31:*.7z=01;31:*.rz=01;31:*.cab=01;31:*.wim=01;31:*.swm=01;31:*.dwm=01;31:*.esd=01;31:*.avif=01;35:*.jpg=01;35:*.jpeg=01;35:*.mjpg=01;35:*.mjpeg=01;35:*.gif=01;35:*.bmp=01;35:*.pbm=01;35:*.pgm=01;35:*.ppm=01;35:*.tga=01;35:*.xbm=01;35:*.xpm=01;35:*.tif=01;35:*.tiff=01;35:*.png=01;35:*.svg=01;35:*.svgz=01;35:*.mng=01;35:*.pcx=01;35:*.mov=01;35:*.mpg=01;35:*.mpeg=01;35:*.m2v=01;35:*.mkv=01;35:*.webm=01;35:*.webp=01;35:*.ogm=01;35:*.mp4=01;35:*.m4v=01;35:*.mp4v=01;35:*.vob=01;35:*.qt=01;35:*.nuv=01;35:*.wmv=01;35:*.asf=01;35:*.rm=01;35:*.rmvb=01;35:*.flc=01;35:*.avi=01;35:*.fli=01;35:*.flv=01;35:*.gl=01;35:*.dl=01;35:*.xcf=01;35:*.xwd=01;35:*.yuv=01;35:*.cgm=01;35:*.emf=01;35:*.ogv=01;35:*.ogx=01;35:*.aac=00;36:*.au=00;36:*.flac=00;36:*.m4a=00;36:*.mid=00;36:*.midi=00;36:*.mka=00;36:*.mp3=00;36:*.mpc=00;36:*.ogg=00;36:*.ra=00;36:*.wav=00;36:*.oga=00;36:*.opus=00;36:*.spx=00;36:*.xspf=00;36:*~=00;90:*#=00;90:*.bak=00;90:*.crdownload=00;90:*.dpkg-dist=00;90:*.dpkg-new=00;90:*.dpkg-old=00;90:*.dpkg-tmp=00;90:*.old=00;90:*.orig=00;90:*.part=00;90:*.rej=00;90:*.rpmnew=00;90:*.rpmorig=00;90:*.rpmsave=00;90:*.swp=00;90:*.tmp=00;90:*.ucf-dist=00;90:*.ucf-new=00;90:*.ucf-old=00;90:', 'AMENT_PREFIX_PATH': '/home/ngt/ZENS-Final-AUVC/ros_ws/install/msgs:/home/ngt/ZENS-Final-AUVC/ros_ws/install/hardware:/home/ngt/ZENS-Final-AUVC/ros_ws/install/flashing:/home/ngt/ZENS-Final-AUVC/ros_ws/install/cv:/home/ngt/ZENS-Final-AUVC/ros_ws/install/control:/home/ngt/ZENS-Final-AUVC/ros_ws/install/bringup:/home/ngt/auvc_ws/install/tutorial_virtualenvs:/home/ngt/auvc_ws/install/tutorial_pid:/home/ngt/auvc_ws/install/tutorial_ardusub:/home/ngt/auvc_ws/install/tutorial:/home/ngt/auvc_ws/install/rosmav:/home/ngt/auvc_ws/install/example_custom_srv:/home/ngt/cv_ws/install/cv:/home/ngt/pid_ws/install/target_depth_msgs:/home/ngt/pid_ws/install/pid:/home/ngt/auv_dancing/install/tutorial:/opt/ros/jazzy', 'SHELL': '/usr/bin/zsh', 'VIRTUALENVWRAPPER_PROJECT_FILENAME': '.project', 'VIRTUALENVWRAPPER_HOOK_DIR': '/home/ngt/.virtualenvs', 'VIRTUALENVWRAPPER_SCRIPT': '/usr/share/virtualenvwrapper/virtualenvwrapper.sh', 'VSCODE_GIT_ASKPASS_EXTRA_ARGS': '', 'ROS_AUTOMATIC_DISCOVERY_RANGE': 'SUBNET', 'PWD': '/home/ngt/ZENS-Final-AUVC/ros_ws/build/msgs', 'LC_ALL': 'en_US.UTF-8', 'ZDOTDIR': '/home/ngt', 'COPILOT_DEBUG_NONCE': 'ecfdf1043499788fb94714472659d404', 'SSH_CONNECTION': '192.168.3.1 57380 192.168.3.2 22', 'PYTHONPATH': '/home/ngt/ZENS-Final-AUVC/ros_ws/install/msgs/lib/python3.12/site-packages:/home/ngt/ZENS-Final-AUVC/ros_ws/install/hardware/lib/python3.12/site-packages:/home/ngt/ZENS-Final-AUVC/ros_ws/install/flashing/lib/python3.12/site-packages:/home/ngt/ZENS-Final-AUVC/ros_ws/install/cv/lib/python3.12/site-packages:/home/ngt/ZENS-Final-AUVC/ros_ws/install/control/lib/python3.12/site-packages:/home/ngt/ZENS-Final-AUVC/ros_ws/install/bringup/lib/python3.12/site-packages:/home/ngt/auvc_ws/install/tutorial_virtualenvs/lib/python3.12/site-packages:/home/ngt/auvc_ws/install/tutorial_pid/lib/python3.12/site-packages:/home/ngt/auvc_ws/install/tutorial_ardusub/lib/python3.12/site-packages:/home/ngt/auvc_ws/install/tutorial/lib/python3.12/site-packages:/home/ngt/auvc_ws/install/rosmav/lib/python3.12/site-packages:/home/ngt/auvc_ws/install/example_custom_srv/lib/python3.12/site-packages:/home/ngt/cv_ws/install/cv/lib/python3.12/site-packages:/home/ngt/pid_ws/install/target_depth_msgs/lib/python3.12/site-packages:/home/ngt/pid_ws/install/pid/lib/python3.12/site-packages:/home/ngt/auv_dancing/install/tutorial/lib/python3.12/site-packages:/opt/ros/jazzy/lib/python3.12/site-packages', 'COLCON': '1', 'CMAKE_PREFIX_PATH': '/home/ngt/ZENS-Final-AUVC/ros_ws/install/msgs:/home/ngt/auvc_ws/install/example_custom_srv:/home/ngt/pid_ws/install/target_depth_msgs:/opt/ros/jazzy/opt/gz_sim_vendor:/opt/ros/jazzy/opt/gz_sensors_vendor:/opt/ros/jazzy/opt/gz_physics_vendor:/opt/ros/jazzy/opt/sdformat_vendor:/opt/ros/jazzy/opt/gz_gui_vendor:/opt/ros/jazzy/opt/gz_transport_vendor:/opt/ros/jazzy/opt/gz_rendering_vendor:/opt/ros/jazzy/opt/gz_plugin_vendor:/opt/ros/jazzy/opt/gz_fuel_tools_vendor:/opt/ros/jazzy/opt/gz_msgs_vendor:/opt/ros/jazzy/opt/gz_common_vendor:/opt/ros/jazzy/opt/gz_math_vendor:/opt/ros/jazzy/opt/gz_utils_vendor:/opt/ros/jazzy/opt/gz_tools_vendor:/opt/ros/jazzy/opt/gz_ogre_next_vendor:/opt/ros/jazzy/opt/gz_dartsim_vendor:/opt/ros/jazzy/opt/gz_cmake_vendor:/home/ngt/ZENS-Final-AUVC/ros_ws/install/hardware:/home/ngt/ZENS-Final-AUVC/ros_ws/install/flashing:/home/ngt/ZENS-Final-AUVC/ros_ws/install/cv:/home/ngt/ZENS-Final-AUVC/ros_ws/install/control:/home/ngt/ZENS-Final-AUVC/ros_ws/install/bringup:/home/ngt/auvc_ws/install/tutorial_virtualenvs:/home/ngt/auvc_ws/install/tutorial_pid:/home/ngt/auvc_ws/install/tutorial_ardusub:/home/ngt/auvc_ws/install/tutorial:/home/ngt/auvc_ws/install/rosmav:/home/ngt/cv_ws/install/cv:/home/ngt/pid_ws/install/pid:/home/ngt/auv_dancing/install/tutorial:/opt/ros/jazzy'}), 'shell': False}
[86.901592] (-) TimerEvent: {}
[87.008598] (-) TimerEvent: {}
[87.109038] (-) TimerEvent: {}
[87.209574] (-) TimerEvent: {}
[87.314533] (-) TimerEvent: {}
[87.414952] (-) TimerEvent: {}
[87.515487] (-) TimerEvent: {}
[87.616549] (-) TimerEvent: {}
[87.630595] (msgs) StdoutLine: {'line': b'[  2%] Built target msgs__rosidl_generator_type_description\n'}
[87.716733] (-) TimerEvent: {}
[87.817757] (-) TimerEvent: {}
[87.920654] (-) TimerEvent: {}
[87.940044] (msgs) StderrLine: {'line': b"failed to create symbolic link '/home/ngt/ZENS-Final-AUVC/ros_ws/build/msgs/ament_cmake_python/msgs/msgs' because existing path cannot be removed: Is a directory\n"}
[87.956589] (msgs) StderrLine: {'line': b'gmake[2]: *** [CMakeFiles/ament_cmake_python_symlink_msgs.dir/build.make:70: CMakeFiles/ament_cmake_python_symlink_msgs] Error 1\n'}
[87.960294] (msgs) StderrLine: {'line': b'gmake[1]: *** [CMakeFiles/Makefile2:471: CMakeFiles/ament_cmake_python_symlink_msgs.dir/all] Error 2\n'}
[87.962695] (msgs) StderrLine: {'line': b'gmake: *** [Makefile:146: all] Error 2\n'}
[87.980549] (msgs) CommandEnded: {'returncode': 2}
[88.022158] (-) TimerEvent: {}
[88.125759] (-) TimerEvent: {}
[88.133654] (msgs) JobEnded: {'identifier': 'msgs', 'rc': 2}
[88.226395] (-) TimerEvent: {}
[88.328937] (-) TimerEvent: {}
[88.429350] (-) TimerEvent: {}
[88.529808] (-) TimerEvent: {}
[88.630193] (-) TimerEvent: {}
[88.731820] (-) TimerEvent: {}
[88.832476] (-) TimerEvent: {}
[88.933177] (-) TimerEvent: {}
[89.038063] (-) TimerEvent: {}
[89.060197] (hardware) JobEnded: {'identifier': 'hardware', 'rc': 'SIGINT'}
[89.078011] (-) EventReactorShutdown: {}
