[0.000000] (-) TimerEvent: {}
[0.004575] (bringup) JobQueued: {'identifier': 'bringup', 'dependencies': OrderedDict()}
[0.004914] (control) JobQueued: {'identifier': 'control', 'dependencies': OrderedDict()}
[0.005053] (cv) JobQueued: {'identifier': 'cv', 'dependencies': OrderedDict()}
[0.005144] (flashing) JobQueued: {'identifier': 'flashing', 'dependencies': OrderedDict()}
[0.005229] (hardware) JobQueued: {'identifier': 'hardware', 'dependencies': OrderedDict()}
[0.005316] (msgs) JobQueued: {'identifier': 'msgs', 'dependencies': OrderedDict()}
[0.006086] (bringup) JobStarted: {'identifier': 'bringup'}
[0.096643] (control) JobStarted: {'identifier': 'control'}
[0.099702] (-) TimerEvent: {}
[0.167881] (cv) JobStarted: {'identifier': 'cv'}
[0.199886] (-) TimerEvent: {}
[0.251437] (flashing) JobStarted: {'identifier': 'flashing'}
[0.313804] (-) TimerEvent: {}
[0.414703] (-) TimerEvent: {}
[0.515523] (-) TimerEvent: {}
[0.616572] (-) TimerEvent: {}
[0.722780] (-) TimerEvent: {}
[0.825780] (-) TimerEvent: {}
[0.926765] (-) TimerEvent: {}
[1.030151] (-) TimerEvent: {}
[1.132944] (-) TimerEvent: {}
[1.236035] (-) TimerEvent: {}
[1.339770] (-) TimerEvent: {}
[1.442167] (-) TimerEvent: {}
[1.543962] (-) TimerEvent: {}
[1.646798] (-) TimerEvent: {}
[1.750461] (-) TimerEvent: {}
[1.856321] (-) TimerEvent: {}
[1.959742] (-) TimerEvent: {}
[2.061760] (-) TimerEvent: {}
[2.163841] (-) TimerEvent: {}
[2.267657] (-) TimerEvent: {}
[2.370829] (-) TimerEvent: {}
[2.471678] (-) TimerEvent: {}
[2.574914] (-) TimerEvent: {}
[2.679811] (-) TimerEvent: {}
[2.780685] (-) TimerEvent: {}
[2.881470] (-) TimerEvent: {}
[2.984780] (-) TimerEvent: {}
[3.087966] (-) TimerEvent: {}
[3.191481] (-) TimerEvent: {}
[3.294832] (-) TimerEvent: {}
[3.395790] (-) TimerEvent: {}
[3.499456] (-) TimerEvent: {}
[3.600527] (-) TimerEvent: {}
[3.702790] (-) TimerEvent: {}
[3.807853] (-) TimerEvent: {}
[3.910032] (-) TimerEvent: {}
[4.013142] (-) TimerEvent: {}
[4.118385] (-) TimerEvent: {}
[4.221830] (-) TimerEvent: {}
[4.327774] (-) TimerEvent: {}
[4.428516] (-) TimerEvent: {}
[4.529908] (-) TimerEvent: {}
[4.632249] (-) TimerEvent: {}
[4.735324] (-) TimerEvent: {}
[4.840528] (-) TimerEvent: {}
[4.941306] (-) TimerEvent: {}
[5.044089] (-) TimerEvent: {}
[5.148802] (-) TimerEvent: {}
[5.249757] (-) TimerEvent: {}
[5.350915] (-) TimerEvent: {}
[5.452770] (-) TimerEvent: {}
[5.554359] (-) TimerEvent: {}
[5.656772] (-) TimerEvent: {}
[5.758738] (-) TimerEvent: {}
[5.861890] (-) TimerEvent: {}
[5.963683] (-) TimerEvent: {}
[6.065504] (-) TimerEvent: {}
[6.170420] (-) TimerEvent: {}
[6.273693] (-) TimerEvent: {}
[6.382105] (-) TimerEvent: {}
[6.485033] (-) TimerEvent: {}
[6.586081] (-) TimerEvent: {}
[6.689800] (-) TimerEvent: {}
[6.794787] (-) TimerEvent: {}
[6.895569] (-) TimerEvent: {}
[6.996697] (-) TimerEvent: {}
[7.099888] (-) TimerEvent: {}
[7.201011] (-) TimerEvent: {}
[7.302788] (-) TimerEvent: {}
[7.405585] (-) TimerEvent: {}
[7.506735] (-) TimerEvent: {}
[7.612774] (-) TimerEvent: {}
[7.713595] (-) TimerEvent: {}
[7.815907] (-) TimerEvent: {}
[7.923850] (-) TimerEvent: {}
[8.029491] (-) TimerEvent: {}
[8.131924] (-) TimerEvent: {}
[8.234884] (-) TimerEvent: {}
[8.341844] (-) TimerEvent: {}
[8.448144] (-) TimerEvent: {}
[8.549038] (-) TimerEvent: {}
[8.649969] (-) TimerEvent: {}
[8.755796] (-) TimerEvent: {}
[8.859973] (-) TimerEvent: {}
[8.964300] (-) TimerEvent: {}
[9.078327] (-) TimerEvent: {}
[9.181095] (-) TimerEvent: {}
[9.287756] (-) TimerEvent: {}
[9.388528] (-) TimerEvent: {}
[9.500777] (-) TimerEvent: {}
[9.606770] (-) TimerEvent: {}
[9.708782] (-) TimerEvent: {}
[9.809745] (-) TimerEvent: {}
[9.911012] (-) TimerEvent: {}
[10.015798] (-) TimerEvent: {}
[10.118160] (-) TimerEvent: {}
[10.223769] (-) TimerEvent: {}
[10.324544] (-) TimerEvent: {}
[10.430128] (-) TimerEvent: {}
[10.532990] (-) TimerEvent: {}
[10.640761] (-) TimerEvent: {}
[10.761917] (-) TimerEvent: {}
[10.862834] (-) TimerEvent: {}
[10.966759] (-) TimerEvent: {}
[11.067598] (-) TimerEvent: {}
[11.171047] (-) TimerEvent: {}
[11.273772] (-) TimerEvent: {}
[11.376819] (-) TimerEvent: {}
[11.477726] (-) TimerEvent: {}
[11.582830] (-) TimerEvent: {}
[11.686520] (-) TimerEvent: {}
[11.787370] (-) TimerEvent: {}
[11.890804] (-) TimerEvent: {}
[11.995824] (-) TimerEvent: {}
[12.098763] (-) TimerEvent: {}
[12.203205] (-) TimerEvent: {}
[12.304034] (-) TimerEvent: {}
[12.410889] (-) TimerEvent: {}
[12.513256] (-) TimerEvent: {}
[12.618076] (-) TimerEvent: {}
[12.720797] (-) TimerEvent: {}
[12.821721] (-) TimerEvent: {}
[12.925777] (-) TimerEvent: {}
[13.028855] (-) TimerEvent: {}
[13.132777] (-) TimerEvent: {}
[13.235875] (-) TimerEvent: {}
[13.336649] (-) TimerEvent: {}
[13.439568] (-) TimerEvent: {}
[13.542396] (-) TimerEvent: {}
[13.645211] (-) TimerEvent: {}
[13.746156] (-) TimerEvent: {}
[13.851984] (-) TimerEvent: {}
[13.953443] (-) TimerEvent: {}
[14.059923] (-) TimerEvent: {}
[14.162785] (-) TimerEvent: {}
[14.268791] (-) TimerEvent: {}
[14.370845] (-) TimerEvent: {}
[14.477751] (-) TimerEvent: {}
[14.578552] (-) TimerEvent: {}
[14.679411] (-) TimerEvent: {}
[14.780307] (-) TimerEvent: {}
[14.884253] (-) TimerEvent: {}
[14.986500] (-) TimerEvent: {}
[15.091136] (-) TimerEvent: {}
[15.195981] (-) TimerEvent: {}
[15.298784] (-) TimerEvent: {}
[15.401791] (-) TimerEvent: {}
[15.506893] (-) TimerEvent: {}
[15.609812] (-) TimerEvent: {}
[15.716193] (-) TimerEvent: {}
[15.819985] (-) TimerEvent: {}
[15.922249] (-) TimerEvent: {}
[16.025806] (-) TimerEvent: {}
[16.141836] (-) TimerEvent: {}
[16.246916] (-) TimerEvent: {}
[16.349807] (-) TimerEvent: {}
[16.457782] (-) TimerEvent: {}
[16.562751] (-) TimerEvent: {}
[16.668784] (-) TimerEvent: {}
[16.774840] (-) TimerEvent: {}
[16.904779] (-) TimerEvent: {}
[17.007009] (-) TimerEvent: {}
[17.109877] (-) TimerEvent: {}
[17.210846] (-) TimerEvent: {}
[17.317775] (-) TimerEvent: {}
[17.424018] (-) TimerEvent: {}
[17.526700] (-) TimerEvent: {}
[17.633786] (-) TimerEvent: {}
[17.744769] (-) TimerEvent: {}
[17.847782] (-) TimerEvent: {}
[17.950790] (-) TimerEvent: {}
[18.057818] (-) TimerEvent: {}
[18.169763] (-) TimerEvent: {}
[18.270730] (-) TimerEvent: {}
[18.382791] (-) TimerEvent: {}
[18.490834] (-) TimerEvent: {}
[18.594772] (-) TimerEvent: {}
[18.696780] (-) TimerEvent: {}
[18.800124] (-) TimerEvent: {}
[18.909769] (-) TimerEvent: {}
[19.013772] (-) TimerEvent: {}
[19.118769] (-) TimerEvent: {}
[19.224772] (-) TimerEvent: {}
[19.335769] (-) TimerEvent: {}
[19.436734] (-) TimerEvent: {}
[19.541772] (-) TimerEvent: {}
[19.646787] (-) TimerEvent: {}
[19.750866] (-) TimerEvent: {}
[19.854176] (-) TimerEvent: {}
[19.973759] (-) TimerEvent: {}
[20.074559] (-) TimerEvent: {}
[20.177824] (-) TimerEvent: {}
[20.287790] (-) TimerEvent: {}
[20.389778] (-) TimerEvent: {}
[20.492996] (-) TimerEvent: {}
[20.627788] (-) TimerEvent: {}
[20.737213] (-) TimerEvent: {}
[20.849786] (-) TimerEvent: {}
[20.958813] (-) TimerEvent: {}
[21.063803] (-) TimerEvent: {}
[21.180878] (-) TimerEvent: {}
[21.282787] (-) TimerEvent: {}
[21.408796] (-) TimerEvent: {}
[21.517782] (-) TimerEvent: {}
[21.618728] (-) TimerEvent: {}
[21.725770] (-) TimerEvent: {}
[21.846797] (-) TimerEvent: {}
[21.957188] (-) TimerEvent: {}
[22.068006] (-) TimerEvent: {}
[22.181767] (-) TimerEvent: {}
[22.291019] (-) TimerEvent: {}
[22.396774] (-) TimerEvent: {}
[22.499783] (-) TimerEvent: {}
[22.608836] (-) TimerEvent: {}
[22.712563] (-) TimerEvent: {}
[22.815042] (-) TimerEvent: {}
[22.924882] (-) TimerEvent: {}
[23.033759] (-) TimerEvent: {}
[23.153240] (-) TimerEvent: {}
[23.258382] (-) TimerEvent: {}
[23.375744] (-) TimerEvent: {}
[23.487382] (-) TimerEvent: {}
[23.605977] (-) TimerEvent: {}
[23.726428] (-) TimerEvent: {}
[23.834773] (-) TimerEvent: {}
[23.940780] (-) TimerEvent: {}
[24.041672] (-) TimerEvent: {}
[24.162737] (-) TimerEvent: {}
[24.277794] (-) TimerEvent: {}
[24.383164] (-) TimerEvent: {}
[24.489768] (-) TimerEvent: {}
[24.596679] (-) TimerEvent: {}
[24.698828] (-) TimerEvent: {}
[24.810151] (-) TimerEvent: {}
[24.915926] (-) TimerEvent: {}
[25.017793] (-) TimerEvent: {}
[25.118647] (-) TimerEvent: {}
[25.225746] (-) TimerEvent: {}
[25.326580] (-) TimerEvent: {}
[25.433852] (-) TimerEvent: {}
[25.537821] (-) TimerEvent: {}
[25.642157] (-) TimerEvent: {}
[25.760272] (-) TimerEvent: {}
[25.865774] (-) TimerEvent: {}
[25.971765] (-) TimerEvent: {}
[26.074773] (-) TimerEvent: {}
[26.180803] (-) TimerEvent: {}
[26.288770] (-) TimerEvent: {}
[26.395779] (-) TimerEvent: {}
[26.504835] (-) TimerEvent: {}
[26.605875] (-) TimerEvent: {}
[26.709804] (-) TimerEvent: {}
[26.815767] (-) TimerEvent: {}
[26.923776] (-) TimerEvent: {}
[27.024719] (-) TimerEvent: {}
[27.130772] (-) TimerEvent: {}
[27.236364] (-) TimerEvent: {}
[27.341795] (-) TimerEvent: {}
[27.442587] (-) TimerEvent: {}
[27.550823] (-) TimerEvent: {}
[27.658228] (-) TimerEvent: {}
[27.764593] (-) TimerEvent: {}
[27.869870] (-) TimerEvent: {}
[27.982133] (-) TimerEvent: {}
[28.083799] (-) TimerEvent: {}
[28.190799] (-) TimerEvent: {}
[28.292881] (-) TimerEvent: {}
[28.402799] (-) TimerEvent: {}
[28.507793] (-) TimerEvent: {}
[28.613827] (-) TimerEvent: {}
[28.722437] (-) TimerEvent: {}
[28.829886] (-) TimerEvent: {}
[28.938768] (-) TimerEvent: {}
[29.039604] (-) TimerEvent: {}
[29.151789] (-) TimerEvent: {}
[29.256786] (-) TimerEvent: {}
[29.366898] (-) TimerEvent: {}
[29.478771] (-) TimerEvent: {}
[29.581095] (-) TimerEvent: {}
[29.693797] (-) TimerEvent: {}
[29.797833] (-) TimerEvent: {}
[29.903796] (-) TimerEvent: {}
[30.009838] (-) TimerEvent: {}
[30.123811] (-) TimerEvent: {}
[30.229845] (-) TimerEvent: {}
[30.333799] (-) TimerEvent: {}
[30.439783] (-) TimerEvent: {}
[30.545068] (-) TimerEvent: {}
[30.650822] (-) TimerEvent: {}
[30.756801] (-) TimerEvent: {}
[30.864765] (-) TimerEvent: {}
[30.967806] (-) TimerEvent: {}
[31.076771] (-) TimerEvent: {}
[31.177676] (-) TimerEvent: {}
[31.280792] (-) TimerEvent: {}
[31.383774] (-) TimerEvent: {}
[31.490407] (-) TimerEvent: {}
[31.595254] (-) TimerEvent: {}
[31.701349] (-) TimerEvent: {}
[31.802188] (-) TimerEvent: {}
[31.907830] (-) TimerEvent: {}
[32.008732] (-) TimerEvent: {}
[32.128754] (-) TimerEvent: {}
[32.229706] (-) TimerEvent: {}
[32.332777] (-) TimerEvent: {}
[32.436059] (-) TimerEvent: {}
[32.548814] (-) TimerEvent: {}
[32.656146] (-) TimerEvent: {}
[32.763004] (-) TimerEvent: {}
[32.868739] (-) TimerEvent: {}
[32.973885] (-) TimerEvent: {}
[33.075116] (-) TimerEvent: {}
[33.176031] (-) TimerEvent: {}
[33.278780] (-) TimerEvent: {}
[33.379756] (-) TimerEvent: {}
[33.482777] (-) TimerEvent: {}
[33.585771] (-) TimerEvent: {}
[33.686996] (-) TimerEvent: {}
[33.787836] (-) TimerEvent: {}
[33.889770] (-) TimerEvent: {}
[33.994081] (-) TimerEvent: {}
[34.094933] (-) TimerEvent: {}
[34.196185] (-) TimerEvent: {}
[34.299755] (-) TimerEvent: {}
[34.400595] (-) TimerEvent: {}
[34.501461] (-) TimerEvent: {}
[34.604773] (-) TimerEvent: {}
[34.705553] (-) TimerEvent: {}
[34.806581] (-) TimerEvent: {}
[34.909767] (-) TimerEvent: {}
[35.010541] (-) TimerEvent: {}
[35.114811] (-) TimerEvent: {}
[35.223779] (-) TimerEvent: {}
[35.334762] (-) TimerEvent: {}
[35.443769] (-) TimerEvent: {}
[35.548768] (-) TimerEvent: {}
[35.661549] (-) TimerEvent: {}
[35.769775] (-) TimerEvent: {}
[35.875767] (-) TimerEvent: {}
[35.983521] (-) TimerEvent: {}
[36.087682] (-) TimerEvent: {}
[36.193316] (-) TimerEvent: {}
[36.299123] (-) TimerEvent: {}
[36.402850] (-) TimerEvent: {}
[36.512794] (-) TimerEvent: {}
[36.617778] (-) TimerEvent: {}
[36.722779] (-) TimerEvent: {}
[36.827784] (-) TimerEvent: {}
[36.934771] (-) TimerEvent: {}
[37.035963] (-) TimerEvent: {}
[37.146784] (-) TimerEvent: {}
[37.247657] (-) TimerEvent: {}
[37.353807] (-) TimerEvent: {}
[37.460013] (-) TimerEvent: {}
[37.565760] (-) TimerEvent: {}
[37.667511] (-) TimerEvent: {}
[37.774772] (-) TimerEvent: {}
[37.880784] (-) TimerEvent: {}
[37.981664] (-) TimerEvent: {}
[38.084042] (-) TimerEvent: {}
[38.189292] (-) TimerEvent: {}
[38.299805] (-) TimerEvent: {}
[38.400694] (-) TimerEvent: {}
[38.501515] (-) TimerEvent: {}
[38.603812] (-) TimerEvent: {}
[38.705760] (-) TimerEvent: {}
[38.814804] (-) TimerEvent: {}
[38.922794] (-) TimerEvent: {}
[39.025728] (-) TimerEvent: {}
[39.126566] (-) TimerEvent: {}
[39.227812] (-) TimerEvent: {}
[39.331954] (-) TimerEvent: {}
[39.445773] (-) TimerEvent: {}
[39.548832] (-) TimerEvent: {}
[39.656785] (-) TimerEvent: {}
[39.759797] (-) TimerEvent: {}
[39.865782] (-) TimerEvent: {}
[39.970816] (-) TimerEvent: {}
[40.076810] (-) TimerEvent: {}
[40.184804] (-) TimerEvent: {}
[40.291796] (-) TimerEvent: {}
[40.395786] (-) TimerEvent: {}
[40.496530] (-) TimerEvent: {}
[40.604769] (-) TimerEvent: {}
[40.707834] (-) TimerEvent: {}
[40.819775] (-) TimerEvent: {}
[40.922836] (-) TimerEvent: {}
[41.026381] (-) TimerEvent: {}
[41.133407] (-) TimerEvent: {}
[41.245208] (-) TimerEvent: {}
[41.353770] (-) TimerEvent: {}
[41.464758] (-) TimerEvent: {}
[41.569755] (-) TimerEvent: {}
[41.674777] (-) TimerEvent: {}
[41.775547] (-) TimerEvent: {}
[41.883774] (-) TimerEvent: {}
[41.992794] (-) TimerEvent: {}
[42.100797] (-) TimerEvent: {}
[42.202777] (-) TimerEvent: {}
[42.309766] (-) TimerEvent: {}
[42.415888] (-) TimerEvent: {}
[42.529759] (-) TimerEvent: {}
[42.630546] (-) TimerEvent: {}
[42.736775] (-) TimerEvent: {}
[42.839775] (-) TimerEvent: {}
[42.948760] (-) TimerEvent: {}
[43.051860] (-) TimerEvent: {}
[43.158787] (-) TimerEvent: {}
[43.269766] (-) TimerEvent: {}
[43.370719] (-) TimerEvent: {}
[43.476772] (-) TimerEvent: {}
[43.581784] (-) TimerEvent: {}
[43.692770] (-) TimerEvent: {}
[43.793700] (-) TimerEvent: {}
[43.902772] (-) TimerEvent: {}
[44.010760] (-) TimerEvent: {}
[44.113770] (-) TimerEvent: {}
[44.216756] (-) TimerEvent: {}
[44.324772] (-) TimerEvent: {}
[44.427772] (-) TimerEvent: {}
[44.548392] (-) TimerEvent: {}
[44.657809] (-) TimerEvent: {}
[44.760756] (-) TimerEvent: {}
[44.864947] (-) TimerEvent: {}
[44.968768] (-) TimerEvent: {}
[45.079778] (-) TimerEvent: {}
[45.184777] (-) TimerEvent: {}
[45.289014] (-) TimerEvent: {}
[45.397177] (-) TimerEvent: {}
[45.513694] (-) TimerEvent: {}
[45.628828] (-) TimerEvent: {}
[45.734471] (-) TimerEvent: {}
[45.857542] (-) TimerEvent: {}
[45.966944] (-) TimerEvent: {}
[46.070777] (-) TimerEvent: {}
[46.178764] (-) TimerEvent: {}
[46.279549] (-) TimerEvent: {}
[46.392765] (-) TimerEvent: {}
[46.494824] (-) TimerEvent: {}
[46.597767] (-) TimerEvent: {}
[46.700082] (-) TimerEvent: {}
[46.807821] (-) TimerEvent: {}
[46.919768] (-) TimerEvent: {}
[47.022778] (-) TimerEvent: {}
[47.131776] (-) TimerEvent: {}
[47.238755] (-) TimerEvent: {}
[47.343413] (-) TimerEvent: {}
[47.447602] (-) TimerEvent: {}
[47.551823] (-) TimerEvent: {}
[47.655797] (-) TimerEvent: {}
[47.763207] (-) TimerEvent: {}
[47.872549] (-) TimerEvent: {}
[47.976880] (-) TimerEvent: {}
[48.082794] (-) TimerEvent: {}
[48.188779] (-) TimerEvent: {}
[48.298814] (-) TimerEvent: {}
[48.401408] (-) TimerEvent: {}
[48.510336] (-) TimerEvent: {}
[48.618768] (-) TimerEvent: {}
[48.721927] (-) TimerEvent: {}
[48.831783] (-) TimerEvent: {}
[48.936869] (-) TimerEvent: {}
[49.043784] (-) TimerEvent: {}
[49.146804] (-) TimerEvent: {}
[49.254769] (-) TimerEvent: {}
[49.357835] (-) TimerEvent: {}
[49.470786] (-) TimerEvent: {}
[49.574771] (-) TimerEvent: {}
[49.682974] (-) TimerEvent: {}
[49.789819] (-) TimerEvent: {}
[49.900892] (-) TimerEvent: {}
[50.011824] (-) TimerEvent: {}
[50.137293] (-) TimerEvent: {}
[50.159832] (flashing) Command: {'cmd': ['/usr/bin/python3', '-W', 'ignore:setup.py install is deprecated', '-W', 'ignore:easy_install command is deprecated', 'setup.py', 'egg_info', '--egg-base', '../../build/flashing', 'build', '--build-base', '/home/ngt/ZENS-Final-AUVC/ros_ws/build/flashing/build', 'install', '--record', '/home/ngt/ZENS-Final-AUVC/ros_ws/build/flashing/install.log', '--install-scripts', '$base/lib/flashing', '--single-version-externally-managed', 'install_data'], 'cwd': '/home/ngt/ZENS-Final-AUVC/ros_ws/src/flashing', 'env': {'PYTHON_BASIC_REPL': '1', 'VIRTUALENVWRAPPER_WORKON_CD': '1', 'USER': 'ngt', 'SSH_CLIENT': '192.168.3.1 64577 22', 'WORKON_HOME': '/home/ngt/.virtualenvs', 'GZ_SIM_RESOURCE_PATH': '/opt/ros/jazzy/share', 'GZ_CONFIG_PATH': '/opt/ros/jazzy/opt/gz_sim_vendor/share/gz:/opt/ros/jazzy/opt/sdformat_vendor/share/gz:/opt/ros/jazzy/opt/gz_gui_vendor/share/gz:/opt/ros/jazzy/opt/gz_transport_vendor/share/gz:/opt/ros/jazzy/opt/gz_rendering_vendor/share/gz:/opt/ros/jazzy/opt/gz_plugin_vendor/share/gz:/opt/ros/jazzy/opt/gz_fuel_tools_vendor/share/gz:/opt/ros/jazzy/opt/gz_msgs_vendor/share/gz:/opt/ros/jazzy/opt/gz_common_vendor/share/gz', 'XDG_SESSION_TYPE': 'tty', 'GIT_ASKPASS': '/home/ngt/.vscode-server/cli/servers/Stable-e4c7e7b1d6d060162f4aa7f8225271b67ce1df75/server/extensions/git/dist/askpass.sh', 'SHLVL': '1', 'BROWSER': '/home/ngt/.vscode-server/cli/servers/Stable-e4c7e7b1d6d060162f4aa7f8225271b67ce1df75/server/bin/helpers/browser.sh', 'LD_LIBRARY_PATH': '/home/ngt/ZENS-Final-AUVC/ros_ws/install/msgs/lib:/home/ngt/auvc_ws/install/example_custom_srv/lib:/home/ngt/pid_ws/install/target_depth_msgs/lib:/opt/ros/jazzy/opt/gz_sim_vendor/lib:/opt/ros/jazzy/opt/gz_sensors_vendor/lib:/opt/ros/jazzy/opt/gz_physics_vendor/lib:/opt/ros/jazzy/opt/sdformat_vendor/lib:/opt/ros/jazzy/opt/rviz_ogre_vendor/lib:/opt/ros/jazzy/lib/aarch64-linux-gnu:/opt/ros/jazzy/opt/gz_gui_vendor/lib:/opt/ros/jazzy/opt/gz_transport_vendor/lib:/opt/ros/jazzy/opt/gz_rendering_vendor/lib:/opt/ros/jazzy/opt/gz_plugin_vendor/lib:/opt/ros/jazzy/opt/gz_fuel_tools_vendor/lib:/opt/ros/jazzy/opt/gz_msgs_vendor/lib:/opt/ros/jazzy/opt/gz_common_vendor/lib:/opt/ros/jazzy/opt/gz_math_vendor/lib:/opt/ros/jazzy/opt/gz_utils_vendor/lib:/opt/ros/jazzy/opt/gz_tools_vendor/lib:/opt/ros/jazzy/opt/gz_ogre_next_vendor/lib:/opt/ros/jazzy/opt/gz_dartsim_vendor/lib:/opt/ros/jazzy/opt/gz_cmake_vendor/lib:/opt/ros/jazzy/lib', 'GZ_TRANSPORT_ID': '192.168.3.1', 'HOME': '/home/ngt', 'OLDPWD': '/home/ngt/ZENS-Final-AUVC', 'LESS': '-R', 'VIRTUALENVWRAPPER_PYTHON': '/usr/bin/python3', 'TERM_PROGRAM_VERSION': '1.131.0', 'VSCODE_IPC_HOOK_CLI': '/run/user/1004/vscode-ipc-103574d8-1004-48c0-8a1d-e8ee6d0e52f3.sock', 'ZSH': '/home/ngt/.oh-my-zsh', 'LSCOLORS': 'Gxfxcxdxbxegedabagacad', 'GZ_TRANSPORT_PUB_PORT': '11345', 'VSCODE_GIT_ASKPASS_MAIN': '/home/ngt/.vscode-server/cli/servers/Stable-e4c7e7b1d6d060162f4aa7f8225271b67ce1df75/server/extensions/git/dist/askpass-main.js', 'PAGER': 'less', 'ROS_PYTHON_VERSION': '3', 'PS1': '(ardusub) %(?:%{\x1b[01;32m%}%1{➜%} :%{\x1b[01;31m%}%1{➜%} ) %{\x1b[36m%}%c%{\x1b[00m%} $(git_prompt_info)', 'VSCODE_GIT_ASKPASS_NODE': '/home/ngt/.vscode-server/cli/servers/Stable-e4c7e7b1d6d060162f4aa7f8225271b67ce1df75/server/node', 'DBUS_SESSION_BUS_ADDRESS': 'unix:path=/run/user/1004/bus', 'PYDEVD_DISABLE_FILE_VALIDATION': '1', 'BUNDLED_DEBUGPY_PATH': '/home/ngt/.vscode-server/extensions/ms-python.debugpy-2026.6.0-linux-arm64/bundled/libs/debugpy', 'GZ_TRANSPORT_SUB_PORT': '11346', 'VSCODE_PYTHON_AUTOACTIVATE_GUARD': '1', 'COLORTERM': 'truecolor', 'ROS_DISTRO': 'jazzy', 'COLCON_PREFIX_PATH': '/home/ngt/ZENS-Final-AUVC/ros_ws/install:/home/ngt/auvc_ws/install:/home/ngt/cv_ws/install:/home/ngt/pid_ws/install:/home/ngt/auv_dancing/install', 'LOGNAME': 'ngt', '_': '/usr/bin/colcon', 'XDG_SESSION_CLASS': 'user', 'USER_ZDOTDIR': '/home/ngt', 'ROS_VERSION': '2', 'XDG_SESSION_ID': '1', 'TERM': 'xterm-256color', 'PATH': '/home/ngt/.virtualenvs/ardusub/bin:/home/ngt/.opencode/bin:/opt/ros/jazzy/opt/gz_msgs_vendor/bin:/opt/ros/jazzy/opt/gz_tools_vendor/bin:/opt/ros/jazzy/opt/gz_ogre_next_vendor/bin:/opt/ros/jazzy/bin:/usr/lib/ccache:/home/ngt/.vscode-server/data/User/globalStorage/github.copilot-chat/debugCommand:/home/ngt/.vscode-server/data/User/globalStorage/github.copilot-chat/copilotCli:/home/ngt/.vscode-server/cli/servers/Stable-e4c7e7b1d6d060162f4aa7f8225271b67ce1df75/server/bin/remote-cli:/usr/local/sbin:/usr/local/bin:/usr/sbin:/usr/bin:/sbin:/bin:/usr/games:/usr/local/games:/snap/bin:/home/ngt/.vscode-server/extensions/ms-python.debugpy-2026.6.0-linux-arm64/bundled/scripts/noConfigScripts:/home/ngt/.local/bin:/home/ngt/ardupilot/Tools/autotest', 'XDG_RUNTIME_DIR': '/run/user/1004', 'GZ_PARTITION': 'my_sim', 'LANG': 'en_US.UTF-8', 'VSCODE_DEBUGPY_ADAPTER_ENDPOINTS': '/home/ngt/.vscode-server/extensions/ms-python.debugpy-2026.6.0-linux-arm64/.noConfigDebugAdapterEndpoints/endpoint-c18b4b5d63521f01.txt', 'PYTHONSTARTUP': '/home/ngt/.vscode-server/data/User/workspaceStorage/ebe247280dad30c76e3d7235d970e14f/ms-python.python/pythonrc.py', 'VSCODE_INJECTION': '1', 'VIRTUAL_ENV_PROMPT': 'ardusub', 'TERM_PROGRAM': 'vscode', 'VSCODE_GIT_IPC_HANDLE': '/run/user/1004/vscode-git-75828e3940.sock', 'LS_COLORS': 'rs=0:di=01;34:ln=01;36:mh=00:pi=40;33:so=01;35:do=01;35:bd=40;33;01:cd=40;33;01:or=40;31;01:mi=00:su=37;41:sg=30;43:ca=00:tw=30;42:ow=34;42:st=37;44:ex=01;32:*.tar=01;31:*.tgz=01;31:*.arc=01;31:*.arj=01;31:*.taz=01;31:*.lha=01;31:*.lz4=01;31:*.lzh=01;31:*.lzma=01;31:*.tlz=01;31:*.txz=01;31:*.tzo=01;31:*.t7z=01;31:*.zip=01;31:*.z=01;31:*.dz=01;31:*.gz=01;31:*.lrz=01;31:*.lz=01;31:*.lzo=01;31:*.xz=01;31:*.zst=01;31:*.tzst=01;31:*.bz2=01;31:*.bz=01;31:*.tbz=01;31:*.tbz2=01;31:*.tz=01;31:*.deb=01;31:*.rpm=01;31:*.jar=01;31:*.war=01;31:*.ear=01;31:*.sar=01;31:*.rar=01;31:*.alz=01;31:*.ace=01;31:*.zoo=01;31:*.cpio=01;31:*.7z=01;31:*.rz=01;31:*.cab=01;31:*.wim=01;31:*.swm=01;31:*.dwm=01;31:*.esd=01;31:*.avif=01;35:*.jpg=01;35:*.jpeg=01;35:*.mjpg=01;35:*.mjpeg=01;35:*.gif=01;35:*.bmp=01;35:*.pbm=01;35:*.pgm=01;35:*.ppm=01;35:*.tga=01;35:*.xbm=01;35:*.xpm=01;35:*.tif=01;35:*.tiff=01;35:*.png=01;35:*.svg=01;35:*.svgz=01;35:*.mng=01;35:*.pcx=01;35:*.mov=01;35:*.mpg=01;35:*.mpeg=01;35:*.m2v=01;35:*.mkv=01;35:*.webm=01;35:*.webp=01;35:*.ogm=01;35:*.mp4=01;35:*.m4v=01;35:*.mp4v=01;35:*.vob=01;35:*.qt=01;35:*.nuv=01;35:*.wmv=01;35:*.asf=01;35:*.rm=01;35:*.rmvb=01;35:*.flc=01;35:*.avi=01;35:*.fli=01;35:*.flv=01;35:*.gl=01;35:*.dl=01;35:*.xcf=01;35:*.xwd=01;35:*.yuv=01;35:*.cgm=01;35:*.emf=01;35:*.ogv=01;35:*.ogx=01;35:*.aac=00;36:*.au=00;36:*.flac=00;36:*.m4a=00;36:*.mid=00;36:*.midi=00;36:*.mka=00;36:*.mp3=00;36:*.mpc=00;36:*.ogg=00;36:*.ra=00;36:*.wav=00;36:*.oga=00;36:*.opus=00;36:*.spx=00;36:*.xspf=00;36:*~=00;90:*#=00;90:*.bak=00;90:*.crdownload=00;90:*.dpkg-dist=00;90:*.dpkg-new=00;90:*.dpkg-old=00;90:*.dpkg-tmp=00;90:*.old=00;90:*.orig=00;90:*.part=00;90:*.rej=00;90:*.rpmnew=00;90:*.rpmorig=00;90:*.rpmsave=00;90:*.swp=00;90:*.tmp=00;90:*.ucf-dist=00;90:*.ucf-new=00;90:*.ucf-old=00;90:', 'AMENT_PREFIX_PATH': '/home/ngt/ZENS-Final-AUVC/ros_ws/install/msgs:/home/ngt/ZENS-Final-AUVC/ros_ws/install/hardware:/home/ngt/ZENS-Final-AUVC/ros_ws/install/flashing:/home/ngt/ZENS-Final-AUVC/ros_ws/install/cv:/home/ngt/ZENS-Final-AUVC/ros_ws/install/control:/home/ngt/ZENS-Final-AUVC/ros_ws/install/bringup:/home/ngt/auvc_ws/install/tutorial_virtualenvs:/home/ngt/auvc_ws/install/tutorial_pid:/home/ngt/auvc_ws/install/tutorial_ardusub:/home/ngt/auvc_ws/install/tutorial:/home/ngt/auvc_ws/install/rosmav:/home/ngt/auvc_ws/install/example_custom_srv:/home/ngt/cv_ws/install/cv:/home/ngt/pid_ws/install/target_depth_msgs:/home/ngt/pid_ws/install/pid:/home/ngt/auv_dancing/install/tutorial:/opt/ros/jazzy', 'SHELL': '/usr/bin/zsh', 'VIRTUALENVWRAPPER_PROJECT_FILENAME': '.project', 'VIRTUALENVWRAPPER_HOOK_DIR': '/home/ngt/.virtualenvs', 'VSCODE_GIT_ASKPASS_EXTRA_ARGS': '', 'VIRTUALENVWRAPPER_SCRIPT': '/usr/share/virtualenvwrapper/virtualenvwrapper.sh', 'ROS_AUTOMATIC_DISCOVERY_RANGE': 'SUBNET', 'VIRTUAL_ENV': '/home/ngt/.virtualenvs/ardusub', 'LC_ALL': 'en_US.UTF-8', 'PWD': '/home/ngt/ZENS-Final-AUVC/ros_ws/build/flashing', 'SSH_CONNECTION': '192.168.3.1 64577 192.168.3.2 22', 'COPILOT_DEBUG_NONCE': 'ecfdf1043499788fb94714472659d404', 'ZDOTDIR': '/home/ngt', 'PYTHONPATH': '/home/ngt/ZENS-Final-AUVC/ros_ws/build/flashing/prefix_override:/usr/lib/python3/dist-packages/colcon_core/task/python/colcon_distutils_commands:/home/ngt/ZENS-Final-AUVC/ros_ws/install/flashing/lib/python3.12/site-packages:/home/ngt/ZENS-Final-AUVC/ros_ws/install/msgs/lib/python3.12/site-packages:/home/ngt/ZENS-Final-AUVC/ros_ws/install/hardware/lib/python3.12/site-packages:/home/ngt/ZENS-Final-AUVC/ros_ws/install/flashing/lib/python3.12/site-packages:/home/ngt/ZENS-Final-AUVC/ros_ws/install/cv/lib/python3.12/site-packages:/home/ngt/ZENS-Final-AUVC/ros_ws/install/control/lib/python3.12/site-packages:/home/ngt/ZENS-Final-AUVC/ros_ws/install/bringup/lib/python3.12/site-packages:/home/ngt/auvc_ws/install/tutorial_virtualenvs/lib/python3.12/site-packages:/home/ngt/auvc_ws/install/tutorial_pid/lib/python3.12/site-packages:/home/ngt/auvc_ws/install/tutorial_ardusub/lib/python3.12/site-packages:/home/ngt/auvc_ws/install/tutorial/lib/python3.12/site-packages:/home/ngt/auvc_ws/install/rosmav/lib/python3.12/site-packages:/home/ngt/auvc_ws/install/example_custom_srv/lib/python3.12/site-packages:/home/ngt/cv_ws/install/cv/lib/python3.12/site-packages:/home/ngt/pid_ws/install/target_depth_msgs/lib/python3.12/site-packages:/home/ngt/pid_ws/install/pid/lib/python3.12/site-packages:/home/ngt/auv_dancing/install/tutorial/lib/python3.12/site-packages:/opt/ros/jazzy/lib/python3.12/site-packages', 'COLCON': '1', 'CMAKE_PREFIX_PATH': '/home/ngt/ZENS-Final-AUVC/ros_ws/install/msgs:/home/ngt/auvc_ws/install/example_custom_srv:/home/ngt/pid_ws/install/target_depth_msgs:/opt/ros/jazzy/opt/gz_sim_vendor:/opt/ros/jazzy/opt/gz_sensors_vendor:/opt/ros/jazzy/opt/gz_physics_vendor:/opt/ros/jazzy/opt/sdformat_vendor:/opt/ros/jazzy/opt/gz_gui_vendor:/opt/ros/jazzy/opt/gz_transport_vendor:/opt/ros/jazzy/opt/gz_rendering_vendor:/opt/ros/jazzy/opt/gz_plugin_vendor:/opt/ros/jazzy/opt/gz_fuel_tools_vendor:/opt/ros/jazzy/opt/gz_msgs_vendor:/opt/ros/jazzy/opt/gz_common_vendor:/opt/ros/jazzy/opt/gz_math_vendor:/opt/ros/jazzy/opt/gz_utils_vendor:/opt/ros/jazzy/opt/gz_tools_vendor:/opt/ros/jazzy/opt/gz_ogre_next_vendor:/opt/ros/jazzy/opt/gz_dartsim_vendor:/opt/ros/jazzy/opt/gz_cmake_vendor'}, 'shell': False}
[50.256811] (-) TimerEvent: {}
[50.373801] (-) TimerEvent: {}
[50.399316] (bringup) Command: {'cmd': ['/usr/bin/python3', '-W', 'ignore:setup.py install is deprecated', '-W', 'ignore:easy_install command is deprecated', 'setup.py', 'egg_info', '--egg-base', '../../build/bringup', 'build', '--build-base', '/home/ngt/ZENS-Final-AUVC/ros_ws/build/bringup/build', 'install', '--record', '/home/ngt/ZENS-Final-AUVC/ros_ws/build/bringup/install.log', '--install-scripts', '$base/lib/bringup', '--single-version-externally-managed', 'install_data'], 'cwd': '/home/ngt/ZENS-Final-AUVC/ros_ws/src/bringup', 'env': {'PYTHON_BASIC_REPL': '1', 'VIRTUALENVWRAPPER_WORKON_CD': '1', 'USER': 'ngt', 'SSH_CLIENT': '192.168.3.1 64577 22', 'WORKON_HOME': '/home/ngt/.virtualenvs', 'GZ_SIM_RESOURCE_PATH': '/opt/ros/jazzy/share', 'GZ_CONFIG_PATH': '/opt/ros/jazzy/opt/gz_sim_vendor/share/gz:/opt/ros/jazzy/opt/sdformat_vendor/share/gz:/opt/ros/jazzy/opt/gz_gui_vendor/share/gz:/opt/ros/jazzy/opt/gz_transport_vendor/share/gz:/opt/ros/jazzy/opt/gz_rendering_vendor/share/gz:/opt/ros/jazzy/opt/gz_plugin_vendor/share/gz:/opt/ros/jazzy/opt/gz_fuel_tools_vendor/share/gz:/opt/ros/jazzy/opt/gz_msgs_vendor/share/gz:/opt/ros/jazzy/opt/gz_common_vendor/share/gz', 'XDG_SESSION_TYPE': 'tty', 'GIT_ASKPASS': '/home/ngt/.vscode-server/cli/servers/Stable-e4c7e7b1d6d060162f4aa7f8225271b67ce1df75/server/extensions/git/dist/askpass.sh', 'SHLVL': '1', 'BROWSER': '/home/ngt/.vscode-server/cli/servers/Stable-e4c7e7b1d6d060162f4aa7f8225271b67ce1df75/server/bin/helpers/browser.sh', 'LD_LIBRARY_PATH': '/home/ngt/ZENS-Final-AUVC/ros_ws/install/msgs/lib:/home/ngt/auvc_ws/install/example_custom_srv/lib:/home/ngt/pid_ws/install/target_depth_msgs/lib:/opt/ros/jazzy/opt/gz_sim_vendor/lib:/opt/ros/jazzy/opt/gz_sensors_vendor/lib:/opt/ros/jazzy/opt/gz_physics_vendor/lib:/opt/ros/jazzy/opt/sdformat_vendor/lib:/opt/ros/jazzy/opt/rviz_ogre_vendor/lib:/opt/ros/jazzy/lib/aarch64-linux-gnu:/opt/ros/jazzy/opt/gz_gui_vendor/lib:/opt/ros/jazzy/opt/gz_transport_vendor/lib:/opt/ros/jazzy/opt/gz_rendering_vendor/lib:/opt/ros/jazzy/opt/gz_plugin_vendor/lib:/opt/ros/jazzy/opt/gz_fuel_tools_vendor/lib:/opt/ros/jazzy/opt/gz_msgs_vendor/lib:/opt/ros/jazzy/opt/gz_common_vendor/lib:/opt/ros/jazzy/opt/gz_math_vendor/lib:/opt/ros/jazzy/opt/gz_utils_vendor/lib:/opt/ros/jazzy/opt/gz_tools_vendor/lib:/opt/ros/jazzy/opt/gz_ogre_next_vendor/lib:/opt/ros/jazzy/opt/gz_dartsim_vendor/lib:/opt/ros/jazzy/opt/gz_cmake_vendor/lib:/opt/ros/jazzy/lib', 'GZ_TRANSPORT_ID': '192.168.3.1', 'HOME': '/home/ngt', 'OLDPWD': '/home/ngt/ZENS-Final-AUVC', 'LESS': '-R', 'VIRTUALENVWRAPPER_PYTHON': '/usr/bin/python3', 'TERM_PROGRAM_VERSION': '1.131.0', 'VSCODE_IPC_HOOK_CLI': '/run/user/1004/vscode-ipc-103574d8-1004-48c0-8a1d-e8ee6d0e52f3.sock', 'ZSH': '/home/ngt/.oh-my-zsh', 'LSCOLORS': 'Gxfxcxdxbxegedabagacad', 'GZ_TRANSPORT_PUB_PORT': '11345', 'VSCODE_GIT_ASKPASS_MAIN': '/home/ngt/.vscode-server/cli/servers/Stable-e4c7e7b1d6d060162f4aa7f8225271b67ce1df75/server/extensions/git/dist/askpass-main.js', 'PAGER': 'less', 'ROS_PYTHON_VERSION': '3', 'PS1': '(ardusub) %(?:%{\x1b[01;32m%}%1{➜%} :%{\x1b[01;31m%}%1{➜%} ) %{\x1b[36m%}%c%{\x1b[00m%} $(git_prompt_info)', 'VSCODE_GIT_ASKPASS_NODE': '/home/ngt/.vscode-server/cli/servers/Stable-e4c7e7b1d6d060162f4aa7f8225271b67ce1df75/server/node', 'DBUS_SESSION_BUS_ADDRESS': 'unix:path=/run/user/1004/bus', 'PYDEVD_DISABLE_FILE_VALIDATION': '1', 'BUNDLED_DEBUGPY_PATH': '/home/ngt/.vscode-server/extensions/ms-python.debugpy-2026.6.0-linux-arm64/bundled/libs/debugpy', 'GZ_TRANSPORT_SUB_PORT': '11346', 'VSCODE_PYTHON_AUTOACTIVATE_GUARD': '1', 'COLORTERM': 'truecolor', 'ROS_DISTRO': 'jazzy', 'COLCON_PREFIX_PATH': '/home/ngt/ZENS-Final-AUVC/ros_ws/install:/home/ngt/auvc_ws/install:/home/ngt/cv_ws/install:/home/ngt/pid_ws/install:/home/ngt/auv_dancing/install', 'LOGNAME': 'ngt', '_': '/usr/bin/colcon', 'XDG_SESSION_CLASS': 'user', 'USER_ZDOTDIR': '/home/ngt', 'ROS_VERSION': '2', 'XDG_SESSION_ID': '1', 'TERM': 'xterm-256color', 'PATH': '/home/ngt/.virtualenvs/ardusub/bin:/home/ngt/.opencode/bin:/opt/ros/jazzy/opt/gz_msgs_vendor/bin:/opt/ros/jazzy/opt/gz_tools_vendor/bin:/opt/ros/jazzy/opt/gz_ogre_next_vendor/bin:/opt/ros/jazzy/bin:/usr/lib/ccache:/home/ngt/.vscode-server/data/User/globalStorage/github.copilot-chat/debugCommand:/home/ngt/.vscode-server/data/User/globalStorage/github.copilot-chat/copilotCli:/home/ngt/.vscode-server/cli/servers/Stable-e4c7e7b1d6d060162f4aa7f8225271b67ce1df75/server/bin/remote-cli:/usr/local/sbin:/usr/local/bin:/usr/sbin:/usr/bin:/sbin:/bin:/usr/games:/usr/local/games:/snap/bin:/home/ngt/.vscode-server/extensions/ms-python.debugpy-2026.6.0-linux-arm64/bundled/scripts/noConfigScripts:/home/ngt/.local/bin:/home/ngt/ardupilot/Tools/autotest', 'XDG_RUNTIME_DIR': '/run/user/1004', 'GZ_PARTITION': 'my_sim', 'LANG': 'en_US.UTF-8', 'VSCODE_DEBUGPY_ADAPTER_ENDPOINTS': '/home/ngt/.vscode-server/extensions/ms-python.debugpy-2026.6.0-linux-arm64/.noConfigDebugAdapterEndpoints/endpoint-c18b4b5d63521f01.txt', 'PYTHONSTARTUP': '/home/ngt/.vscode-server/data/User/workspaceStorage/ebe247280dad30c76e3d7235d970e14f/ms-python.python/pythonrc.py', 'VSCODE_INJECTION': '1', 'VIRTUAL_ENV_PROMPT': 'ardusub', 'TERM_PROGRAM': 'vscode', 'VSCODE_GIT_IPC_HANDLE': '/run/user/1004/vscode-git-75828e3940.sock', 'LS_COLORS': 'rs=0:di=01;34:ln=01;36:mh=00:pi=40;33:so=01;35:do=01;35:bd=40;33;01:cd=40;33;01:or=40;31;01:mi=00:su=37;41:sg=30;43:ca=00:tw=30;42:ow=34;42:st=37;44:ex=01;32:*.tar=01;31:*.tgz=01;31:*.arc=01;31:*.arj=01;31:*.taz=01;31:*.lha=01;31:*.lz4=01;31:*.lzh=01;31:*.lzma=01;31:*.tlz=01;31:*.txz=01;31:*.tzo=01;31:*.t7z=01;31:*.zip=01;31:*.z=01;31:*.dz=01;31:*.gz=01;31:*.lrz=01;31:*.lz=01;31:*.lzo=01;31:*.xz=01;31:*.zst=01;31:*.tzst=01;31:*.bz2=01;31:*.bz=01;31:*.tbz=01;31:*.tbz2=01;31:*.tz=01;31:*.deb=01;31:*.rpm=01;31:*.jar=01;31:*.war=01;31:*.ear=01;31:*.sar=01;31:*.rar=01;31:*.alz=01;31:*.ace=01;31:*.zoo=01;31:*.cpio=01;31:*.7z=01;31:*.rz=01;31:*.cab=01;31:*.wim=01;31:*.swm=01;31:*.dwm=01;31:*.esd=01;31:*.avif=01;35:*.jpg=01;35:*.jpeg=01;35:*.mjpg=01;35:*.mjpeg=01;35:*.gif=01;35:*.bmp=01;35:*.pbm=01;35:*.pgm=01;35:*.ppm=01;35:*.tga=01;35:*.xbm=01;35:*.xpm=01;35:*.tif=01;35:*.tiff=01;35:*.png=01;35:*.svg=01;35:*.svgz=01;35:*.mng=01;35:*.pcx=01;35:*.mov=01;35:*.mpg=01;35:*.mpeg=01;35:*.m2v=01;35:*.mkv=01;35:*.webm=01;35:*.webp=01;35:*.ogm=01;35:*.mp4=01;35:*.m4v=01;35:*.mp4v=01;35:*.vob=01;35:*.qt=01;35:*.nuv=01;35:*.wmv=01;35:*.asf=01;35:*.rm=01;35:*.rmvb=01;35:*.flc=01;35:*.avi=01;35:*.fli=01;35:*.flv=01;35:*.gl=01;35:*.dl=01;35:*.xcf=01;35:*.xwd=01;35:*.yuv=01;35:*.cgm=01;35:*.emf=01;35:*.ogv=01;35:*.ogx=01;35:*.aac=00;36:*.au=00;36:*.flac=00;36:*.m4a=00;36:*.mid=00;36:*.midi=00;36:*.mka=00;36:*.mp3=00;36:*.mpc=00;36:*.ogg=00;36:*.ra=00;36:*.wav=00;36:*.oga=00;36:*.opus=00;36:*.spx=00;36:*.xspf=00;36:*~=00;90:*#=00;90:*.bak=00;90:*.crdownload=00;90:*.dpkg-dist=00;90:*.dpkg-new=00;90:*.dpkg-old=00;90:*.dpkg-tmp=00;90:*.old=00;90:*.orig=00;90:*.part=00;90:*.rej=00;90:*.rpmnew=00;90:*.rpmorig=00;90:*.rpmsave=00;90:*.swp=00;90:*.tmp=00;90:*.ucf-dist=00;90:*.ucf-new=00;90:*.ucf-old=00;90:', 'AMENT_PREFIX_PATH': '/home/ngt/ZENS-Final-AUVC/ros_ws/install/msgs:/home/ngt/ZENS-Final-AUVC/ros_ws/install/hardware:/home/ngt/ZENS-Final-AUVC/ros_ws/install/flashing:/home/ngt/ZENS-Final-AUVC/ros_ws/install/cv:/home/ngt/ZENS-Final-AUVC/ros_ws/install/control:/home/ngt/ZENS-Final-AUVC/ros_ws/install/bringup:/home/ngt/auvc_ws/install/tutorial_virtualenvs:/home/ngt/auvc_ws/install/tutorial_pid:/home/ngt/auvc_ws/install/tutorial_ardusub:/home/ngt/auvc_ws/install/tutorial:/home/ngt/auvc_ws/install/rosmav:/home/ngt/auvc_ws/install/example_custom_srv:/home/ngt/cv_ws/install/cv:/home/ngt/pid_ws/install/target_depth_msgs:/home/ngt/pid_ws/install/pid:/home/ngt/auv_dancing/install/tutorial:/opt/ros/jazzy', 'SHELL': '/usr/bin/zsh', 'VIRTUALENVWRAPPER_PROJECT_FILENAME': '.project', 'VIRTUALENVWRAPPER_HOOK_DIR': '/home/ngt/.virtualenvs', 'VSCODE_GIT_ASKPASS_EXTRA_ARGS': '', 'VIRTUALENVWRAPPER_SCRIPT': '/usr/share/virtualenvwrapper/virtualenvwrapper.sh', 'ROS_AUTOMATIC_DISCOVERY_RANGE': 'SUBNET', 'VIRTUAL_ENV': '/home/ngt/.virtualenvs/ardusub', 'LC_ALL': 'en_US.UTF-8', 'PWD': '/home/ngt/ZENS-Final-AUVC/ros_ws/build/bringup', 'SSH_CONNECTION': '192.168.3.1 64577 192.168.3.2 22', 'COPILOT_DEBUG_NONCE': 'ecfdf1043499788fb94714472659d404', 'ZDOTDIR': '/home/ngt', 'PYTHONPATH': '/home/ngt/ZENS-Final-AUVC/ros_ws/build/bringup/prefix_override:/usr/lib/python3/dist-packages/colcon_core/task/python/colcon_distutils_commands:/home/ngt/ZENS-Final-AUVC/ros_ws/install/bringup/lib/python3.12/site-packages:/home/ngt/ZENS-Final-AUVC/ros_ws/install/msgs/lib/python3.12/site-packages:/home/ngt/ZENS-Final-AUVC/ros_ws/install/hardware/lib/python3.12/site-packages:/home/ngt/ZENS-Final-AUVC/ros_ws/install/flashing/lib/python3.12/site-packages:/home/ngt/ZENS-Final-AUVC/ros_ws/install/cv/lib/python3.12/site-packages:/home/ngt/ZENS-Final-AUVC/ros_ws/install/control/lib/python3.12/site-packages:/home/ngt/ZENS-Final-AUVC/ros_ws/install/bringup/lib/python3.12/site-packages:/home/ngt/auvc_ws/install/tutorial_virtualenvs/lib/python3.12/site-packages:/home/ngt/auvc_ws/install/tutorial_pid/lib/python3.12/site-packages:/home/ngt/auvc_ws/install/tutorial_ardusub/lib/python3.12/site-packages:/home/ngt/auvc_ws/install/tutorial/lib/python3.12/site-packages:/home/ngt/auvc_ws/install/rosmav/lib/python3.12/site-packages:/home/ngt/auvc_ws/install/example_custom_srv/lib/python3.12/site-packages:/home/ngt/cv_ws/install/cv/lib/python3.12/site-packages:/home/ngt/pid_ws/install/target_depth_msgs/lib/python3.12/site-packages:/home/ngt/pid_ws/install/pid/lib/python3.12/site-packages:/home/ngt/auv_dancing/install/tutorial/lib/python3.12/site-packages:/opt/ros/jazzy/lib/python3.12/site-packages', 'COLCON': '1', 'CMAKE_PREFIX_PATH': '/home/ngt/ZENS-Final-AUVC/ros_ws/install/msgs:/home/ngt/auvc_ws/install/example_custom_srv:/home/ngt/pid_ws/install/target_depth_msgs:/opt/ros/jazzy/opt/gz_sim_vendor:/opt/ros/jazzy/opt/gz_sensors_vendor:/opt/ros/jazzy/opt/gz_physics_vendor:/opt/ros/jazzy/opt/sdformat_vendor:/opt/ros/jazzy/opt/gz_gui_vendor:/opt/ros/jazzy/opt/gz_transport_vendor:/opt/ros/jazzy/opt/gz_rendering_vendor:/opt/ros/jazzy/opt/gz_plugin_vendor:/opt/ros/jazzy/opt/gz_fuel_tools_vendor:/opt/ros/jazzy/opt/gz_msgs_vendor:/opt/ros/jazzy/opt/gz_common_vendor:/opt/ros/jazzy/opt/gz_math_vendor:/opt/ros/jazzy/opt/gz_utils_vendor:/opt/ros/jazzy/opt/gz_tools_vendor:/opt/ros/jazzy/opt/gz_ogre_next_vendor:/opt/ros/jazzy/opt/gz_dartsim_vendor:/opt/ros/jazzy/opt/gz_cmake_vendor'}, 'shell': False}
[50.487797] (-) TimerEvent: {}
[50.591800] (-) TimerEvent: {}
[50.698794] (-) TimerEvent: {}
[50.807771] (-) TimerEvent: {}
[50.913272] (-) TimerEvent: {}
[51.027820] (-) TimerEvent: {}
[51.128889] (-) TimerEvent: {}
[51.243789] (-) TimerEvent: {}
[51.347689] (-) TimerEvent: {}
[51.459953] (-) TimerEvent: {}
[51.560748] (-) TimerEvent: {}
[51.665225] (-) TimerEvent: {}
[51.769786] (-) TimerEvent: {}
[51.878854] (-) TimerEvent: {}
[51.985796] (-) TimerEvent: {}
[52.091829] (-) TimerEvent: {}
[52.195073] (-) TimerEvent: {}
[52.313769] (-) TimerEvent: {}
[52.414572] (-) TimerEvent: {}
[52.527847] (-) TimerEvent: {}
[52.641890] (-) TimerEvent: {}
[52.745794] (-) TimerEvent: {}
[52.856791] (-) TimerEvent: {}
[52.967795] (-) TimerEvent: {}
[53.075778] (-) TimerEvent: {}
[53.182814] (-) TimerEvent: {}
[53.288791] (-) TimerEvent: {}
[53.399748] (-) TimerEvent: {}
[53.521789] (control) Command: {'cmd': ['/usr/bin/python3', '-W', 'ignore:setup.py install is deprecated', '-W', 'ignore:easy_install command is deprecated', 'setup.py', 'egg_info', '--egg-base', '../../build/control', 'build', '--build-base', '/home/ngt/ZENS-Final-AUVC/ros_ws/build/control/build', 'install', '--record', '/home/ngt/ZENS-Final-AUVC/ros_ws/build/control/install.log', '--install-scripts', '$base/lib/control', '--single-version-externally-managed', 'install_data'], 'cwd': '/home/ngt/ZENS-Final-AUVC/ros_ws/src/control', 'env': {'PYTHON_BASIC_REPL': '1', 'VIRTUALENVWRAPPER_WORKON_CD': '1', 'USER': 'ngt', 'SSH_CLIENT': '192.168.3.1 64577 22', 'WORKON_HOME': '/home/ngt/.virtualenvs', 'GZ_SIM_RESOURCE_PATH': '/opt/ros/jazzy/share', 'GZ_CONFIG_PATH': '/opt/ros/jazzy/opt/gz_sim_vendor/share/gz:/opt/ros/jazzy/opt/sdformat_vendor/share/gz:/opt/ros/jazzy/opt/gz_gui_vendor/share/gz:/opt/ros/jazzy/opt/gz_transport_vendor/share/gz:/opt/ros/jazzy/opt/gz_rendering_vendor/share/gz:/opt/ros/jazzy/opt/gz_plugin_vendor/share/gz:/opt/ros/jazzy/opt/gz_fuel_tools_vendor/share/gz:/opt/ros/jazzy/opt/gz_msgs_vendor/share/gz:/opt/ros/jazzy/opt/gz_common_vendor/share/gz', 'XDG_SESSION_TYPE': 'tty', 'GIT_ASKPASS': '/home/ngt/.vscode-server/cli/servers/Stable-e4c7e7b1d6d060162f4aa7f8225271b67ce1df75/server/extensions/git/dist/askpass.sh', 'SHLVL': '1', 'BROWSER': '/home/ngt/.vscode-server/cli/servers/Stable-e4c7e7b1d6d060162f4aa7f8225271b67ce1df75/server/bin/helpers/browser.sh', 'LD_LIBRARY_PATH': '/home/ngt/ZENS-Final-AUVC/ros_ws/install/msgs/lib:/home/ngt/auvc_ws/install/example_custom_srv/lib:/home/ngt/pid_ws/install/target_depth_msgs/lib:/opt/ros/jazzy/opt/gz_sim_vendor/lib:/opt/ros/jazzy/opt/gz_sensors_vendor/lib:/opt/ros/jazzy/opt/gz_physics_vendor/lib:/opt/ros/jazzy/opt/sdformat_vendor/lib:/opt/ros/jazzy/opt/rviz_ogre_vendor/lib:/opt/ros/jazzy/lib/aarch64-linux-gnu:/opt/ros/jazzy/opt/gz_gui_vendor/lib:/opt/ros/jazzy/opt/gz_transport_vendor/lib:/opt/ros/jazzy/opt/gz_rendering_vendor/lib:/opt/ros/jazzy/opt/gz_plugin_vendor/lib:/opt/ros/jazzy/opt/gz_fuel_tools_vendor/lib:/opt/ros/jazzy/opt/gz_msgs_vendor/lib:/opt/ros/jazzy/opt/gz_common_vendor/lib:/opt/ros/jazzy/opt/gz_math_vendor/lib:/opt/ros/jazzy/opt/gz_utils_vendor/lib:/opt/ros/jazzy/opt/gz_tools_vendor/lib:/opt/ros/jazzy/opt/gz_ogre_next_vendor/lib:/opt/ros/jazzy/opt/gz_dartsim_vendor/lib:/opt/ros/jazzy/opt/gz_cmake_vendor/lib:/opt/ros/jazzy/lib', 'GZ_TRANSPORT_ID': '192.168.3.1', 'HOME': '/home/ngt', 'OLDPWD': '/home/ngt/ZENS-Final-AUVC', 'LESS': '-R', 'VIRTUALENVWRAPPER_PYTHON': '/usr/bin/python3', 'TERM_PROGRAM_VERSION': '1.131.0', 'VSCODE_IPC_HOOK_CLI': '/run/user/1004/vscode-ipc-103574d8-1004-48c0-8a1d-e8ee6d0e52f3.sock', 'ZSH': '/home/ngt/.oh-my-zsh', 'LSCOLORS': 'Gxfxcxdxbxegedabagacad', 'GZ_TRANSPORT_PUB_PORT': '11345', 'VSCODE_GIT_ASKPASS_MAIN': '/home/ngt/.vscode-server/cli/servers/Stable-e4c7e7b1d6d060162f4aa7f8225271b67ce1df75/server/extensions/git/dist/askpass-main.js', 'PAGER': 'less', 'ROS_PYTHON_VERSION': '3', 'PS1': '(ardusub) %(?:%{\x1b[01;32m%}%1{➜%} :%{\x1b[01;31m%}%1{➜%} ) %{\x1b[36m%}%c%{\x1b[00m%} $(git_prompt_info)', 'VSCODE_GIT_ASKPASS_NODE': '/home/ngt/.vscode-server/cli/servers/Stable-e4c7e7b1d6d060162f4aa7f8225271b67ce1df75/server/node', 'DBUS_SESSION_BUS_ADDRESS': 'unix:path=/run/user/1004/bus', 'PYDEVD_DISABLE_FILE_VALIDATION': '1', 'BUNDLED_DEBUGPY_PATH': '/home/ngt/.vscode-server/extensions/ms-python.debugpy-2026.6.0-linux-arm64/bundled/libs/debugpy', 'GZ_TRANSPORT_SUB_PORT': '11346', 'VSCODE_PYTHON_AUTOACTIVATE_GUARD': '1', 'COLORTERM': 'truecolor', 'ROS_DISTRO': 'jazzy', 'COLCON_PREFIX_PATH': '/home/ngt/ZENS-Final-AUVC/ros_ws/install:/home/ngt/auvc_ws/install:/home/ngt/cv_ws/install:/home/ngt/pid_ws/install:/home/ngt/auv_dancing/install', 'LOGNAME': 'ngt', '_': '/usr/bin/colcon', 'XDG_SESSION_CLASS': 'user', 'USER_ZDOTDIR': '/home/ngt', 'ROS_VERSION': '2', 'XDG_SESSION_ID': '1', 'TERM': 'xterm-256color', 'PATH': '/home/ngt/.virtualenvs/ardusub/bin:/home/ngt/.opencode/bin:/opt/ros/jazzy/opt/gz_msgs_vendor/bin:/opt/ros/jazzy/opt/gz_tools_vendor/bin:/opt/ros/jazzy/opt/gz_ogre_next_vendor/bin:/opt/ros/jazzy/bin:/usr/lib/ccache:/home/ngt/.vscode-server/data/User/globalStorage/github.copilot-chat/debugCommand:/home/ngt/.vscode-server/data/User/globalStorage/github.copilot-chat/copilotCli:/home/ngt/.vscode-server/cli/servers/Stable-e4c7e7b1d6d060162f4aa7f8225271b67ce1df75/server/bin/remote-cli:/usr/local/sbin:/usr/local/bin:/usr/sbin:/usr/bin:/sbin:/bin:/usr/games:/usr/local/games:/snap/bin:/home/ngt/.vscode-server/extensions/ms-python.debugpy-2026.6.0-linux-arm64/bundled/scripts/noConfigScripts:/home/ngt/.local/bin:/home/ngt/ardupilot/Tools/autotest', 'XDG_RUNTIME_DIR': '/run/user/1004', 'GZ_PARTITION': 'my_sim', 'LANG': 'en_US.UTF-8', 'VSCODE_DEBUGPY_ADAPTER_ENDPOINTS': '/home/ngt/.vscode-server/extensions/ms-python.debugpy-2026.6.0-linux-arm64/.noConfigDebugAdapterEndpoints/endpoint-c18b4b5d63521f01.txt', 'PYTHONSTARTUP': '/home/ngt/.vscode-server/data/User/workspaceStorage/ebe247280dad30c76e3d7235d970e14f/ms-python.python/pythonrc.py', 'VSCODE_INJECTION': '1', 'VIRTUAL_ENV_PROMPT': 'ardusub', 'TERM_PROGRAM': 'vscode', 'VSCODE_GIT_IPC_HANDLE': '/run/user/1004/vscode-git-75828e3940.sock', 'LS_COLORS': 'rs=0:di=01;34:ln=01;36:mh=00:pi=40;33:so=01;35:do=01;35:bd=40;33;01:cd=40;33;01:or=40;31;01:mi=00:su=37;41:sg=30;43:ca=00:tw=30;42:ow=34;42:st=37;44:ex=01;32:*.tar=01;31:*.tgz=01;31:*.arc=01;31:*.arj=01;31:*.taz=01;31:*.lha=01;31:*.lz4=01;31:*.lzh=01;31:*.lzma=01;31:*.tlz=01;31:*.txz=01;31:*.tzo=01;31:*.t7z=01;31:*.zip=01;31:*.z=01;31:*.dz=01;31:*.gz=01;31:*.lrz=01;31:*.lz=01;31:*.lzo=01;31:*.xz=01;31:*.zst=01;31:*.tzst=01;31:*.bz2=01;31:*.bz=01;31:*.tbz=01;31:*.tbz2=01;31:*.tz=01;31:*.deb=01;31:*.rpm=01;31:*.jar=01;31:*.war=01;31:*.ear=01;31:*.sar=01;31:*.rar=01;31:*.alz=01;31:*.ace=01;31:*.zoo=01;31:*.cpio=01;31:*.7z=01;31:*.rz=01;31:*.cab=01;31:*.wim=01;31:*.swm=01;31:*.dwm=01;31:*.esd=01;31:*.avif=01;35:*.jpg=01;35:*.jpeg=01;35:*.mjpg=01;35:*.mjpeg=01;35:*.gif=01;35:*.bmp=01;35:*.pbm=01;35:*.pgm=01;35:*.ppm=01;35:*.tga=01;35:*.xbm=01;35:*.xpm=01;35:*.tif=01;35:*.tiff=01;35:*.png=01;35:*.svg=01;35:*.svgz=01;35:*.mng=01;35:*.pcx=01;35:*.mov=01;35:*.mpg=01;35:*.mpeg=01;35:*.m2v=01;35:*.mkv=01;35:*.webm=01;35:*.webp=01;35:*.ogm=01;35:*.mp4=01;35:*.m4v=01;35:*.mp4v=01;35:*.vob=01;35:*.qt=01;35:*.nuv=01;35:*.wmv=01;35:*.asf=01;35:*.rm=01;35:*.rmvb=01;35:*.flc=01;35:*.avi=01;35:*.fli=01;35:*.flv=01;35:*.gl=01;35:*.dl=01;35:*.xcf=01;35:*.xwd=01;35:*.yuv=01;35:*.cgm=01;35:*.emf=01;35:*.ogv=01;35:*.ogx=01;35:*.aac=00;36:*.au=00;36:*.flac=00;36:*.m4a=00;36:*.mid=00;36:*.midi=00;36:*.mka=00;36:*.mp3=00;36:*.mpc=00;36:*.ogg=00;36:*.ra=00;36:*.wav=00;36:*.oga=00;36:*.opus=00;36:*.spx=00;36:*.xspf=00;36:*~=00;90:*#=00;90:*.bak=00;90:*.crdownload=00;90:*.dpkg-dist=00;90:*.dpkg-new=00;90:*.dpkg-old=00;90:*.dpkg-tmp=00;90:*.old=00;90:*.orig=00;90:*.part=00;90:*.rej=00;90:*.rpmnew=00;90:*.rpmorig=00;90:*.rpmsave=00;90:*.swp=00;90:*.tmp=00;90:*.ucf-dist=00;90:*.ucf-new=00;90:*.ucf-old=00;90:', 'AMENT_PREFIX_PATH': '/home/ngt/ZENS-Final-AUVC/ros_ws/install/msgs:/home/ngt/ZENS-Final-AUVC/ros_ws/install/hardware:/home/ngt/ZENS-Final-AUVC/ros_ws/install/flashing:/home/ngt/ZENS-Final-AUVC/ros_ws/install/cv:/home/ngt/ZENS-Final-AUVC/ros_ws/install/control:/home/ngt/ZENS-Final-AUVC/ros_ws/install/bringup:/home/ngt/auvc_ws/install/tutorial_virtualenvs:/home/ngt/auvc_ws/install/tutorial_pid:/home/ngt/auvc_ws/install/tutorial_ardusub:/home/ngt/auvc_ws/install/tutorial:/home/ngt/auvc_ws/install/rosmav:/home/ngt/auvc_ws/install/example_custom_srv:/home/ngt/cv_ws/install/cv:/home/ngt/pid_ws/install/target_depth_msgs:/home/ngt/pid_ws/install/pid:/home/ngt/auv_dancing/install/tutorial:/opt/ros/jazzy', 'SHELL': '/usr/bin/zsh', 'VIRTUALENVWRAPPER_PROJECT_FILENAME': '.project', 'VIRTUALENVWRAPPER_HOOK_DIR': '/home/ngt/.virtualenvs', 'VSCODE_GIT_ASKPASS_EXTRA_ARGS': '', 'VIRTUALENVWRAPPER_SCRIPT': '/usr/share/virtualenvwrapper/virtualenvwrapper.sh', 'ROS_AUTOMATIC_DISCOVERY_RANGE': 'SUBNET', 'VIRTUAL_ENV': '/home/ngt/.virtualenvs/ardusub', 'LC_ALL': 'en_US.UTF-8', 'PWD': '/home/ngt/ZENS-Final-AUVC/ros_ws/build/control', 'SSH_CONNECTION': '192.168.3.1 64577 192.168.3.2 22', 'COPILOT_DEBUG_NONCE': 'ecfdf1043499788fb94714472659d404', 'ZDOTDIR': '/home/ngt', 'PYTHONPATH': '/home/ngt/ZENS-Final-AUVC/ros_ws/build/control/prefix_override:/usr/lib/python3/dist-packages/colcon_core/task/python/colcon_distutils_commands:/home/ngt/ZENS-Final-AUVC/ros_ws/install/control/lib/python3.12/site-packages:/home/ngt/ZENS-Final-AUVC/ros_ws/install/msgs/lib/python3.12/site-packages:/home/ngt/ZENS-Final-AUVC/ros_ws/install/hardware/lib/python3.12/site-packages:/home/ngt/ZENS-Final-AUVC/ros_ws/install/flashing/lib/python3.12/site-packages:/home/ngt/ZENS-Final-AUVC/ros_ws/install/cv/lib/python3.12/site-packages:/home/ngt/ZENS-Final-AUVC/ros_ws/install/control/lib/python3.12/site-packages:/home/ngt/ZENS-Final-AUVC/ros_ws/install/bringup/lib/python3.12/site-packages:/home/ngt/auvc_ws/install/tutorial_virtualenvs/lib/python3.12/site-packages:/home/ngt/auvc_ws/install/tutorial_pid/lib/python3.12/site-packages:/home/ngt/auvc_ws/install/tutorial_ardusub/lib/python3.12/site-packages:/home/ngt/auvc_ws/install/tutorial/lib/python3.12/site-packages:/home/ngt/auvc_ws/install/rosmav/lib/python3.12/site-packages:/home/ngt/auvc_ws/install/example_custom_srv/lib/python3.12/site-packages:/home/ngt/cv_ws/install/cv/lib/python3.12/site-packages:/home/ngt/pid_ws/install/target_depth_msgs/lib/python3.12/site-packages:/home/ngt/pid_ws/install/pid/lib/python3.12/site-packages:/home/ngt/auv_dancing/install/tutorial/lib/python3.12/site-packages:/opt/ros/jazzy/lib/python3.12/site-packages', 'COLCON': '1', 'CMAKE_PREFIX_PATH': '/home/ngt/ZENS-Final-AUVC/ros_ws/install/msgs:/home/ngt/auvc_ws/install/example_custom_srv:/home/ngt/pid_ws/install/target_depth_msgs:/opt/ros/jazzy/opt/gz_sim_vendor:/opt/ros/jazzy/opt/gz_sensors_vendor:/opt/ros/jazzy/opt/gz_physics_vendor:/opt/ros/jazzy/opt/sdformat_vendor:/opt/ros/jazzy/opt/gz_gui_vendor:/opt/ros/jazzy/opt/gz_transport_vendor:/opt/ros/jazzy/opt/gz_rendering_vendor:/opt/ros/jazzy/opt/gz_plugin_vendor:/opt/ros/jazzy/opt/gz_fuel_tools_vendor:/opt/ros/jazzy/opt/gz_msgs_vendor:/opt/ros/jazzy/opt/gz_common_vendor:/opt/ros/jazzy/opt/gz_math_vendor:/opt/ros/jazzy/opt/gz_utils_vendor:/opt/ros/jazzy/opt/gz_tools_vendor:/opt/ros/jazzy/opt/gz_ogre_next_vendor:/opt/ros/jazzy/opt/gz_dartsim_vendor:/opt/ros/jazzy/opt/gz_cmake_vendor'}, 'shell': False}
[53.538080] (-) TimerEvent: {}
[53.643695] (-) TimerEvent: {}
[53.752812] (-) TimerEvent: {}
[53.861812] (-) TimerEvent: {}
[53.966474] (-) TimerEvent: {}
[54.085082] (-) TimerEvent: {}
[54.200783] (-) TimerEvent: {}
[54.301950] (-) TimerEvent: {}
[54.405791] (-) TimerEvent: {}
[54.513802] (-) TimerEvent: {}
[54.570284] (cv) Command: {'cmd': ['/usr/bin/python3', '-W', 'ignore:setup.py install is deprecated', '-W', 'ignore:easy_install command is deprecated', 'setup.py', 'egg_info', '--egg-base', '../../build/cv', 'build', '--build-base', '/home/ngt/ZENS-Final-AUVC/ros_ws/build/cv/build', 'install', '--record', '/home/ngt/ZENS-Final-AUVC/ros_ws/build/cv/install.log', '--install-scripts', '$base/lib/cv', '--single-version-externally-managed', 'install_data'], 'cwd': '/home/ngt/ZENS-Final-AUVC/ros_ws/src/cv', 'env': {'PYTHON_BASIC_REPL': '1', 'VIRTUALENVWRAPPER_WORKON_CD': '1', 'USER': 'ngt', 'SSH_CLIENT': '192.168.3.1 64577 22', 'WORKON_HOME': '/home/ngt/.virtualenvs', 'GZ_SIM_RESOURCE_PATH': '/opt/ros/jazzy/share', 'GZ_CONFIG_PATH': '/opt/ros/jazzy/opt/gz_sim_vendor/share/gz:/opt/ros/jazzy/opt/sdformat_vendor/share/gz:/opt/ros/jazzy/opt/gz_gui_vendor/share/gz:/opt/ros/jazzy/opt/gz_transport_vendor/share/gz:/opt/ros/jazzy/opt/gz_rendering_vendor/share/gz:/opt/ros/jazzy/opt/gz_plugin_vendor/share/gz:/opt/ros/jazzy/opt/gz_fuel_tools_vendor/share/gz:/opt/ros/jazzy/opt/gz_msgs_vendor/share/gz:/opt/ros/jazzy/opt/gz_common_vendor/share/gz', 'XDG_SESSION_TYPE': 'tty', 'GIT_ASKPASS': '/home/ngt/.vscode-server/cli/servers/Stable-e4c7e7b1d6d060162f4aa7f8225271b67ce1df75/server/extensions/git/dist/askpass.sh', 'SHLVL': '1', 'BROWSER': '/home/ngt/.vscode-server/cli/servers/Stable-e4c7e7b1d6d060162f4aa7f8225271b67ce1df75/server/bin/helpers/browser.sh', 'LD_LIBRARY_PATH': '/home/ngt/ZENS-Final-AUVC/ros_ws/install/msgs/lib:/home/ngt/auvc_ws/install/example_custom_srv/lib:/home/ngt/pid_ws/install/target_depth_msgs/lib:/opt/ros/jazzy/opt/gz_sim_vendor/lib:/opt/ros/jazzy/opt/gz_sensors_vendor/lib:/opt/ros/jazzy/opt/gz_physics_vendor/lib:/opt/ros/jazzy/opt/sdformat_vendor/lib:/opt/ros/jazzy/opt/rviz_ogre_vendor/lib:/opt/ros/jazzy/lib/aarch64-linux-gnu:/opt/ros/jazzy/opt/gz_gui_vendor/lib:/opt/ros/jazzy/opt/gz_transport_vendor/lib:/opt/ros/jazzy/opt/gz_rendering_vendor/lib:/opt/ros/jazzy/opt/gz_plugin_vendor/lib:/opt/ros/jazzy/opt/gz_fuel_tools_vendor/lib:/opt/ros/jazzy/opt/gz_msgs_vendor/lib:/opt/ros/jazzy/opt/gz_common_vendor/lib:/opt/ros/jazzy/opt/gz_math_vendor/lib:/opt/ros/jazzy/opt/gz_utils_vendor/lib:/opt/ros/jazzy/opt/gz_tools_vendor/lib:/opt/ros/jazzy/opt/gz_ogre_next_vendor/lib:/opt/ros/jazzy/opt/gz_dartsim_vendor/lib:/opt/ros/jazzy/opt/gz_cmake_vendor/lib:/opt/ros/jazzy/lib', 'GZ_TRANSPORT_ID': '192.168.3.1', 'HOME': '/home/ngt', 'OLDPWD': '/home/ngt/ZENS-Final-AUVC', 'LESS': '-R', 'VIRTUALENVWRAPPER_PYTHON': '/usr/bin/python3', 'TERM_PROGRAM_VERSION': '1.131.0', 'VSCODE_IPC_HOOK_CLI': '/run/user/1004/vscode-ipc-103574d8-1004-48c0-8a1d-e8ee6d0e52f3.sock', 'ZSH': '/home/ngt/.oh-my-zsh', 'LSCOLORS': 'Gxfxcxdxbxegedabagacad', 'GZ_TRANSPORT_PUB_PORT': '11345', 'VSCODE_GIT_ASKPASS_MAIN': '/home/ngt/.vscode-server/cli/servers/Stable-e4c7e7b1d6d060162f4aa7f8225271b67ce1df75/server/extensions/git/dist/askpass-main.js', 'PAGER': 'less', 'ROS_PYTHON_VERSION': '3', 'PS1': '(ardusub) %(?:%{\x1b[01;32m%}%1{➜%} :%{\x1b[01;31m%}%1{➜%} ) %{\x1b[36m%}%c%{\x1b[00m%} $(git_prompt_info)', 'VSCODE_GIT_ASKPASS_NODE': '/home/ngt/.vscode-server/cli/servers/Stable-e4c7e7b1d6d060162f4aa7f8225271b67ce1df75/server/node', 'DBUS_SESSION_BUS_ADDRESS': 'unix:path=/run/user/1004/bus', 'PYDEVD_DISABLE_FILE_VALIDATION': '1', 'BUNDLED_DEBUGPY_PATH': '/home/ngt/.vscode-server/extensions/ms-python.debugpy-2026.6.0-linux-arm64/bundled/libs/debugpy', 'GZ_TRANSPORT_SUB_PORT': '11346', 'VSCODE_PYTHON_AUTOACTIVATE_GUARD': '1', 'COLORTERM': 'truecolor', 'ROS_DISTRO': 'jazzy', 'COLCON_PREFIX_PATH': '/home/ngt/ZENS-Final-AUVC/ros_ws/install:/home/ngt/auvc_ws/install:/home/ngt/cv_ws/install:/home/ngt/pid_ws/install:/home/ngt/auv_dancing/install', 'LOGNAME': 'ngt', '_': '/usr/bin/colcon', 'XDG_SESSION_CLASS': 'user', 'USER_ZDOTDIR': '/home/ngt', 'ROS_VERSION': '2', 'XDG_SESSION_ID': '1', 'TERM': 'xterm-256color', 'PATH': '/home/ngt/.virtualenvs/ardusub/bin:/home/ngt/.opencode/bin:/opt/ros/jazzy/opt/gz_msgs_vendor/bin:/opt/ros/jazzy/opt/gz_tools_vendor/bin:/opt/ros/jazzy/opt/gz_ogre_next_vendor/bin:/opt/ros/jazzy/bin:/usr/lib/ccache:/home/ngt/.vscode-server/data/User/globalStorage/github.copilot-chat/debugCommand:/home/ngt/.vscode-server/data/User/globalStorage/github.copilot-chat/copilotCli:/home/ngt/.vscode-server/cli/servers/Stable-e4c7e7b1d6d060162f4aa7f8225271b67ce1df75/server/bin/remote-cli:/usr/local/sbin:/usr/local/bin:/usr/sbin:/usr/bin:/sbin:/bin:/usr/games:/usr/local/games:/snap/bin:/home/ngt/.vscode-server/extensions/ms-python.debugpy-2026.6.0-linux-arm64/bundled/scripts/noConfigScripts:/home/ngt/.local/bin:/home/ngt/ardupilot/Tools/autotest', 'XDG_RUNTIME_DIR': '/run/user/1004', 'GZ_PARTITION': 'my_sim', 'LANG': 'en_US.UTF-8', 'VSCODE_DEBUGPY_ADAPTER_ENDPOINTS': '/home/ngt/.vscode-server/extensions/ms-python.debugpy-2026.6.0-linux-arm64/.noConfigDebugAdapterEndpoints/endpoint-c18b4b5d63521f01.txt', 'PYTHONSTARTUP': '/home/ngt/.vscode-server/data/User/workspaceStorage/ebe247280dad30c76e3d7235d970e14f/ms-python.python/pythonrc.py', 'VSCODE_INJECTION': '1', 'VIRTUAL_ENV_PROMPT': 'ardusub', 'TERM_PROGRAM': 'vscode', 'VSCODE_GIT_IPC_HANDLE': '/run/user/1004/vscode-git-75828e3940.sock', 'LS_COLORS': 'rs=0:di=01;34:ln=01;36:mh=00:pi=40;33:so=01;35:do=01;35:bd=40;33;01:cd=40;33;01:or=40;31;01:mi=00:su=37;41:sg=30;43:ca=00:tw=30;42:ow=34;42:st=37;44:ex=01;32:*.tar=01;31:*.tgz=01;31:*.arc=01;31:*.arj=01;31:*.taz=01;31:*.lha=01;31:*.lz4=01;31:*.lzh=01;31:*.lzma=01;31:*.tlz=01;31:*.txz=01;31:*.tzo=01;31:*.t7z=01;31:*.zip=01;31:*.z=01;31:*.dz=01;31:*.gz=01;31:*.lrz=01;31:*.lz=01;31:*.lzo=01;31:*.xz=01;31:*.zst=01;31:*.tzst=01;31:*.bz2=01;31:*.bz=01;31:*.tbz=01;31:*.tbz2=01;31:*.tz=01;31:*.deb=01;31:*.rpm=01;31:*.jar=01;31:*.war=01;31:*.ear=01;31:*.sar=01;31:*.rar=01;31:*.alz=01;31:*.ace=01;31:*.zoo=01;31:*.cpio=01;31:*.7z=01;31:*.rz=01;31:*.cab=01;31:*.wim=01;31:*.swm=01;31:*.dwm=01;31:*.esd=01;31:*.avif=01;35:*.jpg=01;35:*.jpeg=01;35:*.mjpg=01;35:*.mjpeg=01;35:*.gif=01;35:*.bmp=01;35:*.pbm=01;35:*.pgm=01;35:*.ppm=01;35:*.tga=01;35:*.xbm=01;35:*.xpm=01;35:*.tif=01;35:*.tiff=01;35:*.png=01;35:*.svg=01;35:*.svgz=01;35:*.mng=01;35:*.pcx=01;35:*.mov=01;35:*.mpg=01;35:*.mpeg=01;35:*.m2v=01;35:*.mkv=01;35:*.webm=01;35:*.webp=01;35:*.ogm=01;35:*.mp4=01;35:*.m4v=01;35:*.mp4v=01;35:*.vob=01;35:*.qt=01;35:*.nuv=01;35:*.wmv=01;35:*.asf=01;35:*.rm=01;35:*.rmvb=01;35:*.flc=01;35:*.avi=01;35:*.fli=01;35:*.flv=01;35:*.gl=01;35:*.dl=01;35:*.xcf=01;35:*.xwd=01;35:*.yuv=01;35:*.cgm=01;35:*.emf=01;35:*.ogv=01;35:*.ogx=01;35:*.aac=00;36:*.au=00;36:*.flac=00;36:*.m4a=00;36:*.mid=00;36:*.midi=00;36:*.mka=00;36:*.mp3=00;36:*.mpc=00;36:*.ogg=00;36:*.ra=00;36:*.wav=00;36:*.oga=00;36:*.opus=00;36:*.spx=00;36:*.xspf=00;36:*~=00;90:*#=00;90:*.bak=00;90:*.crdownload=00;90:*.dpkg-dist=00;90:*.dpkg-new=00;90:*.dpkg-old=00;90:*.dpkg-tmp=00;90:*.old=00;90:*.orig=00;90:*.part=00;90:*.rej=00;90:*.rpmnew=00;90:*.rpmorig=00;90:*.rpmsave=00;90:*.swp=00;90:*.tmp=00;90:*.ucf-dist=00;90:*.ucf-new=00;90:*.ucf-old=00;90:', 'AMENT_PREFIX_PATH': '/home/ngt/ZENS-Final-AUVC/ros_ws/install/msgs:/home/ngt/ZENS-Final-AUVC/ros_ws/install/hardware:/home/ngt/ZENS-Final-AUVC/ros_ws/install/flashing:/home/ngt/ZENS-Final-AUVC/ros_ws/install/cv:/home/ngt/ZENS-Final-AUVC/ros_ws/install/control:/home/ngt/ZENS-Final-AUVC/ros_ws/install/bringup:/home/ngt/auvc_ws/install/tutorial_virtualenvs:/home/ngt/auvc_ws/install/tutorial_pid:/home/ngt/auvc_ws/install/tutorial_ardusub:/home/ngt/auvc_ws/install/tutorial:/home/ngt/auvc_ws/install/rosmav:/home/ngt/auvc_ws/install/example_custom_srv:/home/ngt/cv_ws/install/cv:/home/ngt/pid_ws/install/target_depth_msgs:/home/ngt/pid_ws/install/pid:/home/ngt/auv_dancing/install/tutorial:/opt/ros/jazzy', 'SHELL': '/usr/bin/zsh', 'VIRTUALENVWRAPPER_PROJECT_FILENAME': '.project', 'VIRTUALENVWRAPPER_HOOK_DIR': '/home/ngt/.virtualenvs', 'VSCODE_GIT_ASKPASS_EXTRA_ARGS': '', 'VIRTUALENVWRAPPER_SCRIPT': '/usr/share/virtualenvwrapper/virtualenvwrapper.sh', 'ROS_AUTOMATIC_DISCOVERY_RANGE': 'SUBNET', 'VIRTUAL_ENV': '/home/ngt/.virtualenvs/ardusub', 'LC_ALL': 'en_US.UTF-8', 'PWD': '/home/ngt/ZENS-Final-AUVC/ros_ws/build/cv', 'SSH_CONNECTION': '192.168.3.1 64577 192.168.3.2 22', 'COPILOT_DEBUG_NONCE': 'ecfdf1043499788fb94714472659d404', 'ZDOTDIR': '/home/ngt', 'PYTHONPATH': '/home/ngt/ZENS-Final-AUVC/ros_ws/build/cv/prefix_override:/usr/lib/python3/dist-packages/colcon_core/task/python/colcon_distutils_commands:/home/ngt/ZENS-Final-AUVC/ros_ws/install/cv/lib/python3.12/site-packages:/home/ngt/ZENS-Final-AUVC/ros_ws/install/msgs/lib/python3.12/site-packages:/home/ngt/ZENS-Final-AUVC/ros_ws/install/hardware/lib/python3.12/site-packages:/home/ngt/ZENS-Final-AUVC/ros_ws/install/flashing/lib/python3.12/site-packages:/home/ngt/ZENS-Final-AUVC/ros_ws/install/cv/lib/python3.12/site-packages:/home/ngt/ZENS-Final-AUVC/ros_ws/install/control/lib/python3.12/site-packages:/home/ngt/ZENS-Final-AUVC/ros_ws/install/bringup/lib/python3.12/site-packages:/home/ngt/auvc_ws/install/tutorial_virtualenvs/lib/python3.12/site-packages:/home/ngt/auvc_ws/install/tutorial_pid/lib/python3.12/site-packages:/home/ngt/auvc_ws/install/tutorial_ardusub/lib/python3.12/site-packages:/home/ngt/auvc_ws/install/tutorial/lib/python3.12/site-packages:/home/ngt/auvc_ws/install/rosmav/lib/python3.12/site-packages:/home/ngt/auvc_ws/install/example_custom_srv/lib/python3.12/site-packages:/home/ngt/cv_ws/install/cv/lib/python3.12/site-packages:/home/ngt/pid_ws/install/target_depth_msgs/lib/python3.12/site-packages:/home/ngt/pid_ws/install/pid/lib/python3.12/site-packages:/home/ngt/auv_dancing/install/tutorial/lib/python3.12/site-packages:/opt/ros/jazzy/lib/python3.12/site-packages', 'COLCON': '1', 'CMAKE_PREFIX_PATH': '/home/ngt/ZENS-Final-AUVC/ros_ws/install/msgs:/home/ngt/auvc_ws/install/example_custom_srv:/home/ngt/pid_ws/install/target_depth_msgs:/opt/ros/jazzy/opt/gz_sim_vendor:/opt/ros/jazzy/opt/gz_sensors_vendor:/opt/ros/jazzy/opt/gz_physics_vendor:/opt/ros/jazzy/opt/sdformat_vendor:/opt/ros/jazzy/opt/gz_gui_vendor:/opt/ros/jazzy/opt/gz_transport_vendor:/opt/ros/jazzy/opt/gz_rendering_vendor:/opt/ros/jazzy/opt/gz_plugin_vendor:/opt/ros/jazzy/opt/gz_fuel_tools_vendor:/opt/ros/jazzy/opt/gz_msgs_vendor:/opt/ros/jazzy/opt/gz_common_vendor:/opt/ros/jazzy/opt/gz_math_vendor:/opt/ros/jazzy/opt/gz_utils_vendor:/opt/ros/jazzy/opt/gz_tools_vendor:/opt/ros/jazzy/opt/gz_ogre_next_vendor:/opt/ros/jazzy/opt/gz_dartsim_vendor:/opt/ros/jazzy/opt/gz_cmake_vendor'}, 'shell': False}
[54.625781] (-) TimerEvent: {}
[54.731801] (-) TimerEvent: {}
[54.844776] (-) TimerEvent: {}
[54.948790] (-) TimerEvent: {}
[55.055772] (-) TimerEvent: {}
[55.172770] (-) TimerEvent: {}
[55.284063] (-) TimerEvent: {}
[55.384761] (-) TimerEvent: {}
[55.494785] (-) TimerEvent: {}
[55.600799] (-) TimerEvent: {}
[55.702827] (-) TimerEvent: {}
[55.816792] (-) TimerEvent: {}
[55.917650] (-) TimerEvent: {}
[56.020840] (-) TimerEvent: {}
[56.133757] (-) TimerEvent: {}
[56.239814] (-) TimerEvent: {}
[56.347560] (-) TimerEvent: {}
[56.456803] (-) TimerEvent: {}
[56.559787] (-) TimerEvent: {}
[56.664653] (-) TimerEvent: {}
[56.785851] (-) TimerEvent: {}
[56.894098] (-) TimerEvent: {}
[57.001075] (-) TimerEvent: {}
[57.109780] (-) TimerEvent: {}
[57.215763] (-) TimerEvent: {}
[57.318803] (-) TimerEvent: {}
[57.424173] (-) TimerEvent: {}
[57.533801] (-) TimerEvent: {}
[57.640819] (-) TimerEvent: {}
[57.751846] (-) TimerEvent: {}
[57.864810] (-) TimerEvent: {}
[57.965684] (-) TimerEvent: {}
[58.083778] (-) TimerEvent: {}
[58.195853] (-) TimerEvent: {}
[58.301817] (-) TimerEvent: {}
[58.412439] (-) TimerEvent: {}
[58.531972] (-) TimerEvent: {}
[58.650505] (-) TimerEvent: {}
[58.763801] (-) TimerEvent: {}
[58.873799] (-) TimerEvent: {}
[58.982849] (-) TimerEvent: {}
[59.093864] (-) TimerEvent: {}
[59.210778] (-) TimerEvent: {}
[59.319838] (-) TimerEvent: {}
[59.431745] (-) TimerEvent: {}
[59.549788] (-) TimerEvent: {}
[59.661877] (-) TimerEvent: {}
[59.767841] (-) TimerEvent: {}
[59.882783] (-) TimerEvent: {}
[59.985812] (-) TimerEvent: {}
[60.093377] (-) TimerEvent: {}
[60.205083] (-) TimerEvent: {}
[60.305761] (-) TimerEvent: {}
[60.418978] (-) TimerEvent: {}
[60.528790] (-) TimerEvent: {}
[60.641812] (-) TimerEvent: {}
[60.747771] (-) TimerEvent: {}
[60.853250] (-) TimerEvent: {}
[60.964828] (-) TimerEvent: {}
[61.075313] (-) TimerEvent: {}
[61.185767] (-) TimerEvent: {}
[61.296467] (-) TimerEvent: {}
[61.401318] (-) TimerEvent: {}
[61.511106] (-) TimerEvent: {}
[61.623235] (-) TimerEvent: {}
[61.728807] (-) TimerEvent: {}
[61.832775] (-) TimerEvent: {}
[61.937256] (-) TimerEvent: {}
[62.042756] (-) TimerEvent: {}
[62.156376] (-) TimerEvent: {}
[62.263818] (-) TimerEvent: {}
[62.370081] (-) TimerEvent: {}
[62.476764] (-) TimerEvent: {}
[62.579786] (-) TimerEvent: {}
[62.689773] (-) TimerEvent: {}
[62.795773] (-) TimerEvent: {}
[62.896808] (-) TimerEvent: {}
[63.008697] (-) TimerEvent: {}
[63.109487] (-) TimerEvent: {}
[63.218780] (-) TimerEvent: {}
[63.321768] (-) TimerEvent: {}
[63.436788] (-) TimerEvent: {}
[63.461129] (control) StdoutLine: {'line': b'running egg_info\n'}
[63.539774] (-) TimerEvent: {}
[63.644022] (-) TimerEvent: {}
[63.751371] (-) TimerEvent: {}
[63.855057] (-) TimerEvent: {}
[63.960783] (-) TimerEvent: {}
[64.069763] (-) TimerEvent: {}
[64.178411] (-) TimerEvent: {}
[64.274998] (control) StdoutLine: {'line': b'writing ../../build/control/control.egg-info/PKG-INFO\n'}
[64.280310] (-) TimerEvent: {}
[64.287403] (control) StdoutLine: {'line': b'writing dependency_links to ../../build/control/control.egg-info/dependency_links.txt\n'}
[64.290394] (control) StdoutLine: {'line': b'writing entry points to ../../build/control/control.egg-info/entry_points.txt\n'}
[64.299789] (control) StdoutLine: {'line': b'writing requirements to ../../build/control/control.egg-info/requires.txt\n'}
[64.301714] (control) StdoutLine: {'line': b'writing top-level names to ../../build/control/control.egg-info/top_level.txt\n'}
[64.386781] (-) TimerEvent: {}
[64.495750] (-) TimerEvent: {}
[64.598769] (-) TimerEvent: {}
[64.706796] (-) TimerEvent: {}
[64.812761] (-) TimerEvent: {}
[64.916446] (-) TimerEvent: {}
[65.026785] (-) TimerEvent: {}
[65.104768] (flashing) StdoutLine: {'line': b'running egg_info\n'}
[65.132771] (-) TimerEvent: {}
[65.234331] (-) TimerEvent: {}
[65.342291] (-) TimerEvent: {}
[65.448496] (-) TimerEvent: {}
[65.552415] (-) TimerEvent: {}
[65.653245] (-) TimerEvent: {}
[65.756109] (-) TimerEvent: {}
[65.859770] (-) TimerEvent: {}
[65.968272] (-) TimerEvent: {}
[65.982772] (flashing) StdoutLine: {'line': b'writing ../../build/flashing/flashing.egg-info/PKG-INFO\n'}
[65.983632] (flashing) StdoutLine: {'line': b'writing dependency_links to ../../build/flashing/flashing.egg-info/dependency_links.txt\n'}
[65.984352] (flashing) StdoutLine: {'line': b'writing entry points to ../../build/flashing/flashing.egg-info/entry_points.txt\n'}
[66.009765] (flashing) StdoutLine: {'line': b'writing requirements to ../../build/flashing/flashing.egg-info/requires.txt\n'}
[66.010542] (flashing) StdoutLine: {'line': b'writing top-level names to ../../build/flashing/flashing.egg-info/top_level.txt\n'}
[66.071826] (-) TimerEvent: {}
[66.179829] (-) TimerEvent: {}
[66.282780] (-) TimerEvent: {}
[66.383540] (-) TimerEvent: {}
[66.494812] (-) TimerEvent: {}
[66.599330] (-) TimerEvent: {}
[66.708745] (-) TimerEvent: {}
[66.825808] (-) TimerEvent: {}
[66.938807] (-) TimerEvent: {}
[67.042203] (-) TimerEvent: {}
[67.148776] (cv) StdoutLine: {'line': b'running egg_info\n'}
[67.149886] (-) TimerEvent: {}
[67.270810] (-) TimerEvent: {}
[67.376757] (-) TimerEvent: {}
[67.484877] (-) TimerEvent: {}
[67.593880] (-) TimerEvent: {}
[67.699905] (-) TimerEvent: {}
[67.805664] (-) TimerEvent: {}
[67.911740] (-) TimerEvent: {}
[68.020821] (-) TimerEvent: {}
[68.124770] (-) TimerEvent: {}
[68.229924] (-) TimerEvent: {}
[68.333473] (-) TimerEvent: {}
[68.442015] (-) TimerEvent: {}
[68.549899] (-) TimerEvent: {}
[68.661198] (-) TimerEvent: {}
[68.773528] (-) TimerEvent: {}
[68.878535] (-) TimerEvent: {}
[68.908805] (cv) StdoutLine: {'line': b'writing ../../build/cv/cv.egg-info/PKG-INFO\n'}
[68.927784] (cv) StdoutLine: {'line': b'writing dependency_links to ../../build/cv/cv.egg-info/dependency_links.txt\n'}
[68.983807] (-) TimerEvent: {}
[69.084672] (-) TimerEvent: {}
[69.190392] (-) TimerEvent: {}
[69.207929] (cv) StdoutLine: {'line': b'writing entry points to ../../build/cv/cv.egg-info/entry_points.txt\n'}
[69.231765] (cv) StdoutLine: {'line': b'writing requirements to ../../build/cv/cv.egg-info/requires.txt\n'}
[69.232532] (cv) StdoutLine: {'line': b'writing top-level names to ../../build/cv/cv.egg-info/top_level.txt\n'}
[69.292098] (bringup) StdoutLine: {'line': b'running egg_info\n'}
[69.293258] (-) TimerEvent: {}
[69.410790] (-) TimerEvent: {}
[69.519134] (-) TimerEvent: {}
[69.622985] (-) TimerEvent: {}
[69.728792] (-) TimerEvent: {}
[69.835252] (-) TimerEvent: {}
[69.947773] (-) TimerEvent: {}
[70.054819] (-) TimerEvent: {}
[70.158961] (-) TimerEvent: {}
[70.267715] (-) TimerEvent: {}
[70.375576] (-) TimerEvent: {}
[70.493788] (-) TimerEvent: {}
[70.599189] (-) TimerEvent: {}
[70.703027] (-) TimerEvent: {}
[70.807569] (-) TimerEvent: {}
[70.909832] (-) TimerEvent: {}
[71.032532] (-) TimerEvent: {}
[71.066765] (bringup) StdoutLine: {'line': b'writing ../../build/bringup/bringup.egg-info/PKG-INFO\n'}
[71.069764] (bringup) StdoutLine: {'line': b'writing dependency_links to ../../build/bringup/bringup.egg-info/dependency_links.txt\n'}
[71.141996] (-) TimerEvent: {}
[71.248753] (-) TimerEvent: {}
[71.309763] (bringup) StdoutLine: {'line': b'writing requirements to ../../build/bringup/bringup.egg-info/requires.txt\n'}
[71.310514] (bringup) StdoutLine: {'line': b'writing top-level names to ../../build/bringup/bringup.egg-info/top_level.txt\n'}
[71.360836] (-) TimerEvent: {}
[71.466501] (-) TimerEvent: {}
[71.571725] (-) TimerEvent: {}
[71.681559] (-) TimerEvent: {}
[71.784756] (-) TimerEvent: {}
[71.897824] (-) TimerEvent: {}
[71.998868] (-) TimerEvent: {}
[72.110376] (-) TimerEvent: {}
[72.212815] (-) TimerEvent: {}
[72.317158] (-) TimerEvent: {}
[72.423777] (-) TimerEvent: {}
[72.534159] (-) TimerEvent: {}
[72.644774] (-) TimerEvent: {}
[72.745737] (-) TimerEvent: {}
[72.858122] (-) TimerEvent: {}
[72.922788] (flashing) StdoutLine: {'line': b"reading manifest file '../../build/flashing/flashing.egg-info/SOURCES.txt'\n"}
[72.960758] (flashing) StdoutLine: {'line': b"writing manifest file '../../build/flashing/flashing.egg-info/SOURCES.txt'\n"}
[72.961550] (-) TimerEvent: {}
[72.969241] (flashing) StdoutLine: {'line': b'running build\n'}
[72.983403] (flashing) StdoutLine: {'line': b'running build_py\n'}
[72.984093] (flashing) StdoutLine: {'line': b'running install\n'}
[73.081766] (-) TimerEvent: {}
[73.187881] (-) TimerEvent: {}
[73.206520] (flashing) StdoutLine: {'line': b'running install_lib\n'}
[73.301759] (-) TimerEvent: {}
[73.409841] (-) TimerEvent: {}
[73.510702] (-) TimerEvent: {}
[73.620811] (-) TimerEvent: {}
[73.723800] (-) TimerEvent: {}
[73.793741] (control) StdoutLine: {'line': b"reading manifest file '../../build/control/control.egg-info/SOURCES.txt'\n"}
[73.803764] (control) StdoutLine: {'line': b"writing manifest file '../../build/control/control.egg-info/SOURCES.txt'\n"}
[73.818810] (control) StdoutLine: {'line': b'running build\n'}
[73.819524] (control) StdoutLine: {'line': b'running build_py\n'}
[73.831750] (control) StdoutLine: {'line': b'running install\n'}
[73.832555] (-) TimerEvent: {}
[73.949308] (-) TimerEvent: {}
[74.052771] (-) TimerEvent: {}
[74.077211] (control) StdoutLine: {'line': b'running install_lib\n'}
[74.155700] (-) TimerEvent: {}
[74.226768] (flashing) StdoutLine: {'line': b'running install_data\n'}
[74.227591] (flashing) StdoutLine: {'line': b'running install_egg_info\n'}
[74.263506] (-) TimerEvent: {}
[74.370783] (-) TimerEvent: {}
[74.477399] (-) TimerEvent: {}
[74.584794] (-) TimerEvent: {}
[74.693719] (-) TimerEvent: {}
[74.795871] (-) TimerEvent: {}
[74.900605] (-) TimerEvent: {}
[75.007491] (-) TimerEvent: {}
[75.115460] (-) TimerEvent: {}
[75.223505] (-) TimerEvent: {}
[75.334783] (-) TimerEvent: {}
[75.438770] (-) TimerEvent: {}
[75.517789] (control) StdoutLine: {'line': b'running install_data\n'}
[75.533769] (control) StdoutLine: {'line': b'running install_egg_info\n'}
[75.545781] (-) TimerEvent: {}
[75.642841] (flashing) StdoutLine: {'line': b"removing '/home/ngt/ZENS-Final-AUVC/ros_ws/install/flashing/lib/python3.12/site-packages/flashing-0.0.0-py3.12.egg-info' (and everything under it)\n"}
[75.650819] (-) TimerEvent: {}
[75.656790] (flashing) StdoutLine: {'line': b'Copying ../../build/flashing/flashing.egg-info to /home/ngt/ZENS-Final-AUVC/ros_ws/install/flashing/lib/python3.12/site-packages/flashing-0.0.0-py3.12.egg-info\n'}
[75.710776] (flashing) StdoutLine: {'line': b'running install_scripts\n'}
[75.751530] (-) TimerEvent: {}
[75.857216] (-) TimerEvent: {}
[75.958894] (-) TimerEvent: {}
[76.069765] (-) TimerEvent: {}
[76.171755] (-) TimerEvent: {}
[76.276188] (-) TimerEvent: {}
[76.385499] (-) TimerEvent: {}
[76.486343] (-) TimerEvent: {}
[76.598776] (-) TimerEvent: {}
[76.703780] (-) TimerEvent: {}
[76.807797] (-) TimerEvent: {}
[76.895757] (control) StdoutLine: {'line': b"removing '/home/ngt/ZENS-Final-AUVC/ros_ws/install/control/lib/python3.12/site-packages/control-0.0.0-py3.12.egg-info' (and everything under it)\n"}
[76.908750] (control) StdoutLine: {'line': b'Copying ../../build/control/control.egg-info to /home/ngt/ZENS-Final-AUVC/ros_ws/install/control/lib/python3.12/site-packages/control-0.0.0-py3.12.egg-info\n'}
[76.909424] (-) TimerEvent: {}
[76.961767] (control) StdoutLine: {'line': b'running install_scripts\n'}
[77.009684] (-) TimerEvent: {}
[77.117766] (-) TimerEvent: {}
[77.220237] (-) TimerEvent: {}
[77.326779] (-) TimerEvent: {}
[77.427576] (-) TimerEvent: {}
[77.530794] (-) TimerEvent: {}
[77.639768] (-) TimerEvent: {}
[77.744768] (-) TimerEvent: {}
[77.776116] (bringup) StdoutLine: {'line': b"reading manifest file '../../build/bringup/bringup.egg-info/SOURCES.txt'\n"}
[77.812225] (bringup) StdoutLine: {'line': b"writing manifest file '../../build/bringup/bringup.egg-info/SOURCES.txt'\n"}
[77.816279] (bringup) StdoutLine: {'line': b'running build\n'}
[77.816978] (bringup) StdoutLine: {'line': b'running build_py\n'}
[77.847447] (bringup) StdoutLine: {'line': b'running install\n'}
[77.848194] (-) TimerEvent: {}
[77.959780] (-) TimerEvent: {}
[78.011187] (bringup) StdoutLine: {'line': b'running install_lib\n'}
[78.065824] (-) TimerEvent: {}
[78.087783] (cv) StdoutLine: {'line': b"reading manifest file '../../build/cv/cv.egg-info/SOURCES.txt'\n"}
[78.136767] (cv) StdoutLine: {'line': b"writing manifest file '../../build/cv/cv.egg-info/SOURCES.txt'\n"}
[78.137541] (cv) StdoutLine: {'line': b'running build\n'}
[78.138215] (cv) StdoutLine: {'line': b'running build_py\n'}
[78.176484] (-) TimerEvent: {}
[78.184157] (cv) StdoutLine: {'line': b'running install\n'}
[78.284787] (-) TimerEvent: {}
[78.367130] (cv) StdoutLine: {'line': b'running install_lib\n'}
[78.389351] (-) TimerEvent: {}
[78.492054] (-) TimerEvent: {}
[78.599060] (-) TimerEvent: {}
[78.699855] (-) TimerEvent: {}
[78.806762] (-) TimerEvent: {}
[78.909758] (-) TimerEvent: {}
[78.985154] (flashing) StdoutLine: {'line': b'Installing flashing_node script to /home/ngt/ZENS-Final-AUVC/ros_ws/install/flashing/lib/flashing\n'}
[79.004788] (flashing) StdoutLine: {'line': b"writing list of installed files to '/home/ngt/ZENS-Final-AUVC/ros_ws/build/flashing/install.log'\n"}
[79.011802] (-) TimerEvent: {}
[79.120770] (-) TimerEvent: {}
[79.221725] (-) TimerEvent: {}
[79.325764] (-) TimerEvent: {}
[79.380003] (cv) StdoutLine: {'line': b'running install_data\n'}
[79.398985] (bringup) StdoutLine: {'line': b'running install_data\n'}
[79.400268] (cv) StdoutLine: {'line': b'running install_egg_info\n'}
[79.401067] (bringup) StdoutLine: {'line': b'running install_egg_info\n'}
[79.432315] (-) TimerEvent: {}
[79.542079] (-) TimerEvent: {}
[79.645952] (-) TimerEvent: {}
[79.707016] (control) StdoutLine: {'line': b'Installing depth_pid script to /home/ngt/ZENS-Final-AUVC/ros_ws/install/control/lib/control\n'}
[79.722121] (control) StdoutLine: {'line': b'Installing heading_pid script to /home/ngt/ZENS-Final-AUVC/ros_ws/install/control/lib/control\n'}
[79.722990] (control) StdoutLine: {'line': b'Installing self_arm script to /home/ngt/ZENS-Final-AUVC/ros_ws/install/control/lib/control\n'}
[79.738572] (control) StdoutLine: {'line': b'Installing self_disarm script to /home/ngt/ZENS-Final-AUVC/ros_ws/install/control/lib/control\n'}
[79.740466] (control) StdoutLine: {'line': b"writing list of installed files to '/home/ngt/ZENS-Final-AUVC/ros_ws/build/control/install.log'\n"}
[79.753837] (-) TimerEvent: {}
[79.856324] (-) TimerEvent: {}
[79.962822] (-) TimerEvent: {}
[80.063931] (-) TimerEvent: {}
[80.167840] (-) TimerEvent: {}
[80.270899] (-) TimerEvent: {}
[80.337808] (flashing) CommandEnded: {'returncode': 0}
[80.374457] (-) TimerEvent: {}
[80.479294] (-) TimerEvent: {}
[80.591015] (-) TimerEvent: {}
[80.713794] (-) TimerEvent: {}
[80.832891] (flashing) JobEnded: {'identifier': 'flashing', 'rc': 0}
[80.835008] (-) TimerEvent: {}
[80.854803] (hardware) JobStarted: {'identifier': 'hardware'}
[80.939810] (-) TimerEvent: {}
[81.021283] (cv) StdoutLine: {'line': b"removing '/home/ngt/ZENS-Final-AUVC/ros_ws/install/cv/lib/python3.12/site-packages/cv-0.0.0-py3.12.egg-info' (and everything under it)\n"}
[81.030795] (cv) StdoutLine: {'line': b'Copying ../../build/cv/cv.egg-info to /home/ngt/ZENS-Final-AUVC/ros_ws/install/cv/lib/python3.12/site-packages/cv-0.0.0-py3.12.egg-info\n'}
[81.054379] (-) TimerEvent: {}
[81.084017] (cv) StdoutLine: {'line': b'running install_scripts\n'}
[81.159745] (-) TimerEvent: {}
[81.165871] (control) CommandEnded: {'returncode': 0}
[81.259968] (-) TimerEvent: {}
[81.309827] (bringup) StdoutLine: {'line': b"removing '/home/ngt/ZENS-Final-AUVC/ros_ws/install/bringup/lib/python3.12/site-packages/bringup-0.0.0-py3.12.egg-info' (and everything under it)\n"}
[81.319677] (bringup) StdoutLine: {'line': b'Copying ../../build/bringup/bringup.egg-info to /home/ngt/ZENS-Final-AUVC/ros_ws/install/bringup/lib/python3.12/site-packages/bringup-0.0.0-py3.12.egg-info\n'}
[81.368775] (-) TimerEvent: {}
[81.406922] (control) JobEnded: {'identifier': 'control', 'rc': 0}
[81.409274] (msgs) JobStarted: {'identifier': 'msgs'}
[81.425790] (bringup) StdoutLine: {'line': b'running install_scripts\n'}
[81.480567] (-) TimerEvent: {}
[81.593961] (-) TimerEvent: {}
[81.705797] (-) TimerEvent: {}
[81.806795] (-) TimerEvent: {}
[81.914882] (-) TimerEvent: {}
[82.017556] (-) TimerEvent: {}
[82.126771] (-) TimerEvent: {}
[82.233855] (-) TimerEvent: {}
[82.339174] (-) TimerEvent: {}
[82.446357] (-) TimerEvent: {}
[82.548527] (-) TimerEvent: {}
[82.660812] (-) TimerEvent: {}
[82.761683] (-) TimerEvent: {}
[82.864777] (-) TimerEvent: {}
[82.971293] (-) TimerEvent: {}
[83.083788] (-) TimerEvent: {}
[83.187757] (-) TimerEvent: {}
[83.293769] (-) TimerEvent: {}
[83.403828] (-) TimerEvent: {}
[83.504790] (-) TimerEvent: {}
[83.617779] (-) TimerEvent: {}
[83.718706] (-) TimerEvent: {}
[83.828461] (-) TimerEvent: {}
[83.938843] (-) TimerEvent: {}
[84.046205] (-) TimerEvent: {}
[84.148234] (-) TimerEvent: {}
[84.257935] (-) TimerEvent: {}
[84.366793] (-) TimerEvent: {}
[84.394819] (cv) StdoutLine: {'line': b'Installing calibrate_camera script to /home/ngt/ZENS-Final-AUVC/ros_ws/install/cv/lib/cv\n'}
[84.403231] (cv) StdoutLine: {'line': b'Installing detect_from_image script to /home/ngt/ZENS-Final-AUVC/ros_ws/install/cv/lib/cv\n'}
[84.404044] (cv) StdoutLine: {'line': b'Installing detection_node script to /home/ngt/ZENS-Final-AUVC/ros_ws/install/cv/lib/cv\n'}
[84.423386] (cv) StdoutLine: {'line': b'Installing fake_camera_node script to /home/ngt/ZENS-Final-AUVC/ros_ws/install/cv/lib/cv\n'}
[84.440007] (cv) StdoutLine: {'line': b'Installing image_saver_node script to /home/ngt/ZENS-Final-AUVC/ros_ws/install/cv/lib/cv\n'}
[84.440735] (cv) StdoutLine: {'line': b'Installing tag_heading_node script to /home/ngt/ZENS-Final-AUVC/ros_ws/install/cv/lib/cv\n'}
[84.451785] (cv) StdoutLine: {'line': b'Installing web_streamer_node script to /home/ngt/ZENS-Final-AUVC/ros_ws/install/cv/lib/cv\n'}
[84.474823] (-) TimerEvent: {}
[84.476250] (cv) StdoutLine: {'line': b"writing list of installed files to '/home/ngt/ZENS-Final-AUVC/ros_ws/build/cv/install.log'\n"}
[84.583903] (-) TimerEvent: {}
[84.690785] (-) TimerEvent: {}
[84.796777] (-) TimerEvent: {}
[84.905785] (-) TimerEvent: {}
[85.010883] (-) TimerEvent: {}
[85.115496] (-) TimerEvent: {}
[85.216419] (-) TimerEvent: {}
[85.321077] (-) TimerEvent: {}
[85.370758] (bringup) StdoutLine: {'line': b"writing list of installed files to '/home/ngt/ZENS-Final-AUVC/ros_ws/build/bringup/install.log'\n"}
[85.423834] (-) TimerEvent: {}
[85.533788] (-) TimerEvent: {}
[85.636876] (-) TimerEvent: {}
[85.745794] (-) TimerEvent: {}
[85.848814] (-) TimerEvent: {}
[85.952766] (-) TimerEvent: {}
[86.059858] (-) TimerEvent: {}
[86.163831] (-) TimerEvent: {}
[86.266214] (-) TimerEvent: {}
[86.368819] (-) TimerEvent: {}
[86.474024] (-) TimerEvent: {}
[86.577863] (-) TimerEvent: {}
[86.681823] (-) TimerEvent: {}
[86.787101] (-) TimerEvent: {}
[86.891253] (-) TimerEvent: {}
[86.997761] (-) TimerEvent: {}
[87.100224] (-) TimerEvent: {}
[87.206767] (-) TimerEvent: {}
[87.309781] (-) TimerEvent: {}
[87.410589] (-) TimerEvent: {}
[87.517783] (-) TimerEvent: {}
[87.618709] (-) TimerEvent: {}
[87.721782] (-) TimerEvent: {}
[87.822701] (-) TimerEvent: {}
[87.929782] (-) TimerEvent: {}
[88.030870] (-) TimerEvent: {}
[88.135145] (-) TimerEvent: {}
[88.240807] (-) TimerEvent: {}
[88.341604] (-) TimerEvent: {}
[88.446053] (-) TimerEvent: {}
[88.548485] (-) TimerEvent: {}
[88.654770] (-) TimerEvent: {}
[88.760747] (-) TimerEvent: {}
[88.861701] (-) TimerEvent: {}
[88.965791] (-) TimerEvent: {}
[89.071773] (-) TimerEvent: {}
[89.172539] (-) TimerEvent: {}
[89.276824] (-) TimerEvent: {}
[89.379857] (-) TimerEvent: {}
[89.487794] (-) TimerEvent: {}
[89.593233] (-) TimerEvent: {}
[89.699927] (-) TimerEvent: {}
[89.800790] (-) TimerEvent: {}
[89.909896] (-) TimerEvent: {}
[90.015789] (-) TimerEvent: {}
[90.124766] (-) TimerEvent: {}
[90.228156] (-) TimerEvent: {}
[90.256911] (msgs) JobProgress: {'identifier': 'msgs', 'progress': 'cmake'}
[90.266252] (msgs) JobProgress: {'identifier': 'msgs', 'progress': 'build'}
[90.284811] (msgs) Command: {'cmd': ['/usr/bin/cmake', '--build', '/home/ngt/ZENS-Final-AUVC/ros_ws/build/msgs', '--', '-j4', '-l4'], 'cwd': '/home/ngt/ZENS-Final-AUVC/ros_ws/build/msgs', 'env': OrderedDict({'PYTHON_BASIC_REPL': '1', 'VIRTUALENVWRAPPER_WORKON_CD': '1', 'USER': 'ngt', 'SSH_CLIENT': '192.168.3.1 64577 22', 'WORKON_HOME': '/home/ngt/.virtualenvs', 'GZ_SIM_RESOURCE_PATH': '/opt/ros/jazzy/share', 'GZ_CONFIG_PATH': '/opt/ros/jazzy/opt/gz_sim_vendor/share/gz:/opt/ros/jazzy/opt/sdformat_vendor/share/gz:/opt/ros/jazzy/opt/gz_gui_vendor/share/gz:/opt/ros/jazzy/opt/gz_transport_vendor/share/gz:/opt/ros/jazzy/opt/gz_rendering_vendor/share/gz:/opt/ros/jazzy/opt/gz_plugin_vendor/share/gz:/opt/ros/jazzy/opt/gz_fuel_tools_vendor/share/gz:/opt/ros/jazzy/opt/gz_msgs_vendor/share/gz:/opt/ros/jazzy/opt/gz_common_vendor/share/gz', 'XDG_SESSION_TYPE': 'tty', 'GIT_ASKPASS': '/home/ngt/.vscode-server/cli/servers/Stable-e4c7e7b1d6d060162f4aa7f8225271b67ce1df75/server/extensions/git/dist/askpass.sh', 'SHLVL': '1', 'BROWSER': '/home/ngt/.vscode-server/cli/servers/Stable-e4c7e7b1d6d060162f4aa7f8225271b67ce1df75/server/bin/helpers/browser.sh', 'LD_LIBRARY_PATH': '/home/ngt/ZENS-Final-AUVC/ros_ws/install/msgs/lib:/home/ngt/auvc_ws/install/example_custom_srv/lib:/home/ngt/pid_ws/install/target_depth_msgs/lib:/opt/ros/jazzy/opt/gz_sim_vendor/lib:/opt/ros/jazzy/opt/gz_sensors_vendor/lib:/opt/ros/jazzy/opt/gz_physics_vendor/lib:/opt/ros/jazzy/opt/sdformat_vendor/lib:/opt/ros/jazzy/opt/rviz_ogre_vendor/lib:/opt/ros/jazzy/lib/aarch64-linux-gnu:/opt/ros/jazzy/opt/gz_gui_vendor/lib:/opt/ros/jazzy/opt/gz_transport_vendor/lib:/opt/ros/jazzy/opt/gz_rendering_vendor/lib:/opt/ros/jazzy/opt/gz_plugin_vendor/lib:/opt/ros/jazzy/opt/gz_fuel_tools_vendor/lib:/opt/ros/jazzy/opt/gz_msgs_vendor/lib:/opt/ros/jazzy/opt/gz_common_vendor/lib:/opt/ros/jazzy/opt/gz_math_vendor/lib:/opt/ros/jazzy/opt/gz_utils_vendor/lib:/opt/ros/jazzy/opt/gz_tools_vendor/lib:/opt/ros/jazzy/opt/gz_ogre_next_vendor/lib:/opt/ros/jazzy/opt/gz_dartsim_vendor/lib:/opt/ros/jazzy/opt/gz_cmake_vendor/lib:/opt/ros/jazzy/lib', 'GZ_TRANSPORT_ID': '192.168.3.1', 'HOME': '/home/ngt', 'OLDPWD': '/home/ngt/ZENS-Final-AUVC', 'LESS': '-R', 'VIRTUALENVWRAPPER_PYTHON': '/usr/bin/python3', 'TERM_PROGRAM_VERSION': '1.131.0', 'VSCODE_IPC_HOOK_CLI': '/run/user/1004/vscode-ipc-103574d8-1004-48c0-8a1d-e8ee6d0e52f3.sock', 'ZSH': '/home/ngt/.oh-my-zsh', 'LSCOLORS': 'Gxfxcxdxbxegedabagacad', 'GZ_TRANSPORT_PUB_PORT': '11345', 'VSCODE_GIT_ASKPASS_MAIN': '/home/ngt/.vscode-server/cli/servers/Stable-e4c7e7b1d6d060162f4aa7f8225271b67ce1df75/server/extensions/git/dist/askpass-main.js', 'PAGER': 'less', 'ROS_PYTHON_VERSION': '3', 'PS1': '(ardusub) %(?:%{\x1b[01;32m%}%1{➜%} :%{\x1b[01;31m%}%1{➜%} ) %{\x1b[36m%}%c%{\x1b[00m%} $(git_prompt_info)', 'VSCODE_GIT_ASKPASS_NODE': '/home/ngt/.vscode-server/cli/servers/Stable-e4c7e7b1d6d060162f4aa7f8225271b67ce1df75/server/node', 'DBUS_SESSION_BUS_ADDRESS': 'unix:path=/run/user/1004/bus', 'PYDEVD_DISABLE_FILE_VALIDATION': '1', 'BUNDLED_DEBUGPY_PATH': '/home/ngt/.vscode-server/extensions/ms-python.debugpy-2026.6.0-linux-arm64/bundled/libs/debugpy', 'GZ_TRANSPORT_SUB_PORT': '11346', 'VSCODE_PYTHON_AUTOACTIVATE_GUARD': '1', 'COLORTERM': 'truecolor', 'ROS_DISTRO': 'jazzy', 'COLCON_PREFIX_PATH': '/home/ngt/ZENS-Final-AUVC/ros_ws/install:/home/ngt/auvc_ws/install:/home/ngt/cv_ws/install:/home/ngt/pid_ws/install:/home/ngt/auv_dancing/install', 'LOGNAME': 'ngt', '_': '/usr/bin/colcon', 'XDG_SESSION_CLASS': 'user', 'USER_ZDOTDIR': '/home/ngt', 'ROS_VERSION': '2', 'XDG_SESSION_ID': '1', 'TERM': 'xterm-256color', 'PATH': '/home/ngt/.virtualenvs/ardusub/bin:/home/ngt/.opencode/bin:/opt/ros/jazzy/opt/gz_msgs_vendor/bin:/opt/ros/jazzy/opt/gz_tools_vendor/bin:/opt/ros/jazzy/opt/gz_ogre_next_vendor/bin:/opt/ros/jazzy/bin:/usr/lib/ccache:/home/ngt/.vscode-server/data/User/globalStorage/github.copilot-chat/debugCommand:/home/ngt/.vscode-server/data/User/globalStorage/github.copilot-chat/copilotCli:/home/ngt/.vscode-server/cli/servers/Stable-e4c7e7b1d6d060162f4aa7f8225271b67ce1df75/server/bin/remote-cli:/usr/local/sbin:/usr/local/bin:/usr/sbin:/usr/bin:/sbin:/bin:/usr/games:/usr/local/games:/snap/bin:/home/ngt/.vscode-server/extensions/ms-python.debugpy-2026.6.0-linux-arm64/bundled/scripts/noConfigScripts:/home/ngt/.local/bin:/home/ngt/ardupilot/Tools/autotest', 'XDG_RUNTIME_DIR': '/run/user/1004', 'GZ_PARTITION': 'my_sim', 'LANG': 'en_US.UTF-8', 'VSCODE_DEBUGPY_ADAPTER_ENDPOINTS': '/home/ngt/.vscode-server/extensions/ms-python.debugpy-2026.6.0-linux-arm64/.noConfigDebugAdapterEndpoints/endpoint-c18b4b5d63521f01.txt', 'PYTHONSTARTUP': '/home/ngt/.vscode-server/data/User/workspaceStorage/ebe247280dad30c76e3d7235d970e14f/ms-python.python/pythonrc.py', 'VSCODE_INJECTION': '1', 'VIRTUAL_ENV_PROMPT': 'ardusub', 'TERM_PROGRAM': 'vscode', 'VSCODE_GIT_IPC_HANDLE': '/run/user/1004/vscode-git-75828e3940.sock', 'LS_COLORS': 'rs=0:di=01;34:ln=01;36:mh=00:pi=40;33:so=01;35:do=01;35:bd=40;33;01:cd=40;33;01:or=40;31;01:mi=00:su=37;41:sg=30;43:ca=00:tw=30;42:ow=34;42:st=37;44:ex=01;32:*.tar=01;31:*.tgz=01;31:*.arc=01;31:*.arj=01;31:*.taz=01;31:*.lha=01;31:*.lz4=01;31:*.lzh=01;31:*.lzma=01;31:*.tlz=01;31:*.txz=01;31:*.tzo=01;31:*.t7z=01;31:*.zip=01;31:*.z=01;31:*.dz=01;31:*.gz=01;31:*.lrz=01;31:*.lz=01;31:*.lzo=01;31:*.xz=01;31:*.zst=01;31:*.tzst=01;31:*.bz2=01;31:*.bz=01;31:*.tbz=01;31:*.tbz2=01;31:*.tz=01;31:*.deb=01;31:*.rpm=01;31:*.jar=01;31:*.war=01;31:*.ear=01;31:*.sar=01;31:*.rar=01;31:*.alz=01;31:*.ace=01;31:*.zoo=01;31:*.cpio=01;31:*.7z=01;31:*.rz=01;31:*.cab=01;31:*.wim=01;31:*.swm=01;31:*.dwm=01;31:*.esd=01;31:*.avif=01;35:*.jpg=01;35:*.jpeg=01;35:*.mjpg=01;35:*.mjpeg=01;35:*.gif=01;35:*.bmp=01;35:*.pbm=01;35:*.pgm=01;35:*.ppm=01;35:*.tga=01;35:*.xbm=01;35:*.xpm=01;35:*.tif=01;35:*.tiff=01;35:*.png=01;35:*.svg=01;35:*.svgz=01;35:*.mng=01;35:*.pcx=01;35:*.mov=01;35:*.mpg=01;35:*.mpeg=01;35:*.m2v=01;35:*.mkv=01;35:*.webm=01;35:*.webp=01;35:*.ogm=01;35:*.mp4=01;35:*.m4v=01;35:*.mp4v=01;35:*.vob=01;35:*.qt=01;35:*.nuv=01;35:*.wmv=01;35:*.asf=01;35:*.rm=01;35:*.rmvb=01;35:*.flc=01;35:*.avi=01;35:*.fli=01;35:*.flv=01;35:*.gl=01;35:*.dl=01;35:*.xcf=01;35:*.xwd=01;35:*.yuv=01;35:*.cgm=01;35:*.emf=01;35:*.ogv=01;35:*.ogx=01;35:*.aac=00;36:*.au=00;36:*.flac=00;36:*.m4a=00;36:*.mid=00;36:*.midi=00;36:*.mka=00;36:*.mp3=00;36:*.mpc=00;36:*.ogg=00;36:*.ra=00;36:*.wav=00;36:*.oga=00;36:*.opus=00;36:*.spx=00;36:*.xspf=00;36:*~=00;90:*#=00;90:*.bak=00;90:*.crdownload=00;90:*.dpkg-dist=00;90:*.dpkg-new=00;90:*.dpkg-old=00;90:*.dpkg-tmp=00;90:*.old=00;90:*.orig=00;90:*.part=00;90:*.rej=00;90:*.rpmnew=00;90:*.rpmorig=00;90:*.rpmsave=00;90:*.swp=00;90:*.tmp=00;90:*.ucf-dist=00;90:*.ucf-new=00;90:*.ucf-old=00;90:', 'AMENT_PREFIX_PATH': '/home/ngt/ZENS-Final-AUVC/ros_ws/install/msgs:/home/ngt/ZENS-Final-AUVC/ros_ws/install/hardware:/home/ngt/ZENS-Final-AUVC/ros_ws/install/flashing:/home/ngt/ZENS-Final-AUVC/ros_ws/install/cv:/home/ngt/ZENS-Final-AUVC/ros_ws/install/control:/home/ngt/ZENS-Final-AUVC/ros_ws/install/bringup:/home/ngt/auvc_ws/install/tutorial_virtualenvs:/home/ngt/auvc_ws/install/tutorial_pid:/home/ngt/auvc_ws/install/tutorial_ardusub:/home/ngt/auvc_ws/install/tutorial:/home/ngt/auvc_ws/install/rosmav:/home/ngt/auvc_ws/install/example_custom_srv:/home/ngt/cv_ws/install/cv:/home/ngt/pid_ws/install/target_depth_msgs:/home/ngt/pid_ws/install/pid:/home/ngt/auv_dancing/install/tutorial:/opt/ros/jazzy', 'SHELL': '/usr/bin/zsh', 'VIRTUALENVWRAPPER_PROJECT_FILENAME': '.project', 'VIRTUALENVWRAPPER_HOOK_DIR': '/home/ngt/.virtualenvs', 'VSCODE_GIT_ASKPASS_EXTRA_ARGS': '', 'VIRTUALENVWRAPPER_SCRIPT': '/usr/share/virtualenvwrapper/virtualenvwrapper.sh', 'ROS_AUTOMATIC_DISCOVERY_RANGE': 'SUBNET', 'VIRTUAL_ENV': '/home/ngt/.virtualenvs/ardusub', 'LC_ALL': 'en_US.UTF-8', 'PWD': '/home/ngt/ZENS-Final-AUVC/ros_ws/build/msgs', 'SSH_CONNECTION': '192.168.3.1 64577 192.168.3.2 22', 'COPILOT_DEBUG_NONCE': 'ecfdf1043499788fb94714472659d404', 'ZDOTDIR': '/home/ngt', 'PYTHONPATH': '/home/ngt/ZENS-Final-AUVC/ros_ws/install/msgs/lib/python3.12/site-packages:/home/ngt/ZENS-Final-AUVC/ros_ws/install/hardware/lib/python3.12/site-packages:/home/ngt/ZENS-Final-AUVC/ros_ws/install/flashing/lib/python3.12/site-packages:/home/ngt/ZENS-Final-AUVC/ros_ws/install/cv/lib/python3.12/site-packages:/home/ngt/ZENS-Final-AUVC/ros_ws/install/control/lib/python3.12/site-packages:/home/ngt/ZENS-Final-AUVC/ros_ws/install/bringup/lib/python3.12/site-packages:/home/ngt/auvc_ws/install/tutorial_virtualenvs/lib/python3.12/site-packages:/home/ngt/auvc_ws/install/tutorial_pid/lib/python3.12/site-packages:/home/ngt/auvc_ws/install/tutorial_ardusub/lib/python3.12/site-packages:/home/ngt/auvc_ws/install/tutorial/lib/python3.12/site-packages:/home/ngt/auvc_ws/install/rosmav/lib/python3.12/site-packages:/home/ngt/auvc_ws/install/example_custom_srv/lib/python3.12/site-packages:/home/ngt/cv_ws/install/cv/lib/python3.12/site-packages:/home/ngt/pid_ws/install/target_depth_msgs/lib/python3.12/site-packages:/home/ngt/pid_ws/install/pid/lib/python3.12/site-packages:/home/ngt/auv_dancing/install/tutorial/lib/python3.12/site-packages:/opt/ros/jazzy/lib/python3.12/site-packages', 'COLCON': '1', 'CMAKE_PREFIX_PATH': '/home/ngt/ZENS-Final-AUVC/ros_ws/install/msgs:/home/ngt/auvc_ws/install/example_custom_srv:/home/ngt/pid_ws/install/target_depth_msgs:/opt/ros/jazzy/opt/gz_sim_vendor:/opt/ros/jazzy/opt/gz_sensors_vendor:/opt/ros/jazzy/opt/gz_physics_vendor:/opt/ros/jazzy/opt/sdformat_vendor:/opt/ros/jazzy/opt/gz_gui_vendor:/opt/ros/jazzy/opt/gz_transport_vendor:/opt/ros/jazzy/opt/gz_rendering_vendor:/opt/ros/jazzy/opt/gz_plugin_vendor:/opt/ros/jazzy/opt/gz_fuel_tools_vendor:/opt/ros/jazzy/opt/gz_msgs_vendor:/opt/ros/jazzy/opt/gz_common_vendor:/opt/ros/jazzy/opt/gz_math_vendor:/opt/ros/jazzy/opt/gz_utils_vendor:/opt/ros/jazzy/opt/gz_tools_vendor:/opt/ros/jazzy/opt/gz_ogre_next_vendor:/opt/ros/jazzy/opt/gz_dartsim_vendor:/opt/ros/jazzy/opt/gz_cmake_vendor:/home/ngt/ZENS-Final-AUVC/ros_ws/install/hardware:/home/ngt/ZENS-Final-AUVC/ros_ws/install/flashing:/home/ngt/ZENS-Final-AUVC/ros_ws/install/cv:/home/ngt/ZENS-Final-AUVC/ros_ws/install/control:/home/ngt/ZENS-Final-AUVC/ros_ws/install/bringup:/home/ngt/auvc_ws/install/tutorial_virtualenvs:/home/ngt/auvc_ws/install/tutorial_pid:/home/ngt/auvc_ws/install/tutorial_ardusub:/home/ngt/auvc_ws/install/tutorial:/home/ngt/auvc_ws/install/rosmav:/home/ngt/cv_ws/install/cv:/home/ngt/pid_ws/install/pid:/home/ngt/auv_dancing/install/tutorial:/opt/ros/jazzy'}), 'shell': False}
[90.336087] (cv) CommandEnded: {'returncode': 0}
[90.337515] (-) TimerEvent: {}
[90.446789] (-) TimerEvent: {}
[90.549889] (cv) JobEnded: {'identifier': 'cv', 'rc': 0}
[90.552238] (-) TimerEvent: {}
[90.588031] (bringup) CommandEnded: {'returncode': 0}
[90.672008] (-) TimerEvent: {}
[90.741286] (bringup) JobEnded: {'identifier': 'bringup', 'rc': 0}
[90.778787] (-) TimerEvent: {}
[90.886768] (-) TimerEvent: {}
[90.989838] (-) TimerEvent: {}
[91.090750] (-) TimerEvent: {}
[91.196801] (-) TimerEvent: {}
[91.297886] (-) TimerEvent: {}
[91.366923] (msgs) StdoutLine: {'line': b'[  2%] Built target msgs__rs\n'}
[91.399889] (-) TimerEvent: {}
[91.510162] (-) TimerEvent: {}
[91.611322] (-) TimerEvent: {}
[91.717790] (-) TimerEvent: {}
[91.820782] (-) TimerEvent: {}
[91.925458] (-) TimerEvent: {}
[92.026237] (-) TimerEvent: {}
[92.131920] (-) TimerEvent: {}
[92.237783] (-) TimerEvent: {}
[92.340779] (msgs) StdoutLine: {'line': b'[  5%] Built target ament_cmake_python_copy_msgs\n'}
[92.341479] (-) TimerEvent: {}
[92.446452] (-) TimerEvent: {}
[92.551815] (-) TimerEvent: {}
[92.653073] (-) TimerEvent: {}
[92.759798] (-) TimerEvent: {}
[92.860706] (-) TimerEvent: {}
[92.903839] (msgs) StdoutLine: {'line': b'[  8%] Built target msgs__rosidl_generator_type_description\n'}
[92.962815] (-) TimerEvent: {}
[93.068768] (-) TimerEvent: {}
[93.170524] (-) TimerEvent: {}
[93.278810] (-) TimerEvent: {}
[93.380786] (-) TimerEvent: {}
[93.481677] (-) TimerEvent: {}
[93.584812] (-) TimerEvent: {}
[93.685558] (-) TimerEvent: {}
[93.791401] (-) TimerEvent: {}
[93.894875] (-) TimerEvent: {}
[93.998480] (-) TimerEvent: {}
[94.102351] (-) TimerEvent: {}
[94.205942] (-) TimerEvent: {}
[94.309561] (-) TimerEvent: {}
[94.414760] (-) TimerEvent: {}
[94.520787] (-) TimerEvent: {}
[94.622521] (-) TimerEvent: {}
[94.725784] (-) TimerEvent: {}
[94.830769] (-) TimerEvent: {}
[94.936415] (-) TimerEvent: {}
[95.041804] (-) TimerEvent: {}
[95.142604] (-) TimerEvent: {}
[95.243474] (-) TimerEvent: {}
[95.354773] (-) TimerEvent: {}
[95.455547] (-) TimerEvent: {}
[95.558779] (-) TimerEvent: {}
[95.661770] (-) TimerEvent: {}
[95.762553] (-) TimerEvent: {}
[95.865803] (-) TimerEvent: {}
[95.967822] (-) TimerEvent: {}
[96.075779] (-) TimerEvent: {}
[96.176522] (-) TimerEvent: {}
[96.279779] (-) TimerEvent: {}
[96.382760] (-) TimerEvent: {}
[96.490858] (-) TimerEvent: {}
[96.594851] (-) TimerEvent: {}
[96.698876] (-) TimerEvent: {}
[96.805781] (-) TimerEvent: {}
[96.906770] (-) TimerEvent: {}
[97.011815] (-) TimerEvent: {}
[97.113873] (-) TimerEvent: {}
[97.218801] (-) TimerEvent: {}
[97.322815] (-) TimerEvent: {}
[97.423589] (-) TimerEvent: {}
[97.531782] (-) TimerEvent: {}
[97.632693] (-) TimerEvent: {}
[97.738898] (-) TimerEvent: {}
[97.852796] (-) TimerEvent: {}
[97.953596] (-) TimerEvent: {}
[98.054352] (-) TimerEvent: {}
[98.156769] (-) TimerEvent: {}
[98.264754] (-) TimerEvent: {}
[98.365579] (-) TimerEvent: {}
[98.471770] (-) TimerEvent: {}
[98.572585] (-) TimerEvent: {}
[98.674787] (-) TimerEvent: {}
[98.777784] (-) TimerEvent: {}
[98.880802] (-) TimerEvent: {}
[98.983837] (-) TimerEvent: {}
[99.084701] (-) TimerEvent: {}
[99.189083] (-) TimerEvent: {}
[99.298294] (-) TimerEvent: {}
[99.403761] (-) TimerEvent: {}
[99.506770] (-) TimerEvent: {}
[99.607747] (-) TimerEvent: {}
[99.714797] (-) TimerEvent: {}
[99.763792] (msgs) StdoutLine: {'line': b'running egg_info\n'}
[99.814974] (-) TimerEvent: {}
[99.922805] (-) TimerEvent: {}
[100.023652] (-) TimerEvent: {}
[100.129776] (-) TimerEvent: {}
[100.230592] (-) TimerEvent: {}
[100.335770] (-) TimerEvent: {}
[100.437048] (-) TimerEvent: {}
[100.541775] (-) TimerEvent: {}
[100.638791] (msgs) StdoutLine: {'line': b'writing msgs.egg-info/PKG-INFO\n'}
[100.644979] (msgs) StdoutLine: {'line': b'writing dependency_links to msgs.egg-info/dependency_links.txt\n'}
[100.645845] (-) TimerEvent: {}
[100.663771] (msgs) StdoutLine: {'line': b'writing top-level names to msgs.egg-info/top_level.txt\n'}
[100.746338] (-) TimerEvent: {}
[100.850771] (-) TimerEvent: {}
[100.951544] (-) TimerEvent: {}
[101.052416] (-) TimerEvent: {}
[101.159773] (-) TimerEvent: {}
[101.262795] (-) TimerEvent: {}
[101.365774] (-) TimerEvent: {}
[101.467015] (-) TimerEvent: {}
[101.572881] (-) TimerEvent: {}
[101.673678] (-) TimerEvent: {}
[101.779781] (-) TimerEvent: {}
[101.883835] (-) TimerEvent: {}
[101.988786] (-) TimerEvent: {}
[102.098786] (-) TimerEvent: {}
[102.207760] (-) TimerEvent: {}
[102.308533] (-) TimerEvent: {}
[102.413784] (-) TimerEvent: {}
[102.514696] (-) TimerEvent: {}
[102.619878] (-) TimerEvent: {}
[102.723788] (-) TimerEvent: {}
[102.829769] (-) TimerEvent: {}
[102.932358] (-) TimerEvent: {}
[103.036816] (-) TimerEvent: {}
[103.142481] (-) TimerEvent: {}
[103.248771] (-) TimerEvent: {}
[103.353815] (-) TimerEvent: {}
[103.465777] (-) TimerEvent: {}
[103.567762] (-) TimerEvent: {}
[103.680786] (-) TimerEvent: {}
[103.782797] (-) TimerEvent: {}
[103.887781] (-) TimerEvent: {}
[103.993767] (-) TimerEvent: {}
[104.099761] (-) TimerEvent: {}
[104.202814] (-) TimerEvent: {}
[104.310396] (-) TimerEvent: {}
[104.420755] (-) TimerEvent: {}
[104.523782] (-) TimerEvent: {}
[104.626778] (-) TimerEvent: {}
[104.727725] (-) TimerEvent: {}
[104.835768] (-) TimerEvent: {}
[104.938750] (-) TimerEvent: {}
[105.039463] (-) TimerEvent: {}
[105.145778] (-) TimerEvent: {}
[105.248818] (-) TimerEvent: {}
[105.350081] (-) TimerEvent: {}
[105.457794] (-) TimerEvent: {}
[105.558511] (-) TimerEvent: {}
[105.666790] (-) TimerEvent: {}
[105.768783] (-) TimerEvent: {}
[105.869573] (-) TimerEvent: {}
[105.975702] (-) TimerEvent: {}
[106.090823] (-) TimerEvent: {}
[106.191723] (-) TimerEvent: {}
[106.297755] (-) TimerEvent: {}
[106.399761] (-) TimerEvent: {}
[106.508764] (-) TimerEvent: {}
[106.611849] (-) TimerEvent: {}
[106.717788] (-) TimerEvent: {}
[106.819887] (-) TimerEvent: {}
[106.926956] (-) TimerEvent: {}
[107.037870] (-) TimerEvent: {}
[107.145859] (-) TimerEvent: {}
[107.252877] (-) TimerEvent: {}
[107.358899] (-) TimerEvent: {}
[107.465932] (-) TimerEvent: {}
[107.572924] (-) TimerEvent: {}
[107.682345] (-) TimerEvent: {}
[107.788863] (-) TimerEvent: {}
[107.899114] (-) TimerEvent: {}
[108.007967] (-) TimerEvent: {}
[108.115872] (-) TimerEvent: {}
[108.221741] (-) TimerEvent: {}
[108.335800] (-) TimerEvent: {}
[108.441888] (-) TimerEvent: {}
[108.551872] (-) TimerEvent: {}
[108.658824] (-) TimerEvent: {}
[108.762977] (-) TimerEvent: {}
[108.867936] (-) TimerEvent: {}
[108.979826] (-) TimerEvent: {}
[109.089017] (-) TimerEvent: {}
[109.199878] (-) TimerEvent: {}
[109.303878] (-) TimerEvent: {}
[109.409884] (-) TimerEvent: {}
[109.519877] (-) TimerEvent: {}
[109.629909] (-) TimerEvent: {}
[109.735423] (-) TimerEvent: {}
[109.844873] (-) TimerEvent: {}
[109.949251] (-) TimerEvent: {}
[110.059446] (-) TimerEvent: {}
[110.114820] (msgs) StdoutLine: {'line': b"reading manifest file 'msgs.egg-info/SOURCES.txt'\n"}
[110.146900] (msgs) StdoutLine: {'line': b"writing manifest file 'msgs.egg-info/SOURCES.txt'\n"}
[110.167838] (-) TimerEvent: {}
[110.271018] (-) TimerEvent: {}
[110.377021] (-) TimerEvent: {}
[110.481959] (-) TimerEvent: {}
[110.594961] (-) TimerEvent: {}
[110.701876] (-) TimerEvent: {}
[110.809297] (-) TimerEvent: {}
[110.917827] (-) TimerEvent: {}
[111.022488] (-) TimerEvent: {}
[111.138894] (-) TimerEvent: {}
[111.250742] (-) TimerEvent: {}
[111.364009] (-) TimerEvent: {}
[111.477207] (-) TimerEvent: {}
[111.590899] (-) TimerEvent: {}
[111.700890] (-) TimerEvent: {}
[111.811934] (-) TimerEvent: {}
[111.920591] (-) TimerEvent: {}
[112.031365] (-) TimerEvent: {}
[112.143994] (-) TimerEvent: {}
[112.257028] (msgs) StdoutLine: {'line': b'Built target ament_cmake_python_build_msgs_egg\n'}
[112.258910] (-) TimerEvent: {}
[112.370883] (-) TimerEvent: {}
[112.494885] (-) TimerEvent: {}
[112.606954] (-) TimerEvent: {}
[112.713877] (-) TimerEvent: {}
[112.820758] (-) TimerEvent: {}
[112.932878] (-) TimerEvent: {}
[113.040883] (-) TimerEvent: {}
[113.150784] (-) TimerEvent: {}
[113.255410] (hardware) Command: {'cmd': ['/usr/bin/python3', '-W', 'ignore:setup.py install is deprecated', '-W', 'ignore:easy_install command is deprecated', 'setup.py', 'egg_info', '--egg-base', '../../build/hardware', 'build', '--build-base', '/home/ngt/ZENS-Final-AUVC/ros_ws/build/hardware/build', 'install', '--record', '/home/ngt/ZENS-Final-AUVC/ros_ws/build/hardware/install.log', '--install-scripts', '$base/lib/hardware', '--single-version-externally-managed', 'install_data'], 'cwd': '/home/ngt/ZENS-Final-AUVC/ros_ws/src/hardware', 'env': {'PYTHON_BASIC_REPL': '1', 'VIRTUALENVWRAPPER_WORKON_CD': '1', 'USER': 'ngt', 'SSH_CLIENT': '192.168.3.1 64577 22', 'WORKON_HOME': '/home/ngt/.virtualenvs', 'GZ_SIM_RESOURCE_PATH': '/opt/ros/jazzy/share', 'GZ_CONFIG_PATH': '/opt/ros/jazzy/opt/gz_sim_vendor/share/gz:/opt/ros/jazzy/opt/sdformat_vendor/share/gz:/opt/ros/jazzy/opt/gz_gui_vendor/share/gz:/opt/ros/jazzy/opt/gz_transport_vendor/share/gz:/opt/ros/jazzy/opt/gz_rendering_vendor/share/gz:/opt/ros/jazzy/opt/gz_plugin_vendor/share/gz:/opt/ros/jazzy/opt/gz_fuel_tools_vendor/share/gz:/opt/ros/jazzy/opt/gz_msgs_vendor/share/gz:/opt/ros/jazzy/opt/gz_common_vendor/share/gz', 'XDG_SESSION_TYPE': 'tty', 'GIT_ASKPASS': '/home/ngt/.vscode-server/cli/servers/Stable-e4c7e7b1d6d060162f4aa7f8225271b67ce1df75/server/extensions/git/dist/askpass.sh', 'SHLVL': '1', 'BROWSER': '/home/ngt/.vscode-server/cli/servers/Stable-e4c7e7b1d6d060162f4aa7f8225271b67ce1df75/server/bin/helpers/browser.sh', 'LD_LIBRARY_PATH': '/home/ngt/ZENS-Final-AUVC/ros_ws/install/msgs/lib:/home/ngt/auvc_ws/install/example_custom_srv/lib:/home/ngt/pid_ws/install/target_depth_msgs/lib:/opt/ros/jazzy/opt/gz_sim_vendor/lib:/opt/ros/jazzy/opt/gz_sensors_vendor/lib:/opt/ros/jazzy/opt/gz_physics_vendor/lib:/opt/ros/jazzy/opt/sdformat_vendor/lib:/opt/ros/jazzy/opt/rviz_ogre_vendor/lib:/opt/ros/jazzy/lib/aarch64-linux-gnu:/opt/ros/jazzy/opt/gz_gui_vendor/lib:/opt/ros/jazzy/opt/gz_transport_vendor/lib:/opt/ros/jazzy/opt/gz_rendering_vendor/lib:/opt/ros/jazzy/opt/gz_plugin_vendor/lib:/opt/ros/jazzy/opt/gz_fuel_tools_vendor/lib:/opt/ros/jazzy/opt/gz_msgs_vendor/lib:/opt/ros/jazzy/opt/gz_common_vendor/lib:/opt/ros/jazzy/opt/gz_math_vendor/lib:/opt/ros/jazzy/opt/gz_utils_vendor/lib:/opt/ros/jazzy/opt/gz_tools_vendor/lib:/opt/ros/jazzy/opt/gz_ogre_next_vendor/lib:/opt/ros/jazzy/opt/gz_dartsim_vendor/lib:/opt/ros/jazzy/opt/gz_cmake_vendor/lib:/opt/ros/jazzy/lib', 'GZ_TRANSPORT_ID': '192.168.3.1', 'HOME': '/home/ngt', 'OLDPWD': '/home/ngt/ZENS-Final-AUVC', 'LESS': '-R', 'VIRTUALENVWRAPPER_PYTHON': '/usr/bin/python3', 'TERM_PROGRAM_VERSION': '1.131.0', 'VSCODE_IPC_HOOK_CLI': '/run/user/1004/vscode-ipc-103574d8-1004-48c0-8a1d-e8ee6d0e52f3.sock', 'ZSH': '/home/ngt/.oh-my-zsh', 'LSCOLORS': 'Gxfxcxdxbxegedabagacad', 'GZ_TRANSPORT_PUB_PORT': '11345', 'VSCODE_GIT_ASKPASS_MAIN': '/home/ngt/.vscode-server/cli/servers/Stable-e4c7e7b1d6d060162f4aa7f8225271b67ce1df75/server/extensions/git/dist/askpass-main.js', 'PAGER': 'less', 'ROS_PYTHON_VERSION': '3', 'PS1': '(ardusub) %(?:%{\x1b[01;32m%}%1{➜%} :%{\x1b[01;31m%}%1{➜%} ) %{\x1b[36m%}%c%{\x1b[00m%} $(git_prompt_info)', 'VSCODE_GIT_ASKPASS_NODE': '/home/ngt/.vscode-server/cli/servers/Stable-e4c7e7b1d6d060162f4aa7f8225271b67ce1df75/server/node', 'DBUS_SESSION_BUS_ADDRESS': 'unix:path=/run/user/1004/bus', 'PYDEVD_DISABLE_FILE_VALIDATION': '1', 'BUNDLED_DEBUGPY_PATH': '/home/ngt/.vscode-server/extensions/ms-python.debugpy-2026.6.0-linux-arm64/bundled/libs/debugpy', 'GZ_TRANSPORT_SUB_PORT': '11346', 'VSCODE_PYTHON_AUTOACTIVATE_GUARD': '1', 'COLORTERM': 'truecolor', 'ROS_DISTRO': 'jazzy', 'COLCON_PREFIX_PATH': '/home/ngt/ZENS-Final-AUVC/ros_ws/install:/home/ngt/auvc_ws/install:/home/ngt/cv_ws/install:/home/ngt/pid_ws/install:/home/ngt/auv_dancing/install', 'LOGNAME': 'ngt', '_': '/usr/bin/colcon', 'XDG_SESSION_CLASS': 'user', 'USER_ZDOTDIR': '/home/ngt', 'ROS_VERSION': '2', 'XDG_SESSION_ID': '1', 'TERM': 'xterm-256color', 'PATH': '/home/ngt/.virtualenvs/ardusub/bin:/home/ngt/.opencode/bin:/opt/ros/jazzy/opt/gz_msgs_vendor/bin:/opt/ros/jazzy/opt/gz_tools_vendor/bin:/opt/ros/jazzy/opt/gz_ogre_next_vendor/bin:/opt/ros/jazzy/bin:/usr/lib/ccache:/home/ngt/.vscode-server/data/User/globalStorage/github.copilot-chat/debugCommand:/home/ngt/.vscode-server/data/User/globalStorage/github.copilot-chat/copilotCli:/home/ngt/.vscode-server/cli/servers/Stable-e4c7e7b1d6d060162f4aa7f8225271b67ce1df75/server/bin/remote-cli:/usr/local/sbin:/usr/local/bin:/usr/sbin:/usr/bin:/sbin:/bin:/usr/games:/usr/local/games:/snap/bin:/home/ngt/.vscode-server/extensions/ms-python.debugpy-2026.6.0-linux-arm64/bundled/scripts/noConfigScripts:/home/ngt/.local/bin:/home/ngt/ardupilot/Tools/autotest', 'XDG_RUNTIME_DIR': '/run/user/1004', 'GZ_PARTITION': 'my_sim', 'LANG': 'en_US.UTF-8', 'VSCODE_DEBUGPY_ADAPTER_ENDPOINTS': '/home/ngt/.vscode-server/extensions/ms-python.debugpy-2026.6.0-linux-arm64/.noConfigDebugAdapterEndpoints/endpoint-c18b4b5d63521f01.txt', 'PYTHONSTARTUP': '/home/ngt/.vscode-server/data/User/workspaceStorage/ebe247280dad30c76e3d7235d970e14f/ms-python.python/pythonrc.py', 'VSCODE_INJECTION': '1', 'VIRTUAL_ENV_PROMPT': 'ardusub', 'TERM_PROGRAM': 'vscode', 'VSCODE_GIT_IPC_HANDLE': '/run/user/1004/vscode-git-75828e3940.sock', 'LS_COLORS': 'rs=0:di=01;34:ln=01;36:mh=00:pi=40;33:so=01;35:do=01;35:bd=40;33;01:cd=40;33;01:or=40;31;01:mi=00:su=37;41:sg=30;43:ca=00:tw=30;42:ow=34;42:st=37;44:ex=01;32:*.tar=01;31:*.tgz=01;31:*.arc=01;31:*.arj=01;31:*.taz=01;31:*.lha=01;31:*.lz4=01;31:*.lzh=01;31:*.lzma=01;31:*.tlz=01;31:*.txz=01;31:*.tzo=01;31:*.t7z=01;31:*.zip=01;31:*.z=01;31:*.dz=01;31:*.gz=01;31:*.lrz=01;31:*.lz=01;31:*.lzo=01;31:*.xz=01;31:*.zst=01;31:*.tzst=01;31:*.bz2=01;31:*.bz=01;31:*.tbz=01;31:*.tbz2=01;31:*.tz=01;31:*.deb=01;31:*.rpm=01;31:*.jar=01;31:*.war=01;31:*.ear=01;31:*.sar=01;31:*.rar=01;31:*.alz=01;31:*.ace=01;31:*.zoo=01;31:*.cpio=01;31:*.7z=01;31:*.rz=01;31:*.cab=01;31:*.wim=01;31:*.swm=01;31:*.dwm=01;31:*.esd=01;31:*.avif=01;35:*.jpg=01;35:*.jpeg=01;35:*.mjpg=01;35:*.mjpeg=01;35:*.gif=01;35:*.bmp=01;35:*.pbm=01;35:*.pgm=01;35:*.ppm=01;35:*.tga=01;35:*.xbm=01;35:*.xpm=01;35:*.tif=01;35:*.tiff=01;35:*.png=01;35:*.svg=01;35:*.svgz=01;35:*.mng=01;35:*.pcx=01;35:*.mov=01;35:*.mpg=01;35:*.mpeg=01;35:*.m2v=01;35:*.mkv=01;35:*.webm=01;35:*.webp=01;35:*.ogm=01;35:*.mp4=01;35:*.m4v=01;35:*.mp4v=01;35:*.vob=01;35:*.qt=01;35:*.nuv=01;35:*.wmv=01;35:*.asf=01;35:*.rm=01;35:*.rmvb=01;35:*.flc=01;35:*.avi=01;35:*.fli=01;35:*.flv=01;35:*.gl=01;35:*.dl=01;35:*.xcf=01;35:*.xwd=01;35:*.yuv=01;35:*.cgm=01;35:*.emf=01;35:*.ogv=01;35:*.ogx=01;35:*.aac=00;36:*.au=00;36:*.flac=00;36:*.m4a=00;36:*.mid=00;36:*.midi=00;36:*.mka=00;36:*.mp3=00;36:*.mpc=00;36:*.ogg=00;36:*.ra=00;36:*.wav=00;36:*.oga=00;36:*.opus=00;36:*.spx=00;36:*.xspf=00;36:*~=00;90:*#=00;90:*.bak=00;90:*.crdownload=00;90:*.dpkg-dist=00;90:*.dpkg-new=00;90:*.dpkg-old=00;90:*.dpkg-tmp=00;90:*.old=00;90:*.orig=00;90:*.part=00;90:*.rej=00;90:*.rpmnew=00;90:*.rpmorig=00;90:*.rpmsave=00;90:*.swp=00;90:*.tmp=00;90:*.ucf-dist=00;90:*.ucf-new=00;90:*.ucf-old=00;90:', 'AMENT_PREFIX_PATH': '/home/ngt/ZENS-Final-AUVC/ros_ws/install/msgs:/home/ngt/ZENS-Final-AUVC/ros_ws/install/hardware:/home/ngt/ZENS-Final-AUVC/ros_ws/install/flashing:/home/ngt/ZENS-Final-AUVC/ros_ws/install/cv:/home/ngt/ZENS-Final-AUVC/ros_ws/install/control:/home/ngt/ZENS-Final-AUVC/ros_ws/install/bringup:/home/ngt/auvc_ws/install/tutorial_virtualenvs:/home/ngt/auvc_ws/install/tutorial_pid:/home/ngt/auvc_ws/install/tutorial_ardusub:/home/ngt/auvc_ws/install/tutorial:/home/ngt/auvc_ws/install/rosmav:/home/ngt/auvc_ws/install/example_custom_srv:/home/ngt/cv_ws/install/cv:/home/ngt/pid_ws/install/target_depth_msgs:/home/ngt/pid_ws/install/pid:/home/ngt/auv_dancing/install/tutorial:/opt/ros/jazzy', 'SHELL': '/usr/bin/zsh', 'VIRTUALENVWRAPPER_PROJECT_FILENAME': '.project', 'VIRTUALENVWRAPPER_HOOK_DIR': '/home/ngt/.virtualenvs', 'VSCODE_GIT_ASKPASS_EXTRA_ARGS': '', 'VIRTUALENVWRAPPER_SCRIPT': '/usr/share/virtualenvwrapper/virtualenvwrapper.sh', 'ROS_AUTOMATIC_DISCOVERY_RANGE': 'SUBNET', 'VIRTUAL_ENV': '/home/ngt/.virtualenvs/ardusub', 'LC_ALL': 'en_US.UTF-8', 'PWD': '/home/ngt/ZENS-Final-AUVC/ros_ws/build/hardware', 'SSH_CONNECTION': '192.168.3.1 64577 192.168.3.2 22', 'COPILOT_DEBUG_NONCE': 'ecfdf1043499788fb94714472659d404', 'ZDOTDIR': '/home/ngt', 'PYTHONPATH': '/home/ngt/ZENS-Final-AUVC/ros_ws/build/hardware/prefix_override:/usr/lib/python3/dist-packages/colcon_core/task/python/colcon_distutils_commands:/home/ngt/ZENS-Final-AUVC/ros_ws/install/hardware/lib/python3.12/site-packages:/home/ngt/ZENS-Final-AUVC/ros_ws/install/msgs/lib/python3.12/site-packages:/home/ngt/ZENS-Final-AUVC/ros_ws/install/hardware/lib/python3.12/site-packages:/home/ngt/ZENS-Final-AUVC/ros_ws/install/flashing/lib/python3.12/site-packages:/home/ngt/ZENS-Final-AUVC/ros_ws/install/cv/lib/python3.12/site-packages:/home/ngt/ZENS-Final-AUVC/ros_ws/install/control/lib/python3.12/site-packages:/home/ngt/ZENS-Final-AUVC/ros_ws/install/bringup/lib/python3.12/site-packages:/home/ngt/auvc_ws/install/tutorial_virtualenvs/lib/python3.12/site-packages:/home/ngt/auvc_ws/install/tutorial_pid/lib/python3.12/site-packages:/home/ngt/auvc_ws/install/tutorial_ardusub/lib/python3.12/site-packages:/home/ngt/auvc_ws/install/tutorial/lib/python3.12/site-packages:/home/ngt/auvc_ws/install/rosmav/lib/python3.12/site-packages:/home/ngt/auvc_ws/install/example_custom_srv/lib/python3.12/site-packages:/home/ngt/cv_ws/install/cv/lib/python3.12/site-packages:/home/ngt/pid_ws/install/target_depth_msgs/lib/python3.12/site-packages:/home/ngt/pid_ws/install/pid/lib/python3.12/site-packages:/home/ngt/auv_dancing/install/tutorial/lib/python3.12/site-packages:/opt/ros/jazzy/lib/python3.12/site-packages', 'COLCON': '1', 'CMAKE_PREFIX_PATH': '/home/ngt/ZENS-Final-AUVC/ros_ws/install/msgs:/home/ngt/auvc_ws/install/example_custom_srv:/home/ngt/pid_ws/install/target_depth_msgs:/opt/ros/jazzy/opt/gz_sim_vendor:/opt/ros/jazzy/opt/gz_sensors_vendor:/opt/ros/jazzy/opt/gz_physics_vendor:/opt/ros/jazzy/opt/sdformat_vendor:/opt/ros/jazzy/opt/gz_gui_vendor:/opt/ros/jazzy/opt/gz_transport_vendor:/opt/ros/jazzy/opt/gz_rendering_vendor:/opt/ros/jazzy/opt/gz_plugin_vendor:/opt/ros/jazzy/opt/gz_fuel_tools_vendor:/opt/ros/jazzy/opt/gz_msgs_vendor:/opt/ros/jazzy/opt/gz_common_vendor:/opt/ros/jazzy/opt/gz_math_vendor:/opt/ros/jazzy/opt/gz_utils_vendor:/opt/ros/jazzy/opt/gz_tools_vendor:/opt/ros/jazzy/opt/gz_ogre_next_vendor:/opt/ros/jazzy/opt/gz_dartsim_vendor:/opt/ros/jazzy/opt/gz_cmake_vendor'}, 'shell': False}
[113.314224] (-) TimerEvent: {}
[113.427372] (-) TimerEvent: {}
[113.540481] (-) TimerEvent: {}
[113.649794] (-) TimerEvent: {}
[113.756677] (-) TimerEvent: {}
[113.850806] (msgs) StdoutLine: {'line': b'Built target msgs__cpp\n'}
[113.863785] (-) TimerEvent: {}
[113.964884] (-) TimerEvent: {}
[114.072522] (-) TimerEvent: {}
[114.175226] (-) TimerEvent: {}
[114.276100] (-) TimerEvent: {}
[114.382762] (-) TimerEvent: {}
[114.465839] (msgs) StdoutLine: {'line': b'Built target msgs__rosidl_generator_c\n'}
[114.488779] (-) TimerEvent: {}
[114.589841] (-) TimerEvent: {}
[114.690738] (-) TimerEvent: {}
[114.797830] (-) TimerEvent: {}
[114.902575] (-) TimerEvent: {}
[115.008829] (-) TimerEvent: {}
[115.070427] (msgs) StdoutLine: {'line': b'Built target msgs__rosidl_typesupport_fastrtps_c\n'}
[115.113771] (-) TimerEvent: {}
[115.218150] (-) TimerEvent: {}
[115.330780] (-) TimerEvent: {}
[115.434049] (-) TimerEvent: {}
[115.542749] (msgs) StdoutLine: {'line': b'Built target msgs__rosidl_typesupport_c\n'}
[115.543516] (-) TimerEvent: {}
[115.650812] (-) TimerEvent: {}
[115.763210] (-) TimerEvent: {}
[115.870317] (-) TimerEvent: {}
[115.944290] (msgs) StdoutLine: {'line': b'Built target msgs__rosidl_typesupport_introspection_cpp\n'}
[115.972967] (-) TimerEvent: {}
[116.082312] (-) TimerEvent: {}
[116.183503] (-) TimerEvent: {}
[116.288805] (-) TimerEvent: {}
[116.394462] (-) TimerEvent: {}
[116.441424] (msgs) StdoutLine: {'line': b'Built target msgs__rosidl_typesupport_cpp\n'}
[116.500364] (-) TimerEvent: {}
[116.601950] (-) TimerEvent: {}
[116.705802] (-) TimerEvent: {}
[116.822770] (-) TimerEvent: {}
[116.923649] (-) TimerEvent: {}
[117.028840] (-) TimerEvent: {}
[117.131805] (-) TimerEvent: {}
[117.227702] (msgs) StdoutLine: {'line': b'Built target msgs__rosidl_typesupport_introspection_c\n'}
[117.240789] (-) TimerEvent: {}
[117.344136] (-) TimerEvent: {}
[117.450806] (-) TimerEvent: {}
[117.554755] (-) TimerEvent: {}
[117.659402] (-) TimerEvent: {}
[117.763231] (-) TimerEvent: {}
[117.868793] (-) TimerEvent: {}
[117.887778] (msgs) StdoutLine: {'line': b'Built target msgs__rosidl_typesupport_fastrtps_cpp\n'}
[117.969442] (-) TimerEvent: {}
[118.075844] (-) TimerEvent: {}
[118.178848] (-) TimerEvent: {}
[118.282819] (-) TimerEvent: {}
[118.389819] (-) TimerEvent: {}
[118.490742] (-) TimerEvent: {}
[118.526792] (msgs) StdoutLine: {'line': b'Built target msgs\n'}
[118.599423] (-) TimerEvent: {}
[118.702829] (-) TimerEvent: {}
[118.803681] (-) TimerEvent: {}
[118.907156] (-) TimerEvent: {}
[119.013776] (-) TimerEvent: {}
[119.115084] (-) TimerEvent: {}
[119.187878] (msgs) StdoutLine: {'line': b'Built target msgs__py\n'}
[119.217776] (-) TimerEvent: {}
[119.324780] (-) TimerEvent: {}
[119.429823] (-) TimerEvent: {}
[119.533833] (-) TimerEvent: {}
[119.639775] (-) TimerEvent: {}
[119.742433] (-) TimerEvent: {}
[119.847778] (-) TimerEvent: {}
[119.956400] (-) TimerEvent: {}
[120.061792] (-) TimerEvent: {}
[120.167831] (-) TimerEvent: {}
[120.176924] (msgs) StdoutLine: {'line': b'Built target msgs__rosidl_generator_py\n'}
[120.278818] (-) TimerEvent: {}
[120.382110] (-) TimerEvent: {}
[120.491815] (-) TimerEvent: {}
[120.592835] (-) TimerEvent: {}
[120.697294] (-) TimerEvent: {}
[120.807507] (-) TimerEvent: {}
[120.826766] (msgs) StdoutLine: {'line': b'Built target msgs_s__rosidl_typesupport_fastrtps_c\n'}
[120.908457] (-) TimerEvent: {}
[121.013469] (-) TimerEvent: {}
[121.116970] (-) TimerEvent: {}
[121.223072] (-) TimerEvent: {}
[121.331880] (-) TimerEvent: {}
[121.436792] (-) TimerEvent: {}
[121.489901] (msgs) StdoutLine: {'line': b'Built target msgs_s__rosidl_typesupport_c\n'}
[121.542778] (-) TimerEvent: {}
[121.643712] (-) TimerEvent: {}
[121.751853] (-) TimerEvent: {}
[121.855869] (-) TimerEvent: {}
[121.962779] (-) TimerEvent: {}
[122.010414] (msgs) StdoutLine: {'line': b'Built target msgs_s__rosidl_typesupport_introspection_c\n'}
[122.076198] (-) TimerEvent: {}
[122.177991] (-) TimerEvent: {}
[122.281703] (-) TimerEvent: {}
[122.321041] (msgs) CommandEnded: {'returncode': 0}
[122.333775] (msgs) JobProgress: {'identifier': 'msgs', 'progress': 'install'}
[122.381924] (-) TimerEvent: {}
[122.484784] (-) TimerEvent: {}
[122.544537] (msgs) Command: {'cmd': ['/usr/bin/cmake', '--install', '/home/ngt/ZENS-Final-AUVC/ros_ws/build/msgs'], 'cwd': '/home/ngt/ZENS-Final-AUVC/ros_ws/build/msgs', 'env': OrderedDict({'PYTHON_BASIC_REPL': '1', 'VIRTUALENVWRAPPER_WORKON_CD': '1', 'USER': 'ngt', 'SSH_CLIENT': '192.168.3.1 64577 22', 'WORKON_HOME': '/home/ngt/.virtualenvs', 'GZ_SIM_RESOURCE_PATH': '/opt/ros/jazzy/share', 'GZ_CONFIG_PATH': '/opt/ros/jazzy/opt/gz_sim_vendor/share/gz:/opt/ros/jazzy/opt/sdformat_vendor/share/gz:/opt/ros/jazzy/opt/gz_gui_vendor/share/gz:/opt/ros/jazzy/opt/gz_transport_vendor/share/gz:/opt/ros/jazzy/opt/gz_rendering_vendor/share/gz:/opt/ros/jazzy/opt/gz_plugin_vendor/share/gz:/opt/ros/jazzy/opt/gz_fuel_tools_vendor/share/gz:/opt/ros/jazzy/opt/gz_msgs_vendor/share/gz:/opt/ros/jazzy/opt/gz_common_vendor/share/gz', 'XDG_SESSION_TYPE': 'tty', 'GIT_ASKPASS': '/home/ngt/.vscode-server/cli/servers/Stable-e4c7e7b1d6d060162f4aa7f8225271b67ce1df75/server/extensions/git/dist/askpass.sh', 'SHLVL': '1', 'BROWSER': '/home/ngt/.vscode-server/cli/servers/Stable-e4c7e7b1d6d060162f4aa7f8225271b67ce1df75/server/bin/helpers/browser.sh', 'LD_LIBRARY_PATH': '/home/ngt/ZENS-Final-AUVC/ros_ws/install/msgs/lib:/home/ngt/auvc_ws/install/example_custom_srv/lib:/home/ngt/pid_ws/install/target_depth_msgs/lib:/opt/ros/jazzy/opt/gz_sim_vendor/lib:/opt/ros/jazzy/opt/gz_sensors_vendor/lib:/opt/ros/jazzy/opt/gz_physics_vendor/lib:/opt/ros/jazzy/opt/sdformat_vendor/lib:/opt/ros/jazzy/opt/rviz_ogre_vendor/lib:/opt/ros/jazzy/lib/aarch64-linux-gnu:/opt/ros/jazzy/opt/gz_gui_vendor/lib:/opt/ros/jazzy/opt/gz_transport_vendor/lib:/opt/ros/jazzy/opt/gz_rendering_vendor/lib:/opt/ros/jazzy/opt/gz_plugin_vendor/lib:/opt/ros/jazzy/opt/gz_fuel_tools_vendor/lib:/opt/ros/jazzy/opt/gz_msgs_vendor/lib:/opt/ros/jazzy/opt/gz_common_vendor/lib:/opt/ros/jazzy/opt/gz_math_vendor/lib:/opt/ros/jazzy/opt/gz_utils_vendor/lib:/opt/ros/jazzy/opt/gz_tools_vendor/lib:/opt/ros/jazzy/opt/gz_ogre_next_vendor/lib:/opt/ros/jazzy/opt/gz_dartsim_vendor/lib:/opt/ros/jazzy/opt/gz_cmake_vendor/lib:/opt/ros/jazzy/lib', 'GZ_TRANSPORT_ID': '192.168.3.1', 'HOME': '/home/ngt', 'OLDPWD': '/home/ngt/ZENS-Final-AUVC', 'LESS': '-R', 'VIRTUALENVWRAPPER_PYTHON': '/usr/bin/python3', 'TERM_PROGRAM_VERSION': '1.131.0', 'VSCODE_IPC_HOOK_CLI': '/run/user/1004/vscode-ipc-103574d8-1004-48c0-8a1d-e8ee6d0e52f3.sock', 'ZSH': '/home/ngt/.oh-my-zsh', 'LSCOLORS': 'Gxfxcxdxbxegedabagacad', 'GZ_TRANSPORT_PUB_PORT': '11345', 'VSCODE_GIT_ASKPASS_MAIN': '/home/ngt/.vscode-server/cli/servers/Stable-e4c7e7b1d6d060162f4aa7f8225271b67ce1df75/server/extensions/git/dist/askpass-main.js', 'PAGER': 'less', 'ROS_PYTHON_VERSION': '3', 'PS1': '(ardusub) %(?:%{\x1b[01;32m%}%1{➜%} :%{\x1b[01;31m%}%1{➜%} ) %{\x1b[36m%}%c%{\x1b[00m%} $(git_prompt_info)', 'VSCODE_GIT_ASKPASS_NODE': '/home/ngt/.vscode-server/cli/servers/Stable-e4c7e7b1d6d060162f4aa7f8225271b67ce1df75/server/node', 'DBUS_SESSION_BUS_ADDRESS': 'unix:path=/run/user/1004/bus', 'PYDEVD_DISABLE_FILE_VALIDATION': '1', 'BUNDLED_DEBUGPY_PATH': '/home/ngt/.vscode-server/extensions/ms-python.debugpy-2026.6.0-linux-arm64/bundled/libs/debugpy', 'GZ_TRANSPORT_SUB_PORT': '11346', 'VSCODE_PYTHON_AUTOACTIVATE_GUARD': '1', 'COLORTERM': 'truecolor', 'ROS_DISTRO': 'jazzy', 'COLCON_PREFIX_PATH': '/home/ngt/ZENS-Final-AUVC/ros_ws/install:/home/ngt/auvc_ws/install:/home/ngt/cv_ws/install:/home/ngt/pid_ws/install:/home/ngt/auv_dancing/install', 'LOGNAME': 'ngt', '_': '/usr/bin/colcon', 'XDG_SESSION_CLASS': 'user', 'USER_ZDOTDIR': '/home/ngt', 'ROS_VERSION': '2', 'XDG_SESSION_ID': '1', 'TERM': 'xterm-256color', 'PATH': '/home/ngt/.virtualenvs/ardusub/bin:/home/ngt/.opencode/bin:/opt/ros/jazzy/opt/gz_msgs_vendor/bin:/opt/ros/jazzy/opt/gz_tools_vendor/bin:/opt/ros/jazzy/opt/gz_ogre_next_vendor/bin:/opt/ros/jazzy/bin:/usr/lib/ccache:/home/ngt/.vscode-server/data/User/globalStorage/github.copilot-chat/debugCommand:/home/ngt/.vscode-server/data/User/globalStorage/github.copilot-chat/copilotCli:/home/ngt/.vscode-server/cli/servers/Stable-e4c7e7b1d6d060162f4aa7f8225271b67ce1df75/server/bin/remote-cli:/usr/local/sbin:/usr/local/bin:/usr/sbin:/usr/bin:/sbin:/bin:/usr/games:/usr/local/games:/snap/bin:/home/ngt/.vscode-server/extensions/ms-python.debugpy-2026.6.0-linux-arm64/bundled/scripts/noConfigScripts:/home/ngt/.local/bin:/home/ngt/ardupilot/Tools/autotest', 'XDG_RUNTIME_DIR': '/run/user/1004', 'GZ_PARTITION': 'my_sim', 'LANG': 'en_US.UTF-8', 'VSCODE_DEBUGPY_ADAPTER_ENDPOINTS': '/home/ngt/.vscode-server/extensions/ms-python.debugpy-2026.6.0-linux-arm64/.noConfigDebugAdapterEndpoints/endpoint-c18b4b5d63521f01.txt', 'PYTHONSTARTUP': '/home/ngt/.vscode-server/data/User/workspaceStorage/ebe247280dad30c76e3d7235d970e14f/ms-python.python/pythonrc.py', 'VSCODE_INJECTION': '1', 'VIRTUAL_ENV_PROMPT': 'ardusub', 'TERM_PROGRAM': 'vscode', 'VSCODE_GIT_IPC_HANDLE': '/run/user/1004/vscode-git-75828e3940.sock', 'LS_COLORS': 'rs=0:di=01;34:ln=01;36:mh=00:pi=40;33:so=01;35:do=01;35:bd=40;33;01:cd=40;33;01:or=40;31;01:mi=00:su=37;41:sg=30;43:ca=00:tw=30;42:ow=34;42:st=37;44:ex=01;32:*.tar=01;31:*.tgz=01;31:*.arc=01;31:*.arj=01;31:*.taz=01;31:*.lha=01;31:*.lz4=01;31:*.lzh=01;31:*.lzma=01;31:*.tlz=01;31:*.txz=01;31:*.tzo=01;31:*.t7z=01;31:*.zip=01;31:*.z=01;31:*.dz=01;31:*.gz=01;31:*.lrz=01;31:*.lz=01;31:*.lzo=01;31:*.xz=01;31:*.zst=01;31:*.tzst=01;31:*.bz2=01;31:*.bz=01;31:*.tbz=01;31:*.tbz2=01;31:*.tz=01;31:*.deb=01;31:*.rpm=01;31:*.jar=01;31:*.war=01;31:*.ear=01;31:*.sar=01;31:*.rar=01;31:*.alz=01;31:*.ace=01;31:*.zoo=01;31:*.cpio=01;31:*.7z=01;31:*.rz=01;31:*.cab=01;31:*.wim=01;31:*.swm=01;31:*.dwm=01;31:*.esd=01;31:*.avif=01;35:*.jpg=01;35:*.jpeg=01;35:*.mjpg=01;35:*.mjpeg=01;35:*.gif=01;35:*.bmp=01;35:*.pbm=01;35:*.pgm=01;35:*.ppm=01;35:*.tga=01;35:*.xbm=01;35:*.xpm=01;35:*.tif=01;35:*.tiff=01;35:*.png=01;35:*.svg=01;35:*.svgz=01;35:*.mng=01;35:*.pcx=01;35:*.mov=01;35:*.mpg=01;35:*.mpeg=01;35:*.m2v=01;35:*.mkv=01;35:*.webm=01;35:*.webp=01;35:*.ogm=01;35:*.mp4=01;35:*.m4v=01;35:*.mp4v=01;35:*.vob=01;35:*.qt=01;35:*.nuv=01;35:*.wmv=01;35:*.asf=01;35:*.rm=01;35:*.rmvb=01;35:*.flc=01;35:*.avi=01;35:*.fli=01;35:*.flv=01;35:*.gl=01;35:*.dl=01;35:*.xcf=01;35:*.xwd=01;35:*.yuv=01;35:*.cgm=01;35:*.emf=01;35:*.ogv=01;35:*.ogx=01;35:*.aac=00;36:*.au=00;36:*.flac=00;36:*.m4a=00;36:*.mid=00;36:*.midi=00;36:*.mka=00;36:*.mp3=00;36:*.mpc=00;36:*.ogg=00;36:*.ra=00;36:*.wav=00;36:*.oga=00;36:*.opus=00;36:*.spx=00;36:*.xspf=00;36:*~=00;90:*#=00;90:*.bak=00;90:*.crdownload=00;90:*.dpkg-dist=00;90:*.dpkg-new=00;90:*.dpkg-old=00;90:*.dpkg-tmp=00;90:*.old=00;90:*.orig=00;90:*.part=00;90:*.rej=00;90:*.rpmnew=00;90:*.rpmorig=00;90:*.rpmsave=00;90:*.swp=00;90:*.tmp=00;90:*.ucf-dist=00;90:*.ucf-new=00;90:*.ucf-old=00;90:', 'AMENT_PREFIX_PATH': '/home/ngt/ZENS-Final-AUVC/ros_ws/install/msgs:/home/ngt/ZENS-Final-AUVC/ros_ws/install/hardware:/home/ngt/ZENS-Final-AUVC/ros_ws/install/flashing:/home/ngt/ZENS-Final-AUVC/ros_ws/install/cv:/home/ngt/ZENS-Final-AUVC/ros_ws/install/control:/home/ngt/ZENS-Final-AUVC/ros_ws/install/bringup:/home/ngt/auvc_ws/install/tutorial_virtualenvs:/home/ngt/auvc_ws/install/tutorial_pid:/home/ngt/auvc_ws/install/tutorial_ardusub:/home/ngt/auvc_ws/install/tutorial:/home/ngt/auvc_ws/install/rosmav:/home/ngt/auvc_ws/install/example_custom_srv:/home/ngt/cv_ws/install/cv:/home/ngt/pid_ws/install/target_depth_msgs:/home/ngt/pid_ws/install/pid:/home/ngt/auv_dancing/install/tutorial:/opt/ros/jazzy', 'SHELL': '/usr/bin/zsh', 'VIRTUALENVWRAPPER_PROJECT_FILENAME': '.project', 'VIRTUALENVWRAPPER_HOOK_DIR': '/home/ngt/.virtualenvs', 'VSCODE_GIT_ASKPASS_EXTRA_ARGS': '', 'VIRTUALENVWRAPPER_SCRIPT': '/usr/share/virtualenvwrapper/virtualenvwrapper.sh', 'ROS_AUTOMATIC_DISCOVERY_RANGE': 'SUBNET', 'VIRTUAL_ENV': '/home/ngt/.virtualenvs/ardusub', 'LC_ALL': 'en_US.UTF-8', 'PWD': '/home/ngt/ZENS-Final-AUVC/ros_ws/build/msgs', 'SSH_CONNECTION': '192.168.3.1 64577 192.168.3.2 22', 'COPILOT_DEBUG_NONCE': 'ecfdf1043499788fb94714472659d404', 'ZDOTDIR': '/home/ngt', 'PYTHONPATH': '/home/ngt/ZENS-Final-AUVC/ros_ws/install/msgs/lib/python3.12/site-packages:/home/ngt/ZENS-Final-AUVC/ros_ws/install/hardware/lib/python3.12/site-packages:/home/ngt/ZENS-Final-AUVC/ros_ws/install/flashing/lib/python3.12/site-packages:/home/ngt/ZENS-Final-AUVC/ros_ws/install/cv/lib/python3.12/site-packages:/home/ngt/ZENS-Final-AUVC/ros_ws/install/control/lib/python3.12/site-packages:/home/ngt/ZENS-Final-AUVC/ros_ws/install/bringup/lib/python3.12/site-packages:/home/ngt/auvc_ws/install/tutorial_virtualenvs/lib/python3.12/site-packages:/home/ngt/auvc_ws/install/tutorial_pid/lib/python3.12/site-packages:/home/ngt/auvc_ws/install/tutorial_ardusub/lib/python3.12/site-packages:/home/ngt/auvc_ws/install/tutorial/lib/python3.12/site-packages:/home/ngt/auvc_ws/install/rosmav/lib/python3.12/site-packages:/home/ngt/auvc_ws/install/example_custom_srv/lib/python3.12/site-packages:/home/ngt/cv_ws/install/cv/lib/python3.12/site-packages:/home/ngt/pid_ws/install/target_depth_msgs/lib/python3.12/site-packages:/home/ngt/pid_ws/install/pid/lib/python3.12/site-packages:/home/ngt/auv_dancing/install/tutorial/lib/python3.12/site-packages:/opt/ros/jazzy/lib/python3.12/site-packages', 'COLCON': '1', 'CMAKE_PREFIX_PATH': '/home/ngt/ZENS-Final-AUVC/ros_ws/install/msgs:/home/ngt/auvc_ws/install/example_custom_srv:/home/ngt/pid_ws/install/target_depth_msgs:/opt/ros/jazzy/opt/gz_sim_vendor:/opt/ros/jazzy/opt/gz_sensors_vendor:/opt/ros/jazzy/opt/gz_physics_vendor:/opt/ros/jazzy/opt/sdformat_vendor:/opt/ros/jazzy/opt/gz_gui_vendor:/opt/ros/jazzy/opt/gz_transport_vendor:/opt/ros/jazzy/opt/gz_rendering_vendor:/opt/ros/jazzy/opt/gz_plugin_vendor:/opt/ros/jazzy/opt/gz_fuel_tools_vendor:/opt/ros/jazzy/opt/gz_msgs_vendor:/opt/ros/jazzy/opt/gz_common_vendor:/opt/ros/jazzy/opt/gz_math_vendor:/opt/ros/jazzy/opt/gz_utils_vendor:/opt/ros/jazzy/opt/gz_tools_vendor:/opt/ros/jazzy/opt/gz_ogre_next_vendor:/opt/ros/jazzy/opt/gz_dartsim_vendor:/opt/ros/jazzy/opt/gz_cmake_vendor:/home/ngt/ZENS-Final-AUVC/ros_ws/install/hardware:/home/ngt/ZENS-Final-AUVC/ros_ws/install/flashing:/home/ngt/ZENS-Final-AUVC/ros_ws/install/cv:/home/ngt/ZENS-Final-AUVC/ros_ws/install/control:/home/ngt/ZENS-Final-AUVC/ros_ws/install/bringup:/home/ngt/auvc_ws/install/tutorial_virtualenvs:/home/ngt/auvc_ws/install/tutorial_pid:/home/ngt/auvc_ws/install/tutorial_ardusub:/home/ngt/auvc_ws/install/tutorial:/home/ngt/auvc_ws/install/rosmav:/home/ngt/cv_ws/install/cv:/home/ngt/pid_ws/install/pid:/home/ngt/auv_dancing/install/tutorial:/opt/ros/jazzy'}), 'shell': False}
[122.587755] (-) TimerEvent: {}
[122.690990] (-) TimerEvent: {}
[122.798765] (msgs) StdoutLine: {'line': b'-- Install configuration: ""\n'}
[122.799569] (-) TimerEvent: {}
[122.800958] (msgs) StdoutLine: {'line': b'-- Up-to-date: /home/ngt/ZENS-Final-AUVC/ros_ws/install/msgs/share/ament_index/resource_index/rosidl_interfaces/msgs\n'}
[122.802065] (msgs) StdoutLine: {'line': b'-- Up-to-date: /home/ngt/ZENS-Final-AUVC/ros_ws/install/msgs/share/msgs/msg/TargetDepth.json\n'}
[122.803138] (msgs) StdoutLine: {'line': b'-- Up-to-date: /home/ngt/ZENS-Final-AUVC/ros_ws/install/msgs/include/msgs/msgs\n'}
[122.803813] (msgs) StdoutLine: {'line': b'-- Up-to-date: /home/ngt/ZENS-Final-AUVC/ros_ws/install/msgs/include/msgs/msgs/msg\n'}
[122.820925] (msgs) StdoutLine: {'line': b'-- Up-to-date: /home/ngt/ZENS-Final-AUVC/ros_ws/install/msgs/include/msgs/msgs/msg/detail\n'}
[122.821740] (msgs) StdoutLine: {'line': b'-- Up-to-date: /home/ngt/ZENS-Final-AUVC/ros_ws/install/msgs/include/msgs/msgs/msg/detail/target_depth__struct.h\n'}
[122.822516] (msgs) StdoutLine: {'line': b'-- Installing: /home/ngt/ZENS-Final-AUVC/ros_ws/install/msgs/include/msgs/msgs/msg/detail/target_depth__type_support.c\n'}
[122.823270] (msgs) StdoutLine: {'line': b'-- Up-to-date: /home/ngt/ZENS-Final-AUVC/ros_ws/install/msgs/include/msgs/msgs/msg/detail/target_depth__functions.c\n'}
[122.836239] (msgs) StdoutLine: {'line': b'-- Up-to-date: /home/ngt/ZENS-Final-AUVC/ros_ws/install/msgs/include/msgs/msgs/msg/detail/target_depth__functions.h\n'}
[122.836894] (msgs) StdoutLine: {'line': b'-- Up-to-date: /home/ngt/ZENS-Final-AUVC/ros_ws/install/msgs/include/msgs/msgs/msg/detail/target_depth__description.c\n'}
[122.837669] (msgs) StdoutLine: {'line': b'-- Up-to-date: /home/ngt/ZENS-Final-AUVC/ros_ws/install/msgs/include/msgs/msgs/msg/detail/target_depth__type_support.h\n'}
[122.838296] (msgs) StdoutLine: {'line': b'-- Up-to-date: /home/ngt/ZENS-Final-AUVC/ros_ws/install/msgs/include/msgs/msgs/msg/target_depth.h\n'}
[122.851253] (msgs) StdoutLine: {'line': b'-- Up-to-date: /home/ngt/ZENS-Final-AUVC/ros_ws/install/msgs/include/msgs/msgs/msg/rosidl_generator_c__visibility_control.h\n'}
[122.851929] (msgs) StdoutLine: {'line': b'-- Up-to-date: /home/ngt/ZENS-Final-AUVC/ros_ws/install/msgs/share/msgs/environment/library_path.sh\n'}
[122.852529] (msgs) StdoutLine: {'line': b'-- Up-to-date: /home/ngt/ZENS-Final-AUVC/ros_ws/install/msgs/share/msgs/environment/library_path.dsv\n'}
[122.853183] (msgs) StdoutLine: {'line': b'-- Up-to-date: /home/ngt/ZENS-Final-AUVC/ros_ws/install/msgs/lib/libmsgs__rosidl_generator_c.so\n'}
[122.864710] (msgs) StdoutLine: {'line': b'-- Up-to-date: /home/ngt/ZENS-Final-AUVC/ros_ws/install/msgs/include/msgs/msgs\n'}
[122.865346] (msgs) StdoutLine: {'line': b'-- Up-to-date: /home/ngt/ZENS-Final-AUVC/ros_ws/install/msgs/include/msgs/msgs/msg\n'}
[122.866145] (msgs) StdoutLine: {'line': b'-- Up-to-date: /home/ngt/ZENS-Final-AUVC/ros_ws/install/msgs/include/msgs/msgs/msg/rosidl_typesupport_fastrtps_c__visibility_control.h\n'}
[122.871122] (msgs) StdoutLine: {'line': b'-- Up-to-date: /home/ngt/ZENS-Final-AUVC/ros_ws/install/msgs/include/msgs/msgs/msg/detail\n'}
[122.872069] (msgs) StdoutLine: {'line': b'-- Up-to-date: /home/ngt/ZENS-Final-AUVC/ros_ws/install/msgs/include/msgs/msgs/msg/detail/target_depth__rosidl_typesupport_fastrtps_c.h\n'}
[122.872668] (msgs) StdoutLine: {'line': b'-- Up-to-date: /home/ngt/ZENS-Final-AUVC/ros_ws/install/msgs/lib/libmsgs__rosidl_typesupport_fastrtps_c.so\n'}
[122.873354] (msgs) StdoutLine: {'line': b'-- Up-to-date: /home/ngt/ZENS-Final-AUVC/ros_ws/install/msgs/include/msgs/msgs\n'}
[122.873981] (msgs) StdoutLine: {'line': b'-- Up-to-date: /home/ngt/ZENS-Final-AUVC/ros_ws/install/msgs/include/msgs/msgs/msg\n'}
[122.877507] (msgs) StdoutLine: {'line': b'-- Up-to-date: /home/ngt/ZENS-Final-AUVC/ros_ws/install/msgs/include/msgs/msgs/msg/rosidl_generator_cpp__visibility_control.hpp\n'}
[122.878357] (msgs) StdoutLine: {'line': b'-- Up-to-date: /home/ngt/ZENS-Final-AUVC/ros_ws/install/msgs/include/msgs/msgs/msg/detail\n'}
[122.884377] (msgs) StdoutLine: {'line': b'-- Up-to-date: /home/ngt/ZENS-Final-AUVC/ros_ws/install/msgs/include/msgs/msgs/msg/detail/target_depth__traits.hpp\n'}
[122.890427] (msgs) StdoutLine: {'line': b'-- Up-to-date: /home/ngt/ZENS-Final-AUVC/ros_ws/install/msgs/include/msgs/msgs/msg/detail/target_depth__type_support.hpp\n'}
[122.891196] (msgs) StdoutLine: {'line': b'-- Up-to-date: /home/ngt/ZENS-Final-AUVC/ros_ws/install/msgs/include/msgs/msgs/msg/detail/target_depth__builder.hpp\n'}
[122.892264] (msgs) StdoutLine: {'line': b'-- Up-to-date: /home/ngt/ZENS-Final-AUVC/ros_ws/install/msgs/include/msgs/msgs/msg/detail/target_depth__struct.hpp\n'}
[122.904506] (-) TimerEvent: {}
[122.905130] (msgs) StdoutLine: {'line': b'-- Up-to-date: /home/ngt/ZENS-Final-AUVC/ros_ws/install/msgs/include/msgs/msgs/msg/target_depth.hpp\n'}
[122.905765] (msgs) StdoutLine: {'line': b'-- Up-to-date: /home/ngt/ZENS-Final-AUVC/ros_ws/install/msgs/include/msgs/msgs\n'}
[122.906244] (msgs) StdoutLine: {'line': b'-- Up-to-date: /home/ngt/ZENS-Final-AUVC/ros_ws/install/msgs/include/msgs/msgs/msg\n'}
[122.910823] (msgs) StdoutLine: {'line': b'-- Up-to-date: /home/ngt/ZENS-Final-AUVC/ros_ws/install/msgs/include/msgs/msgs/msg/rosidl_typesupport_fastrtps_cpp__visibility_control.h\n'}
[122.912050] (msgs) StdoutLine: {'line': b'-- Up-to-date: /home/ngt/ZENS-Final-AUVC/ros_ws/install/msgs/include/msgs/msgs/msg/detail\n'}
[122.912556] (msgs) StdoutLine: {'line': b'-- Up-to-date: /home/ngt/ZENS-Final-AUVC/ros_ws/install/msgs/include/msgs/msgs/msg/detail/dds_fastrtps\n'}
[122.913176] (msgs) StdoutLine: {'line': b'-- Up-to-date: /home/ngt/ZENS-Final-AUVC/ros_ws/install/msgs/include/msgs/msgs/msg/detail/target_depth__rosidl_typesupport_fastrtps_cpp.hpp\n'}
[122.916398] (msgs) StdoutLine: {'line': b'-- Up-to-date: /home/ngt/ZENS-Final-AUVC/ros_ws/install/msgs/lib/libmsgs__rosidl_typesupport_fastrtps_cpp.so\n'}
[122.917323] (msgs) StdoutLine: {'line': b'-- Up-to-date: /home/ngt/ZENS-Final-AUVC/ros_ws/install/msgs/include/msgs/msgs\n'}
[122.921115] (msgs) StdoutLine: {'line': b'-- Up-to-date: /home/ngt/ZENS-Final-AUVC/ros_ws/install/msgs/include/msgs/msgs/msg\n'}
[122.927068] (msgs) StdoutLine: {'line': b'-- Up-to-date: /home/ngt/ZENS-Final-AUVC/ros_ws/install/msgs/include/msgs/msgs/msg/rosidl_typesupport_introspection_c__visibility_control.h\n'}
[122.927993] (msgs) StdoutLine: {'line': b'-- Up-to-date: /home/ngt/ZENS-Final-AUVC/ros_ws/install/msgs/include/msgs/msgs/msg/detail\n'}
[122.930854] (msgs) StdoutLine: {'line': b'-- Installing: /home/ngt/ZENS-Final-AUVC/ros_ws/install/msgs/include/msgs/msgs/msg/detail/target_depth__type_support.c\n'}
[122.938813] (msgs) StdoutLine: {'line': b'-- Up-to-date: /home/ngt/ZENS-Final-AUVC/ros_ws/install/msgs/include/msgs/msgs/msg/detail/target_depth__rosidl_typesupport_introspection_c.h\n'}
[122.939723] (msgs) StdoutLine: {'line': b'-- Up-to-date: /home/ngt/ZENS-Final-AUVC/ros_ws/install/msgs/lib/libmsgs__rosidl_typesupport_introspection_c.so\n'}
[122.951793] (msgs) StdoutLine: {'line': b'-- Up-to-date: /home/ngt/ZENS-Final-AUVC/ros_ws/install/msgs/lib/libmsgs__rosidl_typesupport_c.so\n'}
[122.952540] (msgs) StdoutLine: {'line': b'-- Up-to-date: /home/ngt/ZENS-Final-AUVC/ros_ws/install/msgs/include/msgs/msgs\n'}
[122.955855] (msgs) StdoutLine: {'line': b'-- Up-to-date: /home/ngt/ZENS-Final-AUVC/ros_ws/install/msgs/include/msgs/msgs/msg\n'}
[122.967775] (msgs) StdoutLine: {'line': b'-- Up-to-date: /home/ngt/ZENS-Final-AUVC/ros_ws/install/msgs/include/msgs/msgs/msg/detail\n'}
[122.968541] (msgs) StdoutLine: {'line': b'-- Up-to-date: /home/ngt/ZENS-Final-AUVC/ros_ws/install/msgs/include/msgs/msgs/msg/detail/target_depth__rosidl_typesupport_introspection_cpp.hpp\n'}
[122.969237] (msgs) StdoutLine: {'line': b'-- Up-to-date: /home/ngt/ZENS-Final-AUVC/ros_ws/install/msgs/include/msgs/msgs/msg/detail/target_depth__type_support.cpp\n'}
[122.979802] (msgs) StdoutLine: {'line': b'-- Up-to-date: /home/ngt/ZENS-Final-AUVC/ros_ws/install/msgs/lib/libmsgs__rosidl_typesupport_introspection_cpp.so\n'}
[122.982130] (msgs) StdoutLine: {'line': b'-- Up-to-date: /home/ngt/ZENS-Final-AUVC/ros_ws/install/msgs/lib/libmsgs__rosidl_typesupport_cpp.so\n'}
[122.983124] (msgs) StdoutLine: {'line': b'-- Up-to-date: /home/ngt/ZENS-Final-AUVC/ros_ws/install/msgs/share/msgs/environment/pythonpath.sh\n'}
[122.984115] (msgs) StdoutLine: {'line': b'-- Up-to-date: /home/ngt/ZENS-Final-AUVC/ros_ws/install/msgs/share/msgs/environment/pythonpath.dsv\n'}
[122.993345] (msgs) StdoutLine: {'line': b'-- Up-to-date: /home/ngt/ZENS-Final-AUVC/ros_ws/install/msgs/lib/python3.12/site-packages/msgs-0.0.0-py3.12.egg-info\n'}
[122.994315] (msgs) StdoutLine: {'line': b'-- Up-to-date: /home/ngt/ZENS-Final-AUVC/ros_ws/install/msgs/lib/python3.12/site-packages/msgs-0.0.0-py3.12.egg-info/SOURCES.txt\n'}
[122.995040] (msgs) StdoutLine: {'line': b'-- Up-to-date: /home/ngt/ZENS-Final-AUVC/ros_ws/install/msgs/lib/python3.12/site-packages/msgs-0.0.0-py3.12.egg-info/top_level.txt\n'}
[122.995556] (msgs) StdoutLine: {'line': b'-- Up-to-date: /home/ngt/ZENS-Final-AUVC/ros_ws/install/msgs/lib/python3.12/site-packages/msgs-0.0.0-py3.12.egg-info/dependency_links.txt\n'}
[123.005355] (-) TimerEvent: {}
[123.008048] (msgs) StdoutLine: {'line': b'-- Up-to-date: /home/ngt/ZENS-Final-AUVC/ros_ws/install/msgs/lib/python3.12/site-packages/msgs-0.0.0-py3.12.egg-info/PKG-INFO\n'}
[123.009207] (msgs) StdoutLine: {'line': b'-- Up-to-date: /home/ngt/ZENS-Final-AUVC/ros_ws/install/msgs/lib/python3.12/site-packages/msgs\n'}
[123.016985] (msgs) StdoutLine: {'line': b'-- Up-to-date: /home/ngt/ZENS-Final-AUVC/ros_ws/install/msgs/lib/python3.12/site-packages/msgs/msgs_s__rosidl_typesupport_fastrtps_c.so\n'}
[123.017671] (msgs) StdoutLine: {'line': b'-- Up-to-date: /home/ngt/ZENS-Final-AUVC/ros_ws/install/msgs/lib/python3.12/site-packages/msgs/msgs_s__rosidl_typesupport_c.so\n'}
[123.018177] (msgs) StdoutLine: {'line': b'-- Up-to-date: /home/ngt/ZENS-Final-AUVC/ros_ws/install/msgs/lib/python3.12/site-packages/msgs/msg\n'}
[123.018654] (msgs) StdoutLine: {'line': b'-- Up-to-date: /home/ngt/ZENS-Final-AUVC/ros_ws/install/msgs/lib/python3.12/site-packages/msgs/msg/_target_depth.py\n'}
[123.019417] (msgs) StdoutLine: {'line': b'-- Up-to-date: /home/ngt/ZENS-Final-AUVC/ros_ws/install/msgs/lib/python3.12/site-packages/msgs/msg/_target_depth_s.c\n'}
[123.028484] (msgs) StdoutLine: {'line': b'-- Up-to-date: /home/ngt/ZENS-Final-AUVC/ros_ws/install/msgs/lib/python3.12/site-packages/msgs/msg/__init__.py\n'}
[123.031432] (msgs) StdoutLine: {'line': b'-- Up-to-date: /home/ngt/ZENS-Final-AUVC/ros_ws/install/msgs/lib/python3.12/site-packages/msgs/_msgs_s.ep.rosidl_typesupport_introspection_c.c\n'}
[123.036040] (msgs) StdoutLine: {'line': b'-- Up-to-date: /home/ngt/ZENS-Final-AUVC/ros_ws/install/msgs/lib/python3.12/site-packages/msgs/_msgs_s.ep.rosidl_typesupport_fastrtps_c.c\n'}
[123.036702] (msgs) StdoutLine: {'line': b'-- Up-to-date: /home/ngt/ZENS-Final-AUVC/ros_ws/install/msgs/lib/python3.12/site-packages/msgs/msgs_s__rosidl_typesupport_introspection_c.so\n'}
[123.037258] (msgs) StdoutLine: {'line': b'-- Up-to-date: /home/ngt/ZENS-Final-AUVC/ros_ws/install/msgs/lib/python3.12/site-packages/msgs/_msgs_s.ep.rosidl_typesupport_c.c\n'}
[123.053011] (msgs) StdoutLine: {'line': b'-- Up-to-date: /home/ngt/ZENS-Final-AUVC/ros_ws/install/msgs/lib/python3.12/site-packages/msgs/__init__.py\n'}
[123.110940] (-) TimerEvent: {}
[123.216808] (-) TimerEvent: {}
[123.321031] (-) TimerEvent: {}
[123.428788] (-) TimerEvent: {}
[123.530910] (-) TimerEvent: {}
[123.634787] (-) TimerEvent: {}
[123.739075] (-) TimerEvent: {}
[123.846365] (-) TimerEvent: {}
[123.870154] (msgs) StdoutLine: {'line': b"Listing '/home/ngt/ZENS-Final-AUVC/ros_ws/install/msgs/lib/python3.12/site-packages/msgs'...\n"}
[123.875097] (msgs) StdoutLine: {'line': b"Listing '/home/ngt/ZENS-Final-AUVC/ros_ws/install/msgs/lib/python3.12/site-packages/msgs/msg'...\n"}
[123.924064] (msgs) StdoutLine: {'line': b'-- Up-to-date: /home/ngt/ZENS-Final-AUVC/ros_ws/install/msgs/lib/python3.12/site-packages/msgs/msgs_s__rosidl_typesupport_fastrtps_c.so\n'}
[123.930176] (msgs) StdoutLine: {'line': b'-- Up-to-date: /home/ngt/ZENS-Final-AUVC/ros_ws/install/msgs/lib/python3.12/site-packages/msgs/msgs_s__rosidl_typesupport_introspection_c.so\n'}
[123.946169] (msgs) StdoutLine: {'line': b'-- Up-to-date: /home/ngt/ZENS-Final-AUVC/ros_ws/install/msgs/lib/python3.12/site-packages/msgs/msgs_s__rosidl_typesupport_c.so\n'}
[123.946916] (-) TimerEvent: {}
[123.949904] (msgs) StdoutLine: {'line': b'-- Up-to-date: /home/ngt/ZENS-Final-AUVC/ros_ws/install/msgs/lib/libmsgs__rosidl_generator_py.so\n'}
[123.966106] (msgs) StdoutLine: {'line': b'-- Up-to-date: /home/ngt/ZENS-Final-AUVC/ros_ws/install/msgs/share/ament_index/resource_index/rust_packages/msgs\n'}
[123.977642] (msgs) StdoutLine: {'line': b'-- Up-to-date: /home/ngt/ZENS-Final-AUVC/ros_ws/install/msgs/share/msgs/rust\n'}
[123.978481] (msgs) StdoutLine: {'line': b'-- Up-to-date: /home/ngt/ZENS-Final-AUVC/ros_ws/install/msgs/share/msgs/rust/build.rs\n'}
[123.979184] (msgs) StdoutLine: {'line': b'-- Up-to-date: /home/ngt/ZENS-Final-AUVC/ros_ws/install/msgs/share/msgs/rust/Cargo.toml\n'}
[123.993853] (msgs) StdoutLine: {'line': b'-- Up-to-date: /home/ngt/ZENS-Final-AUVC/ros_ws/install/msgs/share/msgs/rust/src\n'}
[123.994456] (msgs) StdoutLine: {'line': b'-- Up-to-date: /home/ngt/ZENS-Final-AUVC/ros_ws/install/msgs/share/msgs/rust/src/lib.rs\n'}
[123.995135] (msgs) StdoutLine: {'line': b'-- Up-to-date: /home/ngt/ZENS-Final-AUVC/ros_ws/install/msgs/share/msgs/rust/src/msg.rs\n'}
[124.007223] (msgs) StdoutLine: {'line': b'-- Up-to-date: /home/ngt/ZENS-Final-AUVC/ros_ws/install/msgs/share/msgs/rust/src/msg\n'}
[124.008004] (msgs) StdoutLine: {'line': b'-- Up-to-date: /home/ngt/ZENS-Final-AUVC/ros_ws/install/msgs/share/msgs/rust/src/msg/rmw.rs\n'}
[124.008577] (msgs) StdoutLine: {'line': b'-- Up-to-date: /home/ngt/ZENS-Final-AUVC/ros_ws/install/msgs/share/msgs/msg/TargetDepth.idl\n'}
[124.009230] (msgs) StdoutLine: {'line': b'-- Up-to-date: /home/ngt/ZENS-Final-AUVC/ros_ws/install/msgs/share/msgs/msg/TargetDepth.msg\n'}
[124.027780] (msgs) StdoutLine: {'line': b'-- Up-to-date: /home/ngt/ZENS-Final-AUVC/ros_ws/install/msgs/share/ament_index/resource_index/package_run_dependencies/msgs\n'}
[124.028589] (msgs) StdoutLine: {'line': b'-- Up-to-date: /home/ngt/ZENS-Final-AUVC/ros_ws/install/msgs/share/ament_index/resource_index/parent_prefix_path/msgs\n'}
[124.029349] (msgs) StdoutLine: {'line': b'-- Up-to-date: /home/ngt/ZENS-Final-AUVC/ros_ws/install/msgs/share/msgs/environment/ament_prefix_path.sh\n'}
[124.034588] (msgs) StdoutLine: {'line': b'-- Up-to-date: /home/ngt/ZENS-Final-AUVC/ros_ws/install/msgs/share/msgs/environment/ament_prefix_path.dsv\n'}
[124.035370] (msgs) StdoutLine: {'line': b'-- Up-to-date: /home/ngt/ZENS-Final-AUVC/ros_ws/install/msgs/share/msgs/environment/path.sh\n'}
[124.036117] (msgs) StdoutLine: {'line': b'-- Up-to-date: /home/ngt/ZENS-Final-AUVC/ros_ws/install/msgs/share/msgs/environment/path.dsv\n'}
[124.043593] (msgs) StdoutLine: {'line': b'-- Up-to-date: /home/ngt/ZENS-Final-AUVC/ros_ws/install/msgs/share/msgs/local_setup.bash\n'}
[124.044318] (msgs) StdoutLine: {'line': b'-- Up-to-date: /home/ngt/ZENS-Final-AUVC/ros_ws/install/msgs/share/msgs/local_setup.sh\n'}
[124.049176] (-) TimerEvent: {}
[124.054922] (msgs) StdoutLine: {'line': b'-- Up-to-date: /home/ngt/ZENS-Final-AUVC/ros_ws/install/msgs/share/msgs/local_setup.zsh\n'}
[124.057402] (msgs) StdoutLine: {'line': b'-- Up-to-date: /home/ngt/ZENS-Final-AUVC/ros_ws/install/msgs/share/msgs/local_setup.dsv\n'}
[124.058067] (msgs) StdoutLine: {'line': b'-- Installing: /home/ngt/ZENS-Final-AUVC/ros_ws/install/msgs/share/msgs/package.dsv\n'}
[124.058640] (msgs) StdoutLine: {'line': b'-- Up-to-date: /home/ngt/ZENS-Final-AUVC/ros_ws/install/msgs/share/ament_index/resource_index/packages/msgs\n'}
[124.059220] (msgs) StdoutLine: {'line': b'-- Up-to-date: /home/ngt/ZENS-Final-AUVC/ros_ws/install/msgs/share/msgs/cmake/export_msgs__rosidl_generator_cExport.cmake\n'}
[124.070401] (msgs) StdoutLine: {'line': b'-- Up-to-date: /home/ngt/ZENS-Final-AUVC/ros_ws/install/msgs/share/msgs/cmake/export_msgs__rosidl_generator_cExport-noconfig.cmake\n'}
[124.071125] (msgs) StdoutLine: {'line': b'-- Up-to-date: /home/ngt/ZENS-Final-AUVC/ros_ws/install/msgs/share/msgs/cmake/export_msgs__rosidl_typesupport_fastrtps_cExport.cmake\n'}
[124.071737] (msgs) StdoutLine: {'line': b'-- Up-to-date: /home/ngt/ZENS-Final-AUVC/ros_ws/install/msgs/share/msgs/cmake/export_msgs__rosidl_typesupport_fastrtps_cExport-noconfig.cmake\n'}
[124.072434] (msgs) StdoutLine: {'line': b'-- Up-to-date: /home/ngt/ZENS-Final-AUVC/ros_ws/install/msgs/share/msgs/cmake/export_msgs__rosidl_generator_cppExport.cmake\n'}
[124.083728] (msgs) StdoutLine: {'line': b'-- Up-to-date: /home/ngt/ZENS-Final-AUVC/ros_ws/install/msgs/share/msgs/cmake/export_msgs__rosidl_typesupport_fastrtps_cppExport.cmake\n'}
[124.084399] (msgs) StdoutLine: {'line': b'-- Up-to-date: /home/ngt/ZENS-Final-AUVC/ros_ws/install/msgs/share/msgs/cmake/export_msgs__rosidl_typesupport_fastrtps_cppExport-noconfig.cmake\n'}
[124.085099] (msgs) StdoutLine: {'line': b'-- Up-to-date: /home/ngt/ZENS-Final-AUVC/ros_ws/install/msgs/share/msgs/cmake/msgs__rosidl_typesupport_introspection_cExport.cmake\n'}
[124.096387] (msgs) StdoutLine: {'line': b'-- Up-to-date: /home/ngt/ZENS-Final-AUVC/ros_ws/install/msgs/share/msgs/cmake/msgs__rosidl_typesupport_introspection_cExport-noconfig.cmake\n'}
[124.097063] (msgs) StdoutLine: {'line': b'-- Up-to-date: /home/ngt/ZENS-Final-AUVC/ros_ws/install/msgs/share/msgs/cmake/msgs__rosidl_typesupport_cExport.cmake\n'}
[124.097659] (msgs) StdoutLine: {'line': b'-- Up-to-date: /home/ngt/ZENS-Final-AUVC/ros_ws/install/msgs/share/msgs/cmake/msgs__rosidl_typesupport_cExport-noconfig.cmake\n'}
[124.098223] (msgs) StdoutLine: {'line': b'-- Up-to-date: /home/ngt/ZENS-Final-AUVC/ros_ws/install/msgs/share/msgs/cmake/msgs__rosidl_typesupport_introspection_cppExport.cmake\n'}
[124.104741] (msgs) StdoutLine: {'line': b'-- Up-to-date: /home/ngt/ZENS-Final-AUVC/ros_ws/install/msgs/share/msgs/cmake/msgs__rosidl_typesupport_introspection_cppExport-noconfig.cmake\n'}
[124.105485] (msgs) StdoutLine: {'line': b'-- Up-to-date: /home/ngt/ZENS-Final-AUVC/ros_ws/install/msgs/share/msgs/cmake/msgs__rosidl_typesupport_cppExport.cmake\n'}
[124.106187] (msgs) StdoutLine: {'line': b'-- Up-to-date: /home/ngt/ZENS-Final-AUVC/ros_ws/install/msgs/share/msgs/cmake/msgs__rosidl_typesupport_cppExport-noconfig.cmake\n'}
[124.113765] (msgs) StdoutLine: {'line': b'-- Up-to-date: /home/ngt/ZENS-Final-AUVC/ros_ws/install/msgs/share/msgs/cmake/export_msgs__rosidl_generator_pyExport.cmake\n'}
[124.114491] (msgs) StdoutLine: {'line': b'-- Up-to-date: /home/ngt/ZENS-Final-AUVC/ros_ws/install/msgs/share/msgs/cmake/export_msgs__rosidl_generator_pyExport-noconfig.cmake\n'}
[124.115196] (msgs) StdoutLine: {'line': b'-- Up-to-date: /home/ngt/ZENS-Final-AUVC/ros_ws/install/msgs/share/msgs/cmake/rosidl_cmake-extras.cmake\n'}
[124.121721] (msgs) StdoutLine: {'line': b'-- Up-to-date: /home/ngt/ZENS-Final-AUVC/ros_ws/install/msgs/share/msgs/cmake/ament_cmake_export_dependencies-extras.cmake\n'}
[124.122398] (msgs) StdoutLine: {'line': b'-- Up-to-date: /home/ngt/ZENS-Final-AUVC/ros_ws/install/msgs/share/msgs/cmake/ament_cmake_export_include_directories-extras.cmake\n'}
[124.123056] (msgs) StdoutLine: {'line': b'-- Up-to-date: /home/ngt/ZENS-Final-AUVC/ros_ws/install/msgs/share/msgs/cmake/ament_cmake_export_libraries-extras.cmake\n'}
[124.130554] (msgs) StdoutLine: {'line': b'-- Up-to-date: /home/ngt/ZENS-Final-AUVC/ros_ws/install/msgs/share/msgs/cmake/ament_cmake_export_targets-extras.cmake\n'}
[124.131368] (msgs) StdoutLine: {'line': b'-- Up-to-date: /home/ngt/ZENS-Final-AUVC/ros_ws/install/msgs/share/msgs/cmake/rosidl_cmake_export_typesupport_targets-extras.cmake\n'}
[124.132031] (msgs) StdoutLine: {'line': b'-- Up-to-date: /home/ngt/ZENS-Final-AUVC/ros_ws/install/msgs/share/msgs/cmake/rosidl_cmake_export_typesupport_libraries-extras.cmake\n'}
[124.137448] (msgs) StdoutLine: {'line': b'-- Up-to-date: /home/ngt/ZENS-Final-AUVC/ros_ws/install/msgs/share/msgs/cmake/rosidl_cmake_aggregate_target-extras.cmake\n'}
[124.138426] (msgs) StdoutLine: {'line': b'-- Up-to-date: /home/ngt/ZENS-Final-AUVC/ros_ws/install/msgs/share/msgs/cmake/msgsConfig.cmake\n'}
[124.139052] (msgs) StdoutLine: {'line': b'-- Up-to-date: /home/ngt/ZENS-Final-AUVC/ros_ws/install/msgs/share/msgs/cmake/msgsConfig-version.cmake\n'}
[124.139747] (msgs) StdoutLine: {'line': b'-- Up-to-date: /home/ngt/ZENS-Final-AUVC/ros_ws/install/msgs/share/msgs/package.xml\n'}
[124.150010] (-) TimerEvent: {}
[124.157251] (msgs) CommandEnded: {'returncode': 0}
[124.254467] (-) TimerEvent: {}
[124.360086] (-) TimerEvent: {}
[124.461751] (-) TimerEvent: {}
[124.516145] (msgs) JobEnded: {'identifier': 'msgs', 'rc': 0}
[124.563766] (-) TimerEvent: {}
[124.666795] (-) TimerEvent: {}
[124.769765] (-) TimerEvent: {}
[124.872768] (-) TimerEvent: {}
[124.974812] (-) TimerEvent: {}
[125.075813] (-) TimerEvent: {}
[125.141315] (hardware) StdoutLine: {'line': b'running egg_info\n'}
[125.178777] (-) TimerEvent: {}
[125.279506] (-) TimerEvent: {}
[125.382760] (-) TimerEvent: {}
[125.483566] (-) TimerEvent: {}
[125.586754] (-) TimerEvent: {}
[125.687517] (-) TimerEvent: {}
[125.734028] (hardware) StdoutLine: {'line': b'writing ../../build/hardware/hardware.egg-info/PKG-INFO\n'}
[125.739919] (hardware) StdoutLine: {'line': b'writing dependency_links to ../../build/hardware/hardware.egg-info/dependency_links.txt\n'}
[125.744777] (hardware) StdoutLine: {'line': b'writing entry points to ../../build/hardware/hardware.egg-info/entry_points.txt\n'}
[125.747657] (hardware) StdoutLine: {'line': b'writing requirements to ../../build/hardware/hardware.egg-info/requires.txt\n'}
[125.748465] (hardware) StdoutLine: {'line': b'writing top-level names to ../../build/hardware/hardware.egg-info/top_level.txt\n'}
[125.789791] (-) TimerEvent: {}
[125.890599] (-) TimerEvent: {}
[125.994137] (-) TimerEvent: {}
[126.095877] (-) TimerEvent: {}
[126.199067] (-) TimerEvent: {}
[126.304757] (-) TimerEvent: {}
[126.405543] (-) TimerEvent: {}
[126.509989] (-) TimerEvent: {}
[126.614762] (-) TimerEvent: {}
[126.715457] (-) TimerEvent: {}
[126.820780] (-) TimerEvent: {}
[126.921544] (-) TimerEvent: {}
[127.026796] (-) TimerEvent: {}
[127.127546] (-) TimerEvent: {}
[127.228656] (-) TimerEvent: {}
[127.331803] (-) TimerEvent: {}
[127.432742] (-) TimerEvent: {}
[127.536078] (-) TimerEvent: {}
[127.637080] (-) TimerEvent: {}
[127.739969] (-) TimerEvent: {}
[127.846066] (-) TimerEvent: {}
[127.952790] (-) TimerEvent: {}
[128.055457] (-) TimerEvent: {}
[128.160074] (-) TimerEvent: {}
[128.263490] (-) TimerEvent: {}
[128.368873] (-) TimerEvent: {}
[128.475113] (-) TimerEvent: {}
[128.577184] (-) TimerEvent: {}
[128.682774] (-) TimerEvent: {}
[128.783879] (-) TimerEvent: {}
[128.894787] (-) TimerEvent: {}
[128.986914] (hardware) StdoutLine: {'line': b"reading manifest file '../../build/hardware/hardware.egg-info/SOURCES.txt'\n"}
[128.994968] (-) TimerEvent: {}
[128.995813] (hardware) StdoutLine: {'line': b"writing manifest file '../../build/hardware/hardware.egg-info/SOURCES.txt'\n"}
[128.996813] (hardware) StdoutLine: {'line': b'running build\n'}
[129.004740] (hardware) StdoutLine: {'line': b'running build_py\n'}
[129.007852] (hardware) StdoutLine: {'line': b'running install\n'}
[129.097726] (-) TimerEvent: {}
[129.173288] (hardware) StdoutLine: {'line': b'running install_lib\n'}
[129.203800] (-) TimerEvent: {}
[129.305148] (-) TimerEvent: {}
[129.408829] (-) TimerEvent: {}
[129.516157] (-) TimerEvent: {}
[129.617388] (-) TimerEvent: {}
[129.723644] (-) TimerEvent: {}
[129.829509] (-) TimerEvent: {}
[129.918150] (hardware) StdoutLine: {'line': b'running install_data\n'}
[129.919203] (hardware) StdoutLine: {'line': b'running install_egg_info\n'}
[129.931795] (-) TimerEvent: {}
[130.037788] (-) TimerEvent: {}
[130.138833] (-) TimerEvent: {}
[130.244783] (-) TimerEvent: {}
[130.318720] (hardware) StdoutLine: {'line': b"removing '/home/ngt/ZENS-Final-AUVC/ros_ws/install/hardware/lib/python3.12/site-packages/hardware-0.0.0-py3.12.egg-info' (and everything under it)\n"}
[130.326453] (hardware) StdoutLine: {'line': b'Copying ../../build/hardware/hardware.egg-info to /home/ngt/ZENS-Final-AUVC/ros_ws/install/hardware/lib/python3.12/site-packages/hardware-0.0.0-py3.12.egg-info\n'}
[130.351804] (-) TimerEvent: {}
[130.359500] (hardware) StdoutLine: {'line': b'running install_scripts\n'}
[130.453071] (-) TimerEvent: {}
[130.555873] (-) TimerEvent: {}
[130.658568] (-) TimerEvent: {}
[130.765846] (-) TimerEvent: {}
[130.866888] (-) TimerEvent: {}
[130.967693] (-) TimerEvent: {}
[131.069869] (-) TimerEvent: {}
[131.175922] (-) TimerEvent: {}
[131.279779] (-) TimerEvent: {}
[131.381785] (-) TimerEvent: {}
[131.482900] (-) TimerEvent: {}
[131.584762] (-) TimerEvent: {}
[131.612547] (hardware) StdoutLine: {'line': b'Installing bluerov2_camera_interface script to /home/ngt/ZENS-Final-AUVC/ros_ws/install/hardware/lib/hardware\n'}
[131.620709] (hardware) StdoutLine: {'line': b'Installing bluerov2_hardware_interface script to /home/ngt/ZENS-Final-AUVC/ros_ws/install/hardware/lib/hardware\n'}
[131.623972] (hardware) StdoutLine: {'line': b'Installing bluerov2_simulation_interface script to /home/ngt/ZENS-Final-AUVC/ros_ws/install/hardware/lib/hardware\n'}
[131.628096] (hardware) StdoutLine: {'line': b"writing list of installed files to '/home/ngt/ZENS-Final-AUVC/ros_ws/build/hardware/install.log'\n"}
[131.687772] (-) TimerEvent: {}
[131.788496] (-) TimerEvent: {}
[131.861259] (hardware) CommandEnded: {'returncode': 0}
[131.889550] (-) TimerEvent: {}
[131.930599] (hardware) JobEnded: {'identifier': 'hardware', 'rc': 0}
[131.934243] (-) EventReactorShutdown: {}
