[0.000000] (-) TimerEvent: {}
[0.001861] (bringup) JobQueued: {'identifier': 'bringup', 'dependencies': OrderedDict()}
[0.003020] (control) JobQueued: {'identifier': 'control', 'dependencies': OrderedDict()}
[0.003244] (cv) JobQueued: {'identifier': 'cv', 'dependencies': OrderedDict()}
[0.003829] (flashing) JobQueued: {'identifier': 'flashing', 'dependencies': OrderedDict()}
[0.003934] (gazebo_bluerov2) JobQueued: {'identifier': 'gazebo_bluerov2', 'dependencies': OrderedDict()}
[0.004012] (hardware) JobQueued: {'identifier': 'hardware', 'dependencies': OrderedDict()}
[0.004085] (msgs) JobQueued: {'identifier': 'msgs', 'dependencies': OrderedDict()}
[0.004931] (bringup) JobStarted: {'identifier': 'bringup'}
[0.071756] (control) JobStarted: {'identifier': 'control'}
[0.099757] (-) TimerEvent: {}
[0.124844] (cv) JobStarted: {'identifier': 'cv'}
[0.191492] (flashing) JobStarted: {'identifier': 'flashing'}
[0.202980] (-) TimerEvent: {}
[0.304349] (-) TimerEvent: {}
[0.405127] (-) TimerEvent: {}
[0.506982] (-) TimerEvent: {}
[0.608733] (-) TimerEvent: {}
[0.710371] (-) TimerEvent: {}
[0.813770] (-) TimerEvent: {}
[0.914538] (-) TimerEvent: {}
[1.015379] (-) TimerEvent: {}
[1.117753] (-) TimerEvent: {}
[1.225801] (-) TimerEvent: {}
[1.326545] (-) TimerEvent: {}
[1.429787] (-) TimerEvent: {}
[1.530724] (-) TimerEvent: {}
[1.631754] (-) TimerEvent: {}
[1.733926] (-) TimerEvent: {}
[1.835651] (-) TimerEvent: {}
[1.938841] (-) TimerEvent: {}
[2.043743] (-) TimerEvent: {}
[2.144807] (-) TimerEvent: {}
[2.248743] (-) TimerEvent: {}
[2.350727] (-) TimerEvent: {}
[2.454766] (-) TimerEvent: {}
[2.556860] (-) TimerEvent: {}
[2.659119] (-) TimerEvent: {}
[2.761502] (-) TimerEvent: {}
[2.867136] (-) TimerEvent: {}
[2.974245] (-) TimerEvent: {}
[3.076481] (-) TimerEvent: {}
[3.181853] (-) TimerEvent: {}
[3.282709] (-) TimerEvent: {}
[3.386806] (-) TimerEvent: {}
[3.488826] (-) TimerEvent: {}
[3.591327] (-) TimerEvent: {}
[3.692152] (-) TimerEvent: {}
[3.795183] (-) TimerEvent: {}
[3.899767] (-) TimerEvent: {}
[4.001408] (-) TimerEvent: {}
[4.104365] (-) TimerEvent: {}
[4.209773] (-) TimerEvent: {}
[4.311174] (-) TimerEvent: {}
[4.412774] (-) TimerEvent: {}
[4.514844] (-) TimerEvent: {}
[4.619792] (-) TimerEvent: {}
[4.720641] (-) TimerEvent: {}
[4.822451] (-) TimerEvent: {}
[4.928132] (-) TimerEvent: {}
[5.028992] (-) TimerEvent: {}
[5.132319] (-) TimerEvent: {}
[5.236788] (-) TimerEvent: {}
[5.339924] (-) TimerEvent: {}
[5.444459] (-) TimerEvent: {}
[5.547573] (-) TimerEvent: {}
[5.649702] (-) TimerEvent: {}
[5.757203] (-) TimerEvent: {}
[5.858005] (-) TimerEvent: {}
[5.964036] (-) TimerEvent: {}
[6.073740] (-) TimerEvent: {}
[6.177014] (-) TimerEvent: {}
[6.277905] (-) TimerEvent: {}
[6.382702] (-) TimerEvent: {}
[6.483717] (-) TimerEvent: {}
[6.591193] (-) TimerEvent: {}
[6.692768] (-) TimerEvent: {}
[6.793480] (-) TimerEvent: {}
[6.899199] (-) TimerEvent: {}
[7.000049] (-) TimerEvent: {}
[7.103848] (-) TimerEvent: {}
[7.205546] (-) TimerEvent: {}
[7.307761] (-) TimerEvent: {}
[7.410842] (-) TimerEvent: {}
[7.515841] (-) TimerEvent: {}
[7.617119] (-) TimerEvent: {}
[7.720997] (-) TimerEvent: {}
[7.827731] (-) TimerEvent: {}
[7.933424] (-) TimerEvent: {}
[8.034293] (-) TimerEvent: {}
[8.137756] (-) TimerEvent: {}
[8.240772] (-) TimerEvent: {}
[8.341769] (-) TimerEvent: {}
[8.445736] (-) TimerEvent: {}
[8.549775] (-) TimerEvent: {}
[8.652833] (-) TimerEvent: {}
[8.756731] (-) TimerEvent: {}
[8.857649] (-) TimerEvent: {}
[8.959813] (-) TimerEvent: {}
[9.064891] (-) TimerEvent: {}
[9.165720] (-) TimerEvent: {}
[9.270293] (-) TimerEvent: {}
[9.372536] (-) TimerEvent: {}
[9.476984] (-) TimerEvent: {}
[9.579624] (-) TimerEvent: {}
[9.683415] (-) TimerEvent: {}
[9.786063] (-) TimerEvent: {}
[9.890984] (-) TimerEvent: {}
[10.002863] (-) TimerEvent: {}
[10.103720] (-) TimerEvent: {}
[10.204502] (-) TimerEvent: {}
[10.306426] (-) TimerEvent: {}
[10.409743] (-) TimerEvent: {}
[10.510516] (-) TimerEvent: {}
[10.611501] (-) TimerEvent: {}
[10.716405] (-) TimerEvent: {}
[10.817754] (-) TimerEvent: {}
[10.920902] (-) TimerEvent: {}
[11.025701] (-) TimerEvent: {}
[11.129116] (-) TimerEvent: {}
[11.233718] (-) TimerEvent: {}
[11.335276] (-) TimerEvent: {}
[11.436991] (-) TimerEvent: {}
[11.542494] (-) TimerEvent: {}
[11.645091] (-) TimerEvent: {}
[11.749852] (-) TimerEvent: {}
[11.850706] (-) TimerEvent: {}
[11.956065] (-) TimerEvent: {}
[12.056964] (-) TimerEvent: {}
[12.159774] (-) TimerEvent: {}
[12.265741] (-) TimerEvent: {}
[12.366690] (-) TimerEvent: {}
[12.468872] (-) TimerEvent: {}
[12.569859] (-) TimerEvent: {}
[12.672182] (-) TimerEvent: {}
[12.775819] (-) TimerEvent: {}
[12.876643] (-) TimerEvent: {}
[12.978721] (-) TimerEvent: {}
[13.080865] (-) TimerEvent: {}
[13.189757] (-) TimerEvent: {}
[13.290661] (-) TimerEvent: {}
[13.392332] (-) TimerEvent: {}
[13.495815] (-) TimerEvent: {}
[13.598910] (-) TimerEvent: {}
[13.704328] (-) TimerEvent: {}
[13.805172] (-) TimerEvent: {}
[13.907288] (-) TimerEvent: {}
[14.011023] (-) TimerEvent: {}
[14.115378] (-) TimerEvent: {}
[14.221391] (-) TimerEvent: {}
[14.326742] (-) TimerEvent: {}
[14.427480] (-) TimerEvent: {}
[14.528501] (-) TimerEvent: {}
[14.632781] (-) TimerEvent: {}
[14.738741] (-) TimerEvent: {}
[14.839557] (-) TimerEvent: {}
[14.942512] (-) TimerEvent: {}
[15.045271] (-) TimerEvent: {}
[15.151751] (-) TimerEvent: {}
[15.254722] (-) TimerEvent: {}
[15.355723] (-) TimerEvent: {}
[15.458785] (-) TimerEvent: {}
[15.559848] (-) TimerEvent: {}
[15.661276] (-) TimerEvent: {}
[15.762747] (-) TimerEvent: {}
[15.865792] (-) TimerEvent: {}
[15.967106] (-) TimerEvent: {}
[16.070820] (-) TimerEvent: {}
[16.171837] (-) TimerEvent: {}
[16.273116] (-) TimerEvent: {}
[16.376648] (-) TimerEvent: {}
[16.477503] (-) TimerEvent: {}
[16.583733] (-) TimerEvent: {}
[16.685857] (-) TimerEvent: {}
[16.789736] (-) TimerEvent: {}
[16.893745] (-) TimerEvent: {}
[16.997405] (-) TimerEvent: {}
[17.105738] (-) TimerEvent: {}
[17.206825] (-) TimerEvent: {}
[17.314754] (-) TimerEvent: {}
[17.415656] (-) TimerEvent: {}
[17.518719] (-) TimerEvent: {}
[17.624733] (-) TimerEvent: {}
[17.725675] (-) TimerEvent: {}
[17.826412] (-) TimerEvent: {}
[17.927337] (-) TimerEvent: {}
[18.030724] (-) TimerEvent: {}
[18.133728] (-) TimerEvent: {}
[18.234469] (-) TimerEvent: {}
[18.336738] (-) TimerEvent: {}
[18.439856] (-) TimerEvent: {}
[18.540700] (-) TimerEvent: {}
[18.644156] (-) TimerEvent: {}
[18.750730] (-) TimerEvent: {}
[18.854768] (-) TimerEvent: {}
[18.955660] (-) TimerEvent: {}
[19.059957] (-) TimerEvent: {}
[19.161863] (-) TimerEvent: {}
[19.267729] (-) TimerEvent: {}
[19.371744] (-) TimerEvent: {}
[19.472694] (-) TimerEvent: {}
[19.575781] (-) TimerEvent: {}
[19.676769] (-) TimerEvent: {}
[19.784825] (-) TimerEvent: {}
[19.893782] (-) TimerEvent: {}
[20.002791] (-) TimerEvent: {}
[20.106908] (-) TimerEvent: {}
[20.195079] (flashing) Command: {'cmd': ['/home/ngt/.virtualenvs/ardusub/bin/python', '-W', 'ignore:setup.py install is deprecated', '-W', 'ignore:easy_install command is deprecated', 'setup.py', 'egg_info', '--egg-base', '../../../build/flashing', 'build', '--build-base', '/home/ngt/ZENS-Final-AUVC/build/flashing/build', 'install', '--record', '/home/ngt/ZENS-Final-AUVC/build/flashing/install.log', '--install-scripts', '$base/lib/flashing', '--single-version-externally-managed', 'install_data'], 'cwd': '/home/ngt/ZENS-Final-AUVC/ros_ws/src/flashing', 'env': {'PYTHON_BASIC_REPL': '1', 'VIRTUALENVWRAPPER_WORKON_CD': '1', 'USER': 'ngt', 'SSH_CLIENT': '192.168.3.1 64256 22', 'WORKON_HOME': '/home/ngt/.virtualenvs', 'GZ_SIM_RESOURCE_PATH': '/opt/ros/jazzy/share', 'GZ_CONFIG_PATH': '/opt/ros/jazzy/opt/gz_sim_vendor/share/gz:/opt/ros/jazzy/opt/sdformat_vendor/share/gz:/opt/ros/jazzy/opt/gz_gui_vendor/share/gz:/opt/ros/jazzy/opt/gz_transport_vendor/share/gz:/opt/ros/jazzy/opt/gz_rendering_vendor/share/gz:/opt/ros/jazzy/opt/gz_plugin_vendor/share/gz:/opt/ros/jazzy/opt/gz_fuel_tools_vendor/share/gz:/opt/ros/jazzy/opt/gz_msgs_vendor/share/gz:/opt/ros/jazzy/opt/gz_common_vendor/share/gz', 'XDG_SESSION_TYPE': 'tty', 'GIT_ASKPASS': '/home/ngt/.vscode-server/cli/servers/Stable-1b6a188127eeaf9194f945eb6eb89a657e93c54c/server/extensions/git/dist/askpass.sh', 'SHLVL': '1', 'BROWSER': '/home/ngt/.vscode-server/cli/servers/Stable-1b6a188127eeaf9194f945eb6eb89a657e93c54c/server/bin/helpers/browser.sh', 'LD_LIBRARY_PATH': '/home/ngt/ZENS-Final-AUVC/install/msgs/lib:/home/ngt/ZENS-Final-AUVC/install/gazebo_bluerov2/lib:/home/ngt/auvc_ws/install/example_custom_srv/lib:/home/ngt/pid_ws/install/target_depth_msgs/lib:/opt/ros/jazzy/opt/gz_sim_vendor/lib:/opt/ros/jazzy/opt/gz_sensors_vendor/lib:/opt/ros/jazzy/opt/gz_physics_vendor/lib:/opt/ros/jazzy/opt/sdformat_vendor/lib:/opt/ros/jazzy/opt/rviz_ogre_vendor/lib:/opt/ros/jazzy/lib/aarch64-linux-gnu:/opt/ros/jazzy/opt/gz_gui_vendor/lib:/opt/ros/jazzy/opt/gz_transport_vendor/lib:/opt/ros/jazzy/opt/gz_rendering_vendor/lib:/opt/ros/jazzy/opt/gz_plugin_vendor/lib:/opt/ros/jazzy/opt/gz_fuel_tools_vendor/lib:/opt/ros/jazzy/opt/gz_msgs_vendor/lib:/opt/ros/jazzy/opt/gz_common_vendor/lib:/opt/ros/jazzy/opt/gz_math_vendor/lib:/opt/ros/jazzy/opt/gz_utils_vendor/lib:/opt/ros/jazzy/opt/gz_tools_vendor/lib:/opt/ros/jazzy/opt/gz_ogre_next_vendor/lib:/opt/ros/jazzy/opt/gz_dartsim_vendor/lib:/opt/ros/jazzy/opt/gz_cmake_vendor/lib:/opt/ros/jazzy/lib', 'GZ_TRANSPORT_ID': '192.168.3.1', 'HOME': '/home/ngt', 'OLDPWD': '/home/ngt', 'LESS': '-R', 'VIRTUALENVWRAPPER_PYTHON': '/usr/bin/python3', 'TERM_PROGRAM_VERSION': '1.130.0', 'VSCODE_IPC_HOOK_CLI': '/run/user/1004/vscode-ipc-c05d7b36-e784-46a6-a7ed-bf86e2de284d.sock', 'ZSH': '/home/ngt/.oh-my-zsh', 'LSCOLORS': 'Gxfxcxdxbxegedabagacad', 'GZ_TRANSPORT_PUB_PORT': '11345', 'VSCODE_GIT_ASKPASS_MAIN': '/home/ngt/.vscode-server/cli/servers/Stable-1b6a188127eeaf9194f945eb6eb89a657e93c54c/server/extensions/git/dist/askpass-main.js', 'PAGER': 'less', 'ROS_PYTHON_VERSION': '3', 'PS1': '(ardusub) %(?:%{\x1b[01;32m%}%1{➜%} :%{\x1b[01;31m%}%1{➜%} ) %{\x1b[36m%}%c%{\x1b[00m%} $(git_prompt_info)', 'VSCODE_GIT_ASKPASS_NODE': '/home/ngt/.vscode-server/cli/servers/Stable-1b6a188127eeaf9194f945eb6eb89a657e93c54c/server/node', 'DBUS_SESSION_BUS_ADDRESS': 'unix:path=/run/user/1004/bus', 'PYDEVD_DISABLE_FILE_VALIDATION': '1', 'BUNDLED_DEBUGPY_PATH': '/home/ngt/.vscode-server/extensions/ms-python.debugpy-2026.6.0-linux-arm64/bundled/libs/debugpy', 'GZ_TRANSPORT_SUB_PORT': '11346', 'VSCODE_PYTHON_AUTOACTIVATE_GUARD': '1', 'COLORTERM': 'truecolor', 'ROS_DISTRO': 'jazzy', 'COLCON_PREFIX_PATH': '/home/ngt/ZENS-Final-AUVC/install:/home/ngt/cv_ws/install:/home/ngt/pid_ws/install:/home/ngt/auvc_ws/install:/home/ngt/auv_dancing/install', 'LOGNAME': 'ngt', '_': '/home/ngt/.virtualenvs/ardusub/bin/colcon', 'XDG_SESSION_CLASS': 'user', 'USER_ZDOTDIR': '/home/ngt', 'ROS_VERSION': '2', 'XDG_SESSION_ID': '1', 'TERM': 'xterm-256color', 'PATH': '/home/ngt/ZENS-Final-AUVC/install/hardware/bin:/home/ngt/ZENS-Final-AUVC/install/flashing/bin:/home/ngt/ZENS-Final-AUVC/install/cv/bin:/home/ngt/ZENS-Final-AUVC/install/control/bin:/home/ngt/.virtualenvs/ardusub/bin:/home/ngt/.opencode/bin:/opt/ros/jazzy/opt/gz_msgs_vendor/bin:/opt/ros/jazzy/opt/gz_tools_vendor/bin:/opt/ros/jazzy/opt/gz_ogre_next_vendor/bin:/opt/ros/jazzy/bin:/usr/lib/ccache:/home/ngt/.vscode-server/data/User/globalStorage/github.copilot-chat/debugCommand:/home/ngt/.vscode-server/data/User/globalStorage/github.copilot-chat/copilotCli:/home/ngt/.vscode-server/cli/servers/Stable-1b6a188127eeaf9194f945eb6eb89a657e93c54c/server/bin/remote-cli:/usr/local/sbin:/usr/local/bin:/usr/sbin:/usr/bin:/sbin:/bin:/usr/games:/usr/local/games:/snap/bin:/home/ngt/.vscode-server/extensions/ms-python.debugpy-2026.6.0-linux-arm64/bundled/scripts/noConfigScripts:/home/ngt/.local/bin:/home/ngt/ardupilot/Tools/autotest', 'XDG_RUNTIME_DIR': '/run/user/1004', 'GZ_PARTITION': 'my_sim', 'LANG': 'en_US.UTF-8', 'VSCODE_DEBUGPY_ADAPTER_ENDPOINTS': '/home/ngt/.vscode-server/extensions/ms-python.debugpy-2026.6.0-linux-arm64/.noConfigDebugAdapterEndpoints/endpoint-fe03004f45a03570.txt', 'PYTHONSTARTUP': '/home/ngt/.vscode-server/data/User/workspaceStorage/e30aafa2edaaf296b4a11477f6a9b588/ms-python.python/pythonrc.py', 'VSCODE_INJECTION': '1', 'VIRTUAL_ENV_PROMPT': 'ardusub', 'TERM_PROGRAM': 'vscode', 'VSCODE_GIT_IPC_HANDLE': '/run/user/1004/vscode-git-191b257475.sock', 'LS_COLORS': 'rs=0:di=01;34:ln=01;36:mh=00:pi=40;33:so=01;35:do=01;35:bd=40;33;01:cd=40;33;01:or=40;31;01:mi=00:su=37;41:sg=30;43:ca=00:tw=30;42:ow=34;42:st=37;44:ex=01;32:*.tar=01;31:*.tgz=01;31:*.arc=01;31:*.arj=01;31:*.taz=01;31:*.lha=01;31:*.lz4=01;31:*.lzh=01;31:*.lzma=01;31:*.tlz=01;31:*.txz=01;31:*.tzo=01;31:*.t7z=01;31:*.zip=01;31:*.z=01;31:*.dz=01;31:*.gz=01;31:*.lrz=01;31:*.lz=01;31:*.lzo=01;31:*.xz=01;31:*.zst=01;31:*.tzst=01;31:*.bz2=01;31:*.bz=01;31:*.tbz=01;31:*.tbz2=01;31:*.tz=01;31:*.deb=01;31:*.rpm=01;31:*.jar=01;31:*.war=01;31:*.ear=01;31:*.sar=01;31:*.rar=01;31:*.alz=01;31:*.ace=01;31:*.zoo=01;31:*.cpio=01;31:*.7z=01;31:*.rz=01;31:*.cab=01;31:*.wim=01;31:*.swm=01;31:*.dwm=01;31:*.esd=01;31:*.avif=01;35:*.jpg=01;35:*.jpeg=01;35:*.mjpg=01;35:*.mjpeg=01;35:*.gif=01;35:*.bmp=01;35:*.pbm=01;35:*.pgm=01;35:*.ppm=01;35:*.tga=01;35:*.xbm=01;35:*.xpm=01;35:*.tif=01;35:*.tiff=01;35:*.png=01;35:*.svg=01;35:*.svgz=01;35:*.mng=01;35:*.pcx=01;35:*.mov=01;35:*.mpg=01;35:*.mpeg=01;35:*.m2v=01;35:*.mkv=01;35:*.webm=01;35:*.webp=01;35:*.ogm=01;35:*.mp4=01;35:*.m4v=01;35:*.mp4v=01;35:*.vob=01;35:*.qt=01;35:*.nuv=01;35:*.wmv=01;35:*.asf=01;35:*.rm=01;35:*.rmvb=01;35:*.flc=01;35:*.avi=01;35:*.fli=01;35:*.flv=01;35:*.gl=01;35:*.dl=01;35:*.xcf=01;35:*.xwd=01;35:*.yuv=01;35:*.cgm=01;35:*.emf=01;35:*.ogv=01;35:*.ogx=01;35:*.aac=00;36:*.au=00;36:*.flac=00;36:*.m4a=00;36:*.mid=00;36:*.midi=00;36:*.mka=00;36:*.mp3=00;36:*.mpc=00;36:*.ogg=00;36:*.ra=00;36:*.wav=00;36:*.oga=00;36:*.opus=00;36:*.spx=00;36:*.xspf=00;36:*~=00;90:*#=00;90:*.bak=00;90:*.crdownload=00;90:*.dpkg-dist=00;90:*.dpkg-new=00;90:*.dpkg-old=00;90:*.dpkg-tmp=00;90:*.old=00;90:*.orig=00;90:*.part=00;90:*.rej=00;90:*.rpmnew=00;90:*.rpmorig=00;90:*.rpmsave=00;90:*.swp=00;90:*.tmp=00;90:*.ucf-dist=00;90:*.ucf-new=00;90:*.ucf-old=00;90:', 'AMENT_PREFIX_PATH': '/home/ngt/ZENS-Final-AUVC/install/msgs:/home/ngt/ZENS-Final-AUVC/install/gazebo_bluerov2:/home/ngt/ZENS-Final-AUVC/install/flashing:/home/ngt/ZENS-Final-AUVC/install/cv:/home/ngt/ZENS-Final-AUVC/install/control:/home/ngt/ZENS-Final-AUVC/install/bringup:/home/ngt/auvc_ws/install/tutorial_virtualenvs:/home/ngt/auvc_ws/install/tutorial_pid:/home/ngt/auvc_ws/install/tutorial_ardusub:/home/ngt/auvc_ws/install/tutorial:/home/ngt/auvc_ws/install/rosmav:/home/ngt/auvc_ws/install/example_custom_srv:/home/ngt/cv_ws/install/cv:/home/ngt/pid_ws/install/target_depth_msgs:/home/ngt/pid_ws/install/pid:/home/ngt/auv_dancing/install/tutorial:/opt/ros/jazzy', 'SHELL': '/usr/bin/zsh', 'VIRTUALENVWRAPPER_PROJECT_FILENAME': '.project', 'VIRTUALENVWRAPPER_HOOK_DIR': '/home/ngt/.virtualenvs', 'VSCODE_GIT_ASKPASS_EXTRA_ARGS': '', 'VIRTUALENVWRAPPER_SCRIPT': '/usr/share/virtualenvwrapper/virtualenvwrapper.sh', 'ROS_AUTOMATIC_DISCOVERY_RANGE': 'SUBNET', 'VIRTUAL_ENV': '/home/ngt/.virtualenvs/ardusub', 'LC_ALL': 'en_US.UTF-8', 'PWD': '/home/ngt/ZENS-Final-AUVC/build/flashing', 'SSH_CONNECTION': '192.168.3.1 64256 192.168.3.2 22', 'COPILOT_DEBUG_NONCE': 'd6eed4c06bd82aa6cee185ab30fdc4f4', 'ZDOTDIR': '/home/ngt', 'PYTHONPATH': '/home/ngt/ZENS-Final-AUVC/build/flashing/prefix_override:/home/ngt/.virtualenvs/ardusub/lib/python3.12/site-packages/colcon_core/task/python/colcon_distutils_commands:/home/ngt/ZENS-Final-AUVC/install/flashing/lib/python3.12/site-packages:/home/ngt/ZENS-Final-AUVC/install/msgs/lib/python3.12/site-packages:/home/ngt/ZENS-Final-AUVC/install/hardware/lib/python3.12/site-packages:/home/ngt/ZENS-Final-AUVC/install/flashing/lib/python3.12/site-packages:/home/ngt/ZENS-Final-AUVC/install/cv/lib/python3.12/site-packages:/home/ngt/ZENS-Final-AUVC/install/control/lib/python3.12/site-packages:/home/ngt/ZENS-Final-AUVC/install/bringup/lib/python3.12/site-packages:/home/ngt/auvc_ws/install/tutorial_virtualenvs/lib/python3.12/site-packages:/home/ngt/auvc_ws/install/tutorial_pid/lib/python3.12/site-packages:/home/ngt/auvc_ws/install/tutorial_ardusub/lib/python3.12/site-packages:/home/ngt/auvc_ws/install/tutorial/lib/python3.12/site-packages:/home/ngt/auvc_ws/install/rosmav/lib/python3.12/site-packages:/home/ngt/auvc_ws/install/example_custom_srv/lib/python3.12/site-packages:/home/ngt/cv_ws/install/cv/lib/python3.12/site-packages:/home/ngt/pid_ws/install/target_depth_msgs/lib/python3.12/site-packages:/home/ngt/pid_ws/install/pid/lib/python3.12/site-packages:/home/ngt/auv_dancing/install/tutorial/lib/python3.12/site-packages:/opt/ros/jazzy/lib/python3.12/site-packages', 'COLCON': '1', 'CMAKE_PREFIX_PATH': '/home/ngt/ZENS-Final-AUVC/install/msgs:/home/ngt/ZENS-Final-AUVC/install/gazebo_bluerov2:/home/ngt/auvc_ws/install/example_custom_srv:/home/ngt/pid_ws/install/target_depth_msgs:/opt/ros/jazzy/opt/gz_sim_vendor:/opt/ros/jazzy/opt/gz_sensors_vendor:/opt/ros/jazzy/opt/gz_physics_vendor:/opt/ros/jazzy/opt/sdformat_vendor:/opt/ros/jazzy/opt/gz_gui_vendor:/opt/ros/jazzy/opt/gz_transport_vendor:/opt/ros/jazzy/opt/gz_rendering_vendor:/opt/ros/jazzy/opt/gz_plugin_vendor:/opt/ros/jazzy/opt/gz_fuel_tools_vendor:/opt/ros/jazzy/opt/gz_msgs_vendor:/opt/ros/jazzy/opt/gz_common_vendor:/opt/ros/jazzy/opt/gz_math_vendor:/opt/ros/jazzy/opt/gz_utils_vendor:/opt/ros/jazzy/opt/gz_tools_vendor:/opt/ros/jazzy/opt/gz_ogre_next_vendor:/opt/ros/jazzy/opt/gz_dartsim_vendor:/opt/ros/jazzy/opt/gz_cmake_vendor'}, 'shell': False}
[20.234745] (-) TimerEvent: {}
[20.343176] (-) TimerEvent: {}
[20.382051] (cv) Command: {'cmd': ['/home/ngt/.virtualenvs/ardusub/bin/python', '-W', 'ignore:setup.py install is deprecated', '-W', 'ignore:easy_install command is deprecated', 'setup.py', 'egg_info', '--egg-base', '../../../build/cv', 'build', '--build-base', '/home/ngt/ZENS-Final-AUVC/build/cv/build', 'install', '--record', '/home/ngt/ZENS-Final-AUVC/build/cv/install.log', '--install-scripts', '$base/lib/cv', '--single-version-externally-managed', 'install_data'], 'cwd': '/home/ngt/ZENS-Final-AUVC/ros_ws/src/cv', 'env': {'PYTHON_BASIC_REPL': '1', 'VIRTUALENVWRAPPER_WORKON_CD': '1', 'USER': 'ngt', 'SSH_CLIENT': '192.168.3.1 64256 22', 'WORKON_HOME': '/home/ngt/.virtualenvs', 'GZ_SIM_RESOURCE_PATH': '/opt/ros/jazzy/share', 'GZ_CONFIG_PATH': '/opt/ros/jazzy/opt/gz_sim_vendor/share/gz:/opt/ros/jazzy/opt/sdformat_vendor/share/gz:/opt/ros/jazzy/opt/gz_gui_vendor/share/gz:/opt/ros/jazzy/opt/gz_transport_vendor/share/gz:/opt/ros/jazzy/opt/gz_rendering_vendor/share/gz:/opt/ros/jazzy/opt/gz_plugin_vendor/share/gz:/opt/ros/jazzy/opt/gz_fuel_tools_vendor/share/gz:/opt/ros/jazzy/opt/gz_msgs_vendor/share/gz:/opt/ros/jazzy/opt/gz_common_vendor/share/gz', 'XDG_SESSION_TYPE': 'tty', 'GIT_ASKPASS': '/home/ngt/.vscode-server/cli/servers/Stable-1b6a188127eeaf9194f945eb6eb89a657e93c54c/server/extensions/git/dist/askpass.sh', 'SHLVL': '1', 'BROWSER': '/home/ngt/.vscode-server/cli/servers/Stable-1b6a188127eeaf9194f945eb6eb89a657e93c54c/server/bin/helpers/browser.sh', 'LD_LIBRARY_PATH': '/home/ngt/ZENS-Final-AUVC/install/msgs/lib:/home/ngt/ZENS-Final-AUVC/install/gazebo_bluerov2/lib:/home/ngt/auvc_ws/install/example_custom_srv/lib:/home/ngt/pid_ws/install/target_depth_msgs/lib:/opt/ros/jazzy/opt/gz_sim_vendor/lib:/opt/ros/jazzy/opt/gz_sensors_vendor/lib:/opt/ros/jazzy/opt/gz_physics_vendor/lib:/opt/ros/jazzy/opt/sdformat_vendor/lib:/opt/ros/jazzy/opt/rviz_ogre_vendor/lib:/opt/ros/jazzy/lib/aarch64-linux-gnu:/opt/ros/jazzy/opt/gz_gui_vendor/lib:/opt/ros/jazzy/opt/gz_transport_vendor/lib:/opt/ros/jazzy/opt/gz_rendering_vendor/lib:/opt/ros/jazzy/opt/gz_plugin_vendor/lib:/opt/ros/jazzy/opt/gz_fuel_tools_vendor/lib:/opt/ros/jazzy/opt/gz_msgs_vendor/lib:/opt/ros/jazzy/opt/gz_common_vendor/lib:/opt/ros/jazzy/opt/gz_math_vendor/lib:/opt/ros/jazzy/opt/gz_utils_vendor/lib:/opt/ros/jazzy/opt/gz_tools_vendor/lib:/opt/ros/jazzy/opt/gz_ogre_next_vendor/lib:/opt/ros/jazzy/opt/gz_dartsim_vendor/lib:/opt/ros/jazzy/opt/gz_cmake_vendor/lib:/opt/ros/jazzy/lib', 'GZ_TRANSPORT_ID': '192.168.3.1', 'HOME': '/home/ngt', 'OLDPWD': '/home/ngt', 'LESS': '-R', 'VIRTUALENVWRAPPER_PYTHON': '/usr/bin/python3', 'TERM_PROGRAM_VERSION': '1.130.0', 'VSCODE_IPC_HOOK_CLI': '/run/user/1004/vscode-ipc-c05d7b36-e784-46a6-a7ed-bf86e2de284d.sock', 'ZSH': '/home/ngt/.oh-my-zsh', 'LSCOLORS': 'Gxfxcxdxbxegedabagacad', 'GZ_TRANSPORT_PUB_PORT': '11345', 'VSCODE_GIT_ASKPASS_MAIN': '/home/ngt/.vscode-server/cli/servers/Stable-1b6a188127eeaf9194f945eb6eb89a657e93c54c/server/extensions/git/dist/askpass-main.js', 'PAGER': 'less', 'ROS_PYTHON_VERSION': '3', 'PS1': '(ardusub) %(?:%{\x1b[01;32m%}%1{➜%} :%{\x1b[01;31m%}%1{➜%} ) %{\x1b[36m%}%c%{\x1b[00m%} $(git_prompt_info)', 'VSCODE_GIT_ASKPASS_NODE': '/home/ngt/.vscode-server/cli/servers/Stable-1b6a188127eeaf9194f945eb6eb89a657e93c54c/server/node', 'DBUS_SESSION_BUS_ADDRESS': 'unix:path=/run/user/1004/bus', 'PYDEVD_DISABLE_FILE_VALIDATION': '1', 'BUNDLED_DEBUGPY_PATH': '/home/ngt/.vscode-server/extensions/ms-python.debugpy-2026.6.0-linux-arm64/bundled/libs/debugpy', 'GZ_TRANSPORT_SUB_PORT': '11346', 'VSCODE_PYTHON_AUTOACTIVATE_GUARD': '1', 'COLORTERM': 'truecolor', 'ROS_DISTRO': 'jazzy', 'COLCON_PREFIX_PATH': '/home/ngt/ZENS-Final-AUVC/install:/home/ngt/cv_ws/install:/home/ngt/pid_ws/install:/home/ngt/auvc_ws/install:/home/ngt/auv_dancing/install', 'LOGNAME': 'ngt', '_': '/home/ngt/.virtualenvs/ardusub/bin/colcon', 'XDG_SESSION_CLASS': 'user', 'USER_ZDOTDIR': '/home/ngt', 'ROS_VERSION': '2', 'XDG_SESSION_ID': '1', 'TERM': 'xterm-256color', 'PATH': '/home/ngt/ZENS-Final-AUVC/install/hardware/bin:/home/ngt/ZENS-Final-AUVC/install/flashing/bin:/home/ngt/ZENS-Final-AUVC/install/cv/bin:/home/ngt/ZENS-Final-AUVC/install/control/bin:/home/ngt/.virtualenvs/ardusub/bin:/home/ngt/.opencode/bin:/opt/ros/jazzy/opt/gz_msgs_vendor/bin:/opt/ros/jazzy/opt/gz_tools_vendor/bin:/opt/ros/jazzy/opt/gz_ogre_next_vendor/bin:/opt/ros/jazzy/bin:/usr/lib/ccache:/home/ngt/.vscode-server/data/User/globalStorage/github.copilot-chat/debugCommand:/home/ngt/.vscode-server/data/User/globalStorage/github.copilot-chat/copilotCli:/home/ngt/.vscode-server/cli/servers/Stable-1b6a188127eeaf9194f945eb6eb89a657e93c54c/server/bin/remote-cli:/usr/local/sbin:/usr/local/bin:/usr/sbin:/usr/bin:/sbin:/bin:/usr/games:/usr/local/games:/snap/bin:/home/ngt/.vscode-server/extensions/ms-python.debugpy-2026.6.0-linux-arm64/bundled/scripts/noConfigScripts:/home/ngt/.local/bin:/home/ngt/ardupilot/Tools/autotest', 'XDG_RUNTIME_DIR': '/run/user/1004', 'GZ_PARTITION': 'my_sim', 'LANG': 'en_US.UTF-8', 'VSCODE_DEBUGPY_ADAPTER_ENDPOINTS': '/home/ngt/.vscode-server/extensions/ms-python.debugpy-2026.6.0-linux-arm64/.noConfigDebugAdapterEndpoints/endpoint-fe03004f45a03570.txt', 'PYTHONSTARTUP': '/home/ngt/.vscode-server/data/User/workspaceStorage/e30aafa2edaaf296b4a11477f6a9b588/ms-python.python/pythonrc.py', 'VSCODE_INJECTION': '1', 'VIRTUAL_ENV_PROMPT': 'ardusub', 'TERM_PROGRAM': 'vscode', 'VSCODE_GIT_IPC_HANDLE': '/run/user/1004/vscode-git-191b257475.sock', 'LS_COLORS': 'rs=0:di=01;34:ln=01;36:mh=00:pi=40;33:so=01;35:do=01;35:bd=40;33;01:cd=40;33;01:or=40;31;01:mi=00:su=37;41:sg=30;43:ca=00:tw=30;42:ow=34;42:st=37;44:ex=01;32:*.tar=01;31:*.tgz=01;31:*.arc=01;31:*.arj=01;31:*.taz=01;31:*.lha=01;31:*.lz4=01;31:*.lzh=01;31:*.lzma=01;31:*.tlz=01;31:*.txz=01;31:*.tzo=01;31:*.t7z=01;31:*.zip=01;31:*.z=01;31:*.dz=01;31:*.gz=01;31:*.lrz=01;31:*.lz=01;31:*.lzo=01;31:*.xz=01;31:*.zst=01;31:*.tzst=01;31:*.bz2=01;31:*.bz=01;31:*.tbz=01;31:*.tbz2=01;31:*.tz=01;31:*.deb=01;31:*.rpm=01;31:*.jar=01;31:*.war=01;31:*.ear=01;31:*.sar=01;31:*.rar=01;31:*.alz=01;31:*.ace=01;31:*.zoo=01;31:*.cpio=01;31:*.7z=01;31:*.rz=01;31:*.cab=01;31:*.wim=01;31:*.swm=01;31:*.dwm=01;31:*.esd=01;31:*.avif=01;35:*.jpg=01;35:*.jpeg=01;35:*.mjpg=01;35:*.mjpeg=01;35:*.gif=01;35:*.bmp=01;35:*.pbm=01;35:*.pgm=01;35:*.ppm=01;35:*.tga=01;35:*.xbm=01;35:*.xpm=01;35:*.tif=01;35:*.tiff=01;35:*.png=01;35:*.svg=01;35:*.svgz=01;35:*.mng=01;35:*.pcx=01;35:*.mov=01;35:*.mpg=01;35:*.mpeg=01;35:*.m2v=01;35:*.mkv=01;35:*.webm=01;35:*.webp=01;35:*.ogm=01;35:*.mp4=01;35:*.m4v=01;35:*.mp4v=01;35:*.vob=01;35:*.qt=01;35:*.nuv=01;35:*.wmv=01;35:*.asf=01;35:*.rm=01;35:*.rmvb=01;35:*.flc=01;35:*.avi=01;35:*.fli=01;35:*.flv=01;35:*.gl=01;35:*.dl=01;35:*.xcf=01;35:*.xwd=01;35:*.yuv=01;35:*.cgm=01;35:*.emf=01;35:*.ogv=01;35:*.ogx=01;35:*.aac=00;36:*.au=00;36:*.flac=00;36:*.m4a=00;36:*.mid=00;36:*.midi=00;36:*.mka=00;36:*.mp3=00;36:*.mpc=00;36:*.ogg=00;36:*.ra=00;36:*.wav=00;36:*.oga=00;36:*.opus=00;36:*.spx=00;36:*.xspf=00;36:*~=00;90:*#=00;90:*.bak=00;90:*.crdownload=00;90:*.dpkg-dist=00;90:*.dpkg-new=00;90:*.dpkg-old=00;90:*.dpkg-tmp=00;90:*.old=00;90:*.orig=00;90:*.part=00;90:*.rej=00;90:*.rpmnew=00;90:*.rpmorig=00;90:*.rpmsave=00;90:*.swp=00;90:*.tmp=00;90:*.ucf-dist=00;90:*.ucf-new=00;90:*.ucf-old=00;90:', 'AMENT_PREFIX_PATH': '/home/ngt/ZENS-Final-AUVC/install/msgs:/home/ngt/ZENS-Final-AUVC/install/gazebo_bluerov2:/home/ngt/ZENS-Final-AUVC/install/flashing:/home/ngt/ZENS-Final-AUVC/install/cv:/home/ngt/ZENS-Final-AUVC/install/control:/home/ngt/ZENS-Final-AUVC/install/bringup:/home/ngt/auvc_ws/install/tutorial_virtualenvs:/home/ngt/auvc_ws/install/tutorial_pid:/home/ngt/auvc_ws/install/tutorial_ardusub:/home/ngt/auvc_ws/install/tutorial:/home/ngt/auvc_ws/install/rosmav:/home/ngt/auvc_ws/install/example_custom_srv:/home/ngt/cv_ws/install/cv:/home/ngt/pid_ws/install/target_depth_msgs:/home/ngt/pid_ws/install/pid:/home/ngt/auv_dancing/install/tutorial:/opt/ros/jazzy', 'SHELL': '/usr/bin/zsh', 'VIRTUALENVWRAPPER_PROJECT_FILENAME': '.project', 'VIRTUALENVWRAPPER_HOOK_DIR': '/home/ngt/.virtualenvs', 'VSCODE_GIT_ASKPASS_EXTRA_ARGS': '', 'VIRTUALENVWRAPPER_SCRIPT': '/usr/share/virtualenvwrapper/virtualenvwrapper.sh', 'ROS_AUTOMATIC_DISCOVERY_RANGE': 'SUBNET', 'VIRTUAL_ENV': '/home/ngt/.virtualenvs/ardusub', 'LC_ALL': 'en_US.UTF-8', 'PWD': '/home/ngt/ZENS-Final-AUVC/build/cv', 'SSH_CONNECTION': '192.168.3.1 64256 192.168.3.2 22', 'COPILOT_DEBUG_NONCE': 'd6eed4c06bd82aa6cee185ab30fdc4f4', 'ZDOTDIR': '/home/ngt', 'PYTHONPATH': '/home/ngt/ZENS-Final-AUVC/build/cv/prefix_override:/home/ngt/.virtualenvs/ardusub/lib/python3.12/site-packages/colcon_core/task/python/colcon_distutils_commands:/home/ngt/ZENS-Final-AUVC/install/cv/lib/python3.12/site-packages:/home/ngt/ZENS-Final-AUVC/install/msgs/lib/python3.12/site-packages:/home/ngt/ZENS-Final-AUVC/install/hardware/lib/python3.12/site-packages:/home/ngt/ZENS-Final-AUVC/install/flashing/lib/python3.12/site-packages:/home/ngt/ZENS-Final-AUVC/install/cv/lib/python3.12/site-packages:/home/ngt/ZENS-Final-AUVC/install/control/lib/python3.12/site-packages:/home/ngt/ZENS-Final-AUVC/install/bringup/lib/python3.12/site-packages:/home/ngt/auvc_ws/install/tutorial_virtualenvs/lib/python3.12/site-packages:/home/ngt/auvc_ws/install/tutorial_pid/lib/python3.12/site-packages:/home/ngt/auvc_ws/install/tutorial_ardusub/lib/python3.12/site-packages:/home/ngt/auvc_ws/install/tutorial/lib/python3.12/site-packages:/home/ngt/auvc_ws/install/rosmav/lib/python3.12/site-packages:/home/ngt/auvc_ws/install/example_custom_srv/lib/python3.12/site-packages:/home/ngt/cv_ws/install/cv/lib/python3.12/site-packages:/home/ngt/pid_ws/install/target_depth_msgs/lib/python3.12/site-packages:/home/ngt/pid_ws/install/pid/lib/python3.12/site-packages:/home/ngt/auv_dancing/install/tutorial/lib/python3.12/site-packages:/opt/ros/jazzy/lib/python3.12/site-packages', 'COLCON': '1', 'CMAKE_PREFIX_PATH': '/home/ngt/ZENS-Final-AUVC/install/msgs:/home/ngt/ZENS-Final-AUVC/install/gazebo_bluerov2:/home/ngt/auvc_ws/install/example_custom_srv:/home/ngt/pid_ws/install/target_depth_msgs:/opt/ros/jazzy/opt/gz_sim_vendor:/opt/ros/jazzy/opt/gz_sensors_vendor:/opt/ros/jazzy/opt/gz_physics_vendor:/opt/ros/jazzy/opt/sdformat_vendor:/opt/ros/jazzy/opt/gz_gui_vendor:/opt/ros/jazzy/opt/gz_transport_vendor:/opt/ros/jazzy/opt/gz_rendering_vendor:/opt/ros/jazzy/opt/gz_plugin_vendor:/opt/ros/jazzy/opt/gz_fuel_tools_vendor:/opt/ros/jazzy/opt/gz_msgs_vendor:/opt/ros/jazzy/opt/gz_common_vendor:/opt/ros/jazzy/opt/gz_math_vendor:/opt/ros/jazzy/opt/gz_utils_vendor:/opt/ros/jazzy/opt/gz_tools_vendor:/opt/ros/jazzy/opt/gz_ogre_next_vendor:/opt/ros/jazzy/opt/gz_dartsim_vendor:/opt/ros/jazzy/opt/gz_cmake_vendor'}, 'shell': False}
[20.427528] (control) Command: {'cmd': ['/home/ngt/.virtualenvs/ardusub/bin/python', '-W', 'ignore:setup.py install is deprecated', '-W', 'ignore:easy_install command is deprecated', 'setup.py', 'egg_info', '--egg-base', '../../../build/control', 'build', '--build-base', '/home/ngt/ZENS-Final-AUVC/build/control/build', 'install', '--record', '/home/ngt/ZENS-Final-AUVC/build/control/install.log', '--install-scripts', '$base/lib/control', '--single-version-externally-managed', 'install_data'], 'cwd': '/home/ngt/ZENS-Final-AUVC/ros_ws/src/control', 'env': {'PYTHON_BASIC_REPL': '1', 'VIRTUALENVWRAPPER_WORKON_CD': '1', 'USER': 'ngt', 'SSH_CLIENT': '192.168.3.1 64256 22', 'WORKON_HOME': '/home/ngt/.virtualenvs', 'GZ_SIM_RESOURCE_PATH': '/opt/ros/jazzy/share', 'GZ_CONFIG_PATH': '/opt/ros/jazzy/opt/gz_sim_vendor/share/gz:/opt/ros/jazzy/opt/sdformat_vendor/share/gz:/opt/ros/jazzy/opt/gz_gui_vendor/share/gz:/opt/ros/jazzy/opt/gz_transport_vendor/share/gz:/opt/ros/jazzy/opt/gz_rendering_vendor/share/gz:/opt/ros/jazzy/opt/gz_plugin_vendor/share/gz:/opt/ros/jazzy/opt/gz_fuel_tools_vendor/share/gz:/opt/ros/jazzy/opt/gz_msgs_vendor/share/gz:/opt/ros/jazzy/opt/gz_common_vendor/share/gz', 'XDG_SESSION_TYPE': 'tty', 'GIT_ASKPASS': '/home/ngt/.vscode-server/cli/servers/Stable-1b6a188127eeaf9194f945eb6eb89a657e93c54c/server/extensions/git/dist/askpass.sh', 'SHLVL': '1', 'BROWSER': '/home/ngt/.vscode-server/cli/servers/Stable-1b6a188127eeaf9194f945eb6eb89a657e93c54c/server/bin/helpers/browser.sh', 'LD_LIBRARY_PATH': '/home/ngt/ZENS-Final-AUVC/install/msgs/lib:/home/ngt/ZENS-Final-AUVC/install/gazebo_bluerov2/lib:/home/ngt/auvc_ws/install/example_custom_srv/lib:/home/ngt/pid_ws/install/target_depth_msgs/lib:/opt/ros/jazzy/opt/gz_sim_vendor/lib:/opt/ros/jazzy/opt/gz_sensors_vendor/lib:/opt/ros/jazzy/opt/gz_physics_vendor/lib:/opt/ros/jazzy/opt/sdformat_vendor/lib:/opt/ros/jazzy/opt/rviz_ogre_vendor/lib:/opt/ros/jazzy/lib/aarch64-linux-gnu:/opt/ros/jazzy/opt/gz_gui_vendor/lib:/opt/ros/jazzy/opt/gz_transport_vendor/lib:/opt/ros/jazzy/opt/gz_rendering_vendor/lib:/opt/ros/jazzy/opt/gz_plugin_vendor/lib:/opt/ros/jazzy/opt/gz_fuel_tools_vendor/lib:/opt/ros/jazzy/opt/gz_msgs_vendor/lib:/opt/ros/jazzy/opt/gz_common_vendor/lib:/opt/ros/jazzy/opt/gz_math_vendor/lib:/opt/ros/jazzy/opt/gz_utils_vendor/lib:/opt/ros/jazzy/opt/gz_tools_vendor/lib:/opt/ros/jazzy/opt/gz_ogre_next_vendor/lib:/opt/ros/jazzy/opt/gz_dartsim_vendor/lib:/opt/ros/jazzy/opt/gz_cmake_vendor/lib:/opt/ros/jazzy/lib', 'GZ_TRANSPORT_ID': '192.168.3.1', 'HOME': '/home/ngt', 'OLDPWD': '/home/ngt', 'LESS': '-R', 'VIRTUALENVWRAPPER_PYTHON': '/usr/bin/python3', 'TERM_PROGRAM_VERSION': '1.130.0', 'VSCODE_IPC_HOOK_CLI': '/run/user/1004/vscode-ipc-c05d7b36-e784-46a6-a7ed-bf86e2de284d.sock', 'ZSH': '/home/ngt/.oh-my-zsh', 'LSCOLORS': 'Gxfxcxdxbxegedabagacad', 'GZ_TRANSPORT_PUB_PORT': '11345', 'VSCODE_GIT_ASKPASS_MAIN': '/home/ngt/.vscode-server/cli/servers/Stable-1b6a188127eeaf9194f945eb6eb89a657e93c54c/server/extensions/git/dist/askpass-main.js', 'PAGER': 'less', 'ROS_PYTHON_VERSION': '3', 'PS1': '(ardusub) %(?:%{\x1b[01;32m%}%1{➜%} :%{\x1b[01;31m%}%1{➜%} ) %{\x1b[36m%}%c%{\x1b[00m%} $(git_prompt_info)', 'VSCODE_GIT_ASKPASS_NODE': '/home/ngt/.vscode-server/cli/servers/Stable-1b6a188127eeaf9194f945eb6eb89a657e93c54c/server/node', 'DBUS_SESSION_BUS_ADDRESS': 'unix:path=/run/user/1004/bus', 'PYDEVD_DISABLE_FILE_VALIDATION': '1', 'BUNDLED_DEBUGPY_PATH': '/home/ngt/.vscode-server/extensions/ms-python.debugpy-2026.6.0-linux-arm64/bundled/libs/debugpy', 'GZ_TRANSPORT_SUB_PORT': '11346', 'VSCODE_PYTHON_AUTOACTIVATE_GUARD': '1', 'COLORTERM': 'truecolor', 'ROS_DISTRO': 'jazzy', 'COLCON_PREFIX_PATH': '/home/ngt/ZENS-Final-AUVC/install:/home/ngt/cv_ws/install:/home/ngt/pid_ws/install:/home/ngt/auvc_ws/install:/home/ngt/auv_dancing/install', 'LOGNAME': 'ngt', '_': '/home/ngt/.virtualenvs/ardusub/bin/colcon', 'XDG_SESSION_CLASS': 'user', 'USER_ZDOTDIR': '/home/ngt', 'ROS_VERSION': '2', 'XDG_SESSION_ID': '1', 'TERM': 'xterm-256color', 'PATH': '/home/ngt/ZENS-Final-AUVC/install/hardware/bin:/home/ngt/ZENS-Final-AUVC/install/flashing/bin:/home/ngt/ZENS-Final-AUVC/install/cv/bin:/home/ngt/ZENS-Final-AUVC/install/control/bin:/home/ngt/.virtualenvs/ardusub/bin:/home/ngt/.opencode/bin:/opt/ros/jazzy/opt/gz_msgs_vendor/bin:/opt/ros/jazzy/opt/gz_tools_vendor/bin:/opt/ros/jazzy/opt/gz_ogre_next_vendor/bin:/opt/ros/jazzy/bin:/usr/lib/ccache:/home/ngt/.vscode-server/data/User/globalStorage/github.copilot-chat/debugCommand:/home/ngt/.vscode-server/data/User/globalStorage/github.copilot-chat/copilotCli:/home/ngt/.vscode-server/cli/servers/Stable-1b6a188127eeaf9194f945eb6eb89a657e93c54c/server/bin/remote-cli:/usr/local/sbin:/usr/local/bin:/usr/sbin:/usr/bin:/sbin:/bin:/usr/games:/usr/local/games:/snap/bin:/home/ngt/.vscode-server/extensions/ms-python.debugpy-2026.6.0-linux-arm64/bundled/scripts/noConfigScripts:/home/ngt/.local/bin:/home/ngt/ardupilot/Tools/autotest', 'XDG_RUNTIME_DIR': '/run/user/1004', 'GZ_PARTITION': 'my_sim', 'LANG': 'en_US.UTF-8', 'VSCODE_DEBUGPY_ADAPTER_ENDPOINTS': '/home/ngt/.vscode-server/extensions/ms-python.debugpy-2026.6.0-linux-arm64/.noConfigDebugAdapterEndpoints/endpoint-fe03004f45a03570.txt', 'PYTHONSTARTUP': '/home/ngt/.vscode-server/data/User/workspaceStorage/e30aafa2edaaf296b4a11477f6a9b588/ms-python.python/pythonrc.py', 'VSCODE_INJECTION': '1', 'VIRTUAL_ENV_PROMPT': 'ardusub', 'TERM_PROGRAM': 'vscode', 'VSCODE_GIT_IPC_HANDLE': '/run/user/1004/vscode-git-191b257475.sock', 'LS_COLORS': 'rs=0:di=01;34:ln=01;36:mh=00:pi=40;33:so=01;35:do=01;35:bd=40;33;01:cd=40;33;01:or=40;31;01:mi=00:su=37;41:sg=30;43:ca=00:tw=30;42:ow=34;42:st=37;44:ex=01;32:*.tar=01;31:*.tgz=01;31:*.arc=01;31:*.arj=01;31:*.taz=01;31:*.lha=01;31:*.lz4=01;31:*.lzh=01;31:*.lzma=01;31:*.tlz=01;31:*.txz=01;31:*.tzo=01;31:*.t7z=01;31:*.zip=01;31:*.z=01;31:*.dz=01;31:*.gz=01;31:*.lrz=01;31:*.lz=01;31:*.lzo=01;31:*.xz=01;31:*.zst=01;31:*.tzst=01;31:*.bz2=01;31:*.bz=01;31:*.tbz=01;31:*.tbz2=01;31:*.tz=01;31:*.deb=01;31:*.rpm=01;31:*.jar=01;31:*.war=01;31:*.ear=01;31:*.sar=01;31:*.rar=01;31:*.alz=01;31:*.ace=01;31:*.zoo=01;31:*.cpio=01;31:*.7z=01;31:*.rz=01;31:*.cab=01;31:*.wim=01;31:*.swm=01;31:*.dwm=01;31:*.esd=01;31:*.avif=01;35:*.jpg=01;35:*.jpeg=01;35:*.mjpg=01;35:*.mjpeg=01;35:*.gif=01;35:*.bmp=01;35:*.pbm=01;35:*.pgm=01;35:*.ppm=01;35:*.tga=01;35:*.xbm=01;35:*.xpm=01;35:*.tif=01;35:*.tiff=01;35:*.png=01;35:*.svg=01;35:*.svgz=01;35:*.mng=01;35:*.pcx=01;35:*.mov=01;35:*.mpg=01;35:*.mpeg=01;35:*.m2v=01;35:*.mkv=01;35:*.webm=01;35:*.webp=01;35:*.ogm=01;35:*.mp4=01;35:*.m4v=01;35:*.mp4v=01;35:*.vob=01;35:*.qt=01;35:*.nuv=01;35:*.wmv=01;35:*.asf=01;35:*.rm=01;35:*.rmvb=01;35:*.flc=01;35:*.avi=01;35:*.fli=01;35:*.flv=01;35:*.gl=01;35:*.dl=01;35:*.xcf=01;35:*.xwd=01;35:*.yuv=01;35:*.cgm=01;35:*.emf=01;35:*.ogv=01;35:*.ogx=01;35:*.aac=00;36:*.au=00;36:*.flac=00;36:*.m4a=00;36:*.mid=00;36:*.midi=00;36:*.mka=00;36:*.mp3=00;36:*.mpc=00;36:*.ogg=00;36:*.ra=00;36:*.wav=00;36:*.oga=00;36:*.opus=00;36:*.spx=00;36:*.xspf=00;36:*~=00;90:*#=00;90:*.bak=00;90:*.crdownload=00;90:*.dpkg-dist=00;90:*.dpkg-new=00;90:*.dpkg-old=00;90:*.dpkg-tmp=00;90:*.old=00;90:*.orig=00;90:*.part=00;90:*.rej=00;90:*.rpmnew=00;90:*.rpmorig=00;90:*.rpmsave=00;90:*.swp=00;90:*.tmp=00;90:*.ucf-dist=00;90:*.ucf-new=00;90:*.ucf-old=00;90:', 'AMENT_PREFIX_PATH': '/home/ngt/ZENS-Final-AUVC/install/msgs:/home/ngt/ZENS-Final-AUVC/install/gazebo_bluerov2:/home/ngt/ZENS-Final-AUVC/install/flashing:/home/ngt/ZENS-Final-AUVC/install/cv:/home/ngt/ZENS-Final-AUVC/install/control:/home/ngt/ZENS-Final-AUVC/install/bringup:/home/ngt/auvc_ws/install/tutorial_virtualenvs:/home/ngt/auvc_ws/install/tutorial_pid:/home/ngt/auvc_ws/install/tutorial_ardusub:/home/ngt/auvc_ws/install/tutorial:/home/ngt/auvc_ws/install/rosmav:/home/ngt/auvc_ws/install/example_custom_srv:/home/ngt/cv_ws/install/cv:/home/ngt/pid_ws/install/target_depth_msgs:/home/ngt/pid_ws/install/pid:/home/ngt/auv_dancing/install/tutorial:/opt/ros/jazzy', 'SHELL': '/usr/bin/zsh', 'VIRTUALENVWRAPPER_PROJECT_FILENAME': '.project', 'VIRTUALENVWRAPPER_HOOK_DIR': '/home/ngt/.virtualenvs', 'VSCODE_GIT_ASKPASS_EXTRA_ARGS': '', 'VIRTUALENVWRAPPER_SCRIPT': '/usr/share/virtualenvwrapper/virtualenvwrapper.sh', 'ROS_AUTOMATIC_DISCOVERY_RANGE': 'SUBNET', 'VIRTUAL_ENV': '/home/ngt/.virtualenvs/ardusub', 'LC_ALL': 'en_US.UTF-8', 'PWD': '/home/ngt/ZENS-Final-AUVC/build/control', 'SSH_CONNECTION': '192.168.3.1 64256 192.168.3.2 22', 'COPILOT_DEBUG_NONCE': 'd6eed4c06bd82aa6cee185ab30fdc4f4', 'ZDOTDIR': '/home/ngt', 'PYTHONPATH': '/home/ngt/ZENS-Final-AUVC/build/control/prefix_override:/home/ngt/.virtualenvs/ardusub/lib/python3.12/site-packages/colcon_core/task/python/colcon_distutils_commands:/home/ngt/ZENS-Final-AUVC/install/control/lib/python3.12/site-packages:/home/ngt/ZENS-Final-AUVC/install/msgs/lib/python3.12/site-packages:/home/ngt/ZENS-Final-AUVC/install/hardware/lib/python3.12/site-packages:/home/ngt/ZENS-Final-AUVC/install/flashing/lib/python3.12/site-packages:/home/ngt/ZENS-Final-AUVC/install/cv/lib/python3.12/site-packages:/home/ngt/ZENS-Final-AUVC/install/control/lib/python3.12/site-packages:/home/ngt/ZENS-Final-AUVC/install/bringup/lib/python3.12/site-packages:/home/ngt/auvc_ws/install/tutorial_virtualenvs/lib/python3.12/site-packages:/home/ngt/auvc_ws/install/tutorial_pid/lib/python3.12/site-packages:/home/ngt/auvc_ws/install/tutorial_ardusub/lib/python3.12/site-packages:/home/ngt/auvc_ws/install/tutorial/lib/python3.12/site-packages:/home/ngt/auvc_ws/install/rosmav/lib/python3.12/site-packages:/home/ngt/auvc_ws/install/example_custom_srv/lib/python3.12/site-packages:/home/ngt/cv_ws/install/cv/lib/python3.12/site-packages:/home/ngt/pid_ws/install/target_depth_msgs/lib/python3.12/site-packages:/home/ngt/pid_ws/install/pid/lib/python3.12/site-packages:/home/ngt/auv_dancing/install/tutorial/lib/python3.12/site-packages:/opt/ros/jazzy/lib/python3.12/site-packages', 'COLCON': '1', 'CMAKE_PREFIX_PATH': '/home/ngt/ZENS-Final-AUVC/install/msgs:/home/ngt/ZENS-Final-AUVC/install/gazebo_bluerov2:/home/ngt/auvc_ws/install/example_custom_srv:/home/ngt/pid_ws/install/target_depth_msgs:/opt/ros/jazzy/opt/gz_sim_vendor:/opt/ros/jazzy/opt/gz_sensors_vendor:/opt/ros/jazzy/opt/gz_physics_vendor:/opt/ros/jazzy/opt/sdformat_vendor:/opt/ros/jazzy/opt/gz_gui_vendor:/opt/ros/jazzy/opt/gz_transport_vendor:/opt/ros/jazzy/opt/gz_rendering_vendor:/opt/ros/jazzy/opt/gz_plugin_vendor:/opt/ros/jazzy/opt/gz_fuel_tools_vendor:/opt/ros/jazzy/opt/gz_msgs_vendor:/opt/ros/jazzy/opt/gz_common_vendor:/opt/ros/jazzy/opt/gz_math_vendor:/opt/ros/jazzy/opt/gz_utils_vendor:/opt/ros/jazzy/opt/gz_tools_vendor:/opt/ros/jazzy/opt/gz_ogre_next_vendor:/opt/ros/jazzy/opt/gz_dartsim_vendor:/opt/ros/jazzy/opt/gz_cmake_vendor'}, 'shell': False}
[20.446822] (-) TimerEvent: {}
[20.550806] (-) TimerEvent: {}
[20.651758] (-) TimerEvent: {}
[20.753978] (-) TimerEvent: {}
[20.858730] (-) TimerEvent: {}
[20.962880] (-) TimerEvent: {}
[21.072384] (-) TimerEvent: {}
[21.173176] (-) TimerEvent: {}
[21.276751] (-) TimerEvent: {}
[21.380702] (-) TimerEvent: {}
[21.484445] (-) TimerEvent: {}
[21.585287] (-) TimerEvent: {}
[21.689149] (-) TimerEvent: {}
[21.791247] (-) TimerEvent: {}
[21.898927] (-) TimerEvent: {}
[21.941318] (bringup) Command: {'cmd': ['/home/ngt/.virtualenvs/ardusub/bin/python', '-W', 'ignore:setup.py install is deprecated', '-W', 'ignore:easy_install command is deprecated', 'setup.py', 'egg_info', '--egg-base', '../../../build/bringup', 'build', '--build-base', '/home/ngt/ZENS-Final-AUVC/build/bringup/build', 'install', '--record', '/home/ngt/ZENS-Final-AUVC/build/bringup/install.log', '--install-scripts', '$base/lib/bringup', '--single-version-externally-managed', 'install_data'], 'cwd': '/home/ngt/ZENS-Final-AUVC/ros_ws/src/bringup', 'env': {'PYTHON_BASIC_REPL': '1', 'VIRTUALENVWRAPPER_WORKON_CD': '1', 'USER': 'ngt', 'SSH_CLIENT': '192.168.3.1 64256 22', 'WORKON_HOME': '/home/ngt/.virtualenvs', 'GZ_SIM_RESOURCE_PATH': '/opt/ros/jazzy/share', 'GZ_CONFIG_PATH': '/opt/ros/jazzy/opt/gz_sim_vendor/share/gz:/opt/ros/jazzy/opt/sdformat_vendor/share/gz:/opt/ros/jazzy/opt/gz_gui_vendor/share/gz:/opt/ros/jazzy/opt/gz_transport_vendor/share/gz:/opt/ros/jazzy/opt/gz_rendering_vendor/share/gz:/opt/ros/jazzy/opt/gz_plugin_vendor/share/gz:/opt/ros/jazzy/opt/gz_fuel_tools_vendor/share/gz:/opt/ros/jazzy/opt/gz_msgs_vendor/share/gz:/opt/ros/jazzy/opt/gz_common_vendor/share/gz', 'XDG_SESSION_TYPE': 'tty', 'GIT_ASKPASS': '/home/ngt/.vscode-server/cli/servers/Stable-1b6a188127eeaf9194f945eb6eb89a657e93c54c/server/extensions/git/dist/askpass.sh', 'SHLVL': '1', 'BROWSER': '/home/ngt/.vscode-server/cli/servers/Stable-1b6a188127eeaf9194f945eb6eb89a657e93c54c/server/bin/helpers/browser.sh', 'LD_LIBRARY_PATH': '/home/ngt/ZENS-Final-AUVC/install/msgs/lib:/home/ngt/ZENS-Final-AUVC/install/gazebo_bluerov2/lib:/home/ngt/auvc_ws/install/example_custom_srv/lib:/home/ngt/pid_ws/install/target_depth_msgs/lib:/opt/ros/jazzy/opt/gz_sim_vendor/lib:/opt/ros/jazzy/opt/gz_sensors_vendor/lib:/opt/ros/jazzy/opt/gz_physics_vendor/lib:/opt/ros/jazzy/opt/sdformat_vendor/lib:/opt/ros/jazzy/opt/rviz_ogre_vendor/lib:/opt/ros/jazzy/lib/aarch64-linux-gnu:/opt/ros/jazzy/opt/gz_gui_vendor/lib:/opt/ros/jazzy/opt/gz_transport_vendor/lib:/opt/ros/jazzy/opt/gz_rendering_vendor/lib:/opt/ros/jazzy/opt/gz_plugin_vendor/lib:/opt/ros/jazzy/opt/gz_fuel_tools_vendor/lib:/opt/ros/jazzy/opt/gz_msgs_vendor/lib:/opt/ros/jazzy/opt/gz_common_vendor/lib:/opt/ros/jazzy/opt/gz_math_vendor/lib:/opt/ros/jazzy/opt/gz_utils_vendor/lib:/opt/ros/jazzy/opt/gz_tools_vendor/lib:/opt/ros/jazzy/opt/gz_ogre_next_vendor/lib:/opt/ros/jazzy/opt/gz_dartsim_vendor/lib:/opt/ros/jazzy/opt/gz_cmake_vendor/lib:/opt/ros/jazzy/lib', 'GZ_TRANSPORT_ID': '192.168.3.1', 'HOME': '/home/ngt', 'OLDPWD': '/home/ngt', 'LESS': '-R', 'VIRTUALENVWRAPPER_PYTHON': '/usr/bin/python3', 'TERM_PROGRAM_VERSION': '1.130.0', 'VSCODE_IPC_HOOK_CLI': '/run/user/1004/vscode-ipc-c05d7b36-e784-46a6-a7ed-bf86e2de284d.sock', 'ZSH': '/home/ngt/.oh-my-zsh', 'LSCOLORS': 'Gxfxcxdxbxegedabagacad', 'GZ_TRANSPORT_PUB_PORT': '11345', 'VSCODE_GIT_ASKPASS_MAIN': '/home/ngt/.vscode-server/cli/servers/Stable-1b6a188127eeaf9194f945eb6eb89a657e93c54c/server/extensions/git/dist/askpass-main.js', 'PAGER': 'less', 'ROS_PYTHON_VERSION': '3', 'PS1': '(ardusub) %(?:%{\x1b[01;32m%}%1{➜%} :%{\x1b[01;31m%}%1{➜%} ) %{\x1b[36m%}%c%{\x1b[00m%} $(git_prompt_info)', 'VSCODE_GIT_ASKPASS_NODE': '/home/ngt/.vscode-server/cli/servers/Stable-1b6a188127eeaf9194f945eb6eb89a657e93c54c/server/node', 'DBUS_SESSION_BUS_ADDRESS': 'unix:path=/run/user/1004/bus', 'PYDEVD_DISABLE_FILE_VALIDATION': '1', 'BUNDLED_DEBUGPY_PATH': '/home/ngt/.vscode-server/extensions/ms-python.debugpy-2026.6.0-linux-arm64/bundled/libs/debugpy', 'GZ_TRANSPORT_SUB_PORT': '11346', 'VSCODE_PYTHON_AUTOACTIVATE_GUARD': '1', 'COLORTERM': 'truecolor', 'ROS_DISTRO': 'jazzy', 'COLCON_PREFIX_PATH': '/home/ngt/ZENS-Final-AUVC/install:/home/ngt/cv_ws/install:/home/ngt/pid_ws/install:/home/ngt/auvc_ws/install:/home/ngt/auv_dancing/install', 'LOGNAME': 'ngt', '_': '/home/ngt/.virtualenvs/ardusub/bin/colcon', 'XDG_SESSION_CLASS': 'user', 'USER_ZDOTDIR': '/home/ngt', 'ROS_VERSION': '2', 'XDG_SESSION_ID': '1', 'TERM': 'xterm-256color', 'PATH': '/home/ngt/ZENS-Final-AUVC/install/hardware/bin:/home/ngt/ZENS-Final-AUVC/install/flashing/bin:/home/ngt/ZENS-Final-AUVC/install/cv/bin:/home/ngt/ZENS-Final-AUVC/install/control/bin:/home/ngt/.virtualenvs/ardusub/bin:/home/ngt/.opencode/bin:/opt/ros/jazzy/opt/gz_msgs_vendor/bin:/opt/ros/jazzy/opt/gz_tools_vendor/bin:/opt/ros/jazzy/opt/gz_ogre_next_vendor/bin:/opt/ros/jazzy/bin:/usr/lib/ccache:/home/ngt/.vscode-server/data/User/globalStorage/github.copilot-chat/debugCommand:/home/ngt/.vscode-server/data/User/globalStorage/github.copilot-chat/copilotCli:/home/ngt/.vscode-server/cli/servers/Stable-1b6a188127eeaf9194f945eb6eb89a657e93c54c/server/bin/remote-cli:/usr/local/sbin:/usr/local/bin:/usr/sbin:/usr/bin:/sbin:/bin:/usr/games:/usr/local/games:/snap/bin:/home/ngt/.vscode-server/extensions/ms-python.debugpy-2026.6.0-linux-arm64/bundled/scripts/noConfigScripts:/home/ngt/.local/bin:/home/ngt/ardupilot/Tools/autotest', 'XDG_RUNTIME_DIR': '/run/user/1004', 'GZ_PARTITION': 'my_sim', 'LANG': 'en_US.UTF-8', 'VSCODE_DEBUGPY_ADAPTER_ENDPOINTS': '/home/ngt/.vscode-server/extensions/ms-python.debugpy-2026.6.0-linux-arm64/.noConfigDebugAdapterEndpoints/endpoint-fe03004f45a03570.txt', 'PYTHONSTARTUP': '/home/ngt/.vscode-server/data/User/workspaceStorage/e30aafa2edaaf296b4a11477f6a9b588/ms-python.python/pythonrc.py', 'VSCODE_INJECTION': '1', 'VIRTUAL_ENV_PROMPT': 'ardusub', 'TERM_PROGRAM': 'vscode', 'VSCODE_GIT_IPC_HANDLE': '/run/user/1004/vscode-git-191b257475.sock', 'LS_COLORS': 'rs=0:di=01;34:ln=01;36:mh=00:pi=40;33:so=01;35:do=01;35:bd=40;33;01:cd=40;33;01:or=40;31;01:mi=00:su=37;41:sg=30;43:ca=00:tw=30;42:ow=34;42:st=37;44:ex=01;32:*.tar=01;31:*.tgz=01;31:*.arc=01;31:*.arj=01;31:*.taz=01;31:*.lha=01;31:*.lz4=01;31:*.lzh=01;31:*.lzma=01;31:*.tlz=01;31:*.txz=01;31:*.tzo=01;31:*.t7z=01;31:*.zip=01;31:*.z=01;31:*.dz=01;31:*.gz=01;31:*.lrz=01;31:*.lz=01;31:*.lzo=01;31:*.xz=01;31:*.zst=01;31:*.tzst=01;31:*.bz2=01;31:*.bz=01;31:*.tbz=01;31:*.tbz2=01;31:*.tz=01;31:*.deb=01;31:*.rpm=01;31:*.jar=01;31:*.war=01;31:*.ear=01;31:*.sar=01;31:*.rar=01;31:*.alz=01;31:*.ace=01;31:*.zoo=01;31:*.cpio=01;31:*.7z=01;31:*.rz=01;31:*.cab=01;31:*.wim=01;31:*.swm=01;31:*.dwm=01;31:*.esd=01;31:*.avif=01;35:*.jpg=01;35:*.jpeg=01;35:*.mjpg=01;35:*.mjpeg=01;35:*.gif=01;35:*.bmp=01;35:*.pbm=01;35:*.pgm=01;35:*.ppm=01;35:*.tga=01;35:*.xbm=01;35:*.xpm=01;35:*.tif=01;35:*.tiff=01;35:*.png=01;35:*.svg=01;35:*.svgz=01;35:*.mng=01;35:*.pcx=01;35:*.mov=01;35:*.mpg=01;35:*.mpeg=01;35:*.m2v=01;35:*.mkv=01;35:*.webm=01;35:*.webp=01;35:*.ogm=01;35:*.mp4=01;35:*.m4v=01;35:*.mp4v=01;35:*.vob=01;35:*.qt=01;35:*.nuv=01;35:*.wmv=01;35:*.asf=01;35:*.rm=01;35:*.rmvb=01;35:*.flc=01;35:*.avi=01;35:*.fli=01;35:*.flv=01;35:*.gl=01;35:*.dl=01;35:*.xcf=01;35:*.xwd=01;35:*.yuv=01;35:*.cgm=01;35:*.emf=01;35:*.ogv=01;35:*.ogx=01;35:*.aac=00;36:*.au=00;36:*.flac=00;36:*.m4a=00;36:*.mid=00;36:*.midi=00;36:*.mka=00;36:*.mp3=00;36:*.mpc=00;36:*.ogg=00;36:*.ra=00;36:*.wav=00;36:*.oga=00;36:*.opus=00;36:*.spx=00;36:*.xspf=00;36:*~=00;90:*#=00;90:*.bak=00;90:*.crdownload=00;90:*.dpkg-dist=00;90:*.dpkg-new=00;90:*.dpkg-old=00;90:*.dpkg-tmp=00;90:*.old=00;90:*.orig=00;90:*.part=00;90:*.rej=00;90:*.rpmnew=00;90:*.rpmorig=00;90:*.rpmsave=00;90:*.swp=00;90:*.tmp=00;90:*.ucf-dist=00;90:*.ucf-new=00;90:*.ucf-old=00;90:', 'AMENT_PREFIX_PATH': '/home/ngt/ZENS-Final-AUVC/install/msgs:/home/ngt/ZENS-Final-AUVC/install/gazebo_bluerov2:/home/ngt/ZENS-Final-AUVC/install/flashing:/home/ngt/ZENS-Final-AUVC/install/cv:/home/ngt/ZENS-Final-AUVC/install/control:/home/ngt/ZENS-Final-AUVC/install/bringup:/home/ngt/auvc_ws/install/tutorial_virtualenvs:/home/ngt/auvc_ws/install/tutorial_pid:/home/ngt/auvc_ws/install/tutorial_ardusub:/home/ngt/auvc_ws/install/tutorial:/home/ngt/auvc_ws/install/rosmav:/home/ngt/auvc_ws/install/example_custom_srv:/home/ngt/cv_ws/install/cv:/home/ngt/pid_ws/install/target_depth_msgs:/home/ngt/pid_ws/install/pid:/home/ngt/auv_dancing/install/tutorial:/opt/ros/jazzy', 'SHELL': '/usr/bin/zsh', 'VIRTUALENVWRAPPER_PROJECT_FILENAME': '.project', 'VIRTUALENVWRAPPER_HOOK_DIR': '/home/ngt/.virtualenvs', 'VSCODE_GIT_ASKPASS_EXTRA_ARGS': '', 'VIRTUALENVWRAPPER_SCRIPT': '/usr/share/virtualenvwrapper/virtualenvwrapper.sh', 'ROS_AUTOMATIC_DISCOVERY_RANGE': 'SUBNET', 'VIRTUAL_ENV': '/home/ngt/.virtualenvs/ardusub', 'LC_ALL': 'en_US.UTF-8', 'PWD': '/home/ngt/ZENS-Final-AUVC/build/bringup', 'SSH_CONNECTION': '192.168.3.1 64256 192.168.3.2 22', 'COPILOT_DEBUG_NONCE': 'd6eed4c06bd82aa6cee185ab30fdc4f4', 'ZDOTDIR': '/home/ngt', 'PYTHONPATH': '/home/ngt/ZENS-Final-AUVC/build/bringup/prefix_override:/home/ngt/.virtualenvs/ardusub/lib/python3.12/site-packages/colcon_core/task/python/colcon_distutils_commands:/home/ngt/ZENS-Final-AUVC/install/bringup/lib/python3.12/site-packages:/home/ngt/ZENS-Final-AUVC/install/msgs/lib/python3.12/site-packages:/home/ngt/ZENS-Final-AUVC/install/hardware/lib/python3.12/site-packages:/home/ngt/ZENS-Final-AUVC/install/flashing/lib/python3.12/site-packages:/home/ngt/ZENS-Final-AUVC/install/cv/lib/python3.12/site-packages:/home/ngt/ZENS-Final-AUVC/install/control/lib/python3.12/site-packages:/home/ngt/ZENS-Final-AUVC/install/bringup/lib/python3.12/site-packages:/home/ngt/auvc_ws/install/tutorial_virtualenvs/lib/python3.12/site-packages:/home/ngt/auvc_ws/install/tutorial_pid/lib/python3.12/site-packages:/home/ngt/auvc_ws/install/tutorial_ardusub/lib/python3.12/site-packages:/home/ngt/auvc_ws/install/tutorial/lib/python3.12/site-packages:/home/ngt/auvc_ws/install/rosmav/lib/python3.12/site-packages:/home/ngt/auvc_ws/install/example_custom_srv/lib/python3.12/site-packages:/home/ngt/cv_ws/install/cv/lib/python3.12/site-packages:/home/ngt/pid_ws/install/target_depth_msgs/lib/python3.12/site-packages:/home/ngt/pid_ws/install/pid/lib/python3.12/site-packages:/home/ngt/auv_dancing/install/tutorial/lib/python3.12/site-packages:/opt/ros/jazzy/lib/python3.12/site-packages', 'COLCON': '1', 'CMAKE_PREFIX_PATH': '/home/ngt/ZENS-Final-AUVC/install/msgs:/home/ngt/ZENS-Final-AUVC/install/gazebo_bluerov2:/home/ngt/auvc_ws/install/example_custom_srv:/home/ngt/pid_ws/install/target_depth_msgs:/opt/ros/jazzy/opt/gz_sim_vendor:/opt/ros/jazzy/opt/gz_sensors_vendor:/opt/ros/jazzy/opt/gz_physics_vendor:/opt/ros/jazzy/opt/sdformat_vendor:/opt/ros/jazzy/opt/gz_gui_vendor:/opt/ros/jazzy/opt/gz_transport_vendor:/opt/ros/jazzy/opt/gz_rendering_vendor:/opt/ros/jazzy/opt/gz_plugin_vendor:/opt/ros/jazzy/opt/gz_fuel_tools_vendor:/opt/ros/jazzy/opt/gz_msgs_vendor:/opt/ros/jazzy/opt/gz_common_vendor:/opt/ros/jazzy/opt/gz_math_vendor:/opt/ros/jazzy/opt/gz_utils_vendor:/opt/ros/jazzy/opt/gz_tools_vendor:/opt/ros/jazzy/opt/gz_ogre_next_vendor:/opt/ros/jazzy/opt/gz_dartsim_vendor:/opt/ros/jazzy/opt/gz_cmake_vendor'}, 'shell': False}
[22.008823] (-) TimerEvent: {}
[22.109643] (-) TimerEvent: {}
[22.217995] (-) TimerEvent: {}
[22.320780] (-) TimerEvent: {}
[22.421479] (-) TimerEvent: {}
[22.524943] (-) TimerEvent: {}
[22.628260] (-) TimerEvent: {}
[22.732850] (-) TimerEvent: {}
[22.834765] (-) TimerEvent: {}
[22.935669] (-) TimerEvent: {}
[23.041106] (-) TimerEvent: {}
[23.144181] (-) TimerEvent: {}
[23.245084] (-) TimerEvent: {}
[23.347756] (-) TimerEvent: {}
[23.451977] (-) TimerEvent: {}
[23.552959] (-) TimerEvent: {}
[23.656226] (-) TimerEvent: {}
[23.759850] (-) TimerEvent: {}
[23.860787] (-) TimerEvent: {}
[23.968787] (-) TimerEvent: {}
[24.075745] (-) TimerEvent: {}
[24.181771] (-) TimerEvent: {}
[24.283075] (-) TimerEvent: {}
[24.389737] (-) TimerEvent: {}
[24.491757] (-) TimerEvent: {}
[24.594730] (-) TimerEvent: {}
[24.696885] (-) TimerEvent: {}
[24.799542] (-) TimerEvent: {}
[24.843985] (cv) StdoutLine: {'line': b'running egg_info\n'}
[24.907466] (-) TimerEvent: {}
[25.009499] (-) TimerEvent: {}
[25.056130] (flashing) StdoutLine: {'line': b'running egg_info\n'}
[25.111823] (-) TimerEvent: {}
[25.214138] (-) TimerEvent: {}
[25.317006] (cv) StdoutLine: {'line': b'writing ../../../build/cv/cv.egg-info/PKG-INFO\n'}
[25.317856] (-) TimerEvent: {}
[25.328476] (cv) StdoutLine: {'line': b'writing dependency_links to ../../../build/cv/cv.egg-info/dependency_links.txt\n'}
[25.347880] (cv) StdoutLine: {'line': b'writing entry points to ../../../build/cv/cv.egg-info/entry_points.txt\n'}
[25.348671] (cv) StdoutLine: {'line': b'writing requirements to ../../../build/cv/cv.egg-info/requires.txt\n'}
[25.352924] (cv) StdoutLine: {'line': b'writing top-level names to ../../../build/cv/cv.egg-info/top_level.txt\n'}
[25.420551] (-) TimerEvent: {}
[25.525791] (-) TimerEvent: {}
[25.556231] (bringup) StderrLine: {'line': b"/home/ngt/.virtualenvs/ardusub/lib/python3.12/site-packages/setuptools/_distutils/dist.py:288: UserWarning: Unknown distribution option: 'tests_require'\n"}
[25.558748] (bringup) StderrLine: {'line': b'  warnings.warn(msg)\n'}
[25.608788] (flashing) StdoutLine: {'line': b'writing ../../../build/flashing/flashing.egg-info/PKG-INFO\n'}
[25.618739] (flashing) StdoutLine: {'line': b'writing dependency_links to ../../../build/flashing/flashing.egg-info/dependency_links.txt\n'}
[25.630725] (flashing) StdoutLine: {'line': b'writing entry points to ../../../build/flashing/flashing.egg-info/entry_points.txt\n'}
[25.631755] (-) TimerEvent: {}
[25.637730] (flashing) StdoutLine: {'line': b'writing requirements to ../../../build/flashing/flashing.egg-info/requires.txt\n'}
[25.638546] (flashing) StdoutLine: {'line': b'writing top-level names to ../../../build/flashing/flashing.egg-info/top_level.txt\n'}
[25.739309] (-) TimerEvent: {}
[25.846474] (-) TimerEvent: {}
[25.952724] (-) TimerEvent: {}
[26.055737] (-) TimerEvent: {}
[26.158758] (-) TimerEvent: {}
[26.263758] (-) TimerEvent: {}
[26.364646] (-) TimerEvent: {}
[26.469325] (-) TimerEvent: {}
[26.478882] (cv) StdoutLine: {'line': b"reading manifest file '../../../build/cv/cv.egg-info/SOURCES.txt'\n"}
[26.517979] (cv) StdoutLine: {'line': b"writing manifest file '../../../build/cv/cv.egg-info/SOURCES.txt'\n"}
[26.523709] (cv) StdoutLine: {'line': b'running build\n'}
[26.528021] (cv) StdoutLine: {'line': b'running build_py\n'}
[26.528904] (cv) StdoutLine: {'line': b'copying cv/detector.py -> /home/ngt/ZENS-Final-AUVC/build/cv/build/lib/cv\n'}
[26.546045] (cv) StdoutLine: {'line': b'copying cv/visualizer.py -> /home/ngt/ZENS-Final-AUVC/build/cv/build/lib/cv\n'}
[26.546847] (cv) StdoutLine: {'line': b'copying cv/video_logger.py -> /home/ngt/ZENS-Final-AUVC/build/cv/build/lib/cv\n'}
[26.557752] (cv) StdoutLine: {'line': b'copying cv/__init__.py -> /home/ngt/ZENS-Final-AUVC/build/cv/build/lib/cv\n'}
[26.567457] (cv) StdoutLine: {'line': b'copying cv/camera.py -> /home/ngt/ZENS-Final-AUVC/build/cv/build/lib/cv\n'}
[26.568284] (cv) StdoutLine: {'line': b'copying cv/nodes/tag_heading_node.py -> /home/ngt/ZENS-Final-AUVC/build/cv/build/lib/cv/nodes\n'}
[26.570257] (-) TimerEvent: {}
[26.583960] (cv) StdoutLine: {'line': b'copying cv/nodes/image_saver_node.py -> /home/ngt/ZENS-Final-AUVC/build/cv/build/lib/cv/nodes\n'}
[26.601482] (cv) StdoutLine: {'line': b'copying cv/nodes/fake_camera_node.py -> /home/ngt/ZENS-Final-AUVC/build/cv/build/lib/cv/nodes\n'}
[26.606139] (cv) StdoutLine: {'line': b'copying cv/nodes/__init__.py -> /home/ngt/ZENS-Final-AUVC/build/cv/build/lib/cv/nodes\n'}
[26.611357] (cv) StdoutLine: {'line': b'copying cv/nodes/detector_node.py -> /home/ngt/ZENS-Final-AUVC/build/cv/build/lib/cv/nodes\n'}
[26.621612] (cv) StdoutLine: {'line': b'copying cv/scripts/detect_from_image.py -> /home/ngt/ZENS-Final-AUVC/build/cv/build/lib/cv/scripts\n'}
[26.647929] (cv) StdoutLine: {'line': b'copying cv/scripts/calibrate_camera.py -> /home/ngt/ZENS-Final-AUVC/build/cv/build/lib/cv/scripts\n'}
[26.656211] (cv) StdoutLine: {'line': b'copying cv/scripts/__init__.py -> /home/ngt/ZENS-Final-AUVC/build/cv/build/lib/cv/scripts\n'}
[26.671629] (-) TimerEvent: {}
[26.681682] (cv) StdoutLine: {'line': b'running install\n'}
[26.771163] (flashing) StdoutLine: {'line': b"reading manifest file '../../../build/flashing/flashing.egg-info/SOURCES.txt'\n"}
[26.773919] (-) TimerEvent: {}
[26.808465] (flashing) StdoutLine: {'line': b"writing manifest file '../../../build/flashing/flashing.egg-info/SOURCES.txt'\n"}
[26.810668] (flashing) StdoutLine: {'line': b'running build\n'}
[26.818298] (flashing) StdoutLine: {'line': b'running build_py\n'}
[26.829863] (flashing) StdoutLine: {'line': b'copying flashing/flashing_node.py -> /home/ngt/ZENS-Final-AUVC/build/flashing/build/lib/flashing\n'}
[26.834200] (flashing) StdoutLine: {'line': b'copying flashing/__init__.py -> /home/ngt/ZENS-Final-AUVC/build/flashing/build/lib/flashing\n'}
[26.842312] (control) StdoutLine: {'line': b'running egg_info\n'}
[26.850893] (cv) StdoutLine: {'line': b'running install_lib\n'}
[26.856465] (flashing) StdoutLine: {'line': b'running install\n'}
[26.880753] (-) TimerEvent: {}
[26.984838] (-) TimerEvent: {}
[26.990759] (flashing) StdoutLine: {'line': b'running install_lib\n'}
[27.086374] (-) TimerEvent: {}
[27.193745] (-) TimerEvent: {}
[27.301997] (-) TimerEvent: {}
[27.376085] (control) StdoutLine: {'line': b'writing ../../../build/control/control.egg-info/PKG-INFO\n'}
[27.381847] (cv) StdoutLine: {'line': b'running install_data\n'}
[27.384701] (cv) StdoutLine: {'line': b'copying resource/cv -> /home/ngt/ZENS-Final-AUVC/install/cv/share/ament_index/resource_index/packages\n'}
[27.385429] (control) StdoutLine: {'line': b'writing dependency_links to ../../../build/control/control.egg-info/dependency_links.txt\n'}
[27.389742] (control) StdoutLine: {'line': b'writing entry points to ../../../build/control/control.egg-info/entry_points.txt\n'}
[27.393948] (control) StdoutLine: {'line': b'writing requirements to ../../../build/control/control.egg-info/requires.txt\n'}
[27.401746] (control) StdoutLine: {'line': b'writing top-level names to ../../../build/control/control.egg-info/top_level.txt\n'}
[27.402632] (-) TimerEvent: {}
[27.403260] (cv) StdoutLine: {'line': b'copying package.xml -> /home/ngt/ZENS-Final-AUVC/install/cv/share/cv\n'}
[27.415570] (cv) StdoutLine: {'line': b'copying launch/test_detection.launch.py -> /home/ngt/ZENS-Final-AUVC/install/cv/share/cv/launch\n'}
[27.421009] (cv) StdoutLine: {'line': b'copying launch/detection.launch.py -> /home/ngt/ZENS-Final-AUVC/install/cv/share/cv/launch\n'}
[27.421711] (cv) StdoutLine: {'line': b'copying launch/tag_heading.launch.py -> /home/ngt/ZENS-Final-AUVC/install/cv/share/cv/launch\n'}
[27.436433] (cv) StdoutLine: {'line': b'copying config/camera_info.yaml -> /home/ngt/ZENS-Final-AUVC/install/cv/share/cv/config\n'}
[27.437268] (cv) StdoutLine: {'line': b'copying config/detector_params.yaml -> /home/ngt/ZENS-Final-AUVC/install/cv/share/cv/config\n'}
[27.441391] (cv) StdoutLine: {'line': b'running install_egg_info\n'}
[27.506060] (-) TimerEvent: {}
[27.554938] (flashing) StdoutLine: {'line': b'running install_data\n'}
[27.562816] (flashing) StdoutLine: {'line': b'copying resource/flashing -> /home/ngt/ZENS-Final-AUVC/install/flashing/share/ament_index/resource_index/packages\n'}
[27.568776] (flashing) StdoutLine: {'line': b'copying package.xml -> /home/ngt/ZENS-Final-AUVC/install/flashing/share/flashing\n'}
[27.569632] (flashing) StdoutLine: {'line': b'running install_egg_info\n'}
[27.612042] (-) TimerEvent: {}
[27.713762] (-) TimerEvent: {}
[27.819726] (-) TimerEvent: {}
[27.883361] (cv) StdoutLine: {'line': b"removing '/home/ngt/ZENS-Final-AUVC/install/cv/lib/python3.12/site-packages/cv-0.0.0-py3.12.egg-info' (and everything under it)\n"}
[27.898791] (cv) StdoutLine: {'line': b'Copying ../../../build/cv/cv.egg-info to /home/ngt/ZENS-Final-AUVC/install/cv/lib/python3.12/site-packages/cv-0.0.0-py3.12.egg-info\n'}
[27.904998] (flashing) StdoutLine: {'line': b"removing '/home/ngt/ZENS-Final-AUVC/install/flashing/lib/python3.12/site-packages/flashing-0.0.0-py3.12.egg-info' (and everything under it)\n"}
[27.912098] (flashing) StdoutLine: {'line': b'Copying ../../../build/flashing/flashing.egg-info to /home/ngt/ZENS-Final-AUVC/install/flashing/lib/python3.12/site-packages/flashing-0.0.0-py3.12.egg-info\n'}
[27.924374] (-) TimerEvent: {}
[27.934435] (cv) StdoutLine: {'line': b'running install_scripts\n'}
[27.943374] (flashing) StdoutLine: {'line': b'running install_scripts\n'}
[28.028204] (-) TimerEvent: {}
[28.132569] (-) TimerEvent: {}
[28.239732] (-) TimerEvent: {}
[28.340648] (-) TimerEvent: {}
[28.424767] (control) StdoutLine: {'line': b"reading manifest file '../../../build/control/control.egg-info/SOURCES.txt'\n"}
[28.441942] (-) TimerEvent: {}
[28.444727] (control) StdoutLine: {'line': b"writing manifest file '../../../build/control/control.egg-info/SOURCES.txt'\n"}
[28.447060] (control) StdoutLine: {'line': b'running build\n'}
[28.455320] (control) StdoutLine: {'line': b'running build_py\n'}
[28.459266] (control) StdoutLine: {'line': b'copying control/self_arm.py -> /home/ngt/ZENS-Final-AUVC/build/control/build/lib/control\n'}
[28.467783] (control) StdoutLine: {'line': b'copying control/heading_pid.py -> /home/ngt/ZENS-Final-AUVC/build/control/build/lib/control\n'}
[28.475262] (control) StdoutLine: {'line': b'copying control/self_disarm.py -> /home/ngt/ZENS-Final-AUVC/build/control/build/lib/control\n'}
[28.483732] (control) StdoutLine: {'line': b'copying control/depth_pid.py -> /home/ngt/ZENS-Final-AUVC/build/control/build/lib/control\n'}
[28.493904] (control) StdoutLine: {'line': b'copying control/__init__.py -> /home/ngt/ZENS-Final-AUVC/build/control/build/lib/control\n'}
[28.505890] (control) StdoutLine: {'line': b'running install\n'}
[28.546026] (-) TimerEvent: {}
[28.557200] (bringup) StdoutLine: {'line': b'running egg_info\n'}
[28.652977] (-) TimerEvent: {}
[28.656455] (control) StdoutLine: {'line': b'running install_lib\n'}
[28.735087] (flashing) StdoutLine: {'line': b'Installing flashing_node script to /home/ngt/ZENS-Final-AUVC/install/flashing/lib/flashing\n'}
[28.736679] (flashing) StdoutLine: {'line': b"writing list of installed files to '/home/ngt/ZENS-Final-AUVC/build/flashing/install.log'\n"}
[28.761018] (-) TimerEvent: {}
[28.870095] (-) TimerEvent: {}
[28.974341] (-) TimerEvent: {}
[29.082498] (-) TimerEvent: {}
[29.099128] (cv) StdoutLine: {'line': b'Installing apriltag_detector_node script to /home/ngt/ZENS-Final-AUVC/install/cv/lib/cv\n'}
[29.106271] (cv) StdoutLine: {'line': b'Installing calibrate_camera script to /home/ngt/ZENS-Final-AUVC/install/cv/lib/cv\n'}
[29.117449] (cv) StdoutLine: {'line': b'Installing detect_from_image script to /home/ngt/ZENS-Final-AUVC/install/cv/lib/cv\n'}
[29.121494] (cv) StdoutLine: {'line': b'Installing fake_camera_node script to /home/ngt/ZENS-Final-AUVC/install/cv/lib/cv\n'}
[29.132825] (cv) StdoutLine: {'line': b'Installing image_saver_node script to /home/ngt/ZENS-Final-AUVC/install/cv/lib/cv\n'}
[29.133672] (bringup) StdoutLine: {'line': b'writing ../../../build/bringup/bringup.egg-info/PKG-INFO\n'}
[29.145906] (cv) StdoutLine: {'line': b'Installing tag_heading_node script to /home/ngt/ZENS-Final-AUVC/install/cv/lib/cv\n'}
[29.159877] (bringup) StdoutLine: {'line': b'writing dependency_links to ../../../build/bringup/bringup.egg-info/dependency_links.txt\n'}
[29.178479] (cv) StdoutLine: {'line': b"writing list of installed files to '/home/ngt/ZENS-Final-AUVC/build/cv/install.log'\n"}
[29.181857] (control) StdoutLine: {'line': b'running install_data\n'}
[29.190946] (-) TimerEvent: {}
[29.193887] (bringup) StdoutLine: {'line': b'writing requirements to ../../../build/bringup/bringup.egg-info/requires.txt\n'}
[29.202477] (bringup) StdoutLine: {'line': b'writing top-level names to ../../../build/bringup/bringup.egg-info/top_level.txt\n'}
[29.209411] (control) StdoutLine: {'line': b'copying resource/control -> /home/ngt/ZENS-Final-AUVC/install/control/share/ament_index/resource_index/packages\n'}
[29.215002] (control) StdoutLine: {'line': b'copying package.xml -> /home/ngt/ZENS-Final-AUVC/install/control/share/control\n'}
[29.223094] (control) StdoutLine: {'line': b'running install_egg_info\n'}
[29.296650] (-) TimerEvent: {}
[29.339367] (flashing) CommandEnded: {'returncode': 0}
[29.424507] (-) TimerEvent: {}
[29.526138] (-) TimerEvent: {}
[29.647134] (-) TimerEvent: {}
[29.757828] (-) TimerEvent: {}
[29.762449] (control) StdoutLine: {'line': b"removing '/home/ngt/ZENS-Final-AUVC/install/control/lib/python3.12/site-packages/control-0.0.0-py3.12.egg-info' (and everything under it)\n"}
[29.785885] (flashing) JobEnded: {'identifier': 'flashing', 'rc': 0}
[29.798775] (gazebo_bluerov2) JobStarted: {'identifier': 'gazebo_bluerov2'}
[29.799198] (control) StdoutLine: {'line': b'Copying ../../../build/control/control.egg-info to /home/ngt/ZENS-Final-AUVC/install/control/lib/python3.12/site-packages/control-0.0.0-py3.12.egg-info\n'}
[29.842673] (control) StdoutLine: {'line': b'running install_scripts\n'}
[29.867775] (-) TimerEvent: {}
[29.976724] (-) TimerEvent: {}
[30.075864] (gazebo_bluerov2) JobProgress: {'identifier': 'gazebo_bluerov2', 'progress': 'cmake'}
[30.093878] (-) TimerEvent: {}
[30.096763] (gazebo_bluerov2) JobProgress: {'identifier': 'gazebo_bluerov2', 'progress': 'build'}
[30.121211] (gazebo_bluerov2) Command: {'cmd': ['/usr/bin/cmake', '--build', '/home/ngt/ZENS-Final-AUVC/build/gazebo_bluerov2', '--', '-j4', '-l4'], 'cwd': '/home/ngt/ZENS-Final-AUVC/build/gazebo_bluerov2', 'env': OrderedDict({'PYTHON_BASIC_REPL': '1', 'VIRTUALENVWRAPPER_WORKON_CD': '1', 'USER': 'ngt', 'SSH_CLIENT': '192.168.3.1 64256 22', 'WORKON_HOME': '/home/ngt/.virtualenvs', 'GZ_SIM_RESOURCE_PATH': '/opt/ros/jazzy/share', 'GZ_CONFIG_PATH': '/opt/ros/jazzy/opt/gz_sim_vendor/share/gz:/opt/ros/jazzy/opt/sdformat_vendor/share/gz:/opt/ros/jazzy/opt/gz_gui_vendor/share/gz:/opt/ros/jazzy/opt/gz_transport_vendor/share/gz:/opt/ros/jazzy/opt/gz_rendering_vendor/share/gz:/opt/ros/jazzy/opt/gz_plugin_vendor/share/gz:/opt/ros/jazzy/opt/gz_fuel_tools_vendor/share/gz:/opt/ros/jazzy/opt/gz_msgs_vendor/share/gz:/opt/ros/jazzy/opt/gz_common_vendor/share/gz', 'XDG_SESSION_TYPE': 'tty', 'GIT_ASKPASS': '/home/ngt/.vscode-server/cli/servers/Stable-1b6a188127eeaf9194f945eb6eb89a657e93c54c/server/extensions/git/dist/askpass.sh', 'SHLVL': '1', 'BROWSER': '/home/ngt/.vscode-server/cli/servers/Stable-1b6a188127eeaf9194f945eb6eb89a657e93c54c/server/bin/helpers/browser.sh', 'LD_LIBRARY_PATH': '/home/ngt/ZENS-Final-AUVC/install/msgs/lib:/home/ngt/ZENS-Final-AUVC/install/gazebo_bluerov2/lib:/home/ngt/auvc_ws/install/example_custom_srv/lib:/home/ngt/pid_ws/install/target_depth_msgs/lib:/opt/ros/jazzy/opt/gz_sim_vendor/lib:/opt/ros/jazzy/opt/gz_sensors_vendor/lib:/opt/ros/jazzy/opt/gz_physics_vendor/lib:/opt/ros/jazzy/opt/sdformat_vendor/lib:/opt/ros/jazzy/opt/rviz_ogre_vendor/lib:/opt/ros/jazzy/lib/aarch64-linux-gnu:/opt/ros/jazzy/opt/gz_gui_vendor/lib:/opt/ros/jazzy/opt/gz_transport_vendor/lib:/opt/ros/jazzy/opt/gz_rendering_vendor/lib:/opt/ros/jazzy/opt/gz_plugin_vendor/lib:/opt/ros/jazzy/opt/gz_fuel_tools_vendor/lib:/opt/ros/jazzy/opt/gz_msgs_vendor/lib:/opt/ros/jazzy/opt/gz_common_vendor/lib:/opt/ros/jazzy/opt/gz_math_vendor/lib:/opt/ros/jazzy/opt/gz_utils_vendor/lib:/opt/ros/jazzy/opt/gz_tools_vendor/lib:/opt/ros/jazzy/opt/gz_ogre_next_vendor/lib:/opt/ros/jazzy/opt/gz_dartsim_vendor/lib:/opt/ros/jazzy/opt/gz_cmake_vendor/lib:/opt/ros/jazzy/lib', 'GZ_TRANSPORT_ID': '192.168.3.1', 'HOME': '/home/ngt', 'OLDPWD': '/home/ngt', 'LESS': '-R', 'VIRTUALENVWRAPPER_PYTHON': '/usr/bin/python3', 'TERM_PROGRAM_VERSION': '1.130.0', 'VSCODE_IPC_HOOK_CLI': '/run/user/1004/vscode-ipc-c05d7b36-e784-46a6-a7ed-bf86e2de284d.sock', 'ZSH': '/home/ngt/.oh-my-zsh', 'LSCOLORS': 'Gxfxcxdxbxegedabagacad', 'GZ_TRANSPORT_PUB_PORT': '11345', 'VSCODE_GIT_ASKPASS_MAIN': '/home/ngt/.vscode-server/cli/servers/Stable-1b6a188127eeaf9194f945eb6eb89a657e93c54c/server/extensions/git/dist/askpass-main.js', 'PAGER': 'less', 'ROS_PYTHON_VERSION': '3', 'PS1': '(ardusub) %(?:%{\x1b[01;32m%}%1{➜%} :%{\x1b[01;31m%}%1{➜%} ) %{\x1b[36m%}%c%{\x1b[00m%} $(git_prompt_info)', 'VSCODE_GIT_ASKPASS_NODE': '/home/ngt/.vscode-server/cli/servers/Stable-1b6a188127eeaf9194f945eb6eb89a657e93c54c/server/node', 'DBUS_SESSION_BUS_ADDRESS': 'unix:path=/run/user/1004/bus', 'PYDEVD_DISABLE_FILE_VALIDATION': '1', 'BUNDLED_DEBUGPY_PATH': '/home/ngt/.vscode-server/extensions/ms-python.debugpy-2026.6.0-linux-arm64/bundled/libs/debugpy', 'GZ_TRANSPORT_SUB_PORT': '11346', 'VSCODE_PYTHON_AUTOACTIVATE_GUARD': '1', 'COLORTERM': 'truecolor', 'ROS_DISTRO': 'jazzy', 'COLCON_PREFIX_PATH': '/home/ngt/ZENS-Final-AUVC/install:/home/ngt/cv_ws/install:/home/ngt/pid_ws/install:/home/ngt/auvc_ws/install:/home/ngt/auv_dancing/install', 'LOGNAME': 'ngt', '_': '/home/ngt/.virtualenvs/ardusub/bin/colcon', 'XDG_SESSION_CLASS': 'user', 'USER_ZDOTDIR': '/home/ngt', 'ROS_VERSION': '2', 'XDG_SESSION_ID': '1', 'TERM': 'xterm-256color', 'PATH': '/home/ngt/ZENS-Final-AUVC/install/hardware/bin:/home/ngt/ZENS-Final-AUVC/install/flashing/bin:/home/ngt/ZENS-Final-AUVC/install/cv/bin:/home/ngt/ZENS-Final-AUVC/install/control/bin:/home/ngt/.virtualenvs/ardusub/bin:/home/ngt/.opencode/bin:/opt/ros/jazzy/opt/gz_msgs_vendor/bin:/opt/ros/jazzy/opt/gz_tools_vendor/bin:/opt/ros/jazzy/opt/gz_ogre_next_vendor/bin:/opt/ros/jazzy/bin:/usr/lib/ccache:/home/ngt/.vscode-server/data/User/globalStorage/github.copilot-chat/debugCommand:/home/ngt/.vscode-server/data/User/globalStorage/github.copilot-chat/copilotCli:/home/ngt/.vscode-server/cli/servers/Stable-1b6a188127eeaf9194f945eb6eb89a657e93c54c/server/bin/remote-cli:/usr/local/sbin:/usr/local/bin:/usr/sbin:/usr/bin:/sbin:/bin:/usr/games:/usr/local/games:/snap/bin:/home/ngt/.vscode-server/extensions/ms-python.debugpy-2026.6.0-linux-arm64/bundled/scripts/noConfigScripts:/home/ngt/.local/bin:/home/ngt/ardupilot/Tools/autotest', 'XDG_RUNTIME_DIR': '/run/user/1004', 'GZ_PARTITION': 'my_sim', 'LANG': 'en_US.UTF-8', 'VSCODE_DEBUGPY_ADAPTER_ENDPOINTS': '/home/ngt/.vscode-server/extensions/ms-python.debugpy-2026.6.0-linux-arm64/.noConfigDebugAdapterEndpoints/endpoint-fe03004f45a03570.txt', 'PYTHONSTARTUP': '/home/ngt/.vscode-server/data/User/workspaceStorage/e30aafa2edaaf296b4a11477f6a9b588/ms-python.python/pythonrc.py', 'VSCODE_INJECTION': '1', 'VIRTUAL_ENV_PROMPT': 'ardusub', 'TERM_PROGRAM': 'vscode', 'VSCODE_GIT_IPC_HANDLE': '/run/user/1004/vscode-git-191b257475.sock', 'LS_COLORS': 'rs=0:di=01;34:ln=01;36:mh=00:pi=40;33:so=01;35:do=01;35:bd=40;33;01:cd=40;33;01:or=40;31;01:mi=00:su=37;41:sg=30;43:ca=00:tw=30;42:ow=34;42:st=37;44:ex=01;32:*.tar=01;31:*.tgz=01;31:*.arc=01;31:*.arj=01;31:*.taz=01;31:*.lha=01;31:*.lz4=01;31:*.lzh=01;31:*.lzma=01;31:*.tlz=01;31:*.txz=01;31:*.tzo=01;31:*.t7z=01;31:*.zip=01;31:*.z=01;31:*.dz=01;31:*.gz=01;31:*.lrz=01;31:*.lz=01;31:*.lzo=01;31:*.xz=01;31:*.zst=01;31:*.tzst=01;31:*.bz2=01;31:*.bz=01;31:*.tbz=01;31:*.tbz2=01;31:*.tz=01;31:*.deb=01;31:*.rpm=01;31:*.jar=01;31:*.war=01;31:*.ear=01;31:*.sar=01;31:*.rar=01;31:*.alz=01;31:*.ace=01;31:*.zoo=01;31:*.cpio=01;31:*.7z=01;31:*.rz=01;31:*.cab=01;31:*.wim=01;31:*.swm=01;31:*.dwm=01;31:*.esd=01;31:*.avif=01;35:*.jpg=01;35:*.jpeg=01;35:*.mjpg=01;35:*.mjpeg=01;35:*.gif=01;35:*.bmp=01;35:*.pbm=01;35:*.pgm=01;35:*.ppm=01;35:*.tga=01;35:*.xbm=01;35:*.xpm=01;35:*.tif=01;35:*.tiff=01;35:*.png=01;35:*.svg=01;35:*.svgz=01;35:*.mng=01;35:*.pcx=01;35:*.mov=01;35:*.mpg=01;35:*.mpeg=01;35:*.m2v=01;35:*.mkv=01;35:*.webm=01;35:*.webp=01;35:*.ogm=01;35:*.mp4=01;35:*.m4v=01;35:*.mp4v=01;35:*.vob=01;35:*.qt=01;35:*.nuv=01;35:*.wmv=01;35:*.asf=01;35:*.rm=01;35:*.rmvb=01;35:*.flc=01;35:*.avi=01;35:*.fli=01;35:*.flv=01;35:*.gl=01;35:*.dl=01;35:*.xcf=01;35:*.xwd=01;35:*.yuv=01;35:*.cgm=01;35:*.emf=01;35:*.ogv=01;35:*.ogx=01;35:*.aac=00;36:*.au=00;36:*.flac=00;36:*.m4a=00;36:*.mid=00;36:*.midi=00;36:*.mka=00;36:*.mp3=00;36:*.mpc=00;36:*.ogg=00;36:*.ra=00;36:*.wav=00;36:*.oga=00;36:*.opus=00;36:*.spx=00;36:*.xspf=00;36:*~=00;90:*#=00;90:*.bak=00;90:*.crdownload=00;90:*.dpkg-dist=00;90:*.dpkg-new=00;90:*.dpkg-old=00;90:*.dpkg-tmp=00;90:*.old=00;90:*.orig=00;90:*.part=00;90:*.rej=00;90:*.rpmnew=00;90:*.rpmorig=00;90:*.rpmsave=00;90:*.swp=00;90:*.tmp=00;90:*.ucf-dist=00;90:*.ucf-new=00;90:*.ucf-old=00;90:', 'AMENT_PREFIX_PATH': '/home/ngt/ZENS-Final-AUVC/install/msgs:/home/ngt/ZENS-Final-AUVC/install/gazebo_bluerov2:/home/ngt/ZENS-Final-AUVC/install/flashing:/home/ngt/ZENS-Final-AUVC/install/cv:/home/ngt/ZENS-Final-AUVC/install/control:/home/ngt/ZENS-Final-AUVC/install/bringup:/home/ngt/auvc_ws/install/tutorial_virtualenvs:/home/ngt/auvc_ws/install/tutorial_pid:/home/ngt/auvc_ws/install/tutorial_ardusub:/home/ngt/auvc_ws/install/tutorial:/home/ngt/auvc_ws/install/rosmav:/home/ngt/auvc_ws/install/example_custom_srv:/home/ngt/cv_ws/install/cv:/home/ngt/pid_ws/install/target_depth_msgs:/home/ngt/pid_ws/install/pid:/home/ngt/auv_dancing/install/tutorial:/opt/ros/jazzy', 'SHELL': '/usr/bin/zsh', 'VIRTUALENVWRAPPER_PROJECT_FILENAME': '.project', 'VIRTUALENVWRAPPER_HOOK_DIR': '/home/ngt/.virtualenvs', 'VSCODE_GIT_ASKPASS_EXTRA_ARGS': '', 'VIRTUALENVWRAPPER_SCRIPT': '/usr/share/virtualenvwrapper/virtualenvwrapper.sh', 'ROS_AUTOMATIC_DISCOVERY_RANGE': 'SUBNET', 'VIRTUAL_ENV': '/home/ngt/.virtualenvs/ardusub', 'LC_ALL': 'en_US.UTF-8', 'PWD': '/home/ngt/ZENS-Final-AUVC/build/gazebo_bluerov2', 'SSH_CONNECTION': '192.168.3.1 64256 192.168.3.2 22', 'COPILOT_DEBUG_NONCE': 'd6eed4c06bd82aa6cee185ab30fdc4f4', 'ZDOTDIR': '/home/ngt', 'PYTHONPATH': '/home/ngt/ZENS-Final-AUVC/install/msgs/lib/python3.12/site-packages:/home/ngt/ZENS-Final-AUVC/install/hardware/lib/python3.12/site-packages:/home/ngt/ZENS-Final-AUVC/install/flashing/lib/python3.12/site-packages:/home/ngt/ZENS-Final-AUVC/install/cv/lib/python3.12/site-packages:/home/ngt/ZENS-Final-AUVC/install/control/lib/python3.12/site-packages:/home/ngt/ZENS-Final-AUVC/install/bringup/lib/python3.12/site-packages:/home/ngt/auvc_ws/install/tutorial_virtualenvs/lib/python3.12/site-packages:/home/ngt/auvc_ws/install/tutorial_pid/lib/python3.12/site-packages:/home/ngt/auvc_ws/install/tutorial_ardusub/lib/python3.12/site-packages:/home/ngt/auvc_ws/install/tutorial/lib/python3.12/site-packages:/home/ngt/auvc_ws/install/rosmav/lib/python3.12/site-packages:/home/ngt/auvc_ws/install/example_custom_srv/lib/python3.12/site-packages:/home/ngt/cv_ws/install/cv/lib/python3.12/site-packages:/home/ngt/pid_ws/install/target_depth_msgs/lib/python3.12/site-packages:/home/ngt/pid_ws/install/pid/lib/python3.12/site-packages:/home/ngt/auv_dancing/install/tutorial/lib/python3.12/site-packages:/opt/ros/jazzy/lib/python3.12/site-packages', 'COLCON': '1', 'CMAKE_PREFIX_PATH': '/home/ngt/ZENS-Final-AUVC/install/msgs:/home/ngt/ZENS-Final-AUVC/install/gazebo_bluerov2:/home/ngt/auvc_ws/install/example_custom_srv:/home/ngt/pid_ws/install/target_depth_msgs:/opt/ros/jazzy/opt/gz_sim_vendor:/opt/ros/jazzy/opt/gz_sensors_vendor:/opt/ros/jazzy/opt/gz_physics_vendor:/opt/ros/jazzy/opt/sdformat_vendor:/opt/ros/jazzy/opt/gz_gui_vendor:/opt/ros/jazzy/opt/gz_transport_vendor:/opt/ros/jazzy/opt/gz_rendering_vendor:/opt/ros/jazzy/opt/gz_plugin_vendor:/opt/ros/jazzy/opt/gz_fuel_tools_vendor:/opt/ros/jazzy/opt/gz_msgs_vendor:/opt/ros/jazzy/opt/gz_common_vendor:/opt/ros/jazzy/opt/gz_math_vendor:/opt/ros/jazzy/opt/gz_utils_vendor:/opt/ros/jazzy/opt/gz_tools_vendor:/opt/ros/jazzy/opt/gz_ogre_next_vendor:/opt/ros/jazzy/opt/gz_dartsim_vendor:/opt/ros/jazzy/opt/gz_cmake_vendor:/home/ngt/ZENS-Final-AUVC/install/flashing:/home/ngt/ZENS-Final-AUVC/install/cv:/home/ngt/ZENS-Final-AUVC/install/control:/home/ngt/ZENS-Final-AUVC/install/bringup:/home/ngt/auvc_ws/install/tutorial_virtualenvs:/home/ngt/auvc_ws/install/tutorial_pid:/home/ngt/auvc_ws/install/tutorial_ardusub:/home/ngt/auvc_ws/install/tutorial:/home/ngt/auvc_ws/install/rosmav:/home/ngt/cv_ws/install/cv:/home/ngt/pid_ws/install/pid:/home/ngt/auv_dancing/install/tutorial:/opt/ros/jazzy'}), 'shell': False}
[30.170543] (cv) CommandEnded: {'returncode': 0}
[30.205869] (-) TimerEvent: {}
[30.316389] (-) TimerEvent: {}
[30.419729] (-) TimerEvent: {}
[30.453814] (cv) JobEnded: {'identifier': 'cv', 'rc': 0}
[30.455786] (hardware) JobStarted: {'identifier': 'hardware'}
[30.514131] (bringup) StdoutLine: {'line': b"reading manifest file '../../../build/bringup/bringup.egg-info/SOURCES.txt'\n"}
[30.521721] (-) TimerEvent: {}
[30.541743] (bringup) StdoutLine: {'line': b"writing manifest file '../../../build/bringup/bringup.egg-info/SOURCES.txt'\n"}
[30.554894] (bringup) StdoutLine: {'line': b'running build\n'}
[30.557171] (bringup) StdoutLine: {'line': b'running build_py\n'}
[30.557795] (bringup) StdoutLine: {'line': b'copying bringup/__init__.py -> /home/ngt/ZENS-Final-AUVC/build/bringup/build/lib/bringup\n'}
[30.566260] (bringup) StdoutLine: {'line': b'running install\n'}
[30.624836] (-) TimerEvent: {}
[30.695885] (bringup) StdoutLine: {'line': b'running install_lib\n'}
[30.725475] (-) TimerEvent: {}
[30.836770] (-) TimerEvent: {}
[30.843123] (control) StdoutLine: {'line': b'Installing depth_pid script to /home/ngt/ZENS-Final-AUVC/install/control/lib/control\n'}
[30.853127] (control) StdoutLine: {'line': b'Installing heading_pid script to /home/ngt/ZENS-Final-AUVC/install/control/lib/control\n'}
[30.867540] (control) StdoutLine: {'line': b'Installing self_arm script to /home/ngt/ZENS-Final-AUVC/install/control/lib/control\n'}
[30.868431] (control) StdoutLine: {'line': b'Installing self_disarm script to /home/ngt/ZENS-Final-AUVC/install/control/lib/control\n'}
[30.891910] (control) StdoutLine: {'line': b"writing list of installed files to '/home/ngt/ZENS-Final-AUVC/build/control/install.log'\n"}
[30.939394] (-) TimerEvent: {}
[31.045966] (-) TimerEvent: {}
[31.151662] (-) TimerEvent: {}
[31.255020] (-) TimerEvent: {}
[31.317683] (gazebo_bluerov2) StdoutLine: {'line': b'[ 33%] Built target stream_camera\n'}
[31.356775] (-) TimerEvent: {}
[31.380078] (bringup) StdoutLine: {'line': b'running install_data\n'}
[31.392751] (bringup) StdoutLine: {'line': b'copying resource/bringup -> /home/ngt/ZENS-Final-AUVC/install/bringup/share/ament_index/resource_index/packages\n'}
[31.397831] (bringup) StdoutLine: {'line': b'copying package.xml -> /home/ngt/ZENS-Final-AUVC/install/bringup/share/bringup\n'}
[31.412268] (bringup) StdoutLine: {'line': b'copying launch/hardware.launch.py -> /home/ngt/ZENS-Final-AUVC/install/bringup/share/bringup/launch\n'}
[31.413045] (bringup) StdoutLine: {'line': b'copying launch/control.launch.py -> /home/ngt/ZENS-Final-AUVC/install/bringup/share/bringup/launch\n'}
[31.424720] (bringup) StdoutLine: {'line': b'copying launch/all_systems.launch.py -> /home/ngt/ZENS-Final-AUVC/install/bringup/share/bringup/launch\n'}
[31.425471] (bringup) StdoutLine: {'line': b'copying launch/cv.launch.py -> /home/ngt/ZENS-Final-AUVC/install/bringup/share/bringup/launch\n'}
[31.436729] (bringup) StdoutLine: {'line': b'copying config/params.yaml -> /home/ngt/ZENS-Final-AUVC/install/bringup/share/bringup/config\n'}
[31.437461] (bringup) StdoutLine: {'line': b'running install_egg_info\n'}
[31.467797] (-) TimerEvent: {}
[31.574325] (-) TimerEvent: {}
[31.678943] (-) TimerEvent: {}
[31.780979] (-) TimerEvent: {}
[31.843731] (bringup) StdoutLine: {'line': b"removing '/home/ngt/ZENS-Final-AUVC/install/bringup/lib/python3.12/site-packages/bringup-0.0.0-py3.12.egg-info' (and everything under it)\n"}
[31.850740] (bringup) StdoutLine: {'line': b'Copying ../../../build/bringup/bringup.egg-info to /home/ngt/ZENS-Final-AUVC/install/bringup/lib/python3.12/site-packages/bringup-0.0.0-py3.12.egg-info\n'}
[31.888801] (-) TimerEvent: {}
[31.893933] (bringup) StdoutLine: {'line': b'running install_scripts\n'}
[31.944754] (gazebo_bluerov2) StdoutLine: {'line': b'[ 66%] Built target PressureSensor\n'}
[31.995747] (-) TimerEvent: {}
[32.097773] (-) TimerEvent: {}
[32.200869] (-) TimerEvent: {}
[32.303550] (-) TimerEvent: {}
[32.408397] (-) TimerEvent: {}
[32.497381] (gazebo_bluerov2) StdoutLine: {'line': b'[100%] Built target PressureSensorSystem\n'}
[32.512070] (-) TimerEvent: {}
[32.615750] (-) TimerEvent: {}
[32.718758] (-) TimerEvent: {}
[32.824742] (-) TimerEvent: {}
[32.925632] (-) TimerEvent: {}
[32.961570] (bringup) StdoutLine: {'line': b"writing list of installed files to '/home/ngt/ZENS-Final-AUVC/build/bringup/install.log'\n"}
[33.035717] (-) TimerEvent: {}
[33.143083] (-) TimerEvent: {}
[33.244201] (-) TimerEvent: {}
[33.353750] (-) TimerEvent: {}
[33.457746] (-) TimerEvent: {}
[33.558663] (-) TimerEvent: {}
[33.668868] (-) TimerEvent: {}
[33.773227] (-) TimerEvent: {}
[33.880704] (-) TimerEvent: {}
[33.985814] (-) TimerEvent: {}
[34.087192] (-) TimerEvent: {}
[34.195920] (-) TimerEvent: {}
[34.299899] (-) TimerEvent: {}
[34.403460] (-) TimerEvent: {}
[34.508071] (-) TimerEvent: {}
[34.613810] (-) TimerEvent: {}
[34.717806] (-) TimerEvent: {}
[34.818745] (-) TimerEvent: {}
[34.925956] (-) TimerEvent: {}
[35.026886] (-) TimerEvent: {}
[35.132958] (-) TimerEvent: {}
[35.236181] (-) TimerEvent: {}
[35.343116] (-) TimerEvent: {}
[35.446749] (-) TimerEvent: {}
[35.554781] (-) TimerEvent: {}
[35.655791] (-) TimerEvent: {}
[35.761170] (-) TimerEvent: {}
[35.864720] (-) TimerEvent: {}
[35.969882] (-) TimerEvent: {}
[36.073720] (-) TimerEvent: {}
[36.181830] (-) TimerEvent: {}
[36.200548] (gazebo_bluerov2) CommandEnded: {'returncode': 0}
[36.202047] (gazebo_bluerov2) JobProgress: {'identifier': 'gazebo_bluerov2', 'progress': 'install'}
[36.282018] (-) TimerEvent: {}
[36.383783] (gazebo_bluerov2) Command: {'cmd': ['/usr/bin/cmake', '--install', '/home/ngt/ZENS-Final-AUVC/build/gazebo_bluerov2'], 'cwd': '/home/ngt/ZENS-Final-AUVC/build/gazebo_bluerov2', 'env': OrderedDict({'PYTHON_BASIC_REPL': '1', 'VIRTUALENVWRAPPER_WORKON_CD': '1', 'USER': 'ngt', 'SSH_CLIENT': '192.168.3.1 64256 22', 'WORKON_HOME': '/home/ngt/.virtualenvs', 'GZ_SIM_RESOURCE_PATH': '/opt/ros/jazzy/share', 'GZ_CONFIG_PATH': '/opt/ros/jazzy/opt/gz_sim_vendor/share/gz:/opt/ros/jazzy/opt/sdformat_vendor/share/gz:/opt/ros/jazzy/opt/gz_gui_vendor/share/gz:/opt/ros/jazzy/opt/gz_transport_vendor/share/gz:/opt/ros/jazzy/opt/gz_rendering_vendor/share/gz:/opt/ros/jazzy/opt/gz_plugin_vendor/share/gz:/opt/ros/jazzy/opt/gz_fuel_tools_vendor/share/gz:/opt/ros/jazzy/opt/gz_msgs_vendor/share/gz:/opt/ros/jazzy/opt/gz_common_vendor/share/gz', 'XDG_SESSION_TYPE': 'tty', 'GIT_ASKPASS': '/home/ngt/.vscode-server/cli/servers/Stable-1b6a188127eeaf9194f945eb6eb89a657e93c54c/server/extensions/git/dist/askpass.sh', 'SHLVL': '1', 'BROWSER': '/home/ngt/.vscode-server/cli/servers/Stable-1b6a188127eeaf9194f945eb6eb89a657e93c54c/server/bin/helpers/browser.sh', 'LD_LIBRARY_PATH': '/home/ngt/ZENS-Final-AUVC/install/msgs/lib:/home/ngt/ZENS-Final-AUVC/install/gazebo_bluerov2/lib:/home/ngt/auvc_ws/install/example_custom_srv/lib:/home/ngt/pid_ws/install/target_depth_msgs/lib:/opt/ros/jazzy/opt/gz_sim_vendor/lib:/opt/ros/jazzy/opt/gz_sensors_vendor/lib:/opt/ros/jazzy/opt/gz_physics_vendor/lib:/opt/ros/jazzy/opt/sdformat_vendor/lib:/opt/ros/jazzy/opt/rviz_ogre_vendor/lib:/opt/ros/jazzy/lib/aarch64-linux-gnu:/opt/ros/jazzy/opt/gz_gui_vendor/lib:/opt/ros/jazzy/opt/gz_transport_vendor/lib:/opt/ros/jazzy/opt/gz_rendering_vendor/lib:/opt/ros/jazzy/opt/gz_plugin_vendor/lib:/opt/ros/jazzy/opt/gz_fuel_tools_vendor/lib:/opt/ros/jazzy/opt/gz_msgs_vendor/lib:/opt/ros/jazzy/opt/gz_common_vendor/lib:/opt/ros/jazzy/opt/gz_math_vendor/lib:/opt/ros/jazzy/opt/gz_utils_vendor/lib:/opt/ros/jazzy/opt/gz_tools_vendor/lib:/opt/ros/jazzy/opt/gz_ogre_next_vendor/lib:/opt/ros/jazzy/opt/gz_dartsim_vendor/lib:/opt/ros/jazzy/opt/gz_cmake_vendor/lib:/opt/ros/jazzy/lib', 'GZ_TRANSPORT_ID': '192.168.3.1', 'HOME': '/home/ngt', 'OLDPWD': '/home/ngt', 'LESS': '-R', 'VIRTUALENVWRAPPER_PYTHON': '/usr/bin/python3', 'TERM_PROGRAM_VERSION': '1.130.0', 'VSCODE_IPC_HOOK_CLI': '/run/user/1004/vscode-ipc-c05d7b36-e784-46a6-a7ed-bf86e2de284d.sock', 'ZSH': '/home/ngt/.oh-my-zsh', 'LSCOLORS': 'Gxfxcxdxbxegedabagacad', 'GZ_TRANSPORT_PUB_PORT': '11345', 'VSCODE_GIT_ASKPASS_MAIN': '/home/ngt/.vscode-server/cli/servers/Stable-1b6a188127eeaf9194f945eb6eb89a657e93c54c/server/extensions/git/dist/askpass-main.js', 'PAGER': 'less', 'ROS_PYTHON_VERSION': '3', 'PS1': '(ardusub) %(?:%{\x1b[01;32m%}%1{➜%} :%{\x1b[01;31m%}%1{➜%} ) %{\x1b[36m%}%c%{\x1b[00m%} $(git_prompt_info)', 'VSCODE_GIT_ASKPASS_NODE': '/home/ngt/.vscode-server/cli/servers/Stable-1b6a188127eeaf9194f945eb6eb89a657e93c54c/server/node', 'DBUS_SESSION_BUS_ADDRESS': 'unix:path=/run/user/1004/bus', 'PYDEVD_DISABLE_FILE_VALIDATION': '1', 'BUNDLED_DEBUGPY_PATH': '/home/ngt/.vscode-server/extensions/ms-python.debugpy-2026.6.0-linux-arm64/bundled/libs/debugpy', 'GZ_TRANSPORT_SUB_PORT': '11346', 'VSCODE_PYTHON_AUTOACTIVATE_GUARD': '1', 'COLORTERM': 'truecolor', 'ROS_DISTRO': 'jazzy', 'COLCON_PREFIX_PATH': '/home/ngt/ZENS-Final-AUVC/install:/home/ngt/cv_ws/install:/home/ngt/pid_ws/install:/home/ngt/auvc_ws/install:/home/ngt/auv_dancing/install', 'LOGNAME': 'ngt', '_': '/home/ngt/.virtualenvs/ardusub/bin/colcon', 'XDG_SESSION_CLASS': 'user', 'USER_ZDOTDIR': '/home/ngt', 'ROS_VERSION': '2', 'XDG_SESSION_ID': '1', 'TERM': 'xterm-256color', 'PATH': '/home/ngt/ZENS-Final-AUVC/install/hardware/bin:/home/ngt/ZENS-Final-AUVC/install/flashing/bin:/home/ngt/ZENS-Final-AUVC/install/cv/bin:/home/ngt/ZENS-Final-AUVC/install/control/bin:/home/ngt/.virtualenvs/ardusub/bin:/home/ngt/.opencode/bin:/opt/ros/jazzy/opt/gz_msgs_vendor/bin:/opt/ros/jazzy/opt/gz_tools_vendor/bin:/opt/ros/jazzy/opt/gz_ogre_next_vendor/bin:/opt/ros/jazzy/bin:/usr/lib/ccache:/home/ngt/.vscode-server/data/User/globalStorage/github.copilot-chat/debugCommand:/home/ngt/.vscode-server/data/User/globalStorage/github.copilot-chat/copilotCli:/home/ngt/.vscode-server/cli/servers/Stable-1b6a188127eeaf9194f945eb6eb89a657e93c54c/server/bin/remote-cli:/usr/local/sbin:/usr/local/bin:/usr/sbin:/usr/bin:/sbin:/bin:/usr/games:/usr/local/games:/snap/bin:/home/ngt/.vscode-server/extensions/ms-python.debugpy-2026.6.0-linux-arm64/bundled/scripts/noConfigScripts:/home/ngt/.local/bin:/home/ngt/ardupilot/Tools/autotest', 'XDG_RUNTIME_DIR': '/run/user/1004', 'GZ_PARTITION': 'my_sim', 'LANG': 'en_US.UTF-8', 'VSCODE_DEBUGPY_ADAPTER_ENDPOINTS': '/home/ngt/.vscode-server/extensions/ms-python.debugpy-2026.6.0-linux-arm64/.noConfigDebugAdapterEndpoints/endpoint-fe03004f45a03570.txt', 'PYTHONSTARTUP': '/home/ngt/.vscode-server/data/User/workspaceStorage/e30aafa2edaaf296b4a11477f6a9b588/ms-python.python/pythonrc.py', 'VSCODE_INJECTION': '1', 'VIRTUAL_ENV_PROMPT': 'ardusub', 'TERM_PROGRAM': 'vscode', 'VSCODE_GIT_IPC_HANDLE': '/run/user/1004/vscode-git-191b257475.sock', 'LS_COLORS': 'rs=0:di=01;34:ln=01;36:mh=00:pi=40;33:so=01;35:do=01;35:bd=40;33;01:cd=40;33;01:or=40;31;01:mi=00:su=37;41:sg=30;43:ca=00:tw=30;42:ow=34;42:st=37;44:ex=01;32:*.tar=01;31:*.tgz=01;31:*.arc=01;31:*.arj=01;31:*.taz=01;31:*.lha=01;31:*.lz4=01;31:*.lzh=01;31:*.lzma=01;31:*.tlz=01;31:*.txz=01;31:*.tzo=01;31:*.t7z=01;31:*.zip=01;31:*.z=01;31:*.dz=01;31:*.gz=01;31:*.lrz=01;31:*.lz=01;31:*.lzo=01;31:*.xz=01;31:*.zst=01;31:*.tzst=01;31:*.bz2=01;31:*.bz=01;31:*.tbz=01;31:*.tbz2=01;31:*.tz=01;31:*.deb=01;31:*.rpm=01;31:*.jar=01;31:*.war=01;31:*.ear=01;31:*.sar=01;31:*.rar=01;31:*.alz=01;31:*.ace=01;31:*.zoo=01;31:*.cpio=01;31:*.7z=01;31:*.rz=01;31:*.cab=01;31:*.wim=01;31:*.swm=01;31:*.dwm=01;31:*.esd=01;31:*.avif=01;35:*.jpg=01;35:*.jpeg=01;35:*.mjpg=01;35:*.mjpeg=01;35:*.gif=01;35:*.bmp=01;35:*.pbm=01;35:*.pgm=01;35:*.ppm=01;35:*.tga=01;35:*.xbm=01;35:*.xpm=01;35:*.tif=01;35:*.tiff=01;35:*.png=01;35:*.svg=01;35:*.svgz=01;35:*.mng=01;35:*.pcx=01;35:*.mov=01;35:*.mpg=01;35:*.mpeg=01;35:*.m2v=01;35:*.mkv=01;35:*.webm=01;35:*.webp=01;35:*.ogm=01;35:*.mp4=01;35:*.m4v=01;35:*.mp4v=01;35:*.vob=01;35:*.qt=01;35:*.nuv=01;35:*.wmv=01;35:*.asf=01;35:*.rm=01;35:*.rmvb=01;35:*.flc=01;35:*.avi=01;35:*.fli=01;35:*.flv=01;35:*.gl=01;35:*.dl=01;35:*.xcf=01;35:*.xwd=01;35:*.yuv=01;35:*.cgm=01;35:*.emf=01;35:*.ogv=01;35:*.ogx=01;35:*.aac=00;36:*.au=00;36:*.flac=00;36:*.m4a=00;36:*.mid=00;36:*.midi=00;36:*.mka=00;36:*.mp3=00;36:*.mpc=00;36:*.ogg=00;36:*.ra=00;36:*.wav=00;36:*.oga=00;36:*.opus=00;36:*.spx=00;36:*.xspf=00;36:*~=00;90:*#=00;90:*.bak=00;90:*.crdownload=00;90:*.dpkg-dist=00;90:*.dpkg-new=00;90:*.dpkg-old=00;90:*.dpkg-tmp=00;90:*.old=00;90:*.orig=00;90:*.part=00;90:*.rej=00;90:*.rpmnew=00;90:*.rpmorig=00;90:*.rpmsave=00;90:*.swp=00;90:*.tmp=00;90:*.ucf-dist=00;90:*.ucf-new=00;90:*.ucf-old=00;90:', 'AMENT_PREFIX_PATH': '/home/ngt/ZENS-Final-AUVC/install/msgs:/home/ngt/ZENS-Final-AUVC/install/gazebo_bluerov2:/home/ngt/ZENS-Final-AUVC/install/flashing:/home/ngt/ZENS-Final-AUVC/install/cv:/home/ngt/ZENS-Final-AUVC/install/control:/home/ngt/ZENS-Final-AUVC/install/bringup:/home/ngt/auvc_ws/install/tutorial_virtualenvs:/home/ngt/auvc_ws/install/tutorial_pid:/home/ngt/auvc_ws/install/tutorial_ardusub:/home/ngt/auvc_ws/install/tutorial:/home/ngt/auvc_ws/install/rosmav:/home/ngt/auvc_ws/install/example_custom_srv:/home/ngt/cv_ws/install/cv:/home/ngt/pid_ws/install/target_depth_msgs:/home/ngt/pid_ws/install/pid:/home/ngt/auv_dancing/install/tutorial:/opt/ros/jazzy', 'SHELL': '/usr/bin/zsh', 'VIRTUALENVWRAPPER_PROJECT_FILENAME': '.project', 'VIRTUALENVWRAPPER_HOOK_DIR': '/home/ngt/.virtualenvs', 'VSCODE_GIT_ASKPASS_EXTRA_ARGS': '', 'VIRTUALENVWRAPPER_SCRIPT': '/usr/share/virtualenvwrapper/virtualenvwrapper.sh', 'ROS_AUTOMATIC_DISCOVERY_RANGE': 'SUBNET', 'VIRTUAL_ENV': '/home/ngt/.virtualenvs/ardusub', 'LC_ALL': 'en_US.UTF-8', 'PWD': '/home/ngt/ZENS-Final-AUVC/build/gazebo_bluerov2', 'SSH_CONNECTION': '192.168.3.1 64256 192.168.3.2 22', 'COPILOT_DEBUG_NONCE': 'd6eed4c06bd82aa6cee185ab30fdc4f4', 'ZDOTDIR': '/home/ngt', 'PYTHONPATH': '/home/ngt/ZENS-Final-AUVC/install/msgs/lib/python3.12/site-packages:/home/ngt/ZENS-Final-AUVC/install/hardware/lib/python3.12/site-packages:/home/ngt/ZENS-Final-AUVC/install/flashing/lib/python3.12/site-packages:/home/ngt/ZENS-Final-AUVC/install/cv/lib/python3.12/site-packages:/home/ngt/ZENS-Final-AUVC/install/control/lib/python3.12/site-packages:/home/ngt/ZENS-Final-AUVC/install/bringup/lib/python3.12/site-packages:/home/ngt/auvc_ws/install/tutorial_virtualenvs/lib/python3.12/site-packages:/home/ngt/auvc_ws/install/tutorial_pid/lib/python3.12/site-packages:/home/ngt/auvc_ws/install/tutorial_ardusub/lib/python3.12/site-packages:/home/ngt/auvc_ws/install/tutorial/lib/python3.12/site-packages:/home/ngt/auvc_ws/install/rosmav/lib/python3.12/site-packages:/home/ngt/auvc_ws/install/example_custom_srv/lib/python3.12/site-packages:/home/ngt/cv_ws/install/cv/lib/python3.12/site-packages:/home/ngt/pid_ws/install/target_depth_msgs/lib/python3.12/site-packages:/home/ngt/pid_ws/install/pid/lib/python3.12/site-packages:/home/ngt/auv_dancing/install/tutorial/lib/python3.12/site-packages:/opt/ros/jazzy/lib/python3.12/site-packages', 'COLCON': '1', 'CMAKE_PREFIX_PATH': '/home/ngt/ZENS-Final-AUVC/install/msgs:/home/ngt/ZENS-Final-AUVC/install/gazebo_bluerov2:/home/ngt/auvc_ws/install/example_custom_srv:/home/ngt/pid_ws/install/target_depth_msgs:/opt/ros/jazzy/opt/gz_sim_vendor:/opt/ros/jazzy/opt/gz_sensors_vendor:/opt/ros/jazzy/opt/gz_physics_vendor:/opt/ros/jazzy/opt/sdformat_vendor:/opt/ros/jazzy/opt/gz_gui_vendor:/opt/ros/jazzy/opt/gz_transport_vendor:/opt/ros/jazzy/opt/gz_rendering_vendor:/opt/ros/jazzy/opt/gz_plugin_vendor:/opt/ros/jazzy/opt/gz_fuel_tools_vendor:/opt/ros/jazzy/opt/gz_msgs_vendor:/opt/ros/jazzy/opt/gz_common_vendor:/opt/ros/jazzy/opt/gz_math_vendor:/opt/ros/jazzy/opt/gz_utils_vendor:/opt/ros/jazzy/opt/gz_tools_vendor:/opt/ros/jazzy/opt/gz_ogre_next_vendor:/opt/ros/jazzy/opt/gz_dartsim_vendor:/opt/ros/jazzy/opt/gz_cmake_vendor:/home/ngt/ZENS-Final-AUVC/install/flashing:/home/ngt/ZENS-Final-AUVC/install/cv:/home/ngt/ZENS-Final-AUVC/install/control:/home/ngt/ZENS-Final-AUVC/install/bringup:/home/ngt/auvc_ws/install/tutorial_virtualenvs:/home/ngt/auvc_ws/install/tutorial_pid:/home/ngt/auvc_ws/install/tutorial_ardusub:/home/ngt/auvc_ws/install/tutorial:/home/ngt/auvc_ws/install/rosmav:/home/ngt/cv_ws/install/cv:/home/ngt/pid_ws/install/pid:/home/ngt/auv_dancing/install/tutorial:/opt/ros/jazzy'}), 'shell': False}
[36.385936] (-) TimerEvent: {}
[36.407012] (bringup) CommandEnded: {'returncode': 0}
[36.496430] (-) TimerEvent: {}
[36.568550] (bringup) JobEnded: {'identifier': 'bringup', 'rc': 0}
[36.570912] (control) CommandEnded: {'returncode': 0}
[36.602034] (-) TimerEvent: {}
[36.609009] (gazebo_bluerov2) StdoutLine: {'line': b'-- Install configuration: ""\n'}
[36.609846] (gazebo_bluerov2) StdoutLine: {'line': b'-- Up-to-date: /home/ngt/ZENS-Final-AUVC/install/gazebo_bluerov2/share/gazebo_bluerov2/models\n'}
[36.610446] (gazebo_bluerov2) StdoutLine: {'line': b'-- Up-to-date: /home/ngt/ZENS-Final-AUVC/install/gazebo_bluerov2/share/gazebo_bluerov2/models/sand_heightmap\n'}
[36.611038] (gazebo_bluerov2) StdoutLine: {'line': b'-- Up-to-date: /home/ngt/ZENS-Final-AUVC/install/gazebo_bluerov2/share/gazebo_bluerov2/models/sand_heightmap/model.sdf\n'}
[36.625687] (gazebo_bluerov2) StdoutLine: {'line': b'-- Up-to-date: /home/ngt/ZENS-Final-AUVC/install/gazebo_bluerov2/share/gazebo_bluerov2/models/sand_heightmap/materials\n'}
[36.626453] (gazebo_bluerov2) StdoutLine: {'line': b'-- Up-to-date: /home/ngt/ZENS-Final-AUVC/install/gazebo_bluerov2/share/gazebo_bluerov2/models/sand_heightmap/materials/flat_normal.png\n'}
[36.627099] (gazebo_bluerov2) StdoutLine: {'line': b'-- Up-to-date: /home/ngt/ZENS-Final-AUVC/install/gazebo_bluerov2/share/gazebo_bluerov2/models/sand_heightmap/materials/soil_sand_0045_01.jpg\n'}
[36.627799] (gazebo_bluerov2) StdoutLine: {'line': b'-- Up-to-date: /home/ngt/ZENS-Final-AUVC/install/gazebo_bluerov2/share/gazebo_bluerov2/models/sand_heightmap/meshes\n'}
[36.649487] (gazebo_bluerov2) StdoutLine: {'line': b'-- Up-to-date: /home/ngt/ZENS-Final-AUVC/install/gazebo_bluerov2/share/gazebo_bluerov2/models/sand_heightmap/meshes/License and source for textures.txt\n'}
[36.658374] (gazebo_bluerov2) StdoutLine: {'line': b'-- Up-to-date: /home/ngt/ZENS-Final-AUVC/install/gazebo_bluerov2/share/gazebo_bluerov2/models/sand_heightmap/meshes/sandseabed.dae\n'}
[36.659193] (gazebo_bluerov2) StdoutLine: {'line': b'-- Up-to-date: /home/ngt/ZENS-Final-AUVC/install/gazebo_bluerov2/share/gazebo_bluerov2/models/sand_heightmap/meshes/heightmap.dae\n'}
[36.669157] (gazebo_bluerov2) StdoutLine: {'line': b'-- Up-to-date: /home/ngt/ZENS-Final-AUVC/install/gazebo_bluerov2/share/gazebo_bluerov2/models/sand_heightmap/meshes/soil_sand_0045_01.jpg\n'}
[36.695992] (gazebo_bluerov2) StdoutLine: {'line': b'-- Up-to-date: /home/ngt/ZENS-Final-AUVC/install/gazebo_bluerov2/share/gazebo_bluerov2/models/sand_heightmap/model.config\n'}
[36.696634] (gazebo_bluerov2) StdoutLine: {'line': b'-- Up-to-date: /home/ngt/ZENS-Final-AUVC/install/gazebo_bluerov2/share/gazebo_bluerov2/models/Apriltag36_11_00001\n'}
[36.697870] (gazebo_bluerov2) StdoutLine: {'line': b'-- Up-to-date: /home/ngt/ZENS-Final-AUVC/install/gazebo_bluerov2/share/gazebo_bluerov2/models/Apriltag36_11_00001/model.sdf\n'}
[36.698427] (gazebo_bluerov2) StdoutLine: {'line': b'-- Up-to-date: /home/ngt/ZENS-Final-AUVC/install/gazebo_bluerov2/share/gazebo_bluerov2/models/Apriltag36_11_00001/materials\n'}
[36.699051] (gazebo_bluerov2) StdoutLine: {'line': b'-- Up-to-date: /home/ngt/ZENS-Final-AUVC/install/gazebo_bluerov2/share/gazebo_bluerov2/models/Apriltag36_11_00001/materials/textures\n'}
[36.706058] (-) TimerEvent: {}
[36.718155] (gazebo_bluerov2) StdoutLine: {'line': b'-- Up-to-date: /home/ngt/ZENS-Final-AUVC/install/gazebo_bluerov2/share/gazebo_bluerov2/models/Apriltag36_11_00001/materials/textures/tag36_11_00001.png\n'}
[36.734956] (gazebo_bluerov2) StdoutLine: {'line': b'-- Up-to-date: /home/ngt/ZENS-Final-AUVC/install/gazebo_bluerov2/share/gazebo_bluerov2/models/Apriltag36_11_00001/materials/scripts\n'}
[36.735570] (gazebo_bluerov2) StdoutLine: {'line': b'-- Up-to-date: /home/ngt/ZENS-Final-AUVC/install/gazebo_bluerov2/share/gazebo_bluerov2/models/Apriltag36_11_00001/materials/scripts/Apriltag.material\n'}
[36.736185] (gazebo_bluerov2) StdoutLine: {'line': b'-- Up-to-date: /home/ngt/ZENS-Final-AUVC/install/gazebo_bluerov2/share/gazebo_bluerov2/models/Apriltag36_11_00001/model.config\n'}
[36.742981] (gazebo_bluerov2) StdoutLine: {'line': b'-- Up-to-date: /home/ngt/ZENS-Final-AUVC/install/gazebo_bluerov2/share/gazebo_bluerov2/models/axes\n'}
[36.743551] (gazebo_bluerov2) StdoutLine: {'line': b'-- Up-to-date: /home/ngt/ZENS-Final-AUVC/install/gazebo_bluerov2/share/gazebo_bluerov2/models/axes/model.sdf\n'}
[36.749716] (gazebo_bluerov2) StdoutLine: {'line': b'-- Up-to-date: /home/ngt/ZENS-Final-AUVC/install/gazebo_bluerov2/share/gazebo_bluerov2/models/axes/model.config\n'}
[36.750470] (gazebo_bluerov2) StdoutLine: {'line': b'-- Up-to-date: /home/ngt/ZENS-Final-AUVC/install/gazebo_bluerov2/share/gazebo_bluerov2/models/Apriltag36_11_00004\n'}
[36.756579] (gazebo_bluerov2) StdoutLine: {'line': b'-- Up-to-date: /home/ngt/ZENS-Final-AUVC/install/gazebo_bluerov2/share/gazebo_bluerov2/models/Apriltag36_11_00004/model.sdf\n'}
[36.757360] (gazebo_bluerov2) StdoutLine: {'line': b'-- Up-to-date: /home/ngt/ZENS-Final-AUVC/install/gazebo_bluerov2/share/gazebo_bluerov2/models/Apriltag36_11_00004/materials\n'}
[36.758030] (gazebo_bluerov2) StdoutLine: {'line': b'-- Up-to-date: /home/ngt/ZENS-Final-AUVC/install/gazebo_bluerov2/share/gazebo_bluerov2/models/Apriltag36_11_00004/materials/textures\n'}
[36.763027] (gazebo_bluerov2) StdoutLine: {'line': b'-- Up-to-date: /home/ngt/ZENS-Final-AUVC/install/gazebo_bluerov2/share/gazebo_bluerov2/models/Apriltag36_11_00004/materials/textures/tag36_11_00004.png\n'}
[36.774877] (gazebo_bluerov2) StdoutLine: {'line': b'-- Up-to-date: /home/ngt/ZENS-Final-AUVC/install/gazebo_bluerov2/share/gazebo_bluerov2/models/Apriltag36_11_00004/materials/scripts\n'}
[36.775614] (gazebo_bluerov2) StdoutLine: {'line': b'-- Up-to-date: /home/ngt/ZENS-Final-AUVC/install/gazebo_bluerov2/share/gazebo_bluerov2/models/Apriltag36_11_00004/materials/scripts/Apriltag.material\n'}
[36.776320] (gazebo_bluerov2) StdoutLine: {'line': b'-- Up-to-date: /home/ngt/ZENS-Final-AUVC/install/gazebo_bluerov2/share/gazebo_bluerov2/models/Apriltag36_11_00004/model.config\n'}
[36.781298] (gazebo_bluerov2) StdoutLine: {'line': b'-- Up-to-date: /home/ngt/ZENS-Final-AUVC/install/gazebo_bluerov2/share/gazebo_bluerov2/models/Apriltag36_11_00008\n'}
[36.789132] (gazebo_bluerov2) StdoutLine: {'line': b'-- Up-to-date: /home/ngt/ZENS-Final-AUVC/install/gazebo_bluerov2/share/gazebo_bluerov2/models/Apriltag36_11_00008/model.sdf\n'}
[36.789820] (gazebo_bluerov2) StdoutLine: {'line': b'-- Up-to-date: /home/ngt/ZENS-Final-AUVC/install/gazebo_bluerov2/share/gazebo_bluerov2/models/Apriltag36_11_00008/materials\n'}
[36.795044] (gazebo_bluerov2) StdoutLine: {'line': b'-- Up-to-date: /home/ngt/ZENS-Final-AUVC/install/gazebo_bluerov2/share/gazebo_bluerov2/models/Apriltag36_11_00008/materials/textures\n'}
[36.797120] (gazebo_bluerov2) StdoutLine: {'line': b'-- Up-to-date: /home/ngt/ZENS-Final-AUVC/install/gazebo_bluerov2/share/gazebo_bluerov2/models/Apriltag36_11_00008/materials/textures/tag36_11_00008.png\n'}
[36.797867] (gazebo_bluerov2) StdoutLine: {'line': b'-- Up-to-date: /home/ngt/ZENS-Final-AUVC/install/gazebo_bluerov2/share/gazebo_bluerov2/models/Apriltag36_11_00008/materials/scripts\n'}
[36.798496] (gazebo_bluerov2) StdoutLine: {'line': b'-- Up-to-date: /home/ngt/ZENS-Final-AUVC/install/gazebo_bluerov2/share/gazebo_bluerov2/models/Apriltag36_11_00008/materials/scripts/Apriltag.material\n'}
[36.810169] (-) TimerEvent: {}
[36.810717] (gazebo_bluerov2) StdoutLine: {'line': b'-- Up-to-date: /home/ngt/ZENS-Final-AUVC/install/gazebo_bluerov2/share/gazebo_bluerov2/models/Apriltag36_11_00008/model.config\n'}
[36.811414] (gazebo_bluerov2) StdoutLine: {'line': b'-- Up-to-date: /home/ngt/ZENS-Final-AUVC/install/gazebo_bluerov2/share/gazebo_bluerov2/models/Apriltag36_11_00003\n'}
[36.812058] (gazebo_bluerov2) StdoutLine: {'line': b'-- Up-to-date: /home/ngt/ZENS-Final-AUVC/install/gazebo_bluerov2/share/gazebo_bluerov2/models/Apriltag36_11_00003/model.sdf\n'}
[36.812572] (gazebo_bluerov2) StdoutLine: {'line': b'-- Up-to-date: /home/ngt/ZENS-Final-AUVC/install/gazebo_bluerov2/share/gazebo_bluerov2/models/Apriltag36_11_00003/materials\n'}
[36.825049] (gazebo_bluerov2) StdoutLine: {'line': b'-- Up-to-date: /home/ngt/ZENS-Final-AUVC/install/gazebo_bluerov2/share/gazebo_bluerov2/models/Apriltag36_11_00003/materials/textures\n'}
[36.825717] (gazebo_bluerov2) StdoutLine: {'line': b'-- Up-to-date: /home/ngt/ZENS-Final-AUVC/install/gazebo_bluerov2/share/gazebo_bluerov2/models/Apriltag36_11_00003/materials/textures/tag36_11_00003.png\n'}
[36.826349] (gazebo_bluerov2) StdoutLine: {'line': b'-- Up-to-date: /home/ngt/ZENS-Final-AUVC/install/gazebo_bluerov2/share/gazebo_bluerov2/models/Apriltag36_11_00003/materials/scripts\n'}
[36.837615] (gazebo_bluerov2) StdoutLine: {'line': b'-- Up-to-date: /home/ngt/ZENS-Final-AUVC/install/gazebo_bluerov2/share/gazebo_bluerov2/models/Apriltag36_11_00003/materials/scripts/Apriltag.material\n'}
[36.854179] (gazebo_bluerov2) StdoutLine: {'line': b'-- Up-to-date: /home/ngt/ZENS-Final-AUVC/install/gazebo_bluerov2/share/gazebo_bluerov2/models/Apriltag36_11_00003/model.config\n'}
[36.854963] (gazebo_bluerov2) StdoutLine: {'line': b'-- Up-to-date: /home/ngt/ZENS-Final-AUVC/install/gazebo_bluerov2/share/gazebo_bluerov2/models/Apriltag36_11_00006\n'}
[36.855989] (gazebo_bluerov2) StdoutLine: {'line': b'-- Up-to-date: /home/ngt/ZENS-Final-AUVC/install/gazebo_bluerov2/share/gazebo_bluerov2/models/Apriltag36_11_00006/model.sdf\n'}
[36.856574] (gazebo_bluerov2) StdoutLine: {'line': b'-- Up-to-date: /home/ngt/ZENS-Final-AUVC/install/gazebo_bluerov2/share/gazebo_bluerov2/models/Apriltag36_11_00006/materials\n'}
[36.874159] (gazebo_bluerov2) StdoutLine: {'line': b'-- Up-to-date: /home/ngt/ZENS-Final-AUVC/install/gazebo_bluerov2/share/gazebo_bluerov2/models/Apriltag36_11_00006/materials/textures\n'}
[36.882307] (gazebo_bluerov2) StdoutLine: {'line': b'-- Up-to-date: /home/ngt/ZENS-Final-AUVC/install/gazebo_bluerov2/share/gazebo_bluerov2/models/Apriltag36_11_00006/materials/textures/tag36_11_00006.png\n'}
[36.883141] (gazebo_bluerov2) StdoutLine: {'line': b'-- Up-to-date: /home/ngt/ZENS-Final-AUVC/install/gazebo_bluerov2/share/gazebo_bluerov2/models/Apriltag36_11_00006/materials/scripts\n'}
[36.891445] (gazebo_bluerov2) StdoutLine: {'line': b'-- Up-to-date: /home/ngt/ZENS-Final-AUVC/install/gazebo_bluerov2/share/gazebo_bluerov2/models/Apriltag36_11_00006/materials/scripts/Apriltag.material\n'}
[36.893502] (gazebo_bluerov2) StdoutLine: {'line': b'-- Up-to-date: /home/ngt/ZENS-Final-AUVC/install/gazebo_bluerov2/share/gazebo_bluerov2/models/Apriltag36_11_00006/model.config\n'}
[36.895381] (gazebo_bluerov2) StdoutLine: {'line': b'-- Up-to-date: /home/ngt/ZENS-Final-AUVC/install/gazebo_bluerov2/share/gazebo_bluerov2/models/bluerov2_2025\n'}
[36.906084] (gazebo_bluerov2) StdoutLine: {'line': b'-- Up-to-date: /home/ngt/ZENS-Final-AUVC/install/gazebo_bluerov2/share/gazebo_bluerov2/models/bluerov2_2025/model.sdf\n'}
[36.917480] (-) TimerEvent: {}
[36.918505] (gazebo_bluerov2) StdoutLine: {'line': b'-- Up-to-date: /home/ngt/ZENS-Final-AUVC/install/gazebo_bluerov2/share/gazebo_bluerov2/models/bluerov2_2025/model.sdf.in\n'}
[36.919312] (gazebo_bluerov2) StdoutLine: {'line': b'-- Up-to-date: /home/ngt/ZENS-Final-AUVC/install/gazebo_bluerov2/share/gazebo_bluerov2/models/bluerov2_2025/materials\n'}
[36.934828] (gazebo_bluerov2) StdoutLine: {'line': b'-- Up-to-date: /home/ngt/ZENS-Final-AUVC/install/gazebo_bluerov2/share/gazebo_bluerov2/models/bluerov2_2025/materials/textures\n'}
[36.937779] (gazebo_bluerov2) StdoutLine: {'line': b'-- Up-to-date: /home/ngt/ZENS-Final-AUVC/install/gazebo_bluerov2/share/gazebo_bluerov2/models/bluerov2_2025/materials/textures/april1.png\n'}
[36.938338] (gazebo_bluerov2) StdoutLine: {'line': b'-- Up-to-date: /home/ngt/ZENS-Final-AUVC/install/gazebo_bluerov2/share/gazebo_bluerov2/models/bluerov2_2025/materials/scripts\n'}
[36.943299] (gazebo_bluerov2) StdoutLine: {'line': b'-- Up-to-date: /home/ngt/ZENS-Final-AUVC/install/gazebo_bluerov2/share/gazebo_bluerov2/models/bluerov2_2025/materials/scripts/april_tag_1.material\n'}
[36.944136] (gazebo_bluerov2) StdoutLine: {'line': b'-- Up-to-date: /home/ngt/ZENS-Final-AUVC/install/gazebo_bluerov2/share/gazebo_bluerov2/models/bluerov2_2025/BlueROV2.md\n'}
[36.944734] (gazebo_bluerov2) StdoutLine: {'line': b'-- Up-to-date: /home/ngt/ZENS-Final-AUVC/install/gazebo_bluerov2/share/gazebo_bluerov2/models/bluerov2_2025/configs.yaml\n'}
[36.945289] (gazebo_bluerov2) StdoutLine: {'line': b'-- Up-to-date: /home/ngt/ZENS-Final-AUVC/install/gazebo_bluerov2/share/gazebo_bluerov2/models/bluerov2_2025/meshes\n'}
[36.950077] (gazebo_bluerov2) StdoutLine: {'line': b'-- Up-to-date: /home/ngt/ZENS-Final-AUVC/install/gazebo_bluerov2/share/gazebo_bluerov2/models/bluerov2_2025/meshes/t200_cw_prop.dae\n'}
[36.954052] (gazebo_bluerov2) StdoutLine: {'line': b'-- Up-to-date: /home/ngt/ZENS-Final-AUVC/install/gazebo_bluerov2/share/gazebo_bluerov2/models/bluerov2_2025/meshes/t200_ccw_prop.dae\n'}
[36.955410] (gazebo_bluerov2) StdoutLine: {'line': b'-- Up-to-date: /home/ngt/ZENS-Final-AUVC/install/gazebo_bluerov2/share/gazebo_bluerov2/models/bluerov2_2025/meshes/bluerov2.dae\n'}
[36.959936] (gazebo_bluerov2) StdoutLine: {'line': b'-- Up-to-date: /home/ngt/ZENS-Final-AUVC/install/gazebo_bluerov2/share/gazebo_bluerov2/models/bluerov2_2025/model.config\n'}
[36.960578] (gazebo_bluerov2) StdoutLine: {'line': b'-- Up-to-date: /home/ngt/ZENS-Final-AUVC/install/gazebo_bluerov2/share/gazebo_bluerov2/models/bluerov2_heavy\n'}
[36.966284] (gazebo_bluerov2) StdoutLine: {'line': b'-- Up-to-date: /home/ngt/ZENS-Final-AUVC/install/gazebo_bluerov2/share/gazebo_bluerov2/models/bluerov2_heavy/model.sdf\n'}
[36.972726] (gazebo_bluerov2) StdoutLine: {'line': b'-- Up-to-date: /home/ngt/ZENS-Final-AUVC/install/gazebo_bluerov2/share/gazebo_bluerov2/models/bluerov2_heavy/model.sdf.in\n'}
[36.973370] (gazebo_bluerov2) StdoutLine: {'line': b'-- Up-to-date: /home/ngt/ZENS-Final-AUVC/install/gazebo_bluerov2/share/gazebo_bluerov2/models/bluerov2_heavy/BlueROV2Heavy.md\n'}
[36.974136] (gazebo_bluerov2) StdoutLine: {'line': b'-- Up-to-date: /home/ngt/ZENS-Final-AUVC/install/gazebo_bluerov2/share/gazebo_bluerov2/models/bluerov2_heavy/configs.yaml\n'}
[36.988900] (gazebo_bluerov2) StdoutLine: {'line': b'-- Up-to-date: /home/ngt/ZENS-Final-AUVC/install/gazebo_bluerov2/share/gazebo_bluerov2/models/bluerov2_heavy/meshes\n'}
[36.989550] (gazebo_bluerov2) StdoutLine: {'line': b'-- Up-to-date: /home/ngt/ZENS-Final-AUVC/install/gazebo_bluerov2/share/gazebo_bluerov2/models/bluerov2_heavy/meshes/t200_cw_prop.dae\n'}
[36.990200] (gazebo_bluerov2) StdoutLine: {'line': b'-- Up-to-date: /home/ngt/ZENS-Final-AUVC/install/gazebo_bluerov2/share/gazebo_bluerov2/models/bluerov2_heavy/meshes/t200_ccw_prop.dae\n'}
[36.991163] (gazebo_bluerov2) StdoutLine: {'line': b'-- Up-to-date: /home/ngt/ZENS-Final-AUVC/install/gazebo_bluerov2/share/gazebo_bluerov2/models/bluerov2_heavy/meshes/bluerov2_heavy.dae\n'}
[36.998625] (gazebo_bluerov2) StdoutLine: {'line': b'-- Up-to-date: /home/ngt/ZENS-Final-AUVC/install/gazebo_bluerov2/share/gazebo_bluerov2/models/bluerov2_heavy/model.config\n'}
[36.999300] (gazebo_bluerov2) StdoutLine: {'line': b'-- Up-to-date: /home/ngt/ZENS-Final-AUVC/install/gazebo_bluerov2/share/gazebo_bluerov2/models/Apriltag36_11_00005\n'}
[36.999945] (gazebo_bluerov2) StdoutLine: {'line': b'-- Up-to-date: /home/ngt/ZENS-Final-AUVC/install/gazebo_bluerov2/share/gazebo_bluerov2/models/Apriltag36_11_00005/model.sdf\n'}
[37.000474] (gazebo_bluerov2) StdoutLine: {'line': b'-- Up-to-date: /home/ngt/ZENS-Final-AUVC/install/gazebo_bluerov2/share/gazebo_bluerov2/models/Apriltag36_11_00005/materials\n'}
[37.013644] (gazebo_bluerov2) StdoutLine: {'line': b'-- Up-to-date: /home/ngt/ZENS-Final-AUVC/install/gazebo_bluerov2/share/gazebo_bluerov2/models/Apriltag36_11_00005/materials/textures\n'}
[37.014395] (gazebo_bluerov2) StdoutLine: {'line': b'-- Up-to-date: /home/ngt/ZENS-Final-AUVC/install/gazebo_bluerov2/share/gazebo_bluerov2/models/Apriltag36_11_00005/materials/textures/tag36_11_00005.png\n'}
[37.015077] (gazebo_bluerov2) StdoutLine: {'line': b'-- Up-to-date: /home/ngt/ZENS-Final-AUVC/install/gazebo_bluerov2/share/gazebo_bluerov2/models/Apriltag36_11_00005/materials/scripts\n'}
[37.016062] (gazebo_bluerov2) StdoutLine: {'line': b'-- Up-to-date: /home/ngt/ZENS-Final-AUVC/install/gazebo_bluerov2/share/gazebo_bluerov2/models/Apriltag36_11_00005/materials/scripts/Apriltag.material\n'}
[37.027641] (-) TimerEvent: {}
[37.028096] (gazebo_bluerov2) StdoutLine: {'line': b'-- Up-to-date: /home/ngt/ZENS-Final-AUVC/install/gazebo_bluerov2/share/gazebo_bluerov2/models/Apriltag36_11_00005/model.config\n'}
[37.028882] (gazebo_bluerov2) StdoutLine: {'line': b'-- Up-to-date: /home/ngt/ZENS-Final-AUVC/install/gazebo_bluerov2/share/gazebo_bluerov2/models/pool_map\n'}
[37.029472] (gazebo_bluerov2) StdoutLine: {'line': b'-- Up-to-date: /home/ngt/ZENS-Final-AUVC/install/gazebo_bluerov2/share/gazebo_bluerov2/models/pool_map/model.sdf\n'}
[37.047516] (gazebo_bluerov2) StdoutLine: {'line': b'-- Up-to-date: /home/ngt/ZENS-Final-AUVC/install/gazebo_bluerov2/share/gazebo_bluerov2/models/pool_map/blenderkit.jpg\n'}
[37.048303] (gazebo_bluerov2) StdoutLine: {'line': b'-- Up-to-date: /home/ngt/ZENS-Final-AUVC/install/gazebo_bluerov2/share/gazebo_bluerov2/models/pool_map/Black.png\n'}
[37.049322] (gazebo_bluerov2) StdoutLine: {'line': b'-- Up-to-date: /home/ngt/ZENS-Final-AUVC/install/gazebo_bluerov2/share/gazebo_bluerov2/models/pool_map/model.config\n'}
[37.053404] (gazebo_bluerov2) StdoutLine: {'line': b'-- Up-to-date: /home/ngt/ZENS-Final-AUVC/install/gazebo_bluerov2/share/gazebo_bluerov2/models/pool_map/model.dae\n'}
[37.054206] (gazebo_bluerov2) StdoutLine: {'line': b'-- Up-to-date: /home/ngt/ZENS-Final-AUVC/install/gazebo_bluerov2/share/gazebo_bluerov2/models/bluerov2_2025_port_9012\n'}
[37.055040] (gazebo_bluerov2) StdoutLine: {'line': b'-- Up-to-date: /home/ngt/ZENS-Final-AUVC/install/gazebo_bluerov2/share/gazebo_bluerov2/models/bluerov2_2025_port_9012/model.sdf\n'}
[37.061899] (gazebo_bluerov2) StdoutLine: {'line': b'-- Up-to-date: /home/ngt/ZENS-Final-AUVC/install/gazebo_bluerov2/share/gazebo_bluerov2/models/bluerov2_2025_port_9012/model.sdf.in\n'}
[37.062881] (gazebo_bluerov2) StdoutLine: {'line': b'-- Up-to-date: /home/ngt/ZENS-Final-AUVC/install/gazebo_bluerov2/share/gazebo_bluerov2/models/bluerov2_2025_port_9012/materials\n'}
[37.063520] (gazebo_bluerov2) StdoutLine: {'line': b'-- Up-to-date: /home/ngt/ZENS-Final-AUVC/install/gazebo_bluerov2/share/gazebo_bluerov2/models/bluerov2_2025_port_9012/materials/textures\n'}
[37.064169] (gazebo_bluerov2) StdoutLine: {'line': b'-- Up-to-date: /home/ngt/ZENS-Final-AUVC/install/gazebo_bluerov2/share/gazebo_bluerov2/models/bluerov2_2025_port_9012/materials/textures/april1.png\n'}
[37.072580] (gazebo_bluerov2) StdoutLine: {'line': b'-- Up-to-date: /home/ngt/ZENS-Final-AUVC/install/gazebo_bluerov2/share/gazebo_bluerov2/models/bluerov2_2025_port_9012/materials/scripts\n'}
[37.074496] (gazebo_bluerov2) StdoutLine: {'line': b'-- Up-to-date: /home/ngt/ZENS-Final-AUVC/install/gazebo_bluerov2/share/gazebo_bluerov2/models/bluerov2_2025_port_9012/materials/scripts/april_tag_1.material\n'}
[37.075271] (gazebo_bluerov2) StdoutLine: {'line': b'-- Up-to-date: /home/ngt/ZENS-Final-AUVC/install/gazebo_bluerov2/share/gazebo_bluerov2/models/bluerov2_2025_port_9012/BlueROV2.md\n'}
[37.075939] (gazebo_bluerov2) StdoutLine: {'line': b'-- Up-to-date: /home/ngt/ZENS-Final-AUVC/install/gazebo_bluerov2/share/gazebo_bluerov2/models/bluerov2_2025_port_9012/configs.yaml\n'}
[37.076498] (gazebo_bluerov2) StdoutLine: {'line': b'-- Up-to-date: /home/ngt/ZENS-Final-AUVC/install/gazebo_bluerov2/share/gazebo_bluerov2/models/bluerov2_2025_port_9012/meshes\n'}
[37.084209] (gazebo_bluerov2) StdoutLine: {'line': b'-- Up-to-date: /home/ngt/ZENS-Final-AUVC/install/gazebo_bluerov2/share/gazebo_bluerov2/models/bluerov2_2025_port_9012/meshes/t200_cw_prop.dae\n'}
[37.086923] (gazebo_bluerov2) StdoutLine: {'line': b'-- Up-to-date: /home/ngt/ZENS-Final-AUVC/install/gazebo_bluerov2/share/gazebo_bluerov2/models/bluerov2_2025_port_9012/meshes/t200_ccw_prop.dae\n'}
[37.087512] (gazebo_bluerov2) StdoutLine: {'line': b'-- Up-to-date: /home/ngt/ZENS-Final-AUVC/install/gazebo_bluerov2/share/gazebo_bluerov2/models/bluerov2_2025_port_9012/meshes/bluerov2.dae\n'}
[37.095807] (gazebo_bluerov2) StdoutLine: {'line': b'-- Up-to-date: /home/ngt/ZENS-Final-AUVC/install/gazebo_bluerov2/share/gazebo_bluerov2/models/bluerov2_2025_port_9012/model.config\n'}
[37.096668] (gazebo_bluerov2) StdoutLine: {'line': b'-- Up-to-date: /home/ngt/ZENS-Final-AUVC/install/gazebo_bluerov2/share/gazebo_bluerov2/models/Apriltag36_11_00002\n'}
[37.097267] (gazebo_bluerov2) StdoutLine: {'line': b'-- Up-to-date: /home/ngt/ZENS-Final-AUVC/install/gazebo_bluerov2/share/gazebo_bluerov2/models/Apriltag36_11_00002/model.sdf\n'}
[37.097852] (gazebo_bluerov2) StdoutLine: {'line': b'-- Up-to-date: /home/ngt/ZENS-Final-AUVC/install/gazebo_bluerov2/share/gazebo_bluerov2/models/Apriltag36_11_00002/materials\n'}
[37.098421] (gazebo_bluerov2) StdoutLine: {'line': b'-- Up-to-date: /home/ngt/ZENS-Final-AUVC/install/gazebo_bluerov2/share/gazebo_bluerov2/models/Apriltag36_11_00002/materials/textures\n'}
[37.104305] (gazebo_bluerov2) StdoutLine: {'line': b'-- Up-to-date: /home/ngt/ZENS-Final-AUVC/install/gazebo_bluerov2/share/gazebo_bluerov2/models/Apriltag36_11_00002/materials/textures/tag36_11_00002.png\n'}
[37.105148] (gazebo_bluerov2) StdoutLine: {'line': b'-- Up-to-date: /home/ngt/ZENS-Final-AUVC/install/gazebo_bluerov2/share/gazebo_bluerov2/models/Apriltag36_11_00002/materials/scripts\n'}
[37.108896] (gazebo_bluerov2) StdoutLine: {'line': b'-- Up-to-date: /home/ngt/ZENS-Final-AUVC/install/gazebo_bluerov2/share/gazebo_bluerov2/models/Apriltag36_11_00002/materials/scripts/Apriltag.material\n'}
[37.113262] (gazebo_bluerov2) StdoutLine: {'line': b'-- Up-to-date: /home/ngt/ZENS-Final-AUVC/install/gazebo_bluerov2/share/gazebo_bluerov2/models/Apriltag36_11_00002/model.config\n'}
[37.114269] (gazebo_bluerov2) StdoutLine: {'line': b'-- Up-to-date: /home/ngt/ZENS-Final-AUVC/install/gazebo_bluerov2/share/gazebo_bluerov2/models/bluerov2\n'}
[37.128753] (-) TimerEvent: {}
[37.129207] (gazebo_bluerov2) StdoutLine: {'line': b'-- Up-to-date: /home/ngt/ZENS-Final-AUVC/install/gazebo_bluerov2/share/gazebo_bluerov2/models/bluerov2/model.sdf\n'}
[37.129918] (gazebo_bluerov2) StdoutLine: {'line': b'-- Up-to-date: /home/ngt/ZENS-Final-AUVC/install/gazebo_bluerov2/share/gazebo_bluerov2/models/bluerov2/model.sdf.in\n'}
[37.130461] (gazebo_bluerov2) StdoutLine: {'line': b'-- Up-to-date: /home/ngt/ZENS-Final-AUVC/install/gazebo_bluerov2/share/gazebo_bluerov2/models/bluerov2/materials\n'}
[37.132449] (gazebo_bluerov2) StdoutLine: {'line': b'-- Up-to-date: /home/ngt/ZENS-Final-AUVC/install/gazebo_bluerov2/share/gazebo_bluerov2/models/bluerov2/materials/textures\n'}
[37.133176] (gazebo_bluerov2) StdoutLine: {'line': b'-- Up-to-date: /home/ngt/ZENS-Final-AUVC/install/gazebo_bluerov2/share/gazebo_bluerov2/models/bluerov2/materials/textures/april1.png\n'}
[37.133852] (gazebo_bluerov2) StdoutLine: {'line': b'-- Up-to-date: /home/ngt/ZENS-Final-AUVC/install/gazebo_bluerov2/share/gazebo_bluerov2/models/bluerov2/materials/scripts\n'}
[37.142059] (gazebo_bluerov2) StdoutLine: {'line': b'-- Up-to-date: /home/ngt/ZENS-Final-AUVC/install/gazebo_bluerov2/share/gazebo_bluerov2/models/bluerov2/materials/scripts/april_tag_1.material\n'}
[37.142820] (gazebo_bluerov2) StdoutLine: {'line': b'-- Up-to-date: /home/ngt/ZENS-Final-AUVC/install/gazebo_bluerov2/share/gazebo_bluerov2/models/bluerov2/BlueROV2.md\n'}
[37.143475] (gazebo_bluerov2) StdoutLine: {'line': b'-- Up-to-date: /home/ngt/ZENS-Final-AUVC/install/gazebo_bluerov2/share/gazebo_bluerov2/models/bluerov2/configs.yaml\n'}
[37.151290] (gazebo_bluerov2) StdoutLine: {'line': b'-- Up-to-date: /home/ngt/ZENS-Final-AUVC/install/gazebo_bluerov2/share/gazebo_bluerov2/models/bluerov2/meshes\n'}
[37.152010] (gazebo_bluerov2) StdoutLine: {'line': b'-- Up-to-date: /home/ngt/ZENS-Final-AUVC/install/gazebo_bluerov2/share/gazebo_bluerov2/models/bluerov2/meshes/t200_cw_prop.dae\n'}
[37.155190] (gazebo_bluerov2) StdoutLine: {'line': b'-- Up-to-date: /home/ngt/ZENS-Final-AUVC/install/gazebo_bluerov2/share/gazebo_bluerov2/models/bluerov2/meshes/t200_ccw_prop.dae\n'}
[37.155937] (gazebo_bluerov2) StdoutLine: {'line': b'-- Up-to-date: /home/ngt/ZENS-Final-AUVC/install/gazebo_bluerov2/share/gazebo_bluerov2/models/bluerov2/meshes/bluerov2.dae\n'}
[37.158919] (gazebo_bluerov2) StdoutLine: {'line': b'-- Up-to-date: /home/ngt/ZENS-Final-AUVC/install/gazebo_bluerov2/share/gazebo_bluerov2/models/bluerov2/model.config\n'}
[37.159847] (gazebo_bluerov2) StdoutLine: {'line': b'-- Up-to-date: /home/ngt/ZENS-Final-AUVC/install/gazebo_bluerov2/share/gazebo_bluerov2/models/bluerov2_2025_port_9002\n'}
[37.160654] (gazebo_bluerov2) StdoutLine: {'line': b'-- Up-to-date: /home/ngt/ZENS-Final-AUVC/install/gazebo_bluerov2/share/gazebo_bluerov2/models/bluerov2_2025_port_9002/model.sdf\n'}
[37.168849] (gazebo_bluerov2) StdoutLine: {'line': b'-- Up-to-date: /home/ngt/ZENS-Final-AUVC/install/gazebo_bluerov2/share/gazebo_bluerov2/models/bluerov2_2025_port_9002/model.sdf.in\n'}
[37.182725] (gazebo_bluerov2) StdoutLine: {'line': b'-- Up-to-date: /home/ngt/ZENS-Final-AUVC/install/gazebo_bluerov2/share/gazebo_bluerov2/models/bluerov2_2025_port_9002/materials\n'}
[37.183434] (gazebo_bluerov2) StdoutLine: {'line': b'-- Up-to-date: /home/ngt/ZENS-Final-AUVC/install/gazebo_bluerov2/share/gazebo_bluerov2/models/bluerov2_2025_port_9002/materials/textures\n'}
[37.184199] (gazebo_bluerov2) StdoutLine: {'line': b'-- Up-to-date: /home/ngt/ZENS-Final-AUVC/install/gazebo_bluerov2/share/gazebo_bluerov2/models/bluerov2_2025_port_9002/materials/textures/april1.png\n'}
[37.187089] (gazebo_bluerov2) StdoutLine: {'line': b'-- Up-to-date: /home/ngt/ZENS-Final-AUVC/install/gazebo_bluerov2/share/gazebo_bluerov2/models/bluerov2_2025_port_9002/materials/scripts\n'}
[37.188188] (gazebo_bluerov2) StdoutLine: {'line': b'-- Up-to-date: /home/ngt/ZENS-Final-AUVC/install/gazebo_bluerov2/share/gazebo_bluerov2/models/bluerov2_2025_port_9002/materials/scripts/april_tag_1.material\n'}
[37.200303] (gazebo_bluerov2) StdoutLine: {'line': b'-- Up-to-date: /home/ngt/ZENS-Final-AUVC/install/gazebo_bluerov2/share/gazebo_bluerov2/models/bluerov2_2025_port_9002/BlueROV2.md\n'}
[37.202019] (gazebo_bluerov2) StdoutLine: {'line': b'-- Up-to-date: /home/ngt/ZENS-Final-AUVC/install/gazebo_bluerov2/share/gazebo_bluerov2/models/bluerov2_2025_port_9002/configs.yaml\n'}
[37.205057] (gazebo_bluerov2) StdoutLine: {'line': b'-- Up-to-date: /home/ngt/ZENS-Final-AUVC/install/gazebo_bluerov2/share/gazebo_bluerov2/models/bluerov2_2025_port_9002/meshes\n'}
[37.205723] (gazebo_bluerov2) StdoutLine: {'line': b'-- Up-to-date: /home/ngt/ZENS-Final-AUVC/install/gazebo_bluerov2/share/gazebo_bluerov2/models/bluerov2_2025_port_9002/meshes/t200_cw_prop.dae\n'}
[37.206390] (gazebo_bluerov2) StdoutLine: {'line': b'-- Up-to-date: /home/ngt/ZENS-Final-AUVC/install/gazebo_bluerov2/share/gazebo_bluerov2/models/bluerov2_2025_port_9002/meshes/t200_ccw_prop.dae\n'}
[37.217673] (gazebo_bluerov2) StdoutLine: {'line': b'-- Up-to-date: /home/ngt/ZENS-Final-AUVC/install/gazebo_bluerov2/share/gazebo_bluerov2/models/bluerov2_2025_port_9002/meshes/bluerov2.dae\n'}
[37.218354] (gazebo_bluerov2) StdoutLine: {'line': b'-- Up-to-date: /home/ngt/ZENS-Final-AUVC/install/gazebo_bluerov2/share/gazebo_bluerov2/models/bluerov2_2025_port_9002/model.config\n'}
[37.224083] (gazebo_bluerov2) StdoutLine: {'line': b'-- Up-to-date: /home/ngt/ZENS-Final-AUVC/install/gazebo_bluerov2/share/gazebo_bluerov2/models/Apriltag36_11_00000\n'}
[37.224712] (gazebo_bluerov2) StdoutLine: {'line': b'-- Up-to-date: /home/ngt/ZENS-Final-AUVC/install/gazebo_bluerov2/share/gazebo_bluerov2/models/Apriltag36_11_00000/model.sdf\n'}
[37.225341] (gazebo_bluerov2) StdoutLine: {'line': b'-- Up-to-date: /home/ngt/ZENS-Final-AUVC/install/gazebo_bluerov2/share/gazebo_bluerov2/models/Apriltag36_11_00000/materials\n'}
[37.231002] (-) TimerEvent: {}
[37.232035] (gazebo_bluerov2) StdoutLine: {'line': b'-- Up-to-date: /home/ngt/ZENS-Final-AUVC/install/gazebo_bluerov2/share/gazebo_bluerov2/models/Apriltag36_11_00000/materials/textures\n'}
[37.232759] (gazebo_bluerov2) StdoutLine: {'line': b'-- Up-to-date: /home/ngt/ZENS-Final-AUVC/install/gazebo_bluerov2/share/gazebo_bluerov2/models/Apriltag36_11_00000/materials/textures/tag36_11_00000.png\n'}
[37.233257] (gazebo_bluerov2) StdoutLine: {'line': b'-- Up-to-date: /home/ngt/ZENS-Final-AUVC/install/gazebo_bluerov2/share/gazebo_bluerov2/models/Apriltag36_11_00000/materials/scripts\n'}
[37.243233] (gazebo_bluerov2) StdoutLine: {'line': b'-- Up-to-date: /home/ngt/ZENS-Final-AUVC/install/gazebo_bluerov2/share/gazebo_bluerov2/models/Apriltag36_11_00000/materials/scripts/Apriltag.material\n'}
[37.243833] (gazebo_bluerov2) StdoutLine: {'line': b'-- Up-to-date: /home/ngt/ZENS-Final-AUVC/install/gazebo_bluerov2/share/gazebo_bluerov2/models/Apriltag36_11_00000/model.config\n'}
[37.244478] (gazebo_bluerov2) StdoutLine: {'line': b'-- Up-to-date: /home/ngt/ZENS-Final-AUVC/install/gazebo_bluerov2/share/gazebo_bluerov2/models/Apriltag36_11_00007\n'}
[37.245116] (gazebo_bluerov2) StdoutLine: {'line': b'-- Up-to-date: /home/ngt/ZENS-Final-AUVC/install/gazebo_bluerov2/share/gazebo_bluerov2/models/Apriltag36_11_00007/model.sdf\n'}
[37.251112] (gazebo_bluerov2) StdoutLine: {'line': b'-- Up-to-date: /home/ngt/ZENS-Final-AUVC/install/gazebo_bluerov2/share/gazebo_bluerov2/models/Apriltag36_11_00007/materials\n'}
[37.251934] (gazebo_bluerov2) StdoutLine: {'line': b'-- Up-to-date: /home/ngt/ZENS-Final-AUVC/install/gazebo_bluerov2/share/gazebo_bluerov2/models/Apriltag36_11_00007/materials/textures\n'}
[37.252749] (gazebo_bluerov2) StdoutLine: {'line': b'-- Up-to-date: /home/ngt/ZENS-Final-AUVC/install/gazebo_bluerov2/share/gazebo_bluerov2/models/Apriltag36_11_00007/materials/textures/tag36_11_00007.png\n'}
[37.253389] (gazebo_bluerov2) StdoutLine: {'line': b'-- Up-to-date: /home/ngt/ZENS-Final-AUVC/install/gazebo_bluerov2/share/gazebo_bluerov2/models/Apriltag36_11_00007/materials/scripts\n'}
[37.262895] (gazebo_bluerov2) StdoutLine: {'line': b'-- Up-to-date: /home/ngt/ZENS-Final-AUVC/install/gazebo_bluerov2/share/gazebo_bluerov2/models/Apriltag36_11_00007/materials/scripts/Apriltag.material\n'}
[37.263809] (gazebo_bluerov2) StdoutLine: {'line': b'-- Up-to-date: /home/ngt/ZENS-Final-AUVC/install/gazebo_bluerov2/share/gazebo_bluerov2/models/Apriltag36_11_00007/model.config\n'}
[37.264460] (control) JobEnded: {'identifier': 'control', 'rc': 0}
[37.273386] (msgs) JobStarted: {'identifier': 'msgs'}
[37.276894] (gazebo_bluerov2) StdoutLine: {'line': b'-- Up-to-date: /home/ngt/ZENS-Final-AUVC/install/gazebo_bluerov2/share/gazebo_bluerov2/worlds\n'}
[37.281095] (gazebo_bluerov2) StdoutLine: {'line': b'-- Up-to-date: /home/ngt/ZENS-Final-AUVC/install/gazebo_bluerov2/share/gazebo_bluerov2/worlds/bluerov2_simulation_1x.world\n'}
[37.284555] (gazebo_bluerov2) StdoutLine: {'line': b'-- Up-to-date: /home/ngt/ZENS-Final-AUVC/install/gazebo_bluerov2/share/gazebo_bluerov2/worlds/bluerov2_camera.world\n'}
[37.294565] (gazebo_bluerov2) StdoutLine: {'line': b'-- Up-to-date: /home/ngt/ZENS-Final-AUVC/install/gazebo_bluerov2/share/gazebo_bluerov2/worlds/bluerov2_simulation_2x.world\n'}
[37.295741] (gazebo_bluerov2) StdoutLine: {'line': b'-- Up-to-date: /home/ngt/ZENS-Final-AUVC/install/gazebo_bluerov2/share/gazebo_bluerov2/worlds/bluerov2_2vessels.world\n'}
[37.303393] (gazebo_bluerov2) StdoutLine: {'line': b'-- Up-to-date: /home/ngt/ZENS-Final-AUVC/install/gazebo_bluerov2/share/gazebo_bluerov2/worlds/bluerov2_heavy_underwater.world\n'}
[37.304115] (gazebo_bluerov2) StdoutLine: {'line': b'-- Up-to-date: /home/ngt/ZENS-Final-AUVC/install/gazebo_bluerov2/share/gazebo_bluerov2/worlds/bluerov2_underwater.world\n'}
[37.304878] (gazebo_bluerov2) StdoutLine: {'line': b'-- Up-to-date: /home/ngt/ZENS-Final-AUVC/install/gazebo_bluerov2/share/gazebo_bluerov2/worlds/bluerov2_1x.world\n'}
[37.311433] (gazebo_bluerov2) StdoutLine: {'line': b'-- Up-to-date: /home/ngt/ZENS-Final-AUVC/install/gazebo_bluerov2/share/gazebo_bluerov2/worlds/bluerov2_2x.world\n'}
[37.312046] (gazebo_bluerov2) StdoutLine: {'line': b'-- Up-to-date: /home/ngt/ZENS-Final-AUVC/install/gazebo_bluerov2/share/ament_index/resource_index/package_run_dependencies/gazebo_bluerov2\n'}
[37.312521] (gazebo_bluerov2) StdoutLine: {'line': b'-- Up-to-date: /home/ngt/ZENS-Final-AUVC/install/gazebo_bluerov2/share/ament_index/resource_index/parent_prefix_path/gazebo_bluerov2\n'}
[37.313145] (gazebo_bluerov2) StdoutLine: {'line': b'-- Up-to-date: /home/ngt/ZENS-Final-AUVC/install/gazebo_bluerov2/share/gazebo_bluerov2/environment/ament_prefix_path.sh\n'}
[37.329258] (gazebo_bluerov2) StdoutLine: {'line': b'-- Up-to-date: /home/ngt/ZENS-Final-AUVC/install/gazebo_bluerov2/share/gazebo_bluerov2/environment/ament_prefix_path.dsv\n'}
[37.329990] (gazebo_bluerov2) StdoutLine: {'line': b'-- Up-to-date: /home/ngt/ZENS-Final-AUVC/install/gazebo_bluerov2/share/gazebo_bluerov2/environment/path.sh\n'}
[37.331263] (-) TimerEvent: {}
[37.335534] (gazebo_bluerov2) StdoutLine: {'line': b'-- Up-to-date: /home/ngt/ZENS-Final-AUVC/install/gazebo_bluerov2/share/gazebo_bluerov2/environment/path.dsv\n'}
[37.337392] (gazebo_bluerov2) StdoutLine: {'line': b'-- Up-to-date: /home/ngt/ZENS-Final-AUVC/install/gazebo_bluerov2/share/gazebo_bluerov2/local_setup.bash\n'}
[37.338112] (gazebo_bluerov2) StdoutLine: {'line': b'-- Up-to-date: /home/ngt/ZENS-Final-AUVC/install/gazebo_bluerov2/share/gazebo_bluerov2/local_setup.sh\n'}
[37.356017] (gazebo_bluerov2) StdoutLine: {'line': b'-- Up-to-date: /home/ngt/ZENS-Final-AUVC/install/gazebo_bluerov2/share/gazebo_bluerov2/local_setup.zsh\n'}
[37.356856] (gazebo_bluerov2) StdoutLine: {'line': b'-- Up-to-date: /home/ngt/ZENS-Final-AUVC/install/gazebo_bluerov2/share/gazebo_bluerov2/local_setup.dsv\n'}
[37.357483] (gazebo_bluerov2) StdoutLine: {'line': b'-- Installing: /home/ngt/ZENS-Final-AUVC/install/gazebo_bluerov2/share/gazebo_bluerov2/package.dsv\n'}
[37.366297] (gazebo_bluerov2) StdoutLine: {'line': b'-- Up-to-date: /home/ngt/ZENS-Final-AUVC/install/gazebo_bluerov2/share/ament_index/resource_index/packages/gazebo_bluerov2\n'}
[37.367076] (gazebo_bluerov2) StdoutLine: {'line': b'-- Up-to-date: /home/ngt/ZENS-Final-AUVC/install/gazebo_bluerov2/share/gazebo_bluerov2/cmake/gazebo_bluerov2Config.cmake\n'}
[37.367841] (gazebo_bluerov2) StdoutLine: {'line': b'-- Up-to-date: /home/ngt/ZENS-Final-AUVC/install/gazebo_bluerov2/share/gazebo_bluerov2/cmake/gazebo_bluerov2Config-version.cmake\n'}
[37.376733] (gazebo_bluerov2) StdoutLine: {'line': b'-- Up-to-date: /home/ngt/ZENS-Final-AUVC/install/gazebo_bluerov2/share/gazebo_bluerov2/package.xml\n'}
[37.377500] (gazebo_bluerov2) StdoutLine: {'line': b'-- Up-to-date: /home/ngt/ZENS-Final-AUVC/install/gazebo_bluerov2/share/gazebo_bluerov2/models\n'}
[37.378149] (gazebo_bluerov2) StdoutLine: {'line': b'-- Up-to-date: /home/ngt/ZENS-Final-AUVC/install/gazebo_bluerov2/share/gazebo_bluerov2/models/sand_heightmap\n'}
[37.378896] (gazebo_bluerov2) StdoutLine: {'line': b'-- Up-to-date: /home/ngt/ZENS-Final-AUVC/install/gazebo_bluerov2/share/gazebo_bluerov2/models/sand_heightmap/model.sdf\n'}
[37.379511] (gazebo_bluerov2) StdoutLine: {'line': b'-- Up-to-date: /home/ngt/ZENS-Final-AUVC/install/gazebo_bluerov2/share/gazebo_bluerov2/models/sand_heightmap/materials\n'}
[37.398368] (gazebo_bluerov2) StdoutLine: {'line': b'-- Up-to-date: /home/ngt/ZENS-Final-AUVC/install/gazebo_bluerov2/share/gazebo_bluerov2/models/sand_heightmap/materials/flat_normal.png\n'}
[37.399170] (gazebo_bluerov2) StdoutLine: {'line': b'-- Up-to-date: /home/ngt/ZENS-Final-AUVC/install/gazebo_bluerov2/share/gazebo_bluerov2/models/sand_heightmap/materials/soil_sand_0045_01.jpg\n'}
[37.399900] (gazebo_bluerov2) StdoutLine: {'line': b'-- Up-to-date: /home/ngt/ZENS-Final-AUVC/install/gazebo_bluerov2/share/gazebo_bluerov2/models/sand_heightmap/meshes\n'}
[37.404736] (gazebo_bluerov2) StdoutLine: {'line': b'-- Up-to-date: /home/ngt/ZENS-Final-AUVC/install/gazebo_bluerov2/share/gazebo_bluerov2/models/sand_heightmap/meshes/License and source for textures.txt\n'}
[37.405674] (gazebo_bluerov2) StdoutLine: {'line': b'-- Up-to-date: /home/ngt/ZENS-Final-AUVC/install/gazebo_bluerov2/share/gazebo_bluerov2/models/sand_heightmap/meshes/sandseabed.dae\n'}
[37.406287] (gazebo_bluerov2) StdoutLine: {'line': b'-- Up-to-date: /home/ngt/ZENS-Final-AUVC/install/gazebo_bluerov2/share/gazebo_bluerov2/models/sand_heightmap/meshes/heightmap.dae\n'}
[37.406864] (gazebo_bluerov2) StdoutLine: {'line': b'-- Up-to-date: /home/ngt/ZENS-Final-AUVC/install/gazebo_bluerov2/share/gazebo_bluerov2/models/sand_heightmap/meshes/soil_sand_0045_01.jpg\n'}
[37.407470] (gazebo_bluerov2) StdoutLine: {'line': b'-- Up-to-date: /home/ngt/ZENS-Final-AUVC/install/gazebo_bluerov2/share/gazebo_bluerov2/models/sand_heightmap/model.config\n'}
[37.416144] (gazebo_bluerov2) StdoutLine: {'line': b'-- Up-to-date: /home/ngt/ZENS-Final-AUVC/install/gazebo_bluerov2/share/gazebo_bluerov2/models/Apriltag36_11_00001\n'}
[37.416832] (gazebo_bluerov2) StdoutLine: {'line': b'-- Up-to-date: /home/ngt/ZENS-Final-AUVC/install/gazebo_bluerov2/share/gazebo_bluerov2/models/Apriltag36_11_00001/model.sdf\n'}
[37.417374] (gazebo_bluerov2) StdoutLine: {'line': b'-- Up-to-date: /home/ngt/ZENS-Final-AUVC/install/gazebo_bluerov2/share/gazebo_bluerov2/models/Apriltag36_11_00001/materials\n'}
[37.441199] (-) TimerEvent: {}
[37.441623] (gazebo_bluerov2) StdoutLine: {'line': b'-- Up-to-date: /home/ngt/ZENS-Final-AUVC/install/gazebo_bluerov2/share/gazebo_bluerov2/models/Apriltag36_11_00001/materials/textures\n'}
[37.442284] (gazebo_bluerov2) StdoutLine: {'line': b'-- Up-to-date: /home/ngt/ZENS-Final-AUVC/install/gazebo_bluerov2/share/gazebo_bluerov2/models/Apriltag36_11_00001/materials/textures/tag36_11_00001.png\n'}
[37.456932] (gazebo_bluerov2) StdoutLine: {'line': b'-- Up-to-date: /home/ngt/ZENS-Final-AUVC/install/gazebo_bluerov2/share/gazebo_bluerov2/models/Apriltag36_11_00001/materials/scripts\n'}
[37.457742] (gazebo_bluerov2) StdoutLine: {'line': b'-- Up-to-date: /home/ngt/ZENS-Final-AUVC/install/gazebo_bluerov2/share/gazebo_bluerov2/models/Apriltag36_11_00001/materials/scripts/Apriltag.material\n'}
[37.458327] (gazebo_bluerov2) StdoutLine: {'line': b'-- Up-to-date: /home/ngt/ZENS-Final-AUVC/install/gazebo_bluerov2/share/gazebo_bluerov2/models/Apriltag36_11_00001/model.config\n'}
[37.458942] (gazebo_bluerov2) StdoutLine: {'line': b'-- Up-to-date: /home/ngt/ZENS-Final-AUVC/install/gazebo_bluerov2/share/gazebo_bluerov2/models/axes\n'}
[37.459461] (gazebo_bluerov2) StdoutLine: {'line': b'-- Up-to-date: /home/ngt/ZENS-Final-AUVC/install/gazebo_bluerov2/share/gazebo_bluerov2/models/axes/model.sdf\n'}
[37.483143] (gazebo_bluerov2) StdoutLine: {'line': b'-- Up-to-date: /home/ngt/ZENS-Final-AUVC/install/gazebo_bluerov2/share/gazebo_bluerov2/models/axes/model.config\n'}
[37.483826] (gazebo_bluerov2) StdoutLine: {'line': b'-- Up-to-date: /home/ngt/ZENS-Final-AUVC/install/gazebo_bluerov2/share/gazebo_bluerov2/models/Apriltag36_11_00004\n'}
[37.484493] (gazebo_bluerov2) StdoutLine: {'line': b'-- Up-to-date: /home/ngt/ZENS-Final-AUVC/install/gazebo_bluerov2/share/gazebo_bluerov2/models/Apriltag36_11_00004/model.sdf\n'}
[37.518633] (gazebo_bluerov2) StdoutLine: {'line': b'-- Up-to-date: /home/ngt/ZENS-Final-AUVC/install/gazebo_bluerov2/share/gazebo_bluerov2/models/Apriltag36_11_00004/materials\n'}
[37.519258] (gazebo_bluerov2) StdoutLine: {'line': b'-- Up-to-date: /home/ngt/ZENS-Final-AUVC/install/gazebo_bluerov2/share/gazebo_bluerov2/models/Apriltag36_11_00004/materials/textures\n'}
[37.519777] (gazebo_bluerov2) StdoutLine: {'line': b'-- Up-to-date: /home/ngt/ZENS-Final-AUVC/install/gazebo_bluerov2/share/gazebo_bluerov2/models/Apriltag36_11_00004/materials/textures/tag36_11_00004.png\n'}
[37.520262] (gazebo_bluerov2) StdoutLine: {'line': b'-- Up-to-date: /home/ngt/ZENS-Final-AUVC/install/gazebo_bluerov2/share/gazebo_bluerov2/models/Apriltag36_11_00004/materials/scripts\n'}
[37.554085] (-) TimerEvent: {}
[37.554694] (gazebo_bluerov2) StdoutLine: {'line': b'-- Up-to-date: /home/ngt/ZENS-Final-AUVC/install/gazebo_bluerov2/share/gazebo_bluerov2/models/Apriltag36_11_00004/materials/scripts/Apriltag.material\n'}
[37.555376] (gazebo_bluerov2) StdoutLine: {'line': b'-- Up-to-date: /home/ngt/ZENS-Final-AUVC/install/gazebo_bluerov2/share/gazebo_bluerov2/models/Apriltag36_11_00004/model.config\n'}
[37.555981] (gazebo_bluerov2) StdoutLine: {'line': b'-- Up-to-date: /home/ngt/ZENS-Final-AUVC/install/gazebo_bluerov2/share/gazebo_bluerov2/models/Apriltag36_11_00008\n'}
[37.556458] (gazebo_bluerov2) StdoutLine: {'line': b'-- Up-to-date: /home/ngt/ZENS-Final-AUVC/install/gazebo_bluerov2/share/gazebo_bluerov2/models/Apriltag36_11_00008/model.sdf\n'}
[37.572692] (gazebo_bluerov2) StdoutLine: {'line': b'-- Up-to-date: /home/ngt/ZENS-Final-AUVC/install/gazebo_bluerov2/share/gazebo_bluerov2/models/Apriltag36_11_00008/materials\n'}
[37.573343] (gazebo_bluerov2) StdoutLine: {'line': b'-- Up-to-date: /home/ngt/ZENS-Final-AUVC/install/gazebo_bluerov2/share/gazebo_bluerov2/models/Apriltag36_11_00008/materials/textures\n'}
[37.573961] (gazebo_bluerov2) StdoutLine: {'line': b'-- Up-to-date: /home/ngt/ZENS-Final-AUVC/install/gazebo_bluerov2/share/gazebo_bluerov2/models/Apriltag36_11_00008/materials/textures/tag36_11_00008.png\n'}
[37.574578] (gazebo_bluerov2) StdoutLine: {'line': b'-- Up-to-date: /home/ngt/ZENS-Final-AUVC/install/gazebo_bluerov2/share/gazebo_bluerov2/models/Apriltag36_11_00008/materials/scripts\n'}
[37.587292] (gazebo_bluerov2) StdoutLine: {'line': b'-- Up-to-date: /home/ngt/ZENS-Final-AUVC/install/gazebo_bluerov2/share/gazebo_bluerov2/models/Apriltag36_11_00008/materials/scripts/Apriltag.material\n'}
[37.588163] (gazebo_bluerov2) StdoutLine: {'line': b'-- Up-to-date: /home/ngt/ZENS-Final-AUVC/install/gazebo_bluerov2/share/gazebo_bluerov2/models/Apriltag36_11_00008/model.config\n'}
[37.588817] (gazebo_bluerov2) StdoutLine: {'line': b'-- Up-to-date: /home/ngt/ZENS-Final-AUVC/install/gazebo_bluerov2/share/gazebo_bluerov2/models/Apriltag36_11_00003\n'}
[37.595785] (gazebo_bluerov2) StdoutLine: {'line': b'-- Up-to-date: /home/ngt/ZENS-Final-AUVC/install/gazebo_bluerov2/share/gazebo_bluerov2/models/Apriltag36_11_00003/model.sdf\n'}
[37.600285] (gazebo_bluerov2) StdoutLine: {'line': b'-- Up-to-date: /home/ngt/ZENS-Final-AUVC/install/gazebo_bluerov2/share/gazebo_bluerov2/models/Apriltag36_11_00003/materials\n'}
[37.615144] (gazebo_bluerov2) StdoutLine: {'line': b'-- Up-to-date: /home/ngt/ZENS-Final-AUVC/install/gazebo_bluerov2/share/gazebo_bluerov2/models/Apriltag36_11_00003/materials/textures\n'}
[37.615758] (gazebo_bluerov2) StdoutLine: {'line': b'-- Up-to-date: /home/ngt/ZENS-Final-AUVC/install/gazebo_bluerov2/share/gazebo_bluerov2/models/Apriltag36_11_00003/materials/textures/tag36_11_00003.png\n'}
[37.616404] (gazebo_bluerov2) StdoutLine: {'line': b'-- Up-to-date: /home/ngt/ZENS-Final-AUVC/install/gazebo_bluerov2/share/gazebo_bluerov2/models/Apriltag36_11_00003/materials/scripts\n'}
[37.617281] (gazebo_bluerov2) StdoutLine: {'line': b'-- Up-to-date: /home/ngt/ZENS-Final-AUVC/install/gazebo_bluerov2/share/gazebo_bluerov2/models/Apriltag36_11_00003/materials/scripts/Apriltag.material\n'}
[37.632230] (gazebo_bluerov2) StdoutLine: {'line': b'-- Up-to-date: /home/ngt/ZENS-Final-AUVC/install/gazebo_bluerov2/share/gazebo_bluerov2/models/Apriltag36_11_00003/model.config\n'}
[37.633133] (gazebo_bluerov2) StdoutLine: {'line': b'-- Up-to-date: /home/ngt/ZENS-Final-AUVC/install/gazebo_bluerov2/share/gazebo_bluerov2/models/Apriltag36_11_00006\n'}
[37.637861] (gazebo_bluerov2) StdoutLine: {'line': b'-- Up-to-date: /home/ngt/ZENS-Final-AUVC/install/gazebo_bluerov2/share/gazebo_bluerov2/models/Apriltag36_11_00006/model.sdf\n'}
[37.663014] (-) TimerEvent: {}
[37.663639] (gazebo_bluerov2) StdoutLine: {'line': b'-- Up-to-date: /home/ngt/ZENS-Final-AUVC/install/gazebo_bluerov2/share/gazebo_bluerov2/models/Apriltag36_11_00006/materials\n'}
[37.665727] (gazebo_bluerov2) StdoutLine: {'line': b'-- Up-to-date: /home/ngt/ZENS-Final-AUVC/install/gazebo_bluerov2/share/gazebo_bluerov2/models/Apriltag36_11_00006/materials/textures\n'}
[37.682414] (gazebo_bluerov2) StdoutLine: {'line': b'-- Up-to-date: /home/ngt/ZENS-Final-AUVC/install/gazebo_bluerov2/share/gazebo_bluerov2/models/Apriltag36_11_00006/materials/textures/tag36_11_00006.png\n'}
[37.683185] (gazebo_bluerov2) StdoutLine: {'line': b'-- Up-to-date: /home/ngt/ZENS-Final-AUVC/install/gazebo_bluerov2/share/gazebo_bluerov2/models/Apriltag36_11_00006/materials/scripts\n'}
[37.683773] (gazebo_bluerov2) StdoutLine: {'line': b'-- Up-to-date: /home/ngt/ZENS-Final-AUVC/install/gazebo_bluerov2/share/gazebo_bluerov2/models/Apriltag36_11_00006/materials/scripts/Apriltag.material\n'}
[37.689469] (gazebo_bluerov2) StdoutLine: {'line': b'-- Up-to-date: /home/ngt/ZENS-Final-AUVC/install/gazebo_bluerov2/share/gazebo_bluerov2/models/Apriltag36_11_00006/model.config\n'}
[37.699478] (gazebo_bluerov2) StdoutLine: {'line': b'-- Up-to-date: /home/ngt/ZENS-Final-AUVC/install/gazebo_bluerov2/share/gazebo_bluerov2/models/bluerov2_2025\n'}
[37.703737] (gazebo_bluerov2) StdoutLine: {'line': b'-- Up-to-date: /home/ngt/ZENS-Final-AUVC/install/gazebo_bluerov2/share/gazebo_bluerov2/models/bluerov2_2025/model.sdf\n'}
[37.717098] (gazebo_bluerov2) StdoutLine: {'line': b'-- Up-to-date: /home/ngt/ZENS-Final-AUVC/install/gazebo_bluerov2/share/gazebo_bluerov2/models/bluerov2_2025/model.sdf.in\n'}
[37.718103] (gazebo_bluerov2) StdoutLine: {'line': b'-- Up-to-date: /home/ngt/ZENS-Final-AUVC/install/gazebo_bluerov2/share/gazebo_bluerov2/models/bluerov2_2025/materials\n'}
[37.718777] (gazebo_bluerov2) StdoutLine: {'line': b'-- Up-to-date: /home/ngt/ZENS-Final-AUVC/install/gazebo_bluerov2/share/gazebo_bluerov2/models/bluerov2_2025/materials/textures\n'}
[37.719388] (gazebo_bluerov2) StdoutLine: {'line': b'-- Up-to-date: /home/ngt/ZENS-Final-AUVC/install/gazebo_bluerov2/share/gazebo_bluerov2/models/bluerov2_2025/materials/textures/april1.png\n'}
[37.742242] (gazebo_bluerov2) StdoutLine: {'line': b'-- Up-to-date: /home/ngt/ZENS-Final-AUVC/install/gazebo_bluerov2/share/gazebo_bluerov2/models/bluerov2_2025/materials/scripts\n'}
[37.742883] (gazebo_bluerov2) StdoutLine: {'line': b'-- Up-to-date: /home/ngt/ZENS-Final-AUVC/install/gazebo_bluerov2/share/gazebo_bluerov2/models/bluerov2_2025/materials/scripts/april_tag_1.material\n'}
[37.743447] (gazebo_bluerov2) StdoutLine: {'line': b'-- Up-to-date: /home/ngt/ZENS-Final-AUVC/install/gazebo_bluerov2/share/gazebo_bluerov2/models/bluerov2_2025/BlueROV2.md\n'}
[37.744045] (gazebo_bluerov2) StdoutLine: {'line': b'-- Up-to-date: /home/ngt/ZENS-Final-AUVC/install/gazebo_bluerov2/share/gazebo_bluerov2/models/bluerov2_2025/configs.yaml\n'}
[37.744577] (gazebo_bluerov2) StdoutLine: {'line': b'-- Up-to-date: /home/ngt/ZENS-Final-AUVC/install/gazebo_bluerov2/share/gazebo_bluerov2/models/bluerov2_2025/meshes\n'}
[37.748385] (gazebo_bluerov2) StdoutLine: {'line': b'-- Up-to-date: /home/ngt/ZENS-Final-AUVC/install/gazebo_bluerov2/share/gazebo_bluerov2/models/bluerov2_2025/meshes/t200_cw_prop.dae\n'}
[37.749146] (gazebo_bluerov2) StdoutLine: {'line': b'-- Up-to-date: /home/ngt/ZENS-Final-AUVC/install/gazebo_bluerov2/share/gazebo_bluerov2/models/bluerov2_2025/meshes/t200_ccw_prop.dae\n'}
[37.749951] (gazebo_bluerov2) StdoutLine: {'line': b'-- Up-to-date: /home/ngt/ZENS-Final-AUVC/install/gazebo_bluerov2/share/gazebo_bluerov2/models/bluerov2_2025/meshes/bluerov2.dae\n'}
[37.754087] (gazebo_bluerov2) StdoutLine: {'line': b'-- Up-to-date: /home/ngt/ZENS-Final-AUVC/install/gazebo_bluerov2/share/gazebo_bluerov2/models/bluerov2_2025/model.config\n'}
[37.776217] (-) TimerEvent: {}
[37.776759] (gazebo_bluerov2) StdoutLine: {'line': b'-- Up-to-date: /home/ngt/ZENS-Final-AUVC/install/gazebo_bluerov2/share/gazebo_bluerov2/models/bluerov2_heavy\n'}
[37.777410] (gazebo_bluerov2) StdoutLine: {'line': b'-- Up-to-date: /home/ngt/ZENS-Final-AUVC/install/gazebo_bluerov2/share/gazebo_bluerov2/models/bluerov2_heavy/model.sdf\n'}
[37.783138] (gazebo_bluerov2) StdoutLine: {'line': b'-- Up-to-date: /home/ngt/ZENS-Final-AUVC/install/gazebo_bluerov2/share/gazebo_bluerov2/models/bluerov2_heavy/model.sdf.in\n'}
[37.784026] (gazebo_bluerov2) StdoutLine: {'line': b'-- Up-to-date: /home/ngt/ZENS-Final-AUVC/install/gazebo_bluerov2/share/gazebo_bluerov2/models/bluerov2_heavy/BlueROV2Heavy.md\n'}
[37.784796] (gazebo_bluerov2) StdoutLine: {'line': b'-- Up-to-date: /home/ngt/ZENS-Final-AUVC/install/gazebo_bluerov2/share/gazebo_bluerov2/models/bluerov2_heavy/configs.yaml\n'}
[37.785549] (gazebo_bluerov2) StdoutLine: {'line': b'-- Up-to-date: /home/ngt/ZENS-Final-AUVC/install/gazebo_bluerov2/share/gazebo_bluerov2/models/bluerov2_heavy/meshes\n'}
[37.806716] (gazebo_bluerov2) StdoutLine: {'line': b'-- Up-to-date: /home/ngt/ZENS-Final-AUVC/install/gazebo_bluerov2/share/gazebo_bluerov2/models/bluerov2_heavy/meshes/t200_cw_prop.dae\n'}
[37.807548] (gazebo_bluerov2) StdoutLine: {'line': b'-- Up-to-date: /home/ngt/ZENS-Final-AUVC/install/gazebo_bluerov2/share/gazebo_bluerov2/models/bluerov2_heavy/meshes/t200_ccw_prop.dae\n'}
[37.808233] (gazebo_bluerov2) StdoutLine: {'line': b'-- Up-to-date: /home/ngt/ZENS-Final-AUVC/install/gazebo_bluerov2/share/gazebo_bluerov2/models/bluerov2_heavy/meshes/bluerov2_heavy.dae\n'}
[37.823831] (gazebo_bluerov2) StdoutLine: {'line': b'-- Up-to-date: /home/ngt/ZENS-Final-AUVC/install/gazebo_bluerov2/share/gazebo_bluerov2/models/bluerov2_heavy/model.config\n'}
[37.824424] (gazebo_bluerov2) StdoutLine: {'line': b'-- Up-to-date: /home/ngt/ZENS-Final-AUVC/install/gazebo_bluerov2/share/gazebo_bluerov2/models/Apriltag36_11_00005\n'}
[37.825078] (gazebo_bluerov2) StdoutLine: {'line': b'-- Up-to-date: /home/ngt/ZENS-Final-AUVC/install/gazebo_bluerov2/share/gazebo_bluerov2/models/Apriltag36_11_00005/model.sdf\n'}
[37.825634] (gazebo_bluerov2) StdoutLine: {'line': b'-- Up-to-date: /home/ngt/ZENS-Final-AUVC/install/gazebo_bluerov2/share/gazebo_bluerov2/models/Apriltag36_11_00005/materials\n'}
[37.826192] (gazebo_bluerov2) StdoutLine: {'line': b'-- Up-to-date: /home/ngt/ZENS-Final-AUVC/install/gazebo_bluerov2/share/gazebo_bluerov2/models/Apriltag36_11_00005/materials/textures\n'}
[37.835765] (gazebo_bluerov2) StdoutLine: {'line': b'-- Up-to-date: /home/ngt/ZENS-Final-AUVC/install/gazebo_bluerov2/share/gazebo_bluerov2/models/Apriltag36_11_00005/materials/textures/tag36_11_00005.png\n'}
[37.836453] (gazebo_bluerov2) StdoutLine: {'line': b'-- Up-to-date: /home/ngt/ZENS-Final-AUVC/install/gazebo_bluerov2/share/gazebo_bluerov2/models/Apriltag36_11_00005/materials/scripts\n'}
[37.840271] (gazebo_bluerov2) StdoutLine: {'line': b'-- Up-to-date: /home/ngt/ZENS-Final-AUVC/install/gazebo_bluerov2/share/gazebo_bluerov2/models/Apriltag36_11_00005/materials/scripts/Apriltag.material\n'}
[37.846761] (gazebo_bluerov2) StdoutLine: {'line': b'-- Up-to-date: /home/ngt/ZENS-Final-AUVC/install/gazebo_bluerov2/share/gazebo_bluerov2/models/Apriltag36_11_00005/model.config\n'}
[37.847421] (gazebo_bluerov2) StdoutLine: {'line': b'-- Up-to-date: /home/ngt/ZENS-Final-AUVC/install/gazebo_bluerov2/share/gazebo_bluerov2/models/pool_map\n'}
[37.858930] (gazebo_bluerov2) StdoutLine: {'line': b'-- Up-to-date: /home/ngt/ZENS-Final-AUVC/install/gazebo_bluerov2/share/gazebo_bluerov2/models/pool_map/model.sdf\n'}
[37.859475] (gazebo_bluerov2) StdoutLine: {'line': b'-- Up-to-date: /home/ngt/ZENS-Final-AUVC/install/gazebo_bluerov2/share/gazebo_bluerov2/models/pool_map/blenderkit.jpg\n'}
[37.875944] (gazebo_bluerov2) StdoutLine: {'line': b'-- Up-to-date: /home/ngt/ZENS-Final-AUVC/install/gazebo_bluerov2/share/gazebo_bluerov2/models/pool_map/Black.png\n'}
[37.876649] (-) TimerEvent: {}
[37.893724] (gazebo_bluerov2) StdoutLine: {'line': b'-- Up-to-date: /home/ngt/ZENS-Final-AUVC/install/gazebo_bluerov2/share/gazebo_bluerov2/models/pool_map/model.config\n'}
[37.894524] (gazebo_bluerov2) StdoutLine: {'line': b'-- Up-to-date: /home/ngt/ZENS-Final-AUVC/install/gazebo_bluerov2/share/gazebo_bluerov2/models/pool_map/model.dae\n'}
[37.895243] (gazebo_bluerov2) StdoutLine: {'line': b'-- Up-to-date: /home/ngt/ZENS-Final-AUVC/install/gazebo_bluerov2/share/gazebo_bluerov2/models/bluerov2_2025_port_9012\n'}
[37.905501] (gazebo_bluerov2) StdoutLine: {'line': b'-- Up-to-date: /home/ngt/ZENS-Final-AUVC/install/gazebo_bluerov2/share/gazebo_bluerov2/models/bluerov2_2025_port_9012/model.sdf\n'}
[37.906246] (gazebo_bluerov2) StdoutLine: {'line': b'-- Up-to-date: /home/ngt/ZENS-Final-AUVC/install/gazebo_bluerov2/share/gazebo_bluerov2/models/bluerov2_2025_port_9012/model.sdf.in\n'}
[37.906964] (gazebo_bluerov2) StdoutLine: {'line': b'-- Up-to-date: /home/ngt/ZENS-Final-AUVC/install/gazebo_bluerov2/share/gazebo_bluerov2/models/bluerov2_2025_port_9012/materials\n'}
[37.932741] (gazebo_bluerov2) StdoutLine: {'line': b'-- Up-to-date: /home/ngt/ZENS-Final-AUVC/install/gazebo_bluerov2/share/gazebo_bluerov2/models/bluerov2_2025_port_9012/materials/textures\n'}
[37.933574] (gazebo_bluerov2) StdoutLine: {'line': b'-- Up-to-date: /home/ngt/ZENS-Final-AUVC/install/gazebo_bluerov2/share/gazebo_bluerov2/models/bluerov2_2025_port_9012/materials/textures/april1.png\n'}
[37.934390] (gazebo_bluerov2) StdoutLine: {'line': b'-- Up-to-date: /home/ngt/ZENS-Final-AUVC/install/gazebo_bluerov2/share/gazebo_bluerov2/models/bluerov2_2025_port_9012/materials/scripts\n'}
[37.935214] (gazebo_bluerov2) StdoutLine: {'line': b'-- Up-to-date: /home/ngt/ZENS-Final-AUVC/install/gazebo_bluerov2/share/gazebo_bluerov2/models/bluerov2_2025_port_9012/materials/scripts/april_tag_1.material\n'}
[37.942297] (gazebo_bluerov2) StdoutLine: {'line': b'-- Up-to-date: /home/ngt/ZENS-Final-AUVC/install/gazebo_bluerov2/share/gazebo_bluerov2/models/bluerov2_2025_port_9012/BlueROV2.md\n'}
[37.943058] (msgs) JobProgress: {'identifier': 'msgs', 'progress': 'cmake'}
[37.943200] (gazebo_bluerov2) StdoutLine: {'line': b'-- Up-to-date: /home/ngt/ZENS-Final-AUVC/install/gazebo_bluerov2/share/gazebo_bluerov2/models/bluerov2_2025_port_9012/configs.yaml\n'}
[37.943866] (gazebo_bluerov2) StdoutLine: {'line': b'-- Up-to-date: /home/ngt/ZENS-Final-AUVC/install/gazebo_bluerov2/share/gazebo_bluerov2/models/bluerov2_2025_port_9012/meshes\n'}
[37.944497] (gazebo_bluerov2) StdoutLine: {'line': b'-- Up-to-date: /home/ngt/ZENS-Final-AUVC/install/gazebo_bluerov2/share/gazebo_bluerov2/models/bluerov2_2025_port_9012/meshes/t200_cw_prop.dae\n'}
[37.967389] (gazebo_bluerov2) StdoutLine: {'line': b'-- Up-to-date: /home/ngt/ZENS-Final-AUVC/install/gazebo_bluerov2/share/gazebo_bluerov2/models/bluerov2_2025_port_9012/meshes/t200_ccw_prop.dae\n'}
[37.968086] (gazebo_bluerov2) StdoutLine: {'line': b'-- Up-to-date: /home/ngt/ZENS-Final-AUVC/install/gazebo_bluerov2/share/gazebo_bluerov2/models/bluerov2_2025_port_9012/meshes/bluerov2.dae\n'}
[37.968713] (gazebo_bluerov2) StdoutLine: {'line': b'-- Up-to-date: /home/ngt/ZENS-Final-AUVC/install/gazebo_bluerov2/share/gazebo_bluerov2/models/bluerov2_2025_port_9012/model.config\n'}
[37.969536] (gazebo_bluerov2) StdoutLine: {'line': b'-- Up-to-date: /home/ngt/ZENS-Final-AUVC/install/gazebo_bluerov2/share/gazebo_bluerov2/models/Apriltag36_11_00002\n'}
[37.982220] (-) TimerEvent: {}
[37.982734] (gazebo_bluerov2) StdoutLine: {'line': b'-- Up-to-date: /home/ngt/ZENS-Final-AUVC/install/gazebo_bluerov2/share/gazebo_bluerov2/models/Apriltag36_11_00002/model.sdf\n'}
[37.990401] (gazebo_bluerov2) StdoutLine: {'line': b'-- Up-to-date: /home/ngt/ZENS-Final-AUVC/install/gazebo_bluerov2/share/gazebo_bluerov2/models/Apriltag36_11_00002/materials\n'}
[37.991262] (gazebo_bluerov2) StdoutLine: {'line': b'-- Up-to-date: /home/ngt/ZENS-Final-AUVC/install/gazebo_bluerov2/share/gazebo_bluerov2/models/Apriltag36_11_00002/materials/textures\n'}
[37.992085] (gazebo_bluerov2) StdoutLine: {'line': b'-- Up-to-date: /home/ngt/ZENS-Final-AUVC/install/gazebo_bluerov2/share/gazebo_bluerov2/models/Apriltag36_11_00002/materials/textures/tag36_11_00002.png\n'}
[37.995466] (gazebo_bluerov2) StdoutLine: {'line': b'-- Up-to-date: /home/ngt/ZENS-Final-AUVC/install/gazebo_bluerov2/share/gazebo_bluerov2/models/Apriltag36_11_00002/materials/scripts\n'}
[37.999332] (msgs) JobProgress: {'identifier': 'msgs', 'progress': 'build'}
[37.999476] (msgs) Command: {'cmd': ['/usr/bin/cmake', '--build', '/home/ngt/ZENS-Final-AUVC/build/msgs', '--', '-j4', '-l4'], 'cwd': '/home/ngt/ZENS-Final-AUVC/build/msgs', 'env': OrderedDict({'PYTHON_BASIC_REPL': '1', 'VIRTUALENVWRAPPER_WORKON_CD': '1', 'USER': 'ngt', 'SSH_CLIENT': '192.168.3.1 64256 22', 'WORKON_HOME': '/home/ngt/.virtualenvs', 'GZ_SIM_RESOURCE_PATH': '/opt/ros/jazzy/share', 'GZ_CONFIG_PATH': '/opt/ros/jazzy/opt/gz_sim_vendor/share/gz:/opt/ros/jazzy/opt/sdformat_vendor/share/gz:/opt/ros/jazzy/opt/gz_gui_vendor/share/gz:/opt/ros/jazzy/opt/gz_transport_vendor/share/gz:/opt/ros/jazzy/opt/gz_rendering_vendor/share/gz:/opt/ros/jazzy/opt/gz_plugin_vendor/share/gz:/opt/ros/jazzy/opt/gz_fuel_tools_vendor/share/gz:/opt/ros/jazzy/opt/gz_msgs_vendor/share/gz:/opt/ros/jazzy/opt/gz_common_vendor/share/gz', 'XDG_SESSION_TYPE': 'tty', 'GIT_ASKPASS': '/home/ngt/.vscode-server/cli/servers/Stable-1b6a188127eeaf9194f945eb6eb89a657e93c54c/server/extensions/git/dist/askpass.sh', 'SHLVL': '1', 'BROWSER': '/home/ngt/.vscode-server/cli/servers/Stable-1b6a188127eeaf9194f945eb6eb89a657e93c54c/server/bin/helpers/browser.sh', 'LD_LIBRARY_PATH': '/home/ngt/ZENS-Final-AUVC/install/msgs/lib:/home/ngt/ZENS-Final-AUVC/install/gazebo_bluerov2/lib:/home/ngt/auvc_ws/install/example_custom_srv/lib:/home/ngt/pid_ws/install/target_depth_msgs/lib:/opt/ros/jazzy/opt/gz_sim_vendor/lib:/opt/ros/jazzy/opt/gz_sensors_vendor/lib:/opt/ros/jazzy/opt/gz_physics_vendor/lib:/opt/ros/jazzy/opt/sdformat_vendor/lib:/opt/ros/jazzy/opt/rviz_ogre_vendor/lib:/opt/ros/jazzy/lib/aarch64-linux-gnu:/opt/ros/jazzy/opt/gz_gui_vendor/lib:/opt/ros/jazzy/opt/gz_transport_vendor/lib:/opt/ros/jazzy/opt/gz_rendering_vendor/lib:/opt/ros/jazzy/opt/gz_plugin_vendor/lib:/opt/ros/jazzy/opt/gz_fuel_tools_vendor/lib:/opt/ros/jazzy/opt/gz_msgs_vendor/lib:/opt/ros/jazzy/opt/gz_common_vendor/lib:/opt/ros/jazzy/opt/gz_math_vendor/lib:/opt/ros/jazzy/opt/gz_utils_vendor/lib:/opt/ros/jazzy/opt/gz_tools_vendor/lib:/opt/ros/jazzy/opt/gz_ogre_next_vendor/lib:/opt/ros/jazzy/opt/gz_dartsim_vendor/lib:/opt/ros/jazzy/opt/gz_cmake_vendor/lib:/opt/ros/jazzy/lib', 'GZ_TRANSPORT_ID': '192.168.3.1', 'HOME': '/home/ngt', 'OLDPWD': '/home/ngt', 'LESS': '-R', 'VIRTUALENVWRAPPER_PYTHON': '/usr/bin/python3', 'TERM_PROGRAM_VERSION': '1.130.0', 'VSCODE_IPC_HOOK_CLI': '/run/user/1004/vscode-ipc-c05d7b36-e784-46a6-a7ed-bf86e2de284d.sock', 'ZSH': '/home/ngt/.oh-my-zsh', 'LSCOLORS': 'Gxfxcxdxbxegedabagacad', 'GZ_TRANSPORT_PUB_PORT': '11345', 'VSCODE_GIT_ASKPASS_MAIN': '/home/ngt/.vscode-server/cli/servers/Stable-1b6a188127eeaf9194f945eb6eb89a657e93c54c/server/extensions/git/dist/askpass-main.js', 'PAGER': 'less', 'ROS_PYTHON_VERSION': '3', 'PS1': '(ardusub) %(?:%{\x1b[01;32m%}%1{➜%} :%{\x1b[01;31m%}%1{➜%} ) %{\x1b[36m%}%c%{\x1b[00m%} $(git_prompt_info)', 'VSCODE_GIT_ASKPASS_NODE': '/home/ngt/.vscode-server/cli/servers/Stable-1b6a188127eeaf9194f945eb6eb89a657e93c54c/server/node', 'DBUS_SESSION_BUS_ADDRESS': 'unix:path=/run/user/1004/bus', 'PYDEVD_DISABLE_FILE_VALIDATION': '1', 'BUNDLED_DEBUGPY_PATH': '/home/ngt/.vscode-server/extensions/ms-python.debugpy-2026.6.0-linux-arm64/bundled/libs/debugpy', 'GZ_TRANSPORT_SUB_PORT': '11346', 'VSCODE_PYTHON_AUTOACTIVATE_GUARD': '1', 'COLORTERM': 'truecolor', 'ROS_DISTRO': 'jazzy', 'COLCON_PREFIX_PATH': '/home/ngt/ZENS-Final-AUVC/install:/home/ngt/cv_ws/install:/home/ngt/pid_ws/install:/home/ngt/auvc_ws/install:/home/ngt/auv_dancing/install', 'LOGNAME': 'ngt', '_': '/home/ngt/.virtualenvs/ardusub/bin/colcon', 'XDG_SESSION_CLASS': 'user', 'USER_ZDOTDIR': '/home/ngt', 'ROS_VERSION': '2', 'XDG_SESSION_ID': '1', 'TERM': 'xterm-256color', 'PATH': '/home/ngt/ZENS-Final-AUVC/install/hardware/bin:/home/ngt/ZENS-Final-AUVC/install/flashing/bin:/home/ngt/ZENS-Final-AUVC/install/cv/bin:/home/ngt/ZENS-Final-AUVC/install/control/bin:/home/ngt/.virtualenvs/ardusub/bin:/home/ngt/.opencode/bin:/opt/ros/jazzy/opt/gz_msgs_vendor/bin:/opt/ros/jazzy/opt/gz_tools_vendor/bin:/opt/ros/jazzy/opt/gz_ogre_next_vendor/bin:/opt/ros/jazzy/bin:/usr/lib/ccache:/home/ngt/.vscode-server/data/User/globalStorage/github.copilot-chat/debugCommand:/home/ngt/.vscode-server/data/User/globalStorage/github.copilot-chat/copilotCli:/home/ngt/.vscode-server/cli/servers/Stable-1b6a188127eeaf9194f945eb6eb89a657e93c54c/server/bin/remote-cli:/usr/local/sbin:/usr/local/bin:/usr/sbin:/usr/bin:/sbin:/bin:/usr/games:/usr/local/games:/snap/bin:/home/ngt/.vscode-server/extensions/ms-python.debugpy-2026.6.0-linux-arm64/bundled/scripts/noConfigScripts:/home/ngt/.local/bin:/home/ngt/ardupilot/Tools/autotest', 'XDG_RUNTIME_DIR': '/run/user/1004', 'GZ_PARTITION': 'my_sim', 'LANG': 'en_US.UTF-8', 'VSCODE_DEBUGPY_ADAPTER_ENDPOINTS': '/home/ngt/.vscode-server/extensions/ms-python.debugpy-2026.6.0-linux-arm64/.noConfigDebugAdapterEndpoints/endpoint-fe03004f45a03570.txt', 'PYTHONSTARTUP': '/home/ngt/.vscode-server/data/User/workspaceStorage/e30aafa2edaaf296b4a11477f6a9b588/ms-python.python/pythonrc.py', 'VSCODE_INJECTION': '1', 'VIRTUAL_ENV_PROMPT': 'ardusub', 'TERM_PROGRAM': 'vscode', 'VSCODE_GIT_IPC_HANDLE': '/run/user/1004/vscode-git-191b257475.sock', 'LS_COLORS': 'rs=0:di=01;34:ln=01;36:mh=00:pi=40;33:so=01;35:do=01;35:bd=40;33;01:cd=40;33;01:or=40;31;01:mi=00:su=37;41:sg=30;43:ca=00:tw=30;42:ow=34;42:st=37;44:ex=01;32:*.tar=01;31:*.tgz=01;31:*.arc=01;31:*.arj=01;31:*.taz=01;31:*.lha=01;31:*.lz4=01;31:*.lzh=01;31:*.lzma=01;31:*.tlz=01;31:*.txz=01;31:*.tzo=01;31:*.t7z=01;31:*.zip=01;31:*.z=01;31:*.dz=01;31:*.gz=01;31:*.lrz=01;31:*.lz=01;31:*.lzo=01;31:*.xz=01;31:*.zst=01;31:*.tzst=01;31:*.bz2=01;31:*.bz=01;31:*.tbz=01;31:*.tbz2=01;31:*.tz=01;31:*.deb=01;31:*.rpm=01;31:*.jar=01;31:*.war=01;31:*.ear=01;31:*.sar=01;31:*.rar=01;31:*.alz=01;31:*.ace=01;31:*.zoo=01;31:*.cpio=01;31:*.7z=01;31:*.rz=01;31:*.cab=01;31:*.wim=01;31:*.swm=01;31:*.dwm=01;31:*.esd=01;31:*.avif=01;35:*.jpg=01;35:*.jpeg=01;35:*.mjpg=01;35:*.mjpeg=01;35:*.gif=01;35:*.bmp=01;35:*.pbm=01;35:*.pgm=01;35:*.ppm=01;35:*.tga=01;35:*.xbm=01;35:*.xpm=01;35:*.tif=01;35:*.tiff=01;35:*.png=01;35:*.svg=01;35:*.svgz=01;35:*.mng=01;35:*.pcx=01;35:*.mov=01;35:*.mpg=01;35:*.mpeg=01;35:*.m2v=01;35:*.mkv=01;35:*.webm=01;35:*.webp=01;35:*.ogm=01;35:*.mp4=01;35:*.m4v=01;35:*.mp4v=01;35:*.vob=01;35:*.qt=01;35:*.nuv=01;35:*.wmv=01;35:*.asf=01;35:*.rm=01;35:*.rmvb=01;35:*.flc=01;35:*.avi=01;35:*.fli=01;35:*.flv=01;35:*.gl=01;35:*.dl=01;35:*.xcf=01;35:*.xwd=01;35:*.yuv=01;35:*.cgm=01;35:*.emf=01;35:*.ogv=01;35:*.ogx=01;35:*.aac=00;36:*.au=00;36:*.flac=00;36:*.m4a=00;36:*.mid=00;36:*.midi=00;36:*.mka=00;36:*.mp3=00;36:*.mpc=00;36:*.ogg=00;36:*.ra=00;36:*.wav=00;36:*.oga=00;36:*.opus=00;36:*.spx=00;36:*.xspf=00;36:*~=00;90:*#=00;90:*.bak=00;90:*.crdownload=00;90:*.dpkg-dist=00;90:*.dpkg-new=00;90:*.dpkg-old=00;90:*.dpkg-tmp=00;90:*.old=00;90:*.orig=00;90:*.part=00;90:*.rej=00;90:*.rpmnew=00;90:*.rpmorig=00;90:*.rpmsave=00;90:*.swp=00;90:*.tmp=00;90:*.ucf-dist=00;90:*.ucf-new=00;90:*.ucf-old=00;90:', 'AMENT_PREFIX_PATH': '/home/ngt/ZENS-Final-AUVC/install/msgs:/home/ngt/ZENS-Final-AUVC/install/gazebo_bluerov2:/home/ngt/ZENS-Final-AUVC/install/flashing:/home/ngt/ZENS-Final-AUVC/install/cv:/home/ngt/ZENS-Final-AUVC/install/control:/home/ngt/ZENS-Final-AUVC/install/bringup:/home/ngt/auvc_ws/install/tutorial_virtualenvs:/home/ngt/auvc_ws/install/tutorial_pid:/home/ngt/auvc_ws/install/tutorial_ardusub:/home/ngt/auvc_ws/install/tutorial:/home/ngt/auvc_ws/install/rosmav:/home/ngt/auvc_ws/install/example_custom_srv:/home/ngt/cv_ws/install/cv:/home/ngt/pid_ws/install/target_depth_msgs:/home/ngt/pid_ws/install/pid:/home/ngt/auv_dancing/install/tutorial:/opt/ros/jazzy', 'SHELL': '/usr/bin/zsh', 'VIRTUALENVWRAPPER_PROJECT_FILENAME': '.project', 'VIRTUALENVWRAPPER_HOOK_DIR': '/home/ngt/.virtualenvs', 'VSCODE_GIT_ASKPASS_EXTRA_ARGS': '', 'VIRTUALENVWRAPPER_SCRIPT': '/usr/share/virtualenvwrapper/virtualenvwrapper.sh', 'ROS_AUTOMATIC_DISCOVERY_RANGE': 'SUBNET', 'VIRTUAL_ENV': '/home/ngt/.virtualenvs/ardusub', 'LC_ALL': 'en_US.UTF-8', 'PWD': '/home/ngt/ZENS-Final-AUVC/build/msgs', 'SSH_CONNECTION': '192.168.3.1 64256 192.168.3.2 22', 'COPILOT_DEBUG_NONCE': 'd6eed4c06bd82aa6cee185ab30fdc4f4', 'ZDOTDIR': '/home/ngt', 'PYTHONPATH': '/home/ngt/ZENS-Final-AUVC/install/msgs/lib/python3.12/site-packages:/home/ngt/ZENS-Final-AUVC/install/hardware/lib/python3.12/site-packages:/home/ngt/ZENS-Final-AUVC/install/flashing/lib/python3.12/site-packages:/home/ngt/ZENS-Final-AUVC/install/cv/lib/python3.12/site-packages:/home/ngt/ZENS-Final-AUVC/install/control/lib/python3.12/site-packages:/home/ngt/ZENS-Final-AUVC/install/bringup/lib/python3.12/site-packages:/home/ngt/auvc_ws/install/tutorial_virtualenvs/lib/python3.12/site-packages:/home/ngt/auvc_ws/install/tutorial_pid/lib/python3.12/site-packages:/home/ngt/auvc_ws/install/tutorial_ardusub/lib/python3.12/site-packages:/home/ngt/auvc_ws/install/tutorial/lib/python3.12/site-packages:/home/ngt/auvc_ws/install/rosmav/lib/python3.12/site-packages:/home/ngt/auvc_ws/install/example_custom_srv/lib/python3.12/site-packages:/home/ngt/cv_ws/install/cv/lib/python3.12/site-packages:/home/ngt/pid_ws/install/target_depth_msgs/lib/python3.12/site-packages:/home/ngt/pid_ws/install/pid/lib/python3.12/site-packages:/home/ngt/auv_dancing/install/tutorial/lib/python3.12/site-packages:/opt/ros/jazzy/lib/python3.12/site-packages', 'COLCON': '1', 'CMAKE_PREFIX_PATH': '/home/ngt/ZENS-Final-AUVC/install/msgs:/home/ngt/ZENS-Final-AUVC/install/gazebo_bluerov2:/home/ngt/auvc_ws/install/example_custom_srv:/home/ngt/pid_ws/install/target_depth_msgs:/opt/ros/jazzy/opt/gz_sim_vendor:/opt/ros/jazzy/opt/gz_sensors_vendor:/opt/ros/jazzy/opt/gz_physics_vendor:/opt/ros/jazzy/opt/sdformat_vendor:/opt/ros/jazzy/opt/gz_gui_vendor:/opt/ros/jazzy/opt/gz_transport_vendor:/opt/ros/jazzy/opt/gz_rendering_vendor:/opt/ros/jazzy/opt/gz_plugin_vendor:/opt/ros/jazzy/opt/gz_fuel_tools_vendor:/opt/ros/jazzy/opt/gz_msgs_vendor:/opt/ros/jazzy/opt/gz_common_vendor:/opt/ros/jazzy/opt/gz_math_vendor:/opt/ros/jazzy/opt/gz_utils_vendor:/opt/ros/jazzy/opt/gz_tools_vendor:/opt/ros/jazzy/opt/gz_ogre_next_vendor:/opt/ros/jazzy/opt/gz_dartsim_vendor:/opt/ros/jazzy/opt/gz_cmake_vendor:/home/ngt/ZENS-Final-AUVC/install/flashing:/home/ngt/ZENS-Final-AUVC/install/cv:/home/ngt/ZENS-Final-AUVC/install/control:/home/ngt/ZENS-Final-AUVC/install/bringup:/home/ngt/auvc_ws/install/tutorial_virtualenvs:/home/ngt/auvc_ws/install/tutorial_pid:/home/ngt/auvc_ws/install/tutorial_ardusub:/home/ngt/auvc_ws/install/tutorial:/home/ngt/auvc_ws/install/rosmav:/home/ngt/cv_ws/install/cv:/home/ngt/pid_ws/install/pid:/home/ngt/auv_dancing/install/tutorial:/opt/ros/jazzy'}), 'shell': False}
[38.009645] (gazebo_bluerov2) StdoutLine: {'line': b'-- Up-to-date: /home/ngt/ZENS-Final-AUVC/install/gazebo_bluerov2/share/gazebo_bluerov2/models/Apriltag36_11_00002/materials/scripts/Apriltag.material\n'}
[38.010309] (gazebo_bluerov2) StdoutLine: {'line': b'-- Up-to-date: /home/ngt/ZENS-Final-AUVC/install/gazebo_bluerov2/share/gazebo_bluerov2/models/Apriltag36_11_00002/model.config\n'}
[38.020127] (gazebo_bluerov2) StdoutLine: {'line': b'-- Up-to-date: /home/ngt/ZENS-Final-AUVC/install/gazebo_bluerov2/share/gazebo_bluerov2/models/bluerov2\n'}
[38.020759] (gazebo_bluerov2) StdoutLine: {'line': b'-- Up-to-date: /home/ngt/ZENS-Final-AUVC/install/gazebo_bluerov2/share/gazebo_bluerov2/models/bluerov2/model.sdf\n'}
[38.021393] (gazebo_bluerov2) StdoutLine: {'line': b'-- Up-to-date: /home/ngt/ZENS-Final-AUVC/install/gazebo_bluerov2/share/gazebo_bluerov2/models/bluerov2/model.sdf.in\n'}
[38.022003] (gazebo_bluerov2) StdoutLine: {'line': b'-- Up-to-date: /home/ngt/ZENS-Final-AUVC/install/gazebo_bluerov2/share/gazebo_bluerov2/models/bluerov2/materials\n'}
[38.022522] (gazebo_bluerov2) StdoutLine: {'line': b'-- Up-to-date: /home/ngt/ZENS-Final-AUVC/install/gazebo_bluerov2/share/gazebo_bluerov2/models/bluerov2/materials/textures\n'}
[38.028153] (gazebo_bluerov2) StdoutLine: {'line': b'-- Up-to-date: /home/ngt/ZENS-Final-AUVC/install/gazebo_bluerov2/share/gazebo_bluerov2/models/bluerov2/materials/textures/april1.png\n'}
[38.028822] (gazebo_bluerov2) StdoutLine: {'line': b'-- Up-to-date: /home/ngt/ZENS-Final-AUVC/install/gazebo_bluerov2/share/gazebo_bluerov2/models/bluerov2/materials/scripts\n'}
[38.029440] (gazebo_bluerov2) StdoutLine: {'line': b'-- Up-to-date: /home/ngt/ZENS-Final-AUVC/install/gazebo_bluerov2/share/gazebo_bluerov2/models/bluerov2/materials/scripts/april_tag_1.material\n'}
[38.038439] (gazebo_bluerov2) StdoutLine: {'line': b'-- Up-to-date: /home/ngt/ZENS-Final-AUVC/install/gazebo_bluerov2/share/gazebo_bluerov2/models/bluerov2/BlueROV2.md\n'}
[38.039103] (gazebo_bluerov2) StdoutLine: {'line': b'-- Up-to-date: /home/ngt/ZENS-Final-AUVC/install/gazebo_bluerov2/share/gazebo_bluerov2/models/bluerov2/configs.yaml\n'}
[38.039761] (gazebo_bluerov2) StdoutLine: {'line': b'-- Up-to-date: /home/ngt/ZENS-Final-AUVC/install/gazebo_bluerov2/share/gazebo_bluerov2/models/bluerov2/meshes\n'}
[38.040444] (gazebo_bluerov2) StdoutLine: {'line': b'-- Up-to-date: /home/ngt/ZENS-Final-AUVC/install/gazebo_bluerov2/share/gazebo_bluerov2/models/bluerov2/meshes/t200_cw_prop.dae\n'}
[38.051277] (gazebo_bluerov2) StdoutLine: {'line': b'-- Up-to-date: /home/ngt/ZENS-Final-AUVC/install/gazebo_bluerov2/share/gazebo_bluerov2/models/bluerov2/meshes/t200_ccw_prop.dae\n'}
[38.051953] (gazebo_bluerov2) StdoutLine: {'line': b'-- Up-to-date: /home/ngt/ZENS-Final-AUVC/install/gazebo_bluerov2/share/gazebo_bluerov2/models/bluerov2/meshes/bluerov2.dae\n'}
[38.052681] (gazebo_bluerov2) StdoutLine: {'line': b'-- Up-to-date: /home/ngt/ZENS-Final-AUVC/install/gazebo_bluerov2/share/gazebo_bluerov2/models/bluerov2/model.config\n'}
[38.066811] (gazebo_bluerov2) StdoutLine: {'line': b'-- Up-to-date: /home/ngt/ZENS-Final-AUVC/install/gazebo_bluerov2/share/gazebo_bluerov2/models/bluerov2_2025_port_9002\n'}
[38.067451] (gazebo_bluerov2) StdoutLine: {'line': b'-- Up-to-date: /home/ngt/ZENS-Final-AUVC/install/gazebo_bluerov2/share/gazebo_bluerov2/models/bluerov2_2025_port_9002/model.sdf\n'}
[38.068161] (gazebo_bluerov2) StdoutLine: {'line': b'-- Up-to-date: /home/ngt/ZENS-Final-AUVC/install/gazebo_bluerov2/share/gazebo_bluerov2/models/bluerov2_2025_port_9002/model.sdf.in\n'}
[38.079185] (gazebo_bluerov2) StdoutLine: {'line': b'-- Up-to-date: /home/ngt/ZENS-Final-AUVC/install/gazebo_bluerov2/share/gazebo_bluerov2/models/bluerov2_2025_port_9002/materials\n'}
[38.079920] (gazebo_bluerov2) StdoutLine: {'line': b'-- Up-to-date: /home/ngt/ZENS-Final-AUVC/install/gazebo_bluerov2/share/gazebo_bluerov2/models/bluerov2_2025_port_9002/materials/textures\n'}
[38.080527] (gazebo_bluerov2) StdoutLine: {'line': b'-- Up-to-date: /home/ngt/ZENS-Final-AUVC/install/gazebo_bluerov2/share/gazebo_bluerov2/models/bluerov2_2025_port_9002/materials/textures/april1.png\n'}
[38.081216] (gazebo_bluerov2) StdoutLine: {'line': b'-- Up-to-date: /home/ngt/ZENS-Final-AUVC/install/gazebo_bluerov2/share/gazebo_bluerov2/models/bluerov2_2025_port_9002/materials/scripts\n'}
[38.088469] (-) TimerEvent: {}
[38.093635] (gazebo_bluerov2) StdoutLine: {'line': b'-- Up-to-date: /home/ngt/ZENS-Final-AUVC/install/gazebo_bluerov2/share/gazebo_bluerov2/models/bluerov2_2025_port_9002/materials/scripts/april_tag_1.material\n'}
[38.094371] (gazebo_bluerov2) StdoutLine: {'line': b'-- Up-to-date: /home/ngt/ZENS-Final-AUVC/install/gazebo_bluerov2/share/gazebo_bluerov2/models/bluerov2_2025_port_9002/BlueROV2.md\n'}
[38.103053] (gazebo_bluerov2) StdoutLine: {'line': b'-- Up-to-date: /home/ngt/ZENS-Final-AUVC/install/gazebo_bluerov2/share/gazebo_bluerov2/models/bluerov2_2025_port_9002/configs.yaml\n'}
[38.103653] (gazebo_bluerov2) StdoutLine: {'line': b'-- Up-to-date: /home/ngt/ZENS-Final-AUVC/install/gazebo_bluerov2/share/gazebo_bluerov2/models/bluerov2_2025_port_9002/meshes\n'}
[38.104217] (gazebo_bluerov2) StdoutLine: {'line': b'-- Up-to-date: /home/ngt/ZENS-Final-AUVC/install/gazebo_bluerov2/share/gazebo_bluerov2/models/bluerov2_2025_port_9002/meshes/t200_cw_prop.dae\n'}
[38.112318] (gazebo_bluerov2) StdoutLine: {'line': b'-- Up-to-date: /home/ngt/ZENS-Final-AUVC/install/gazebo_bluerov2/share/gazebo_bluerov2/models/bluerov2_2025_port_9002/meshes/t200_ccw_prop.dae\n'}
[38.113157] (gazebo_bluerov2) StdoutLine: {'line': b'-- Up-to-date: /home/ngt/ZENS-Final-AUVC/install/gazebo_bluerov2/share/gazebo_bluerov2/models/bluerov2_2025_port_9002/meshes/bluerov2.dae\n'}
[38.113822] (gazebo_bluerov2) StdoutLine: {'line': b'-- Up-to-date: /home/ngt/ZENS-Final-AUVC/install/gazebo_bluerov2/share/gazebo_bluerov2/models/bluerov2_2025_port_9002/model.config\n'}
[38.114518] (gazebo_bluerov2) StdoutLine: {'line': b'-- Up-to-date: /home/ngt/ZENS-Final-AUVC/install/gazebo_bluerov2/share/gazebo_bluerov2/models/Apriltag36_11_00000\n'}
[38.121050] (gazebo_bluerov2) StdoutLine: {'line': b'-- Up-to-date: /home/ngt/ZENS-Final-AUVC/install/gazebo_bluerov2/share/gazebo_bluerov2/models/Apriltag36_11_00000/model.sdf\n'}
[38.121703] (gazebo_bluerov2) StdoutLine: {'line': b'-- Up-to-date: /home/ngt/ZENS-Final-AUVC/install/gazebo_bluerov2/share/gazebo_bluerov2/models/Apriltag36_11_00000/materials\n'}
[38.122353] (gazebo_bluerov2) StdoutLine: {'line': b'-- Up-to-date: /home/ngt/ZENS-Final-AUVC/install/gazebo_bluerov2/share/gazebo_bluerov2/models/Apriltag36_11_00000/materials/textures\n'}
[38.127165] (gazebo_bluerov2) StdoutLine: {'line': b'-- Up-to-date: /home/ngt/ZENS-Final-AUVC/install/gazebo_bluerov2/share/gazebo_bluerov2/models/Apriltag36_11_00000/materials/textures/tag36_11_00000.png\n'}
[38.129474] (gazebo_bluerov2) StdoutLine: {'line': b'-- Up-to-date: /home/ngt/ZENS-Final-AUVC/install/gazebo_bluerov2/share/gazebo_bluerov2/models/Apriltag36_11_00000/materials/scripts\n'}
[38.130180] (gazebo_bluerov2) StdoutLine: {'line': b'-- Up-to-date: /home/ngt/ZENS-Final-AUVC/install/gazebo_bluerov2/share/gazebo_bluerov2/models/Apriltag36_11_00000/materials/scripts/Apriltag.material\n'}
[38.134154] (gazebo_bluerov2) StdoutLine: {'line': b'-- Up-to-date: /home/ngt/ZENS-Final-AUVC/install/gazebo_bluerov2/share/gazebo_bluerov2/models/Apriltag36_11_00000/model.config\n'}
[38.134963] (gazebo_bluerov2) StdoutLine: {'line': b'-- Up-to-date: /home/ngt/ZENS-Final-AUVC/install/gazebo_bluerov2/share/gazebo_bluerov2/models/Apriltag36_11_00007\n'}
[38.135540] (gazebo_bluerov2) StdoutLine: {'line': b'-- Up-to-date: /home/ngt/ZENS-Final-AUVC/install/gazebo_bluerov2/share/gazebo_bluerov2/models/Apriltag36_11_00007/model.sdf\n'}
[38.141312] (gazebo_bluerov2) StdoutLine: {'line': b'-- Up-to-date: /home/ngt/ZENS-Final-AUVC/install/gazebo_bluerov2/share/gazebo_bluerov2/models/Apriltag36_11_00007/materials\n'}
[38.142180] (gazebo_bluerov2) StdoutLine: {'line': b'-- Up-to-date: /home/ngt/ZENS-Final-AUVC/install/gazebo_bluerov2/share/gazebo_bluerov2/models/Apriltag36_11_00007/materials/textures\n'}
[38.146570] (gazebo_bluerov2) StdoutLine: {'line': b'-- Up-to-date: /home/ngt/ZENS-Final-AUVC/install/gazebo_bluerov2/share/gazebo_bluerov2/models/Apriltag36_11_00007/materials/textures/tag36_11_00007.png\n'}
[38.153411] (gazebo_bluerov2) StdoutLine: {'line': b'-- Up-to-date: /home/ngt/ZENS-Final-AUVC/install/gazebo_bluerov2/share/gazebo_bluerov2/models/Apriltag36_11_00007/materials/scripts\n'}
[38.154045] (gazebo_bluerov2) StdoutLine: {'line': b'-- Up-to-date: /home/ngt/ZENS-Final-AUVC/install/gazebo_bluerov2/share/gazebo_bluerov2/models/Apriltag36_11_00007/materials/scripts/Apriltag.material\n'}
[38.161369] (gazebo_bluerov2) StdoutLine: {'line': b'-- Up-to-date: /home/ngt/ZENS-Final-AUVC/install/gazebo_bluerov2/share/gazebo_bluerov2/models/Apriltag36_11_00007/model.config\n'}
[38.162243] (gazebo_bluerov2) StdoutLine: {'line': b'-- Up-to-date: /home/ngt/ZENS-Final-AUVC/install/gazebo_bluerov2/share/gazebo_bluerov2/worlds\n'}
[38.162949] (gazebo_bluerov2) StdoutLine: {'line': b'-- Up-to-date: /home/ngt/ZENS-Final-AUVC/install/gazebo_bluerov2/share/gazebo_bluerov2/worlds/bluerov2_simulation_1x.world\n'}
[38.163510] (gazebo_bluerov2) StdoutLine: {'line': b'-- Up-to-date: /home/ngt/ZENS-Final-AUVC/install/gazebo_bluerov2/share/gazebo_bluerov2/worlds/bluerov2_camera.world\n'}
[38.169276] (gazebo_bluerov2) StdoutLine: {'line': b'-- Up-to-date: /home/ngt/ZENS-Final-AUVC/install/gazebo_bluerov2/share/gazebo_bluerov2/worlds/bluerov2_simulation_2x.world\n'}
[38.174141] (gazebo_bluerov2) StdoutLine: {'line': b'-- Up-to-date: /home/ngt/ZENS-Final-AUVC/install/gazebo_bluerov2/share/gazebo_bluerov2/worlds/bluerov2_2vessels.world\n'}
[38.174920] (gazebo_bluerov2) StdoutLine: {'line': b'-- Up-to-date: /home/ngt/ZENS-Final-AUVC/install/gazebo_bluerov2/share/gazebo_bluerov2/worlds/bluerov2_heavy_underwater.world\n'}
[38.175541] (gazebo_bluerov2) StdoutLine: {'line': b'-- Up-to-date: /home/ngt/ZENS-Final-AUVC/install/gazebo_bluerov2/share/gazebo_bluerov2/worlds/bluerov2_underwater.world\n'}
[38.176278] (gazebo_bluerov2) StdoutLine: {'line': b'-- Up-to-date: /home/ngt/ZENS-Final-AUVC/install/gazebo_bluerov2/share/gazebo_bluerov2/worlds/bluerov2_1x.world\n'}
[38.176889] (gazebo_bluerov2) StdoutLine: {'line': b'-- Up-to-date: /home/ngt/ZENS-Final-AUVC/install/gazebo_bluerov2/share/gazebo_bluerov2/worlds/bluerov2_2x.world\n'}
[38.181776] (gazebo_bluerov2) StdoutLine: {'line': b'-- Up-to-date: /home/ngt/ZENS-Final-AUVC/install/gazebo_bluerov2/lib/libPressureSensor.so\n'}
[38.182550] (gazebo_bluerov2) StdoutLine: {'line': b'-- Up-to-date: /home/ngt/ZENS-Final-AUVC/install/gazebo_bluerov2/lib/libPressureSensorSystem.so\n'}
[38.183177] (gazebo_bluerov2) CommandEnded: {'returncode': 0}
[38.188734] (-) TimerEvent: {}
[38.190293] (gazebo_bluerov2) JobEnded: {'identifier': 'gazebo_bluerov2', 'rc': 0}
[38.203011] (msgs) StdoutLine: {'line': b'[  5%] Built target msgs__rosidl_generator_type_description\n'}
[38.292814] (-) TimerEvent: {}
[38.394148] (-) TimerEvent: {}
[38.496128] (-) TimerEvent: {}
[38.601826] (-) TimerEvent: {}
[38.705188] (-) TimerEvent: {}
[38.806886] (-) TimerEvent: {}
[38.913392] (-) TimerEvent: {}
[39.016888] (-) TimerEvent: {}
[39.072334] (msgs) StdoutLine: {'line': b'[  8%] Built target ament_cmake_python_copy_msgs\n'}
[39.119716] (-) TimerEvent: {}
[39.225188] (-) TimerEvent: {}
[39.331415] (-) TimerEvent: {}
[39.432893] (-) TimerEvent: {}
[39.508746] (msgs) StdoutLine: {'line': b'[ 31%] Built target msgs__rosidl_generator_c\n'}
[39.534543] (-) TimerEvent: {}
[39.636010] (-) TimerEvent: {}
[39.742941] (-) TimerEvent: {}
[39.844382] (-) TimerEvent: {}
[39.946920] (-) TimerEvent: {}
[40.050398] (-) TimerEvent: {}
[40.155654] (-) TimerEvent: {}
[40.259882] (-) TimerEvent: {}
[40.370653] (-) TimerEvent: {}
[40.474576] (-) TimerEvent: {}
[40.580776] (-) TimerEvent: {}
[40.684795] (-) TimerEvent: {}
[40.789806] (-) TimerEvent: {}
[40.890672] (-) TimerEvent: {}
[40.995283] (-) TimerEvent: {}
[41.100264] (-) TimerEvent: {}
[41.206652] (-) TimerEvent: {}
[41.312375] (-) TimerEvent: {}
[41.418775] (-) TimerEvent: {}
[41.519824] (-) TimerEvent: {}
[41.624099] (-) TimerEvent: {}
[41.732912] (-) TimerEvent: {}
[41.833749] (-) TimerEvent: {}
[41.938757] (-) TimerEvent: {}
[42.039570] (-) TimerEvent: {}
[42.140376] (-) TimerEvent: {}
[42.241213] (-) TimerEvent: {}
[42.345741] (-) TimerEvent: {}
[42.448788] (-) TimerEvent: {}
[42.553729] (-) TimerEvent: {}
[42.654659] (-) TimerEvent: {}
[42.756363] (-) TimerEvent: {}
[42.858801] (-) TimerEvent: {}
[42.962073] (-) TimerEvent: {}
[43.065833] (-) TimerEvent: {}
[43.171277] (-) TimerEvent: {}
[43.276757] (-) TimerEvent: {}
[43.381819] (-) TimerEvent: {}
[43.482560] (-) TimerEvent: {}
[43.587751] (-) TimerEvent: {}
[43.691791] (-) TimerEvent: {}
[43.794772] (-) TimerEvent: {}
[43.895664] (-) TimerEvent: {}
[44.001890] (-) TimerEvent: {}
[44.103136] (-) TimerEvent: {}
[44.206515] (-) TimerEvent: {}
[44.313157] (-) TimerEvent: {}
[44.424692] (-) TimerEvent: {}
[44.531480] (-) TimerEvent: {}
[44.639883] (-) TimerEvent: {}
[44.743499] (-) TimerEvent: {}
[44.826713] (hardware) Command: {'cmd': ['/home/ngt/.virtualenvs/ardusub/bin/python', '-W', 'ignore:setup.py install is deprecated', '-W', 'ignore:easy_install command is deprecated', 'setup.py', 'egg_info', '--egg-base', '../../../build/hardware', 'build', '--build-base', '/home/ngt/ZENS-Final-AUVC/build/hardware/build', 'install', '--record', '/home/ngt/ZENS-Final-AUVC/build/hardware/install.log', '--install-scripts', '$base/lib/hardware', '--single-version-externally-managed', 'install_data'], 'cwd': '/home/ngt/ZENS-Final-AUVC/ros_ws/src/hardware', 'env': {'PYTHON_BASIC_REPL': '1', 'VIRTUALENVWRAPPER_WORKON_CD': '1', 'USER': 'ngt', 'SSH_CLIENT': '192.168.3.1 64256 22', 'WORKON_HOME': '/home/ngt/.virtualenvs', 'GZ_SIM_RESOURCE_PATH': '/opt/ros/jazzy/share', 'GZ_CONFIG_PATH': '/opt/ros/jazzy/opt/gz_sim_vendor/share/gz:/opt/ros/jazzy/opt/sdformat_vendor/share/gz:/opt/ros/jazzy/opt/gz_gui_vendor/share/gz:/opt/ros/jazzy/opt/gz_transport_vendor/share/gz:/opt/ros/jazzy/opt/gz_rendering_vendor/share/gz:/opt/ros/jazzy/opt/gz_plugin_vendor/share/gz:/opt/ros/jazzy/opt/gz_fuel_tools_vendor/share/gz:/opt/ros/jazzy/opt/gz_msgs_vendor/share/gz:/opt/ros/jazzy/opt/gz_common_vendor/share/gz', 'XDG_SESSION_TYPE': 'tty', 'GIT_ASKPASS': '/home/ngt/.vscode-server/cli/servers/Stable-1b6a188127eeaf9194f945eb6eb89a657e93c54c/server/extensions/git/dist/askpass.sh', 'SHLVL': '1', 'BROWSER': '/home/ngt/.vscode-server/cli/servers/Stable-1b6a188127eeaf9194f945eb6eb89a657e93c54c/server/bin/helpers/browser.sh', 'LD_LIBRARY_PATH': '/home/ngt/ZENS-Final-AUVC/install/msgs/lib:/home/ngt/ZENS-Final-AUVC/install/gazebo_bluerov2/lib:/home/ngt/auvc_ws/install/example_custom_srv/lib:/home/ngt/pid_ws/install/target_depth_msgs/lib:/opt/ros/jazzy/opt/gz_sim_vendor/lib:/opt/ros/jazzy/opt/gz_sensors_vendor/lib:/opt/ros/jazzy/opt/gz_physics_vendor/lib:/opt/ros/jazzy/opt/sdformat_vendor/lib:/opt/ros/jazzy/opt/rviz_ogre_vendor/lib:/opt/ros/jazzy/lib/aarch64-linux-gnu:/opt/ros/jazzy/opt/gz_gui_vendor/lib:/opt/ros/jazzy/opt/gz_transport_vendor/lib:/opt/ros/jazzy/opt/gz_rendering_vendor/lib:/opt/ros/jazzy/opt/gz_plugin_vendor/lib:/opt/ros/jazzy/opt/gz_fuel_tools_vendor/lib:/opt/ros/jazzy/opt/gz_msgs_vendor/lib:/opt/ros/jazzy/opt/gz_common_vendor/lib:/opt/ros/jazzy/opt/gz_math_vendor/lib:/opt/ros/jazzy/opt/gz_utils_vendor/lib:/opt/ros/jazzy/opt/gz_tools_vendor/lib:/opt/ros/jazzy/opt/gz_ogre_next_vendor/lib:/opt/ros/jazzy/opt/gz_dartsim_vendor/lib:/opt/ros/jazzy/opt/gz_cmake_vendor/lib:/opt/ros/jazzy/lib', 'GZ_TRANSPORT_ID': '192.168.3.1', 'HOME': '/home/ngt', 'OLDPWD': '/home/ngt', 'LESS': '-R', 'VIRTUALENVWRAPPER_PYTHON': '/usr/bin/python3', 'TERM_PROGRAM_VERSION': '1.130.0', 'VSCODE_IPC_HOOK_CLI': '/run/user/1004/vscode-ipc-c05d7b36-e784-46a6-a7ed-bf86e2de284d.sock', 'ZSH': '/home/ngt/.oh-my-zsh', 'LSCOLORS': 'Gxfxcxdxbxegedabagacad', 'GZ_TRANSPORT_PUB_PORT': '11345', 'VSCODE_GIT_ASKPASS_MAIN': '/home/ngt/.vscode-server/cli/servers/Stable-1b6a188127eeaf9194f945eb6eb89a657e93c54c/server/extensions/git/dist/askpass-main.js', 'PAGER': 'less', 'ROS_PYTHON_VERSION': '3', 'PS1': '(ardusub) %(?:%{\x1b[01;32m%}%1{➜%} :%{\x1b[01;31m%}%1{➜%} ) %{\x1b[36m%}%c%{\x1b[00m%} $(git_prompt_info)', 'VSCODE_GIT_ASKPASS_NODE': '/home/ngt/.vscode-server/cli/servers/Stable-1b6a188127eeaf9194f945eb6eb89a657e93c54c/server/node', 'DBUS_SESSION_BUS_ADDRESS': 'unix:path=/run/user/1004/bus', 'PYDEVD_DISABLE_FILE_VALIDATION': '1', 'BUNDLED_DEBUGPY_PATH': '/home/ngt/.vscode-server/extensions/ms-python.debugpy-2026.6.0-linux-arm64/bundled/libs/debugpy', 'GZ_TRANSPORT_SUB_PORT': '11346', 'VSCODE_PYTHON_AUTOACTIVATE_GUARD': '1', 'COLORTERM': 'truecolor', 'ROS_DISTRO': 'jazzy', 'COLCON_PREFIX_PATH': '/home/ngt/ZENS-Final-AUVC/install:/home/ngt/cv_ws/install:/home/ngt/pid_ws/install:/home/ngt/auvc_ws/install:/home/ngt/auv_dancing/install', 'LOGNAME': 'ngt', '_': '/home/ngt/.virtualenvs/ardusub/bin/colcon', 'XDG_SESSION_CLASS': 'user', 'USER_ZDOTDIR': '/home/ngt', 'ROS_VERSION': '2', 'XDG_SESSION_ID': '1', 'TERM': 'xterm-256color', 'PATH': '/home/ngt/ZENS-Final-AUVC/install/hardware/bin:/home/ngt/ZENS-Final-AUVC/install/flashing/bin:/home/ngt/ZENS-Final-AUVC/install/cv/bin:/home/ngt/ZENS-Final-AUVC/install/control/bin:/home/ngt/.virtualenvs/ardusub/bin:/home/ngt/.opencode/bin:/opt/ros/jazzy/opt/gz_msgs_vendor/bin:/opt/ros/jazzy/opt/gz_tools_vendor/bin:/opt/ros/jazzy/opt/gz_ogre_next_vendor/bin:/opt/ros/jazzy/bin:/usr/lib/ccache:/home/ngt/.vscode-server/data/User/globalStorage/github.copilot-chat/debugCommand:/home/ngt/.vscode-server/data/User/globalStorage/github.copilot-chat/copilotCli:/home/ngt/.vscode-server/cli/servers/Stable-1b6a188127eeaf9194f945eb6eb89a657e93c54c/server/bin/remote-cli:/usr/local/sbin:/usr/local/bin:/usr/sbin:/usr/bin:/sbin:/bin:/usr/games:/usr/local/games:/snap/bin:/home/ngt/.vscode-server/extensions/ms-python.debugpy-2026.6.0-linux-arm64/bundled/scripts/noConfigScripts:/home/ngt/.local/bin:/home/ngt/ardupilot/Tools/autotest', 'XDG_RUNTIME_DIR': '/run/user/1004', 'GZ_PARTITION': 'my_sim', 'LANG': 'en_US.UTF-8', 'VSCODE_DEBUGPY_ADAPTER_ENDPOINTS': '/home/ngt/.vscode-server/extensions/ms-python.debugpy-2026.6.0-linux-arm64/.noConfigDebugAdapterEndpoints/endpoint-fe03004f45a03570.txt', 'PYTHONSTARTUP': '/home/ngt/.vscode-server/data/User/workspaceStorage/e30aafa2edaaf296b4a11477f6a9b588/ms-python.python/pythonrc.py', 'VSCODE_INJECTION': '1', 'VIRTUAL_ENV_PROMPT': 'ardusub', 'TERM_PROGRAM': 'vscode', 'VSCODE_GIT_IPC_HANDLE': '/run/user/1004/vscode-git-191b257475.sock', 'LS_COLORS': 'rs=0:di=01;34:ln=01;36:mh=00:pi=40;33:so=01;35:do=01;35:bd=40;33;01:cd=40;33;01:or=40;31;01:mi=00:su=37;41:sg=30;43:ca=00:tw=30;42:ow=34;42:st=37;44:ex=01;32:*.tar=01;31:*.tgz=01;31:*.arc=01;31:*.arj=01;31:*.taz=01;31:*.lha=01;31:*.lz4=01;31:*.lzh=01;31:*.lzma=01;31:*.tlz=01;31:*.txz=01;31:*.tzo=01;31:*.t7z=01;31:*.zip=01;31:*.z=01;31:*.dz=01;31:*.gz=01;31:*.lrz=01;31:*.lz=01;31:*.lzo=01;31:*.xz=01;31:*.zst=01;31:*.tzst=01;31:*.bz2=01;31:*.bz=01;31:*.tbz=01;31:*.tbz2=01;31:*.tz=01;31:*.deb=01;31:*.rpm=01;31:*.jar=01;31:*.war=01;31:*.ear=01;31:*.sar=01;31:*.rar=01;31:*.alz=01;31:*.ace=01;31:*.zoo=01;31:*.cpio=01;31:*.7z=01;31:*.rz=01;31:*.cab=01;31:*.wim=01;31:*.swm=01;31:*.dwm=01;31:*.esd=01;31:*.avif=01;35:*.jpg=01;35:*.jpeg=01;35:*.mjpg=01;35:*.mjpeg=01;35:*.gif=01;35:*.bmp=01;35:*.pbm=01;35:*.pgm=01;35:*.ppm=01;35:*.tga=01;35:*.xbm=01;35:*.xpm=01;35:*.tif=01;35:*.tiff=01;35:*.png=01;35:*.svg=01;35:*.svgz=01;35:*.mng=01;35:*.pcx=01;35:*.mov=01;35:*.mpg=01;35:*.mpeg=01;35:*.m2v=01;35:*.mkv=01;35:*.webm=01;35:*.webp=01;35:*.ogm=01;35:*.mp4=01;35:*.m4v=01;35:*.mp4v=01;35:*.vob=01;35:*.qt=01;35:*.nuv=01;35:*.wmv=01;35:*.asf=01;35:*.rm=01;35:*.rmvb=01;35:*.flc=01;35:*.avi=01;35:*.fli=01;35:*.flv=01;35:*.gl=01;35:*.dl=01;35:*.xcf=01;35:*.xwd=01;35:*.yuv=01;35:*.cgm=01;35:*.emf=01;35:*.ogv=01;35:*.ogx=01;35:*.aac=00;36:*.au=00;36:*.flac=00;36:*.m4a=00;36:*.mid=00;36:*.midi=00;36:*.mka=00;36:*.mp3=00;36:*.mpc=00;36:*.ogg=00;36:*.ra=00;36:*.wav=00;36:*.oga=00;36:*.opus=00;36:*.spx=00;36:*.xspf=00;36:*~=00;90:*#=00;90:*.bak=00;90:*.crdownload=00;90:*.dpkg-dist=00;90:*.dpkg-new=00;90:*.dpkg-old=00;90:*.dpkg-tmp=00;90:*.old=00;90:*.orig=00;90:*.part=00;90:*.rej=00;90:*.rpmnew=00;90:*.rpmorig=00;90:*.rpmsave=00;90:*.swp=00;90:*.tmp=00;90:*.ucf-dist=00;90:*.ucf-new=00;90:*.ucf-old=00;90:', 'AMENT_PREFIX_PATH': '/home/ngt/ZENS-Final-AUVC/install/msgs:/home/ngt/ZENS-Final-AUVC/install/gazebo_bluerov2:/home/ngt/ZENS-Final-AUVC/install/flashing:/home/ngt/ZENS-Final-AUVC/install/cv:/home/ngt/ZENS-Final-AUVC/install/control:/home/ngt/ZENS-Final-AUVC/install/bringup:/home/ngt/auvc_ws/install/tutorial_virtualenvs:/home/ngt/auvc_ws/install/tutorial_pid:/home/ngt/auvc_ws/install/tutorial_ardusub:/home/ngt/auvc_ws/install/tutorial:/home/ngt/auvc_ws/install/rosmav:/home/ngt/auvc_ws/install/example_custom_srv:/home/ngt/cv_ws/install/cv:/home/ngt/pid_ws/install/target_depth_msgs:/home/ngt/pid_ws/install/pid:/home/ngt/auv_dancing/install/tutorial:/opt/ros/jazzy', 'SHELL': '/usr/bin/zsh', 'VIRTUALENVWRAPPER_PROJECT_FILENAME': '.project', 'VIRTUALENVWRAPPER_HOOK_DIR': '/home/ngt/.virtualenvs', 'VSCODE_GIT_ASKPASS_EXTRA_ARGS': '', 'VIRTUALENVWRAPPER_SCRIPT': '/usr/share/virtualenvwrapper/virtualenvwrapper.sh', 'ROS_AUTOMATIC_DISCOVERY_RANGE': 'SUBNET', 'VIRTUAL_ENV': '/home/ngt/.virtualenvs/ardusub', 'LC_ALL': 'en_US.UTF-8', 'PWD': '/home/ngt/ZENS-Final-AUVC/build/hardware', 'SSH_CONNECTION': '192.168.3.1 64256 192.168.3.2 22', 'COPILOT_DEBUG_NONCE': 'd6eed4c06bd82aa6cee185ab30fdc4f4', 'ZDOTDIR': '/home/ngt', 'PYTHONPATH': '/home/ngt/ZENS-Final-AUVC/build/hardware/prefix_override:/home/ngt/.virtualenvs/ardusub/lib/python3.12/site-packages/colcon_core/task/python/colcon_distutils_commands:/home/ngt/ZENS-Final-AUVC/install/hardware/lib/python3.12/site-packages:/home/ngt/ZENS-Final-AUVC/install/msgs/lib/python3.12/site-packages:/home/ngt/ZENS-Final-AUVC/install/hardware/lib/python3.12/site-packages:/home/ngt/ZENS-Final-AUVC/install/flashing/lib/python3.12/site-packages:/home/ngt/ZENS-Final-AUVC/install/cv/lib/python3.12/site-packages:/home/ngt/ZENS-Final-AUVC/install/control/lib/python3.12/site-packages:/home/ngt/ZENS-Final-AUVC/install/bringup/lib/python3.12/site-packages:/home/ngt/auvc_ws/install/tutorial_virtualenvs/lib/python3.12/site-packages:/home/ngt/auvc_ws/install/tutorial_pid/lib/python3.12/site-packages:/home/ngt/auvc_ws/install/tutorial_ardusub/lib/python3.12/site-packages:/home/ngt/auvc_ws/install/tutorial/lib/python3.12/site-packages:/home/ngt/auvc_ws/install/rosmav/lib/python3.12/site-packages:/home/ngt/auvc_ws/install/example_custom_srv/lib/python3.12/site-packages:/home/ngt/cv_ws/install/cv/lib/python3.12/site-packages:/home/ngt/pid_ws/install/target_depth_msgs/lib/python3.12/site-packages:/home/ngt/pid_ws/install/pid/lib/python3.12/site-packages:/home/ngt/auv_dancing/install/tutorial/lib/python3.12/site-packages:/opt/ros/jazzy/lib/python3.12/site-packages', 'COLCON': '1', 'CMAKE_PREFIX_PATH': '/home/ngt/ZENS-Final-AUVC/install/msgs:/home/ngt/ZENS-Final-AUVC/install/gazebo_bluerov2:/home/ngt/auvc_ws/install/example_custom_srv:/home/ngt/pid_ws/install/target_depth_msgs:/opt/ros/jazzy/opt/gz_sim_vendor:/opt/ros/jazzy/opt/gz_sensors_vendor:/opt/ros/jazzy/opt/gz_physics_vendor:/opt/ros/jazzy/opt/sdformat_vendor:/opt/ros/jazzy/opt/gz_gui_vendor:/opt/ros/jazzy/opt/gz_transport_vendor:/opt/ros/jazzy/opt/gz_rendering_vendor:/opt/ros/jazzy/opt/gz_plugin_vendor:/opt/ros/jazzy/opt/gz_fuel_tools_vendor:/opt/ros/jazzy/opt/gz_msgs_vendor:/opt/ros/jazzy/opt/gz_common_vendor:/opt/ros/jazzy/opt/gz_math_vendor:/opt/ros/jazzy/opt/gz_utils_vendor:/opt/ros/jazzy/opt/gz_tools_vendor:/opt/ros/jazzy/opt/gz_ogre_next_vendor:/opt/ros/jazzy/opt/gz_dartsim_vendor:/opt/ros/jazzy/opt/gz_cmake_vendor'}, 'shell': False}
[44.857983] (-) TimerEvent: {}
[44.961811] (-) TimerEvent: {}
[45.066954] (-) TimerEvent: {}
[45.170892] (-) TimerEvent: {}
[45.274875] (-) TimerEvent: {}
[45.380103] (-) TimerEvent: {}
[45.482419] (-) TimerEvent: {}
[45.585817] (-) TimerEvent: {}
[45.687143] (-) TimerEvent: {}
[45.787953] (-) TimerEvent: {}
[45.889780] (-) TimerEvent: {}
[45.995811] (-) TimerEvent: {}
[46.101554] (-) TimerEvent: {}
[46.212102] (-) TimerEvent: {}
[46.313157] (-) TimerEvent: {}
[46.414992] (-) TimerEvent: {}
[46.517475] (-) TimerEvent: {}
[46.620066] (-) TimerEvent: {}
[46.721196] (-) TimerEvent: {}
[46.740243] (msgs) StdoutLine: {'line': b'running egg_info\n'}
[46.792756] (hardware) StderrLine: {'line': b"/home/ngt/.virtualenvs/ardusub/lib/python3.12/site-packages/setuptools/_distutils/dist.py:288: UserWarning: Unknown distribution option: 'tests_require'\n"}
[46.793849] (hardware) StderrLine: {'line': b'  warnings.warn(msg)\n'}
[46.821250] (-) TimerEvent: {}
[46.921966] (-) TimerEvent: {}
[47.025665] (-) TimerEvent: {}
[47.082789] (msgs) StdoutLine: {'line': b'writing msgs.egg-info/PKG-INFO\n'}
[47.085870] (msgs) StdoutLine: {'line': b'writing dependency_links to msgs.egg-info/dependency_links.txt\n'}
[47.088616] (msgs) StdoutLine: {'line': b'writing top-level names to msgs.egg-info/top_level.txt\n'}
[47.128766] (-) TimerEvent: {}
[47.229807] (-) TimerEvent: {}
[47.332340] (-) TimerEvent: {}
[47.437197] (-) TimerEvent: {}
[47.539582] (-) TimerEvent: {}
[47.645761] (-) TimerEvent: {}
[47.748797] (-) TimerEvent: {}
[47.849666] (-) TimerEvent: {}
[47.952814] (-) TimerEvent: {}
[48.054386] (-) TimerEvent: {}
[48.155564] (-) TimerEvent: {}
[48.261559] (-) TimerEvent: {}
[48.362318] (-) TimerEvent: {}
[48.464485] (-) TimerEvent: {}
[48.566803] (-) TimerEvent: {}
[48.654160] (hardware) StdoutLine: {'line': b'running egg_info\n'}
[48.669763] (-) TimerEvent: {}
[48.772395] (-) TimerEvent: {}
[48.876934] (-) TimerEvent: {}
[48.960804] (hardware) StdoutLine: {'line': b'writing ../../../build/hardware/hardware.egg-info/PKG-INFO\n'}
[48.973818] (hardware) StdoutLine: {'line': b'writing dependency_links to ../../../build/hardware/hardware.egg-info/dependency_links.txt\n'}
[48.976738] (hardware) StdoutLine: {'line': b'writing entry points to ../../../build/hardware/hardware.egg-info/entry_points.txt\n'}
[48.978407] (-) TimerEvent: {}
[48.983572] (hardware) StdoutLine: {'line': b'writing requirements to ../../../build/hardware/hardware.egg-info/requires.txt\n'}
[48.990762] (hardware) StdoutLine: {'line': b'writing top-level names to ../../../build/hardware/hardware.egg-info/top_level.txt\n'}
[49.080745] (-) TimerEvent: {}
[49.181677] (-) TimerEvent: {}
[49.286155] (-) TimerEvent: {}
[49.391118] (-) TimerEvent: {}
[49.495731] (-) TimerEvent: {}
[49.596629] (-) TimerEvent: {}
[49.626805] (hardware) StdoutLine: {'line': b"reading manifest file '../../../build/hardware/hardware.egg-info/SOURCES.txt'\n"}
[49.646738] (hardware) StdoutLine: {'line': b"writing manifest file '../../../build/hardware/hardware.egg-info/SOURCES.txt'\n"}
[49.647694] (hardware) StdoutLine: {'line': b'running build\n'}
[49.653739] (hardware) StdoutLine: {'line': b'running build_py\n'}
[49.654623] (hardware) StdoutLine: {'line': b'copying hardware/bluerov2_simulation_interface.py -> /home/ngt/ZENS-Final-AUVC/build/hardware/build/lib/hardware\n'}
[49.660005] (hardware) StdoutLine: {'line': b'copying hardware/bluerov2_hardware_interface.py -> /home/ngt/ZENS-Final-AUVC/build/hardware/build/lib/hardware\n'}
[49.666652] (hardware) StdoutLine: {'line': b'copying hardware/bluerov2_camera_interface.py -> /home/ngt/ZENS-Final-AUVC/build/hardware/build/lib/hardware\n'}
[49.668285] (hardware) StdoutLine: {'line': b'copying hardware/__init__.py -> /home/ngt/ZENS-Final-AUVC/build/hardware/build/lib/hardware\n'}
[49.683484] (hardware) StdoutLine: {'line': b'running install\n'}
[49.696748] (-) TimerEvent: {}
[49.761800] (hardware) StdoutLine: {'line': b'running install_lib\n'}
[49.797350] (-) TimerEvent: {}
[49.901738] (-) TimerEvent: {}
[50.006754] (-) TimerEvent: {}
[50.066920] (hardware) StdoutLine: {'line': b'running install_data\n'}
[50.069885] (hardware) StdoutLine: {'line': b'copying resource/hardware -> /home/ngt/ZENS-Final-AUVC/install/hardware/share/ament_index/resource_index/packages\n'}
[50.080764] (hardware) StdoutLine: {'line': b'copying package.xml -> /home/ngt/ZENS-Final-AUVC/install/hardware/share/hardware\n'}
[50.085742] (hardware) StdoutLine: {'line': b'copying launch/simulation.launch.py -> /home/ngt/ZENS-Final-AUVC/install/hardware/share/hardware/launch\n'}
[50.094187] (hardware) StdoutLine: {'line': b'copying config/bridge.yaml -> /home/ngt/ZENS-Final-AUVC/install/hardware/share/hardware/config\n'}
[50.098747] (hardware) StdoutLine: {'line': b'running install_egg_info\n'}
[50.109804] (-) TimerEvent: {}
[50.210546] (-) TimerEvent: {}
[50.311302] (-) TimerEvent: {}
[50.386001] (hardware) StdoutLine: {'line': b"removing '/home/ngt/ZENS-Final-AUVC/install/hardware/lib/python3.12/site-packages/hardware-0.0.0-py3.12.egg-info' (and everything under it)\n"}
[50.397050] (hardware) StdoutLine: {'line': b'Copying ../../../build/hardware/hardware.egg-info to /home/ngt/ZENS-Final-AUVC/install/hardware/lib/python3.12/site-packages/hardware-0.0.0-py3.12.egg-info\n'}
[50.419471] (-) TimerEvent: {}
[50.420563] (hardware) StdoutLine: {'line': b'running install_scripts\n'}
[50.521728] (-) TimerEvent: {}
[50.623141] (-) TimerEvent: {}
[50.726930] (-) TimerEvent: {}
[50.827720] (-) TimerEvent: {}
[50.931560] (-) TimerEvent: {}
[50.976012] (hardware) StdoutLine: {'line': b'Installing bluerov2_camera_interface script to /home/ngt/ZENS-Final-AUVC/install/hardware/lib/hardware\n'}
[50.980183] (hardware) StdoutLine: {'line': b'Installing bluerov2_hardware_interface script to /home/ngt/ZENS-Final-AUVC/install/hardware/lib/hardware\n'}
[50.984311] (hardware) StdoutLine: {'line': b'Installing bluerov2_simulation_interface script to /home/ngt/ZENS-Final-AUVC/install/hardware/lib/hardware\n'}
[50.990341] (hardware) StdoutLine: {'line': b"writing list of installed files to '/home/ngt/ZENS-Final-AUVC/build/hardware/install.log'\n"}
[51.032625] (-) TimerEvent: {}
[51.140873] (-) TimerEvent: {}
[51.242776] (-) TimerEvent: {}
[51.247987] (hardware) CommandEnded: {'returncode': 0}
[51.343084] (-) TimerEvent: {}
[51.376195] (hardware) JobEnded: {'identifier': 'hardware', 'rc': 0}
[51.444058] (-) TimerEvent: {}
[51.532946] (msgs) StdoutLine: {'line': b"reading manifest file 'msgs.egg-info/SOURCES.txt'\n"}
[51.541967] (msgs) StdoutLine: {'line': b"writing manifest file 'msgs.egg-info/SOURCES.txt'\n"}
[51.546272] (-) TimerEvent: {}
[51.648156] (-) TimerEvent: {}
[51.751144] (-) TimerEvent: {}
[51.858529] (-) TimerEvent: {}
[51.961458] (-) TimerEvent: {}
[52.065042] (-) TimerEvent: {}
[52.131751] (msgs) StdoutLine: {'line': b'[ 17%] Built target ament_cmake_python_build_msgs_egg\n'}
[52.165285] (-) TimerEvent: {}
[52.267031] (-) TimerEvent: {}
[52.370448] (-) TimerEvent: {}
[52.472116] (-) TimerEvent: {}
[52.578023] (msgs) StdoutLine: {'line': b'[ 25%] Built target msgs__rosidl_typesupport_introspection_c\n'}
[52.578880] (-) TimerEvent: {}
[52.679670] (-) TimerEvent: {}
[52.783459] (-) TimerEvent: {}
[52.886094] (-) TimerEvent: {}
[52.894289] (msgs) StdoutLine: {'line': b'[ 34%] Built target msgs__rosidl_typesupport_c\n'}
[52.990756] (-) TimerEvent: {}
[53.091923] (-) TimerEvent: {}
[53.195425] (-) TimerEvent: {}
[53.299736] (-) TimerEvent: {}
[53.378725] (msgs) StdoutLine: {'line': b'[ 42%] Built target msgs__rosidl_typesupport_fastrtps_c\n'}
[53.402156] (-) TimerEvent: {}
[53.502937] (-) TimerEvent: {}
[53.608748] (-) TimerEvent: {}
[53.709554] (-) TimerEvent: {}
[53.790774] (msgs) StdoutLine: {'line': b'[ 45%] Built target msgs__cpp\n'}
[53.811739] (-) TimerEvent: {}
[53.915441] (-) TimerEvent: {}
[54.016342] (-) TimerEvent: {}
[54.121944] (-) TimerEvent: {}
[54.222079] (msgs) StdoutLine: {'line': b'[ 48%] Built target msgs__rs\n'}
[54.228053] (-) TimerEvent: {}
[54.331739] (-) TimerEvent: {}
[54.433815] (-) TimerEvent: {}
[54.535285] (-) TimerEvent: {}
[54.581183] (msgs) StdoutLine: {'line': b'[ 57%] Built target msgs__rosidl_typesupport_cpp\n'}
[54.636118] (-) TimerEvent: {}
[54.736934] (-) TimerEvent: {}
[54.817914] (msgs) StdoutLine: {'line': b'[ 65%] Built target msgs__rosidl_typesupport_introspection_cpp\n'}
[54.838722] (-) TimerEvent: {}
[54.940698] (-) TimerEvent: {}
[55.042449] (-) TimerEvent: {}
[55.105863] (msgs) StdoutLine: {'line': b'[ 74%] Built target msgs__rosidl_typesupport_fastrtps_cpp\n'}
[55.147733] (-) TimerEvent: {}
[55.249342] (-) TimerEvent: {}
[55.350472] (-) TimerEvent: {}
[55.357197] (msgs) StdoutLine: {'line': b'[ 74%] Built target msgs\n'}
[55.454750] (-) TimerEvent: {}
[55.555475] (-) TimerEvent: {}
[55.631504] (msgs) StdoutLine: {'line': b'[ 77%] Built target msgs__py\n'}
[55.656308] (-) TimerEvent: {}
[55.759264] (-) TimerEvent: {}
[55.862937] (-) TimerEvent: {}
[55.894678] (msgs) StdoutLine: {'line': b'[ 82%] Built target msgs__rosidl_generator_py\n'}
[55.964745] (-) TimerEvent: {}
[56.065395] (-) TimerEvent: {}
[56.099224] (msgs) StdoutLine: {'line': b'[ 88%] Built target msgs_s__rosidl_typesupport_fastrtps_c\n'}
[56.166573] (-) TimerEvent: {}
[56.267279] (-) TimerEvent: {}
[56.329420] (msgs) StdoutLine: {'line': b'[ 94%] Built target msgs_s__rosidl_typesupport_c\n'}
[56.369825] (-) TimerEvent: {}
[56.472671] (-) TimerEvent: {}
[56.574715] (-) TimerEvent: {}
[56.601924] (msgs) StdoutLine: {'line': b'[100%] Built target msgs_s__rosidl_typesupport_introspection_c\n'}
[56.676783] (-) TimerEvent: {}
[56.780996] (-) TimerEvent: {}
[56.842460] (msgs) CommandEnded: {'returncode': 0}
[56.858102] (msgs) JobProgress: {'identifier': 'msgs', 'progress': 'install'}
[56.871101] (msgs) Command: {'cmd': ['/usr/bin/cmake', '--install', '/home/ngt/ZENS-Final-AUVC/build/msgs'], 'cwd': '/home/ngt/ZENS-Final-AUVC/build/msgs', 'env': OrderedDict({'PYTHON_BASIC_REPL': '1', 'VIRTUALENVWRAPPER_WORKON_CD': '1', 'USER': 'ngt', 'SSH_CLIENT': '192.168.3.1 64256 22', 'WORKON_HOME': '/home/ngt/.virtualenvs', 'GZ_SIM_RESOURCE_PATH': '/opt/ros/jazzy/share', 'GZ_CONFIG_PATH': '/opt/ros/jazzy/opt/gz_sim_vendor/share/gz:/opt/ros/jazzy/opt/sdformat_vendor/share/gz:/opt/ros/jazzy/opt/gz_gui_vendor/share/gz:/opt/ros/jazzy/opt/gz_transport_vendor/share/gz:/opt/ros/jazzy/opt/gz_rendering_vendor/share/gz:/opt/ros/jazzy/opt/gz_plugin_vendor/share/gz:/opt/ros/jazzy/opt/gz_fuel_tools_vendor/share/gz:/opt/ros/jazzy/opt/gz_msgs_vendor/share/gz:/opt/ros/jazzy/opt/gz_common_vendor/share/gz', 'XDG_SESSION_TYPE': 'tty', 'GIT_ASKPASS': '/home/ngt/.vscode-server/cli/servers/Stable-1b6a188127eeaf9194f945eb6eb89a657e93c54c/server/extensions/git/dist/askpass.sh', 'SHLVL': '1', 'BROWSER': '/home/ngt/.vscode-server/cli/servers/Stable-1b6a188127eeaf9194f945eb6eb89a657e93c54c/server/bin/helpers/browser.sh', 'LD_LIBRARY_PATH': '/home/ngt/ZENS-Final-AUVC/install/msgs/lib:/home/ngt/ZENS-Final-AUVC/install/gazebo_bluerov2/lib:/home/ngt/auvc_ws/install/example_custom_srv/lib:/home/ngt/pid_ws/install/target_depth_msgs/lib:/opt/ros/jazzy/opt/gz_sim_vendor/lib:/opt/ros/jazzy/opt/gz_sensors_vendor/lib:/opt/ros/jazzy/opt/gz_physics_vendor/lib:/opt/ros/jazzy/opt/sdformat_vendor/lib:/opt/ros/jazzy/opt/rviz_ogre_vendor/lib:/opt/ros/jazzy/lib/aarch64-linux-gnu:/opt/ros/jazzy/opt/gz_gui_vendor/lib:/opt/ros/jazzy/opt/gz_transport_vendor/lib:/opt/ros/jazzy/opt/gz_rendering_vendor/lib:/opt/ros/jazzy/opt/gz_plugin_vendor/lib:/opt/ros/jazzy/opt/gz_fuel_tools_vendor/lib:/opt/ros/jazzy/opt/gz_msgs_vendor/lib:/opt/ros/jazzy/opt/gz_common_vendor/lib:/opt/ros/jazzy/opt/gz_math_vendor/lib:/opt/ros/jazzy/opt/gz_utils_vendor/lib:/opt/ros/jazzy/opt/gz_tools_vendor/lib:/opt/ros/jazzy/opt/gz_ogre_next_vendor/lib:/opt/ros/jazzy/opt/gz_dartsim_vendor/lib:/opt/ros/jazzy/opt/gz_cmake_vendor/lib:/opt/ros/jazzy/lib', 'GZ_TRANSPORT_ID': '192.168.3.1', 'HOME': '/home/ngt', 'OLDPWD': '/home/ngt', 'LESS': '-R', 'VIRTUALENVWRAPPER_PYTHON': '/usr/bin/python3', 'TERM_PROGRAM_VERSION': '1.130.0', 'VSCODE_IPC_HOOK_CLI': '/run/user/1004/vscode-ipc-c05d7b36-e784-46a6-a7ed-bf86e2de284d.sock', 'ZSH': '/home/ngt/.oh-my-zsh', 'LSCOLORS': 'Gxfxcxdxbxegedabagacad', 'GZ_TRANSPORT_PUB_PORT': '11345', 'VSCODE_GIT_ASKPASS_MAIN': '/home/ngt/.vscode-server/cli/servers/Stable-1b6a188127eeaf9194f945eb6eb89a657e93c54c/server/extensions/git/dist/askpass-main.js', 'PAGER': 'less', 'ROS_PYTHON_VERSION': '3', 'PS1': '(ardusub) %(?:%{\x1b[01;32m%}%1{➜%} :%{\x1b[01;31m%}%1{➜%} ) %{\x1b[36m%}%c%{\x1b[00m%} $(git_prompt_info)', 'VSCODE_GIT_ASKPASS_NODE': '/home/ngt/.vscode-server/cli/servers/Stable-1b6a188127eeaf9194f945eb6eb89a657e93c54c/server/node', 'DBUS_SESSION_BUS_ADDRESS': 'unix:path=/run/user/1004/bus', 'PYDEVD_DISABLE_FILE_VALIDATION': '1', 'BUNDLED_DEBUGPY_PATH': '/home/ngt/.vscode-server/extensions/ms-python.debugpy-2026.6.0-linux-arm64/bundled/libs/debugpy', 'GZ_TRANSPORT_SUB_PORT': '11346', 'VSCODE_PYTHON_AUTOACTIVATE_GUARD': '1', 'COLORTERM': 'truecolor', 'ROS_DISTRO': 'jazzy', 'COLCON_PREFIX_PATH': '/home/ngt/ZENS-Final-AUVC/install:/home/ngt/cv_ws/install:/home/ngt/pid_ws/install:/home/ngt/auvc_ws/install:/home/ngt/auv_dancing/install', 'LOGNAME': 'ngt', '_': '/home/ngt/.virtualenvs/ardusub/bin/colcon', 'XDG_SESSION_CLASS': 'user', 'USER_ZDOTDIR': '/home/ngt', 'ROS_VERSION': '2', 'XDG_SESSION_ID': '1', 'TERM': 'xterm-256color', 'PATH': '/home/ngt/ZENS-Final-AUVC/install/hardware/bin:/home/ngt/ZENS-Final-AUVC/install/flashing/bin:/home/ngt/ZENS-Final-AUVC/install/cv/bin:/home/ngt/ZENS-Final-AUVC/install/control/bin:/home/ngt/.virtualenvs/ardusub/bin:/home/ngt/.opencode/bin:/opt/ros/jazzy/opt/gz_msgs_vendor/bin:/opt/ros/jazzy/opt/gz_tools_vendor/bin:/opt/ros/jazzy/opt/gz_ogre_next_vendor/bin:/opt/ros/jazzy/bin:/usr/lib/ccache:/home/ngt/.vscode-server/data/User/globalStorage/github.copilot-chat/debugCommand:/home/ngt/.vscode-server/data/User/globalStorage/github.copilot-chat/copilotCli:/home/ngt/.vscode-server/cli/servers/Stable-1b6a188127eeaf9194f945eb6eb89a657e93c54c/server/bin/remote-cli:/usr/local/sbin:/usr/local/bin:/usr/sbin:/usr/bin:/sbin:/bin:/usr/games:/usr/local/games:/snap/bin:/home/ngt/.vscode-server/extensions/ms-python.debugpy-2026.6.0-linux-arm64/bundled/scripts/noConfigScripts:/home/ngt/.local/bin:/home/ngt/ardupilot/Tools/autotest', 'XDG_RUNTIME_DIR': '/run/user/1004', 'GZ_PARTITION': 'my_sim', 'LANG': 'en_US.UTF-8', 'VSCODE_DEBUGPY_ADAPTER_ENDPOINTS': '/home/ngt/.vscode-server/extensions/ms-python.debugpy-2026.6.0-linux-arm64/.noConfigDebugAdapterEndpoints/endpoint-fe03004f45a03570.txt', 'PYTHONSTARTUP': '/home/ngt/.vscode-server/data/User/workspaceStorage/e30aafa2edaaf296b4a11477f6a9b588/ms-python.python/pythonrc.py', 'VSCODE_INJECTION': '1', 'VIRTUAL_ENV_PROMPT': 'ardusub', 'TERM_PROGRAM': 'vscode', 'VSCODE_GIT_IPC_HANDLE': '/run/user/1004/vscode-git-191b257475.sock', 'LS_COLORS': 'rs=0:di=01;34:ln=01;36:mh=00:pi=40;33:so=01;35:do=01;35:bd=40;33;01:cd=40;33;01:or=40;31;01:mi=00:su=37;41:sg=30;43:ca=00:tw=30;42:ow=34;42:st=37;44:ex=01;32:*.tar=01;31:*.tgz=01;31:*.arc=01;31:*.arj=01;31:*.taz=01;31:*.lha=01;31:*.lz4=01;31:*.lzh=01;31:*.lzma=01;31:*.tlz=01;31:*.txz=01;31:*.tzo=01;31:*.t7z=01;31:*.zip=01;31:*.z=01;31:*.dz=01;31:*.gz=01;31:*.lrz=01;31:*.lz=01;31:*.lzo=01;31:*.xz=01;31:*.zst=01;31:*.tzst=01;31:*.bz2=01;31:*.bz=01;31:*.tbz=01;31:*.tbz2=01;31:*.tz=01;31:*.deb=01;31:*.rpm=01;31:*.jar=01;31:*.war=01;31:*.ear=01;31:*.sar=01;31:*.rar=01;31:*.alz=01;31:*.ace=01;31:*.zoo=01;31:*.cpio=01;31:*.7z=01;31:*.rz=01;31:*.cab=01;31:*.wim=01;31:*.swm=01;31:*.dwm=01;31:*.esd=01;31:*.avif=01;35:*.jpg=01;35:*.jpeg=01;35:*.mjpg=01;35:*.mjpeg=01;35:*.gif=01;35:*.bmp=01;35:*.pbm=01;35:*.pgm=01;35:*.ppm=01;35:*.tga=01;35:*.xbm=01;35:*.xpm=01;35:*.tif=01;35:*.tiff=01;35:*.png=01;35:*.svg=01;35:*.svgz=01;35:*.mng=01;35:*.pcx=01;35:*.mov=01;35:*.mpg=01;35:*.mpeg=01;35:*.m2v=01;35:*.mkv=01;35:*.webm=01;35:*.webp=01;35:*.ogm=01;35:*.mp4=01;35:*.m4v=01;35:*.mp4v=01;35:*.vob=01;35:*.qt=01;35:*.nuv=01;35:*.wmv=01;35:*.asf=01;35:*.rm=01;35:*.rmvb=01;35:*.flc=01;35:*.avi=01;35:*.fli=01;35:*.flv=01;35:*.gl=01;35:*.dl=01;35:*.xcf=01;35:*.xwd=01;35:*.yuv=01;35:*.cgm=01;35:*.emf=01;35:*.ogv=01;35:*.ogx=01;35:*.aac=00;36:*.au=00;36:*.flac=00;36:*.m4a=00;36:*.mid=00;36:*.midi=00;36:*.mka=00;36:*.mp3=00;36:*.mpc=00;36:*.ogg=00;36:*.ra=00;36:*.wav=00;36:*.oga=00;36:*.opus=00;36:*.spx=00;36:*.xspf=00;36:*~=00;90:*#=00;90:*.bak=00;90:*.crdownload=00;90:*.dpkg-dist=00;90:*.dpkg-new=00;90:*.dpkg-old=00;90:*.dpkg-tmp=00;90:*.old=00;90:*.orig=00;90:*.part=00;90:*.rej=00;90:*.rpmnew=00;90:*.rpmorig=00;90:*.rpmsave=00;90:*.swp=00;90:*.tmp=00;90:*.ucf-dist=00;90:*.ucf-new=00;90:*.ucf-old=00;90:', 'AMENT_PREFIX_PATH': '/home/ngt/ZENS-Final-AUVC/install/msgs:/home/ngt/ZENS-Final-AUVC/install/gazebo_bluerov2:/home/ngt/ZENS-Final-AUVC/install/flashing:/home/ngt/ZENS-Final-AUVC/install/cv:/home/ngt/ZENS-Final-AUVC/install/control:/home/ngt/ZENS-Final-AUVC/install/bringup:/home/ngt/auvc_ws/install/tutorial_virtualenvs:/home/ngt/auvc_ws/install/tutorial_pid:/home/ngt/auvc_ws/install/tutorial_ardusub:/home/ngt/auvc_ws/install/tutorial:/home/ngt/auvc_ws/install/rosmav:/home/ngt/auvc_ws/install/example_custom_srv:/home/ngt/cv_ws/install/cv:/home/ngt/pid_ws/install/target_depth_msgs:/home/ngt/pid_ws/install/pid:/home/ngt/auv_dancing/install/tutorial:/opt/ros/jazzy', 'SHELL': '/usr/bin/zsh', 'VIRTUALENVWRAPPER_PROJECT_FILENAME': '.project', 'VIRTUALENVWRAPPER_HOOK_DIR': '/home/ngt/.virtualenvs', 'VSCODE_GIT_ASKPASS_EXTRA_ARGS': '', 'VIRTUALENVWRAPPER_SCRIPT': '/usr/share/virtualenvwrapper/virtualenvwrapper.sh', 'ROS_AUTOMATIC_DISCOVERY_RANGE': 'SUBNET', 'VIRTUAL_ENV': '/home/ngt/.virtualenvs/ardusub', 'LC_ALL': 'en_US.UTF-8', 'PWD': '/home/ngt/ZENS-Final-AUVC/build/msgs', 'SSH_CONNECTION': '192.168.3.1 64256 192.168.3.2 22', 'COPILOT_DEBUG_NONCE': 'd6eed4c06bd82aa6cee185ab30fdc4f4', 'ZDOTDIR': '/home/ngt', 'PYTHONPATH': '/home/ngt/ZENS-Final-AUVC/install/msgs/lib/python3.12/site-packages:/home/ngt/ZENS-Final-AUVC/install/hardware/lib/python3.12/site-packages:/home/ngt/ZENS-Final-AUVC/install/flashing/lib/python3.12/site-packages:/home/ngt/ZENS-Final-AUVC/install/cv/lib/python3.12/site-packages:/home/ngt/ZENS-Final-AUVC/install/control/lib/python3.12/site-packages:/home/ngt/ZENS-Final-AUVC/install/bringup/lib/python3.12/site-packages:/home/ngt/auvc_ws/install/tutorial_virtualenvs/lib/python3.12/site-packages:/home/ngt/auvc_ws/install/tutorial_pid/lib/python3.12/site-packages:/home/ngt/auvc_ws/install/tutorial_ardusub/lib/python3.12/site-packages:/home/ngt/auvc_ws/install/tutorial/lib/python3.12/site-packages:/home/ngt/auvc_ws/install/rosmav/lib/python3.12/site-packages:/home/ngt/auvc_ws/install/example_custom_srv/lib/python3.12/site-packages:/home/ngt/cv_ws/install/cv/lib/python3.12/site-packages:/home/ngt/pid_ws/install/target_depth_msgs/lib/python3.12/site-packages:/home/ngt/pid_ws/install/pid/lib/python3.12/site-packages:/home/ngt/auv_dancing/install/tutorial/lib/python3.12/site-packages:/opt/ros/jazzy/lib/python3.12/site-packages', 'COLCON': '1', 'CMAKE_PREFIX_PATH': '/home/ngt/ZENS-Final-AUVC/install/msgs:/home/ngt/ZENS-Final-AUVC/install/gazebo_bluerov2:/home/ngt/auvc_ws/install/example_custom_srv:/home/ngt/pid_ws/install/target_depth_msgs:/opt/ros/jazzy/opt/gz_sim_vendor:/opt/ros/jazzy/opt/gz_sensors_vendor:/opt/ros/jazzy/opt/gz_physics_vendor:/opt/ros/jazzy/opt/sdformat_vendor:/opt/ros/jazzy/opt/gz_gui_vendor:/opt/ros/jazzy/opt/gz_transport_vendor:/opt/ros/jazzy/opt/gz_rendering_vendor:/opt/ros/jazzy/opt/gz_plugin_vendor:/opt/ros/jazzy/opt/gz_fuel_tools_vendor:/opt/ros/jazzy/opt/gz_msgs_vendor:/opt/ros/jazzy/opt/gz_common_vendor:/opt/ros/jazzy/opt/gz_math_vendor:/opt/ros/jazzy/opt/gz_utils_vendor:/opt/ros/jazzy/opt/gz_tools_vendor:/opt/ros/jazzy/opt/gz_ogre_next_vendor:/opt/ros/jazzy/opt/gz_dartsim_vendor:/opt/ros/jazzy/opt/gz_cmake_vendor:/home/ngt/ZENS-Final-AUVC/install/flashing:/home/ngt/ZENS-Final-AUVC/install/cv:/home/ngt/ZENS-Final-AUVC/install/control:/home/ngt/ZENS-Final-AUVC/install/bringup:/home/ngt/auvc_ws/install/tutorial_virtualenvs:/home/ngt/auvc_ws/install/tutorial_pid:/home/ngt/auvc_ws/install/tutorial_ardusub:/home/ngt/auvc_ws/install/tutorial:/home/ngt/auvc_ws/install/rosmav:/home/ngt/cv_ws/install/cv:/home/ngt/pid_ws/install/pid:/home/ngt/auv_dancing/install/tutorial:/opt/ros/jazzy'}), 'shell': False}
[56.881179] (-) TimerEvent: {}
[56.983911] (-) TimerEvent: {}
[57.029164] (msgs) StdoutLine: {'line': b'-- Install configuration: ""\n'}
[57.029987] (msgs) StdoutLine: {'line': b'-- Up-to-date: /home/ngt/ZENS-Final-AUVC/install/msgs/share/ament_index/resource_index/rosidl_interfaces/msgs\n'}
[57.035715] (msgs) StdoutLine: {'line': b'-- Up-to-date: /home/ngt/ZENS-Final-AUVC/install/msgs/share/msgs/msg/TargetDepth.json\n'}
[57.043444] (msgs) StdoutLine: {'line': b'-- Up-to-date: /home/ngt/ZENS-Final-AUVC/install/msgs/include/msgs/msgs\n'}
[57.050021] (msgs) StdoutLine: {'line': b'-- Up-to-date: /home/ngt/ZENS-Final-AUVC/install/msgs/include/msgs/msgs/msg\n'}
[57.054276] (msgs) StdoutLine: {'line': b'-- Up-to-date: /home/ngt/ZENS-Final-AUVC/install/msgs/include/msgs/msgs/msg/detail\n'}
[57.059296] (msgs) StdoutLine: {'line': b'-- Up-to-date: /home/ngt/ZENS-Final-AUVC/install/msgs/include/msgs/msgs/msg/detail/target_depth__struct.h\n'}
[57.062484] (msgs) StdoutLine: {'line': b'-- Installing: /home/ngt/ZENS-Final-AUVC/install/msgs/include/msgs/msgs/msg/detail/target_depth__type_support.c\n'}
[57.069215] (msgs) StdoutLine: {'line': b'-- Up-to-date: /home/ngt/ZENS-Final-AUVC/install/msgs/include/msgs/msgs/msg/detail/target_depth__functions.c\n'}
[57.076236] (msgs) StdoutLine: {'line': b'-- Up-to-date: /home/ngt/ZENS-Final-AUVC/install/msgs/include/msgs/msgs/msg/detail/target_depth__functions.h\n'}
[57.085100] (-) TimerEvent: {}
[57.089168] (msgs) StdoutLine: {'line': b'-- Up-to-date: /home/ngt/ZENS-Final-AUVC/install/msgs/include/msgs/msgs/msg/detail/target_depth__description.c\n'}
[57.093570] (msgs) StdoutLine: {'line': b'-- Up-to-date: /home/ngt/ZENS-Final-AUVC/install/msgs/include/msgs/msgs/msg/detail/target_depth__type_support.h\n'}
[57.094818] (msgs) StdoutLine: {'line': b'-- Up-to-date: /home/ngt/ZENS-Final-AUVC/install/msgs/include/msgs/msgs/msg/target_depth.h\n'}
[57.095556] (msgs) StdoutLine: {'line': b'-- Up-to-date: /home/ngt/ZENS-Final-AUVC/install/msgs/include/msgs/msgs/msg/rosidl_generator_c__visibility_control.h\n'}
[57.106834] (msgs) StdoutLine: {'line': b'-- Up-to-date: /home/ngt/ZENS-Final-AUVC/install/msgs/share/msgs/environment/library_path.sh\n'}
[57.107873] (msgs) StdoutLine: {'line': b'-- Up-to-date: /home/ngt/ZENS-Final-AUVC/install/msgs/share/msgs/environment/library_path.dsv\n'}
[57.116841] (msgs) StdoutLine: {'line': b'-- Up-to-date: /home/ngt/ZENS-Final-AUVC/install/msgs/lib/libmsgs__rosidl_generator_c.so\n'}
[57.118579] (msgs) StdoutLine: {'line': b'-- Up-to-date: /home/ngt/ZENS-Final-AUVC/install/msgs/include/msgs/msgs\n'}
[57.128494] (msgs) StdoutLine: {'line': b'-- Up-to-date: /home/ngt/ZENS-Final-AUVC/install/msgs/include/msgs/msgs/msg\n'}
[57.133469] (msgs) StdoutLine: {'line': b'-- Up-to-date: /home/ngt/ZENS-Final-AUVC/install/msgs/include/msgs/msgs/msg/rosidl_typesupport_fastrtps_c__visibility_control.h\n'}
[57.134934] (msgs) StdoutLine: {'line': b'-- Up-to-date: /home/ngt/ZENS-Final-AUVC/install/msgs/include/msgs/msgs/msg/detail\n'}
[57.143843] (msgs) StdoutLine: {'line': b'-- Up-to-date: /home/ngt/ZENS-Final-AUVC/install/msgs/include/msgs/msgs/msg/detail/target_depth__rosidl_typesupport_fastrtps_c.h\n'}
[57.144942] (msgs) StdoutLine: {'line': b'-- Up-to-date: /home/ngt/ZENS-Final-AUVC/install/msgs/lib/libmsgs__rosidl_typesupport_fastrtps_c.so\n'}
[57.154804] (msgs) StdoutLine: {'line': b'-- Up-to-date: /home/ngt/ZENS-Final-AUVC/install/msgs/include/msgs/msgs\n'}
[57.158157] (msgs) StdoutLine: {'line': b'-- Up-to-date: /home/ngt/ZENS-Final-AUVC/install/msgs/include/msgs/msgs/msg\n'}
[57.161874] (msgs) StdoutLine: {'line': b'-- Up-to-date: /home/ngt/ZENS-Final-AUVC/install/msgs/include/msgs/msgs/msg/rosidl_generator_cpp__visibility_control.hpp\n'}
[57.165506] (msgs) StdoutLine: {'line': b'-- Up-to-date: /home/ngt/ZENS-Final-AUVC/install/msgs/include/msgs/msgs/msg/detail\n'}
[57.168820] (msgs) StdoutLine: {'line': b'-- Up-to-date: /home/ngt/ZENS-Final-AUVC/install/msgs/include/msgs/msgs/msg/detail/target_depth__traits.hpp\n'}
[57.174154] (msgs) StdoutLine: {'line': b'-- Up-to-date: /home/ngt/ZENS-Final-AUVC/install/msgs/include/msgs/msgs/msg/detail/target_depth__type_support.hpp\n'}
[57.179419] (msgs) StdoutLine: {'line': b'-- Up-to-date: /home/ngt/ZENS-Final-AUVC/install/msgs/include/msgs/msgs/msg/detail/target_depth__builder.hpp\n'}
[57.183301] (msgs) StdoutLine: {'line': b'-- Up-to-date: /home/ngt/ZENS-Final-AUVC/install/msgs/include/msgs/msgs/msg/detail/target_depth__struct.hpp\n'}
[57.187452] (-) TimerEvent: {}
[57.189246] (msgs) StdoutLine: {'line': b'-- Up-to-date: /home/ngt/ZENS-Final-AUVC/install/msgs/include/msgs/msgs/msg/target_depth.hpp\n'}
[57.193384] (msgs) StdoutLine: {'line': b'-- Up-to-date: /home/ngt/ZENS-Final-AUVC/install/msgs/include/msgs/msgs\n'}
[57.197183] (msgs) StdoutLine: {'line': b'-- Up-to-date: /home/ngt/ZENS-Final-AUVC/install/msgs/include/msgs/msgs/msg\n'}
[57.203384] (msgs) StdoutLine: {'line': b'-- Up-to-date: /home/ngt/ZENS-Final-AUVC/install/msgs/include/msgs/msgs/msg/rosidl_typesupport_fastrtps_cpp__visibility_control.h\n'}
[57.209013] (msgs) StdoutLine: {'line': b'-- Up-to-date: /home/ngt/ZENS-Final-AUVC/install/msgs/include/msgs/msgs/msg/detail\n'}
[57.214350] (msgs) StdoutLine: {'line': b'-- Up-to-date: /home/ngt/ZENS-Final-AUVC/install/msgs/include/msgs/msgs/msg/detail/dds_fastrtps\n'}
[57.216227] (msgs) StdoutLine: {'line': b'-- Up-to-date: /home/ngt/ZENS-Final-AUVC/install/msgs/include/msgs/msgs/msg/detail/target_depth__rosidl_typesupport_fastrtps_cpp.hpp\n'}
[57.219273] (msgs) StdoutLine: {'line': b'-- Up-to-date: /home/ngt/ZENS-Final-AUVC/install/msgs/lib/libmsgs__rosidl_typesupport_fastrtps_cpp.so\n'}
[57.221860] (msgs) StdoutLine: {'line': b'-- Up-to-date: /home/ngt/ZENS-Final-AUVC/install/msgs/include/msgs/msgs\n'}
[57.222620] (msgs) StdoutLine: {'line': b'-- Up-to-date: /home/ngt/ZENS-Final-AUVC/install/msgs/include/msgs/msgs/msg\n'}
[57.225660] (msgs) StdoutLine: {'line': b'-- Up-to-date: /home/ngt/ZENS-Final-AUVC/install/msgs/include/msgs/msgs/msg/rosidl_typesupport_introspection_c__visibility_control.h\n'}
[57.226399] (msgs) StdoutLine: {'line': b'-- Up-to-date: /home/ngt/ZENS-Final-AUVC/install/msgs/include/msgs/msgs/msg/detail\n'}
[57.227065] (msgs) StdoutLine: {'line': b'-- Installing: /home/ngt/ZENS-Final-AUVC/install/msgs/include/msgs/msgs/msg/detail/target_depth__type_support.c\n'}
[57.231042] (msgs) StdoutLine: {'line': b'-- Up-to-date: /home/ngt/ZENS-Final-AUVC/install/msgs/include/msgs/msgs/msg/detail/target_depth__rosidl_typesupport_introspection_c.h\n'}
[57.233425] (msgs) StdoutLine: {'line': b'-- Up-to-date: /home/ngt/ZENS-Final-AUVC/install/msgs/lib/libmsgs__rosidl_typesupport_introspection_c.so\n'}
[57.234864] (msgs) StdoutLine: {'line': b'-- Up-to-date: /home/ngt/ZENS-Final-AUVC/install/msgs/lib/libmsgs__rosidl_typesupport_c.so\n'}
[57.237269] (msgs) StdoutLine: {'line': b'-- Up-to-date: /home/ngt/ZENS-Final-AUVC/install/msgs/include/msgs/msgs\n'}
[57.239419] (msgs) StdoutLine: {'line': b'-- Up-to-date: /home/ngt/ZENS-Final-AUVC/install/msgs/include/msgs/msgs/msg\n'}
[57.241950] (msgs) StdoutLine: {'line': b'-- Up-to-date: /home/ngt/ZENS-Final-AUVC/install/msgs/include/msgs/msgs/msg/detail\n'}
[57.244170] (msgs) StdoutLine: {'line': b'-- Up-to-date: /home/ngt/ZENS-Final-AUVC/install/msgs/include/msgs/msgs/msg/detail/target_depth__rosidl_typesupport_introspection_cpp.hpp\n'}
[57.246471] (msgs) StdoutLine: {'line': b'-- Up-to-date: /home/ngt/ZENS-Final-AUVC/install/msgs/include/msgs/msgs/msg/detail/target_depth__type_support.cpp\n'}
[57.248415] (msgs) StdoutLine: {'line': b'-- Up-to-date: /home/ngt/ZENS-Final-AUVC/install/msgs/lib/libmsgs__rosidl_typesupport_introspection_cpp.so\n'}
[57.250388] (msgs) StdoutLine: {'line': b'-- Up-to-date: /home/ngt/ZENS-Final-AUVC/install/msgs/lib/libmsgs__rosidl_typesupport_cpp.so\n'}
[57.252257] (msgs) StdoutLine: {'line': b'-- Up-to-date: /home/ngt/ZENS-Final-AUVC/install/msgs/share/msgs/environment/pythonpath.sh\n'}
[57.254475] (msgs) StdoutLine: {'line': b'-- Up-to-date: /home/ngt/ZENS-Final-AUVC/install/msgs/share/msgs/environment/pythonpath.dsv\n'}
[57.256701] (msgs) StdoutLine: {'line': b'-- Up-to-date: /home/ngt/ZENS-Final-AUVC/install/msgs/lib/python3.12/site-packages/msgs-0.0.0-py3.12.egg-info\n'}
[57.258953] (msgs) StdoutLine: {'line': b'-- Installing: /home/ngt/ZENS-Final-AUVC/install/msgs/lib/python3.12/site-packages/msgs-0.0.0-py3.12.egg-info/SOURCES.txt\n'}
[57.263941] (msgs) StdoutLine: {'line': b'-- Installing: /home/ngt/ZENS-Final-AUVC/install/msgs/lib/python3.12/site-packages/msgs-0.0.0-py3.12.egg-info/top_level.txt\n'}
[57.268522] (msgs) StdoutLine: {'line': b'-- Installing: /home/ngt/ZENS-Final-AUVC/install/msgs/lib/python3.12/site-packages/msgs-0.0.0-py3.12.egg-info/dependency_links.txt\n'}
[57.272790] (msgs) StdoutLine: {'line': b'-- Installing: /home/ngt/ZENS-Final-AUVC/install/msgs/lib/python3.12/site-packages/msgs-0.0.0-py3.12.egg-info/PKG-INFO\n'}
[57.273789] (msgs) StdoutLine: {'line': b'-- Up-to-date: /home/ngt/ZENS-Final-AUVC/install/msgs/lib/python3.12/site-packages/msgs\n'}
[57.274414] (msgs) StdoutLine: {'line': b'-- Up-to-date: /home/ngt/ZENS-Final-AUVC/install/msgs/lib/python3.12/site-packages/msgs/msgs_s__rosidl_typesupport_fastrtps_c.so\n'}
[57.278834] (msgs) StdoutLine: {'line': b'-- Up-to-date: /home/ngt/ZENS-Final-AUVC/install/msgs/lib/python3.12/site-packages/msgs/msgs_s__rosidl_typesupport_c.so\n'}
[57.279501] (msgs) StdoutLine: {'line': b'-- Up-to-date: /home/ngt/ZENS-Final-AUVC/install/msgs/lib/python3.12/site-packages/msgs/msg\n'}
[57.280179] (msgs) StdoutLine: {'line': b'-- Up-to-date: /home/ngt/ZENS-Final-AUVC/install/msgs/lib/python3.12/site-packages/msgs/msg/_target_depth.py\n'}
[57.283331] (msgs) StdoutLine: {'line': b'-- Up-to-date: /home/ngt/ZENS-Final-AUVC/install/msgs/lib/python3.12/site-packages/msgs/msg/_target_depth_s.c\n'}
[57.285482] (msgs) StdoutLine: {'line': b'-- Up-to-date: /home/ngt/ZENS-Final-AUVC/install/msgs/lib/python3.12/site-packages/msgs/msg/__init__.py\n'}
[57.287910] (-) TimerEvent: {}
[57.289580] (msgs) StdoutLine: {'line': b'-- Up-to-date: /home/ngt/ZENS-Final-AUVC/install/msgs/lib/python3.12/site-packages/msgs/_msgs_s.ep.rosidl_typesupport_introspection_c.c\n'}
[57.291224] (msgs) StdoutLine: {'line': b'-- Up-to-date: /home/ngt/ZENS-Final-AUVC/install/msgs/lib/python3.12/site-packages/msgs/_msgs_s.ep.rosidl_typesupport_fastrtps_c.c\n'}
[57.293473] (msgs) StdoutLine: {'line': b'-- Up-to-date: /home/ngt/ZENS-Final-AUVC/install/msgs/lib/python3.12/site-packages/msgs/msgs_s__rosidl_typesupport_introspection_c.so\n'}
[57.295679] (msgs) StdoutLine: {'line': b'-- Up-to-date: /home/ngt/ZENS-Final-AUVC/install/msgs/lib/python3.12/site-packages/msgs/_msgs_s.ep.rosidl_typesupport_c.c\n'}
[57.298904] (msgs) StdoutLine: {'line': b'-- Up-to-date: /home/ngt/ZENS-Final-AUVC/install/msgs/lib/python3.12/site-packages/msgs/__init__.py\n'}
[57.389790] (-) TimerEvent: {}
[57.491113] (-) TimerEvent: {}
[57.593335] (-) TimerEvent: {}
[57.696698] (-) TimerEvent: {}
[57.749482] (msgs) StdoutLine: {'line': b"Listing '/home/ngt/ZENS-Final-AUVC/install/msgs/lib/python3.12/site-packages/msgs'...\n"}
[57.750515] (msgs) StdoutLine: {'line': b"Listing '/home/ngt/ZENS-Final-AUVC/install/msgs/lib/python3.12/site-packages/msgs/msg'...\n"}
[57.798171] (-) TimerEvent: {}
[57.841539] (msgs) StdoutLine: {'line': b'-- Up-to-date: /home/ngt/ZENS-Final-AUVC/install/msgs/lib/python3.12/site-packages/msgs/msgs_s__rosidl_typesupport_fastrtps_c.so\n'}
[57.853973] (msgs) StdoutLine: {'line': b'-- Up-to-date: /home/ngt/ZENS-Final-AUVC/install/msgs/lib/python3.12/site-packages/msgs/msgs_s__rosidl_typesupport_introspection_c.so\n'}
[57.864138] (msgs) StdoutLine: {'line': b'-- Up-to-date: /home/ngt/ZENS-Final-AUVC/install/msgs/lib/python3.12/site-packages/msgs/msgs_s__rosidl_typesupport_c.so\n'}
[57.872128] (msgs) StdoutLine: {'line': b'-- Up-to-date: /home/ngt/ZENS-Final-AUVC/install/msgs/lib/libmsgs__rosidl_generator_py.so\n'}
[57.875444] (msgs) StdoutLine: {'line': b'-- Up-to-date: /home/ngt/ZENS-Final-AUVC/install/msgs/share/ament_index/resource_index/rust_packages/msgs\n'}
[57.879534] (msgs) StdoutLine: {'line': b'-- Up-to-date: /home/ngt/ZENS-Final-AUVC/install/msgs/share/msgs/rust\n'}
[57.888007] (msgs) StdoutLine: {'line': b'-- Up-to-date: /home/ngt/ZENS-Final-AUVC/install/msgs/share/msgs/rust/build.rs\n'}
[57.894264] (msgs) StdoutLine: {'line': b'-- Up-to-date: /home/ngt/ZENS-Final-AUVC/install/msgs/share/msgs/rust/Cargo.toml\n'}
[57.899844] (-) TimerEvent: {}
[57.906307] (msgs) StdoutLine: {'line': b'-- Up-to-date: /home/ngt/ZENS-Final-AUVC/install/msgs/share/msgs/rust/src\n'}
[57.911463] (msgs) StdoutLine: {'line': b'-- Up-to-date: /home/ngt/ZENS-Final-AUVC/install/msgs/share/msgs/rust/src/lib.rs\n'}
[57.918265] (msgs) StdoutLine: {'line': b'-- Up-to-date: /home/ngt/ZENS-Final-AUVC/install/msgs/share/msgs/rust/src/msg.rs\n'}
[57.919812] (msgs) StdoutLine: {'line': b'-- Up-to-date: /home/ngt/ZENS-Final-AUVC/install/msgs/share/msgs/rust/src/msg\n'}
[57.927277] (msgs) StdoutLine: {'line': b'-- Up-to-date: /home/ngt/ZENS-Final-AUVC/install/msgs/share/msgs/rust/src/msg/rmw.rs\n'}
[57.928043] (msgs) StdoutLine: {'line': b'-- Up-to-date: /home/ngt/ZENS-Final-AUVC/install/msgs/share/msgs/msg/TargetDepth.idl\n'}
[57.929514] (msgs) StdoutLine: {'line': b'-- Up-to-date: /home/ngt/ZENS-Final-AUVC/install/msgs/share/msgs/msg/TargetDepth.msg\n'}
[57.930346] (msgs) StdoutLine: {'line': b'-- Up-to-date: /home/ngt/ZENS-Final-AUVC/install/msgs/share/ament_index/resource_index/package_run_dependencies/msgs\n'}
[57.934333] (msgs) StdoutLine: {'line': b'-- Up-to-date: /home/ngt/ZENS-Final-AUVC/install/msgs/share/ament_index/resource_index/parent_prefix_path/msgs\n'}
[57.935114] (msgs) StdoutLine: {'line': b'-- Up-to-date: /home/ngt/ZENS-Final-AUVC/install/msgs/share/msgs/environment/ament_prefix_path.sh\n'}
[57.935869] (msgs) StdoutLine: {'line': b'-- Up-to-date: /home/ngt/ZENS-Final-AUVC/install/msgs/share/msgs/environment/ament_prefix_path.dsv\n'}
[57.941013] (msgs) StdoutLine: {'line': b'-- Up-to-date: /home/ngt/ZENS-Final-AUVC/install/msgs/share/msgs/environment/path.sh\n'}
[57.942514] (msgs) StdoutLine: {'line': b'-- Up-to-date: /home/ngt/ZENS-Final-AUVC/install/msgs/share/msgs/environment/path.dsv\n'}
[57.943362] (msgs) StdoutLine: {'line': b'-- Up-to-date: /home/ngt/ZENS-Final-AUVC/install/msgs/share/msgs/local_setup.bash\n'}
[57.949210] (msgs) StdoutLine: {'line': b'-- Up-to-date: /home/ngt/ZENS-Final-AUVC/install/msgs/share/msgs/local_setup.sh\n'}
[57.953725] (msgs) StdoutLine: {'line': b'-- Up-to-date: /home/ngt/ZENS-Final-AUVC/install/msgs/share/msgs/local_setup.zsh\n'}
[57.954326] (msgs) StdoutLine: {'line': b'-- Up-to-date: /home/ngt/ZENS-Final-AUVC/install/msgs/share/msgs/local_setup.dsv\n'}
[57.954973] (msgs) StdoutLine: {'line': b'-- Installing: /home/ngt/ZENS-Final-AUVC/install/msgs/share/msgs/package.dsv\n'}
[57.958725] (msgs) StdoutLine: {'line': b'-- Up-to-date: /home/ngt/ZENS-Final-AUVC/install/msgs/share/ament_index/resource_index/packages/msgs\n'}
[57.959936] (msgs) StdoutLine: {'line': b'-- Up-to-date: /home/ngt/ZENS-Final-AUVC/install/msgs/share/msgs/cmake/export_msgs__rosidl_generator_cExport.cmake\n'}
[57.963114] (msgs) StdoutLine: {'line': b'-- Up-to-date: /home/ngt/ZENS-Final-AUVC/install/msgs/share/msgs/cmake/export_msgs__rosidl_generator_cExport-noconfig.cmake\n'}
[57.963915] (msgs) StdoutLine: {'line': b'-- Up-to-date: /home/ngt/ZENS-Final-AUVC/install/msgs/share/msgs/cmake/export_msgs__rosidl_typesupport_fastrtps_cExport.cmake\n'}
[57.966079] (msgs) StdoutLine: {'line': b'-- Up-to-date: /home/ngt/ZENS-Final-AUVC/install/msgs/share/msgs/cmake/export_msgs__rosidl_typesupport_fastrtps_cExport-noconfig.cmake\n'}
[57.970200] (msgs) StdoutLine: {'line': b'-- Up-to-date: /home/ngt/ZENS-Final-AUVC/install/msgs/share/msgs/cmake/export_msgs__rosidl_generator_cppExport.cmake\n'}
[57.971170] (msgs) StdoutLine: {'line': b'-- Up-to-date: /home/ngt/ZENS-Final-AUVC/install/msgs/share/msgs/cmake/export_msgs__rosidl_typesupport_fastrtps_cppExport.cmake\n'}
[57.971964] (msgs) StdoutLine: {'line': b'-- Up-to-date: /home/ngt/ZENS-Final-AUVC/install/msgs/share/msgs/cmake/export_msgs__rosidl_typesupport_fastrtps_cppExport-noconfig.cmake\n'}
[57.974824] (msgs) StdoutLine: {'line': b'-- Up-to-date: /home/ngt/ZENS-Final-AUVC/install/msgs/share/msgs/cmake/msgs__rosidl_typesupport_introspection_cExport.cmake\n'}
[57.975734] (msgs) StdoutLine: {'line': b'-- Up-to-date: /home/ngt/ZENS-Final-AUVC/install/msgs/share/msgs/cmake/msgs__rosidl_typesupport_introspection_cExport-noconfig.cmake\n'}
[57.979954] (msgs) StdoutLine: {'line': b'-- Up-to-date: /home/ngt/ZENS-Final-AUVC/install/msgs/share/msgs/cmake/msgs__rosidl_typesupport_cExport.cmake\n'}
[57.980827] (msgs) StdoutLine: {'line': b'-- Up-to-date: /home/ngt/ZENS-Final-AUVC/install/msgs/share/msgs/cmake/msgs__rosidl_typesupport_cExport-noconfig.cmake\n'}
[57.981540] (msgs) StdoutLine: {'line': b'-- Up-to-date: /home/ngt/ZENS-Final-AUVC/install/msgs/share/msgs/cmake/msgs__rosidl_typesupport_introspection_cppExport.cmake\n'}
[57.985577] (msgs) StdoutLine: {'line': b'-- Up-to-date: /home/ngt/ZENS-Final-AUVC/install/msgs/share/msgs/cmake/msgs__rosidl_typesupport_introspection_cppExport-noconfig.cmake\n'}
[57.986476] (msgs) StdoutLine: {'line': b'-- Up-to-date: /home/ngt/ZENS-Final-AUVC/install/msgs/share/msgs/cmake/msgs__rosidl_typesupport_cppExport.cmake\n'}
[57.987311] (msgs) StdoutLine: {'line': b'-- Up-to-date: /home/ngt/ZENS-Final-AUVC/install/msgs/share/msgs/cmake/msgs__rosidl_typesupport_cppExport-noconfig.cmake\n'}
[57.991526] (msgs) StdoutLine: {'line': b'-- Up-to-date: /home/ngt/ZENS-Final-AUVC/install/msgs/share/msgs/cmake/export_msgs__rosidl_generator_pyExport.cmake\n'}
[57.992179] (msgs) StdoutLine: {'line': b'-- Up-to-date: /home/ngt/ZENS-Final-AUVC/install/msgs/share/msgs/cmake/export_msgs__rosidl_generator_pyExport-noconfig.cmake\n'}
[57.992884] (msgs) StdoutLine: {'line': b'-- Up-to-date: /home/ngt/ZENS-Final-AUVC/install/msgs/share/msgs/cmake/rosidl_cmake-extras.cmake\n'}
[57.998707] (msgs) StdoutLine: {'line': b'-- Up-to-date: /home/ngt/ZENS-Final-AUVC/install/msgs/share/msgs/cmake/ament_cmake_export_dependencies-extras.cmake\n'}
[57.999683] (msgs) StdoutLine: {'line': b'-- Up-to-date: /home/ngt/ZENS-Final-AUVC/install/msgs/share/msgs/cmake/ament_cmake_export_include_directories-extras.cmake\n'}
[58.000266] (-) TimerEvent: {}
[58.006777] (msgs) StdoutLine: {'line': b'-- Up-to-date: /home/ngt/ZENS-Final-AUVC/install/msgs/share/msgs/cmake/ament_cmake_export_libraries-extras.cmake\n'}
[58.007932] (msgs) StdoutLine: {'line': b'-- Up-to-date: /home/ngt/ZENS-Final-AUVC/install/msgs/share/msgs/cmake/ament_cmake_export_targets-extras.cmake\n'}
[58.008556] (msgs) StdoutLine: {'line': b'-- Up-to-date: /home/ngt/ZENS-Final-AUVC/install/msgs/share/msgs/cmake/rosidl_cmake_export_typesupport_targets-extras.cmake\n'}
[58.009264] (msgs) StdoutLine: {'line': b'-- Up-to-date: /home/ngt/ZENS-Final-AUVC/install/msgs/share/msgs/cmake/rosidl_cmake_export_typesupport_libraries-extras.cmake\n'}
[58.017060] (msgs) StdoutLine: {'line': b'-- Up-to-date: /home/ngt/ZENS-Final-AUVC/install/msgs/share/msgs/cmake/rosidl_cmake_aggregate_target-extras.cmake\n'}
[58.017729] (msgs) StdoutLine: {'line': b'-- Up-to-date: /home/ngt/ZENS-Final-AUVC/install/msgs/share/msgs/cmake/msgsConfig.cmake\n'}
[58.018424] (msgs) StdoutLine: {'line': b'-- Up-to-date: /home/ngt/ZENS-Final-AUVC/install/msgs/share/msgs/cmake/msgsConfig-version.cmake\n'}
[58.031816] (msgs) StdoutLine: {'line': b'-- Up-to-date: /home/ngt/ZENS-Final-AUVC/install/msgs/share/msgs/package.xml\n'}
[58.032677] (msgs) CommandEnded: {'returncode': 0}
[58.102192] (-) TimerEvent: {}
[58.208560] (-) TimerEvent: {}
[58.214184] (msgs) JobEnded: {'identifier': 'msgs', 'rc': 0}
[58.221018] (-) EventReactorShutdown: {}
