[0.000000] (-) TimerEvent: {}
[0.000694] (bringup) JobQueued: {'identifier': 'bringup', 'dependencies': OrderedDict()}
[0.000962] (control) JobQueued: {'identifier': 'control', 'dependencies': OrderedDict()}
[0.001119] (cv) JobQueued: {'identifier': 'cv', 'dependencies': OrderedDict()}
[0.001214] (flashing) JobQueued: {'identifier': 'flashing', 'dependencies': OrderedDict()}
[0.001302] (gazebo_bluerov2) JobQueued: {'identifier': 'gazebo_bluerov2', 'dependencies': OrderedDict()}
[0.001393] (hardware) JobQueued: {'identifier': 'hardware', 'dependencies': OrderedDict()}
[0.001467] (msgs) JobQueued: {'identifier': 'msgs', 'dependencies': OrderedDict()}
[0.001559] (bringup) JobStarted: {'identifier': 'bringup'}
[0.096728] (-) TimerEvent: {}
[0.197641] (-) TimerEvent: {}
[0.221769] (control) JobStarted: {'identifier': 'control'}
[0.307769] (-) TimerEvent: {}
[0.378265] (cv) JobStarted: {'identifier': 'cv'}
[0.409816] (-) TimerEvent: {}
[0.500898] (flashing) JobStarted: {'identifier': 'flashing'}
[0.516714] (-) TimerEvent: {}
[0.617538] (-) TimerEvent: {}
[0.718536] (-) TimerEvent: {}
[0.820713] (-) TimerEvent: {}
[0.925739] (-) TimerEvent: {}
[1.028733] (-) TimerEvent: {}
[1.129623] (-) TimerEvent: {}
[1.230626] (-) TimerEvent: {}
[1.338043] (-) TimerEvent: {}
[1.441493] (-) TimerEvent: {}
[1.546250] (-) TimerEvent: {}
[1.651384] (-) TimerEvent: {}
[1.753824] (-) TimerEvent: {}
[1.856682] (-) TimerEvent: {}
[1.960171] (-) TimerEvent: {}
[2.062977] (-) TimerEvent: {}
[2.164725] (-) TimerEvent: {}
[2.269254] (-) TimerEvent: {}
[2.373916] (-) TimerEvent: {}
[2.478465] (-) TimerEvent: {}
[2.579371] (-) TimerEvent: {}
[2.683021] (-) TimerEvent: {}
[2.786470] (-) TimerEvent: {}
[2.891460] (-) TimerEvent: {}
[2.995714] (-) TimerEvent: {}
[3.096812] (-) TimerEvent: {}
[3.202723] (-) TimerEvent: {}
[3.305521] (-) TimerEvent: {}
[3.407387] (-) TimerEvent: {}
[3.512427] (-) TimerEvent: {}
[3.615767] (-) TimerEvent: {}
[3.720727] (-) TimerEvent: {}
[3.821816] (-) TimerEvent: {}
[3.926822] (-) TimerEvent: {}
[4.035418] (-) TimerEvent: {}
[4.140750] (-) TimerEvent: {}
[4.245153] (-) TimerEvent: {}
[4.350414] (-) TimerEvent: {}
[4.454750] (-) TimerEvent: {}
[4.556064] (-) TimerEvent: {}
[4.660799] (-) TimerEvent: {}
[4.766075] (-) TimerEvent: {}
[4.872221] (-) TimerEvent: {}
[4.980968] (-) TimerEvent: {}
[5.094975] (-) TimerEvent: {}
[5.195837] (-) TimerEvent: {}
[5.302125] (-) TimerEvent: {}
[5.403906] (-) TimerEvent: {}
[5.505959] (-) TimerEvent: {}
[5.611737] (-) TimerEvent: {}
[5.714697] (-) TimerEvent: {}
[5.820939] (-) TimerEvent: {}
[5.924752] (-) TimerEvent: {}
[6.026042] (-) TimerEvent: {}
[6.130732] (-) TimerEvent: {}
[6.233220] (-) TimerEvent: {}
[6.336730] (-) TimerEvent: {}
[6.442334] (-) TimerEvent: {}
[6.546740] (-) TimerEvent: {}
[6.650210] (-) TimerEvent: {}
[6.755881] (-) TimerEvent: {}
[6.859388] (-) TimerEvent: {}
[6.961541] (-) TimerEvent: {}
[7.064925] (-) TimerEvent: {}
[7.168302] (-) TimerEvent: {}
[7.269267] (-) TimerEvent: {}
[7.371193] (-) TimerEvent: {}
[7.475238] (-) TimerEvent: {}
[7.579422] (-) TimerEvent: {}
[7.683974] (-) TimerEvent: {}
[7.787770] (-) TimerEvent: {}
[7.895852] (-) TimerEvent: {}
[8.007345] (-) TimerEvent: {}
[8.108701] (-) TimerEvent: {}
[8.209613] (-) TimerEvent: {}
[8.311916] (-) TimerEvent: {}
[8.415319] (-) TimerEvent: {}
[8.525075] (-) TimerEvent: {}
[8.628736] (-) TimerEvent: {}
[8.732748] (-) TimerEvent: {}
[8.840756] (-) TimerEvent: {}
[8.944516] (-) TimerEvent: {}
[9.055133] (-) TimerEvent: {}
[9.155912] (-) TimerEvent: {}
[9.258983] (-) TimerEvent: {}
[9.364903] (-) TimerEvent: {}
[9.467659] (-) TimerEvent: {}
[9.573789] (-) TimerEvent: {}
[9.675840] (-) TimerEvent: {}
[9.779866] (-) TimerEvent: {}
[9.885115] (-) TimerEvent: {}
[9.986780] (-) TimerEvent: {}
[10.090038] (-) TimerEvent: {}
[10.194698] (-) TimerEvent: {}
[10.298226] (-) TimerEvent: {}
[10.404962] (-) TimerEvent: {}
[10.508034] (-) TimerEvent: {}
[10.612743] (-) TimerEvent: {}
[10.718105] (-) TimerEvent: {}
[10.827442] (-) TimerEvent: {}
[10.930766] (-) TimerEvent: {}
[11.035424] (-) TimerEvent: {}
[11.143547] (-) TimerEvent: {}
[11.244363] (-) TimerEvent: {}
[11.346211] (-) TimerEvent: {}
[11.455760] (-) TimerEvent: {}
[11.558739] (-) TimerEvent: {}
[11.661733] (-) TimerEvent: {}
[11.762653] (-) TimerEvent: {}
[11.867723] (-) TimerEvent: {}
[11.970720] (-) TimerEvent: {}
[12.075780] (-) TimerEvent: {}
[12.176682] (-) TimerEvent: {}
[12.279341] (-) TimerEvent: {}
[12.384714] (-) TimerEvent: {}
[12.487110] (-) TimerEvent: {}
[12.598392] (-) TimerEvent: {}
[12.712220] (-) TimerEvent: {}
[12.816382] (-) TimerEvent: {}
[12.921792] (-) TimerEvent: {}
[13.023769] (-) TimerEvent: {}
[13.127742] (-) TimerEvent: {}
[13.230852] (-) TimerEvent: {}
[13.334400] (-) TimerEvent: {}
[13.439868] (-) TimerEvent: {}
[13.541793] (-) TimerEvent: {}
[13.648798] (-) TimerEvent: {}
[13.753313] (-) TimerEvent: {}
[13.860499] (-) TimerEvent: {}
[13.964550] (-) TimerEvent: {}
[14.069895] (-) TimerEvent: {}
[14.176661] (-) TimerEvent: {}
[14.279502] (-) TimerEvent: {}
[14.381787] (-) TimerEvent: {}
[14.482643] (-) TimerEvent: {}
[14.587124] (-) TimerEvent: {}
[14.689359] (-) TimerEvent: {}
[14.793434] (-) TimerEvent: {}
[14.896876] (-) TimerEvent: {}
[14.998763] (-) TimerEvent: {}
[15.103758] (-) TimerEvent: {}
[15.206542] (-) TimerEvent: {}
[15.308658] (-) TimerEvent: {}
[15.410132] (-) TimerEvent: {}
[15.527205] (-) TimerEvent: {}
[15.631751] (-) TimerEvent: {}
[15.737205] (-) TimerEvent: {}
[15.844641] (-) TimerEvent: {}
[15.947772] (-) TimerEvent: {}
[16.049213] (-) TimerEvent: {}
[16.159241] (-) TimerEvent: {}
[16.263735] (-) TimerEvent: {}
[16.367492] (-) TimerEvent: {}
[16.470104] (-) TimerEvent: {}
[16.577988] (-) TimerEvent: {}
[16.679140] (-) TimerEvent: {}
[16.786287] (-) TimerEvent: {}
[16.892730] (-) TimerEvent: {}
[16.996175] (-) TimerEvent: {}
[17.099252] (-) TimerEvent: {}
[17.205643] (-) TimerEvent: {}
[17.309787] (-) TimerEvent: {}
[17.415907] (-) TimerEvent: {}
[17.522754] (-) TimerEvent: {}
[17.632155] (-) TimerEvent: {}
[17.746665] (-) TimerEvent: {}
[17.848429] (-) TimerEvent: {}
[17.952789] (-) TimerEvent: {}
[18.057147] (-) TimerEvent: {}
[18.158182] (-) TimerEvent: {}
[18.267712] (-) TimerEvent: {}
[18.368566] (-) TimerEvent: {}
[18.479727] (-) TimerEvent: {}
[18.581855] (-) TimerEvent: {}
[18.684624] (-) TimerEvent: {}
[18.794000] (-) TimerEvent: {}
[18.902733] (-) TimerEvent: {}
[19.004740] (-) TimerEvent: {}
[19.111328] (-) TimerEvent: {}
[19.212383] (-) TimerEvent: {}
[19.314458] (-) TimerEvent: {}
[19.418750] (-) TimerEvent: {}
[19.522629] (-) TimerEvent: {}
[19.627765] (-) TimerEvent: {}
[19.730958] (-) TimerEvent: {}
[19.834423] (-) TimerEvent: {}
[19.938181] (-) TimerEvent: {}
[20.043887] (-) TimerEvent: {}
[20.146136] (-) TimerEvent: {}
[20.254334] (-) TimerEvent: {}
[20.364282] (-) TimerEvent: {}
[20.472637] (-) TimerEvent: {}
[20.577700] (-) TimerEvent: {}
[20.682696] (-) TimerEvent: {}
[20.785002] (-) TimerEvent: {}
[20.898172] (-) TimerEvent: {}
[20.999532] (-) TimerEvent: {}
[21.105734] (-) TimerEvent: {}
[21.206706] (-) TimerEvent: {}
[21.311832] (-) TimerEvent: {}
[21.414423] (-) TimerEvent: {}
[21.502500] (flashing) Command: {'cmd': ['/home/ngt/.virtualenvs/ardusub/bin/python', '-W', 'ignore:setup.py install is deprecated', '-W', 'ignore:easy_install command is deprecated', 'setup.py', 'egg_info', '--egg-base', '../../../build/flashing', 'build', '--build-base', '/home/ngt/ZENS-Final-AUVC/build/flashing/build', 'install', '--record', '/home/ngt/ZENS-Final-AUVC/build/flashing/install.log', '--install-scripts', '$base/lib/flashing', '--single-version-externally-managed', 'install_data'], 'cwd': '/home/ngt/ZENS-Final-AUVC/ros_ws/src/flashing', 'env': {'PYTHON_BASIC_REPL': '1', 'VIRTUALENVWRAPPER_WORKON_CD': '1', 'USER': 'ngt', 'SSH_CLIENT': '192.168.3.1 64256 22', 'WORKON_HOME': '/home/ngt/.virtualenvs', 'GZ_SIM_RESOURCE_PATH': '/opt/ros/jazzy/share', 'GZ_CONFIG_PATH': '/opt/ros/jazzy/opt/gz_sim_vendor/share/gz:/opt/ros/jazzy/opt/sdformat_vendor/share/gz:/opt/ros/jazzy/opt/gz_gui_vendor/share/gz:/opt/ros/jazzy/opt/gz_transport_vendor/share/gz:/opt/ros/jazzy/opt/gz_rendering_vendor/share/gz:/opt/ros/jazzy/opt/gz_plugin_vendor/share/gz:/opt/ros/jazzy/opt/gz_fuel_tools_vendor/share/gz:/opt/ros/jazzy/opt/gz_msgs_vendor/share/gz:/opt/ros/jazzy/opt/gz_common_vendor/share/gz', 'XDG_SESSION_TYPE': 'tty', 'GIT_ASKPASS': '/home/ngt/.vscode-server/cli/servers/Stable-1b6a188127eeaf9194f945eb6eb89a657e93c54c/server/extensions/git/dist/askpass.sh', 'SHLVL': '1', 'BROWSER': '/home/ngt/.vscode-server/cli/servers/Stable-1b6a188127eeaf9194f945eb6eb89a657e93c54c/server/bin/helpers/browser.sh', 'LD_LIBRARY_PATH': '/home/ngt/auvc_ws/install/example_custom_srv/lib:/home/ngt/pid_ws/install/target_depth_msgs/lib:/opt/ros/jazzy/opt/gz_sim_vendor/lib:/opt/ros/jazzy/opt/gz_sensors_vendor/lib:/opt/ros/jazzy/opt/gz_physics_vendor/lib:/opt/ros/jazzy/opt/sdformat_vendor/lib:/opt/ros/jazzy/opt/rviz_ogre_vendor/lib:/opt/ros/jazzy/lib/aarch64-linux-gnu:/opt/ros/jazzy/opt/gz_gui_vendor/lib:/opt/ros/jazzy/opt/gz_transport_vendor/lib:/opt/ros/jazzy/opt/gz_rendering_vendor/lib:/opt/ros/jazzy/opt/gz_plugin_vendor/lib:/opt/ros/jazzy/opt/gz_fuel_tools_vendor/lib:/opt/ros/jazzy/opt/gz_msgs_vendor/lib:/opt/ros/jazzy/opt/gz_common_vendor/lib:/opt/ros/jazzy/opt/gz_math_vendor/lib:/opt/ros/jazzy/opt/gz_utils_vendor/lib:/opt/ros/jazzy/opt/gz_tools_vendor/lib:/opt/ros/jazzy/opt/gz_ogre_next_vendor/lib:/opt/ros/jazzy/opt/gz_dartsim_vendor/lib:/opt/ros/jazzy/opt/gz_cmake_vendor/lib:/opt/ros/jazzy/lib', 'GZ_TRANSPORT_ID': '192.168.3.1', 'HOME': '/home/ngt', 'OLDPWD': '/home/ngt', 'LESS': '-R', 'VIRTUALENVWRAPPER_PYTHON': '/usr/bin/python3', 'TERM_PROGRAM_VERSION': '1.130.0', 'VSCODE_IPC_HOOK_CLI': '/run/user/1004/vscode-ipc-85f34aaf-8c14-4b5e-9609-f108a0457dd3.sock', 'ZSH': '/home/ngt/.oh-my-zsh', 'LSCOLORS': 'Gxfxcxdxbxegedabagacad', 'GZ_TRANSPORT_PUB_PORT': '11345', 'VSCODE_GIT_ASKPASS_MAIN': '/home/ngt/.vscode-server/cli/servers/Stable-1b6a188127eeaf9194f945eb6eb89a657e93c54c/server/extensions/git/dist/askpass-main.js', 'PAGER': 'less', 'ROS_PYTHON_VERSION': '3', 'PS1': '(ardusub) %(?:%{\x1b[01;32m%}%1{➜%} :%{\x1b[01;31m%}%1{➜%} ) %{\x1b[36m%}%c%{\x1b[00m%} $(git_prompt_info)', 'VSCODE_GIT_ASKPASS_NODE': '/home/ngt/.vscode-server/cli/servers/Stable-1b6a188127eeaf9194f945eb6eb89a657e93c54c/server/node', 'DBUS_SESSION_BUS_ADDRESS': 'unix:path=/run/user/1004/bus', 'PYDEVD_DISABLE_FILE_VALIDATION': '1', 'BUNDLED_DEBUGPY_PATH': '/home/ngt/.vscode-server/extensions/ms-python.debugpy-2026.6.0-linux-arm64/bundled/libs/debugpy', 'GZ_TRANSPORT_SUB_PORT': '11346', 'VSCODE_PYTHON_AUTOACTIVATE_GUARD': '1', 'COLORTERM': 'truecolor', 'ROS_DISTRO': 'jazzy', 'COLCON_PREFIX_PATH': '/home/ngt/cv_ws/install:/home/ngt/pid_ws/install:/home/ngt/auvc_ws/install:/home/ngt/auv_dancing/install', 'LOGNAME': 'ngt', '_': '/home/ngt/.virtualenvs/ardusub/bin/colcon', 'XDG_SESSION_CLASS': 'user', 'USER_ZDOTDIR': '/home/ngt', 'ROS_VERSION': '2', 'XDG_SESSION_ID': '1', 'TERM': 'xterm-256color', 'PATH': '/home/ngt/.virtualenvs/ardusub/bin:/home/ngt/.opencode/bin:/opt/ros/jazzy/opt/gz_msgs_vendor/bin:/opt/ros/jazzy/opt/gz_tools_vendor/bin:/opt/ros/jazzy/opt/gz_ogre_next_vendor/bin:/opt/ros/jazzy/bin:/usr/lib/ccache:/home/ngt/.vscode-server/data/User/globalStorage/github.copilot-chat/debugCommand:/home/ngt/.vscode-server/data/User/globalStorage/github.copilot-chat/copilotCli:/home/ngt/.vscode-server/cli/servers/Stable-1b6a188127eeaf9194f945eb6eb89a657e93c54c/server/bin/remote-cli:/usr/local/sbin:/usr/local/bin:/usr/sbin:/usr/bin:/sbin:/bin:/usr/games:/usr/local/games:/snap/bin:/home/ngt/.vscode-server/extensions/ms-python.debugpy-2026.6.0-linux-arm64/bundled/scripts/noConfigScripts:/home/ngt/.local/bin:/home/ngt/ardupilot/Tools/autotest', 'XDG_RUNTIME_DIR': '/run/user/1004', 'GZ_PARTITION': 'my_sim', 'LANG': 'en_US.UTF-8', 'VSCODE_DEBUGPY_ADAPTER_ENDPOINTS': '/home/ngt/.vscode-server/extensions/ms-python.debugpy-2026.6.0-linux-arm64/.noConfigDebugAdapterEndpoints/endpoint-fe03004f45a03570.txt', 'PYTHONSTARTUP': '/home/ngt/.vscode-server/data/User/workspaceStorage/e30aafa2edaaf296b4a11477f6a9b588/ms-python.python/pythonrc.py', 'VSCODE_INJECTION': '1', 'VIRTUAL_ENV_PROMPT': 'ardusub', 'TERM_PROGRAM': 'vscode', 'VSCODE_GIT_IPC_HANDLE': '/run/user/1004/vscode-git-191b257475.sock', 'LS_COLORS': 'rs=0:di=01;34:ln=01;36:mh=00:pi=40;33:so=01;35:do=01;35:bd=40;33;01:cd=40;33;01:or=40;31;01:mi=00:su=37;41:sg=30;43:ca=00:tw=30;42:ow=34;42:st=37;44:ex=01;32:*.tar=01;31:*.tgz=01;31:*.arc=01;31:*.arj=01;31:*.taz=01;31:*.lha=01;31:*.lz4=01;31:*.lzh=01;31:*.lzma=01;31:*.tlz=01;31:*.txz=01;31:*.tzo=01;31:*.t7z=01;31:*.zip=01;31:*.z=01;31:*.dz=01;31:*.gz=01;31:*.lrz=01;31:*.lz=01;31:*.lzo=01;31:*.xz=01;31:*.zst=01;31:*.tzst=01;31:*.bz2=01;31:*.bz=01;31:*.tbz=01;31:*.tbz2=01;31:*.tz=01;31:*.deb=01;31:*.rpm=01;31:*.jar=01;31:*.war=01;31:*.ear=01;31:*.sar=01;31:*.rar=01;31:*.alz=01;31:*.ace=01;31:*.zoo=01;31:*.cpio=01;31:*.7z=01;31:*.rz=01;31:*.cab=01;31:*.wim=01;31:*.swm=01;31:*.dwm=01;31:*.esd=01;31:*.avif=01;35:*.jpg=01;35:*.jpeg=01;35:*.mjpg=01;35:*.mjpeg=01;35:*.gif=01;35:*.bmp=01;35:*.pbm=01;35:*.pgm=01;35:*.ppm=01;35:*.tga=01;35:*.xbm=01;35:*.xpm=01;35:*.tif=01;35:*.tiff=01;35:*.png=01;35:*.svg=01;35:*.svgz=01;35:*.mng=01;35:*.pcx=01;35:*.mov=01;35:*.mpg=01;35:*.mpeg=01;35:*.m2v=01;35:*.mkv=01;35:*.webm=01;35:*.webp=01;35:*.ogm=01;35:*.mp4=01;35:*.m4v=01;35:*.mp4v=01;35:*.vob=01;35:*.qt=01;35:*.nuv=01;35:*.wmv=01;35:*.asf=01;35:*.rm=01;35:*.rmvb=01;35:*.flc=01;35:*.avi=01;35:*.fli=01;35:*.flv=01;35:*.gl=01;35:*.dl=01;35:*.xcf=01;35:*.xwd=01;35:*.yuv=01;35:*.cgm=01;35:*.emf=01;35:*.ogv=01;35:*.ogx=01;35:*.aac=00;36:*.au=00;36:*.flac=00;36:*.m4a=00;36:*.mid=00;36:*.midi=00;36:*.mka=00;36:*.mp3=00;36:*.mpc=00;36:*.ogg=00;36:*.ra=00;36:*.wav=00;36:*.oga=00;36:*.opus=00;36:*.spx=00;36:*.xspf=00;36:*~=00;90:*#=00;90:*.bak=00;90:*.crdownload=00;90:*.dpkg-dist=00;90:*.dpkg-new=00;90:*.dpkg-old=00;90:*.dpkg-tmp=00;90:*.old=00;90:*.orig=00;90:*.part=00;90:*.rej=00;90:*.rpmnew=00;90:*.rpmorig=00;90:*.rpmsave=00;90:*.swp=00;90:*.tmp=00;90:*.ucf-dist=00;90:*.ucf-new=00;90:*.ucf-old=00;90:', 'AMENT_PREFIX_PATH': '/home/ngt/auvc_ws/install/tutorial_virtualenvs:/home/ngt/auvc_ws/install/tutorial_pid:/home/ngt/auvc_ws/install/tutorial_ardusub:/home/ngt/auvc_ws/install/tutorial:/home/ngt/auvc_ws/install/rosmav:/home/ngt/auvc_ws/install/example_custom_srv:/home/ngt/cv_ws/install/cv:/home/ngt/pid_ws/install/target_depth_msgs:/home/ngt/pid_ws/install/pid:/home/ngt/auv_dancing/install/tutorial:/opt/ros/jazzy', 'SHELL': '/usr/bin/zsh', 'VIRTUALENVWRAPPER_PROJECT_FILENAME': '.project', 'VIRTUALENVWRAPPER_HOOK_DIR': '/home/ngt/.virtualenvs', 'VSCODE_GIT_ASKPASS_EXTRA_ARGS': '', 'VIRTUALENVWRAPPER_SCRIPT': '/usr/share/virtualenvwrapper/virtualenvwrapper.sh', 'ROS_AUTOMATIC_DISCOVERY_RANGE': 'SUBNET', 'VIRTUAL_ENV': '/home/ngt/.virtualenvs/ardusub', 'LC_ALL': 'en_US.UTF-8', 'PWD': '/home/ngt/ZENS-Final-AUVC/build/flashing', 'SSH_CONNECTION': '192.168.3.1 64256 192.168.3.2 22', 'COPILOT_DEBUG_NONCE': 'd6eed4c06bd82aa6cee185ab30fdc4f4', 'ZDOTDIR': '/home/ngt', 'PYTHONPATH': '/home/ngt/ZENS-Final-AUVC/build/flashing/prefix_override:/home/ngt/.virtualenvs/ardusub/lib/python3.12/site-packages/colcon_core/task/python/colcon_distutils_commands:/home/ngt/ZENS-Final-AUVC/install/flashing/lib/python3.12/site-packages:/home/ngt/auvc_ws/install/tutorial_virtualenvs/lib/python3.12/site-packages:/home/ngt/auvc_ws/install/tutorial_pid/lib/python3.12/site-packages:/home/ngt/auvc_ws/install/tutorial_ardusub/lib/python3.12/site-packages:/home/ngt/auvc_ws/install/tutorial/lib/python3.12/site-packages:/home/ngt/auvc_ws/install/rosmav/lib/python3.12/site-packages:/home/ngt/auvc_ws/install/example_custom_srv/lib/python3.12/site-packages:/home/ngt/cv_ws/install/cv/lib/python3.12/site-packages:/home/ngt/pid_ws/install/target_depth_msgs/lib/python3.12/site-packages:/home/ngt/pid_ws/install/pid/lib/python3.12/site-packages:/home/ngt/auv_dancing/install/tutorial/lib/python3.12/site-packages:/opt/ros/jazzy/lib/python3.12/site-packages', 'COLCON': '1', 'CMAKE_PREFIX_PATH': '/home/ngt/auvc_ws/install/example_custom_srv:/home/ngt/pid_ws/install/target_depth_msgs:/opt/ros/jazzy/opt/gz_sim_vendor:/opt/ros/jazzy/opt/gz_sensors_vendor:/opt/ros/jazzy/opt/gz_physics_vendor:/opt/ros/jazzy/opt/sdformat_vendor:/opt/ros/jazzy/opt/gz_gui_vendor:/opt/ros/jazzy/opt/gz_transport_vendor:/opt/ros/jazzy/opt/gz_rendering_vendor:/opt/ros/jazzy/opt/gz_plugin_vendor:/opt/ros/jazzy/opt/gz_fuel_tools_vendor:/opt/ros/jazzy/opt/gz_msgs_vendor:/opt/ros/jazzy/opt/gz_common_vendor:/opt/ros/jazzy/opt/gz_math_vendor:/opt/ros/jazzy/opt/gz_utils_vendor:/opt/ros/jazzy/opt/gz_tools_vendor:/opt/ros/jazzy/opt/gz_ogre_next_vendor:/opt/ros/jazzy/opt/gz_dartsim_vendor:/opt/ros/jazzy/opt/gz_cmake_vendor'}, 'shell': False}
[21.552902] (-) TimerEvent: {}
[21.660884] (-) TimerEvent: {}
[21.761749] (-) TimerEvent: {}
[21.869280] (-) TimerEvent: {}
[21.976000] (-) TimerEvent: {}
[22.080225] (-) TimerEvent: {}
[22.181405] (-) TimerEvent: {}
[22.285767] (-) TimerEvent: {}
[22.388628] (-) TimerEvent: {}
[22.491866] (-) TimerEvent: {}
[22.592653] (-) TimerEvent: {}
[22.705733] (-) TimerEvent: {}
[22.806488] (-) TimerEvent: {}
[22.910747] (-) TimerEvent: {}
[23.013747] (-) TimerEvent: {}
[23.114847] (-) TimerEvent: {}
[23.217971] (-) TimerEvent: {}
[23.319738] (-) TimerEvent: {}
[23.427748] (-) TimerEvent: {}
[23.530767] (-) TimerEvent: {}
[23.636732] (-) TimerEvent: {}
[23.745752] (-) TimerEvent: {}
[23.850741] (-) TimerEvent: {}
[23.951752] (-) TimerEvent: {}
[24.063756] (-) TimerEvent: {}
[24.164740] (-) TimerEvent: {}
[24.277775] (-) TimerEvent: {}
[24.378615] (-) TimerEvent: {}
[24.483716] (-) TimerEvent: {}
[24.590754] (-) TimerEvent: {}
[24.697441] (-) TimerEvent: {}
[24.803806] (-) TimerEvent: {}
[24.904863] (-) TimerEvent: {}
[24.973820] (cv) Command: {'cmd': ['/home/ngt/.virtualenvs/ardusub/bin/python', '-W', 'ignore:setup.py install is deprecated', '-W', 'ignore:easy_install command is deprecated', 'setup.py', 'egg_info', '--egg-base', '../../../build/cv', 'build', '--build-base', '/home/ngt/ZENS-Final-AUVC/build/cv/build', 'install', '--record', '/home/ngt/ZENS-Final-AUVC/build/cv/install.log', '--install-scripts', '$base/lib/cv', '--single-version-externally-managed', 'install_data'], 'cwd': '/home/ngt/ZENS-Final-AUVC/ros_ws/src/cv', 'env': {'PYTHON_BASIC_REPL': '1', 'VIRTUALENVWRAPPER_WORKON_CD': '1', 'USER': 'ngt', 'SSH_CLIENT': '192.168.3.1 64256 22', 'WORKON_HOME': '/home/ngt/.virtualenvs', 'GZ_SIM_RESOURCE_PATH': '/opt/ros/jazzy/share', 'GZ_CONFIG_PATH': '/opt/ros/jazzy/opt/gz_sim_vendor/share/gz:/opt/ros/jazzy/opt/sdformat_vendor/share/gz:/opt/ros/jazzy/opt/gz_gui_vendor/share/gz:/opt/ros/jazzy/opt/gz_transport_vendor/share/gz:/opt/ros/jazzy/opt/gz_rendering_vendor/share/gz:/opt/ros/jazzy/opt/gz_plugin_vendor/share/gz:/opt/ros/jazzy/opt/gz_fuel_tools_vendor/share/gz:/opt/ros/jazzy/opt/gz_msgs_vendor/share/gz:/opt/ros/jazzy/opt/gz_common_vendor/share/gz', 'XDG_SESSION_TYPE': 'tty', 'GIT_ASKPASS': '/home/ngt/.vscode-server/cli/servers/Stable-1b6a188127eeaf9194f945eb6eb89a657e93c54c/server/extensions/git/dist/askpass.sh', 'SHLVL': '1', 'BROWSER': '/home/ngt/.vscode-server/cli/servers/Stable-1b6a188127eeaf9194f945eb6eb89a657e93c54c/server/bin/helpers/browser.sh', 'LD_LIBRARY_PATH': '/home/ngt/auvc_ws/install/example_custom_srv/lib:/home/ngt/pid_ws/install/target_depth_msgs/lib:/opt/ros/jazzy/opt/gz_sim_vendor/lib:/opt/ros/jazzy/opt/gz_sensors_vendor/lib:/opt/ros/jazzy/opt/gz_physics_vendor/lib:/opt/ros/jazzy/opt/sdformat_vendor/lib:/opt/ros/jazzy/opt/rviz_ogre_vendor/lib:/opt/ros/jazzy/lib/aarch64-linux-gnu:/opt/ros/jazzy/opt/gz_gui_vendor/lib:/opt/ros/jazzy/opt/gz_transport_vendor/lib:/opt/ros/jazzy/opt/gz_rendering_vendor/lib:/opt/ros/jazzy/opt/gz_plugin_vendor/lib:/opt/ros/jazzy/opt/gz_fuel_tools_vendor/lib:/opt/ros/jazzy/opt/gz_msgs_vendor/lib:/opt/ros/jazzy/opt/gz_common_vendor/lib:/opt/ros/jazzy/opt/gz_math_vendor/lib:/opt/ros/jazzy/opt/gz_utils_vendor/lib:/opt/ros/jazzy/opt/gz_tools_vendor/lib:/opt/ros/jazzy/opt/gz_ogre_next_vendor/lib:/opt/ros/jazzy/opt/gz_dartsim_vendor/lib:/opt/ros/jazzy/opt/gz_cmake_vendor/lib:/opt/ros/jazzy/lib', 'GZ_TRANSPORT_ID': '192.168.3.1', 'HOME': '/home/ngt', 'OLDPWD': '/home/ngt', 'LESS': '-R', 'VIRTUALENVWRAPPER_PYTHON': '/usr/bin/python3', 'TERM_PROGRAM_VERSION': '1.130.0', 'VSCODE_IPC_HOOK_CLI': '/run/user/1004/vscode-ipc-85f34aaf-8c14-4b5e-9609-f108a0457dd3.sock', 'ZSH': '/home/ngt/.oh-my-zsh', 'LSCOLORS': 'Gxfxcxdxbxegedabagacad', 'GZ_TRANSPORT_PUB_PORT': '11345', 'VSCODE_GIT_ASKPASS_MAIN': '/home/ngt/.vscode-server/cli/servers/Stable-1b6a188127eeaf9194f945eb6eb89a657e93c54c/server/extensions/git/dist/askpass-main.js', 'PAGER': 'less', 'ROS_PYTHON_VERSION': '3', 'PS1': '(ardusub) %(?:%{\x1b[01;32m%}%1{➜%} :%{\x1b[01;31m%}%1{➜%} ) %{\x1b[36m%}%c%{\x1b[00m%} $(git_prompt_info)', 'VSCODE_GIT_ASKPASS_NODE': '/home/ngt/.vscode-server/cli/servers/Stable-1b6a188127eeaf9194f945eb6eb89a657e93c54c/server/node', 'DBUS_SESSION_BUS_ADDRESS': 'unix:path=/run/user/1004/bus', 'PYDEVD_DISABLE_FILE_VALIDATION': '1', 'BUNDLED_DEBUGPY_PATH': '/home/ngt/.vscode-server/extensions/ms-python.debugpy-2026.6.0-linux-arm64/bundled/libs/debugpy', 'GZ_TRANSPORT_SUB_PORT': '11346', 'VSCODE_PYTHON_AUTOACTIVATE_GUARD': '1', 'COLORTERM': 'truecolor', 'ROS_DISTRO': 'jazzy', 'COLCON_PREFIX_PATH': '/home/ngt/cv_ws/install:/home/ngt/pid_ws/install:/home/ngt/auvc_ws/install:/home/ngt/auv_dancing/install', 'LOGNAME': 'ngt', '_': '/home/ngt/.virtualenvs/ardusub/bin/colcon', 'XDG_SESSION_CLASS': 'user', 'USER_ZDOTDIR': '/home/ngt', 'ROS_VERSION': '2', 'XDG_SESSION_ID': '1', 'TERM': 'xterm-256color', 'PATH': '/home/ngt/.virtualenvs/ardusub/bin:/home/ngt/.opencode/bin:/opt/ros/jazzy/opt/gz_msgs_vendor/bin:/opt/ros/jazzy/opt/gz_tools_vendor/bin:/opt/ros/jazzy/opt/gz_ogre_next_vendor/bin:/opt/ros/jazzy/bin:/usr/lib/ccache:/home/ngt/.vscode-server/data/User/globalStorage/github.copilot-chat/debugCommand:/home/ngt/.vscode-server/data/User/globalStorage/github.copilot-chat/copilotCli:/home/ngt/.vscode-server/cli/servers/Stable-1b6a188127eeaf9194f945eb6eb89a657e93c54c/server/bin/remote-cli:/usr/local/sbin:/usr/local/bin:/usr/sbin:/usr/bin:/sbin:/bin:/usr/games:/usr/local/games:/snap/bin:/home/ngt/.vscode-server/extensions/ms-python.debugpy-2026.6.0-linux-arm64/bundled/scripts/noConfigScripts:/home/ngt/.local/bin:/home/ngt/ardupilot/Tools/autotest', 'XDG_RUNTIME_DIR': '/run/user/1004', 'GZ_PARTITION': 'my_sim', 'LANG': 'en_US.UTF-8', 'VSCODE_DEBUGPY_ADAPTER_ENDPOINTS': '/home/ngt/.vscode-server/extensions/ms-python.debugpy-2026.6.0-linux-arm64/.noConfigDebugAdapterEndpoints/endpoint-fe03004f45a03570.txt', 'PYTHONSTARTUP': '/home/ngt/.vscode-server/data/User/workspaceStorage/e30aafa2edaaf296b4a11477f6a9b588/ms-python.python/pythonrc.py', 'VSCODE_INJECTION': '1', 'VIRTUAL_ENV_PROMPT': 'ardusub', 'TERM_PROGRAM': 'vscode', 'VSCODE_GIT_IPC_HANDLE': '/run/user/1004/vscode-git-191b257475.sock', 'LS_COLORS': 'rs=0:di=01;34:ln=01;36:mh=00:pi=40;33:so=01;35:do=01;35:bd=40;33;01:cd=40;33;01:or=40;31;01:mi=00:su=37;41:sg=30;43:ca=00:tw=30;42:ow=34;42:st=37;44:ex=01;32:*.tar=01;31:*.tgz=01;31:*.arc=01;31:*.arj=01;31:*.taz=01;31:*.lha=01;31:*.lz4=01;31:*.lzh=01;31:*.lzma=01;31:*.tlz=01;31:*.txz=01;31:*.tzo=01;31:*.t7z=01;31:*.zip=01;31:*.z=01;31:*.dz=01;31:*.gz=01;31:*.lrz=01;31:*.lz=01;31:*.lzo=01;31:*.xz=01;31:*.zst=01;31:*.tzst=01;31:*.bz2=01;31:*.bz=01;31:*.tbz=01;31:*.tbz2=01;31:*.tz=01;31:*.deb=01;31:*.rpm=01;31:*.jar=01;31:*.war=01;31:*.ear=01;31:*.sar=01;31:*.rar=01;31:*.alz=01;31:*.ace=01;31:*.zoo=01;31:*.cpio=01;31:*.7z=01;31:*.rz=01;31:*.cab=01;31:*.wim=01;31:*.swm=01;31:*.dwm=01;31:*.esd=01;31:*.avif=01;35:*.jpg=01;35:*.jpeg=01;35:*.mjpg=01;35:*.mjpeg=01;35:*.gif=01;35:*.bmp=01;35:*.pbm=01;35:*.pgm=01;35:*.ppm=01;35:*.tga=01;35:*.xbm=01;35:*.xpm=01;35:*.tif=01;35:*.tiff=01;35:*.png=01;35:*.svg=01;35:*.svgz=01;35:*.mng=01;35:*.pcx=01;35:*.mov=01;35:*.mpg=01;35:*.mpeg=01;35:*.m2v=01;35:*.mkv=01;35:*.webm=01;35:*.webp=01;35:*.ogm=01;35:*.mp4=01;35:*.m4v=01;35:*.mp4v=01;35:*.vob=01;35:*.qt=01;35:*.nuv=01;35:*.wmv=01;35:*.asf=01;35:*.rm=01;35:*.rmvb=01;35:*.flc=01;35:*.avi=01;35:*.fli=01;35:*.flv=01;35:*.gl=01;35:*.dl=01;35:*.xcf=01;35:*.xwd=01;35:*.yuv=01;35:*.cgm=01;35:*.emf=01;35:*.ogv=01;35:*.ogx=01;35:*.aac=00;36:*.au=00;36:*.flac=00;36:*.m4a=00;36:*.mid=00;36:*.midi=00;36:*.mka=00;36:*.mp3=00;36:*.mpc=00;36:*.ogg=00;36:*.ra=00;36:*.wav=00;36:*.oga=00;36:*.opus=00;36:*.spx=00;36:*.xspf=00;36:*~=00;90:*#=00;90:*.bak=00;90:*.crdownload=00;90:*.dpkg-dist=00;90:*.dpkg-new=00;90:*.dpkg-old=00;90:*.dpkg-tmp=00;90:*.old=00;90:*.orig=00;90:*.part=00;90:*.rej=00;90:*.rpmnew=00;90:*.rpmorig=00;90:*.rpmsave=00;90:*.swp=00;90:*.tmp=00;90:*.ucf-dist=00;90:*.ucf-new=00;90:*.ucf-old=00;90:', 'AMENT_PREFIX_PATH': '/home/ngt/auvc_ws/install/tutorial_virtualenvs:/home/ngt/auvc_ws/install/tutorial_pid:/home/ngt/auvc_ws/install/tutorial_ardusub:/home/ngt/auvc_ws/install/tutorial:/home/ngt/auvc_ws/install/rosmav:/home/ngt/auvc_ws/install/example_custom_srv:/home/ngt/cv_ws/install/cv:/home/ngt/pid_ws/install/target_depth_msgs:/home/ngt/pid_ws/install/pid:/home/ngt/auv_dancing/install/tutorial:/opt/ros/jazzy', 'SHELL': '/usr/bin/zsh', 'VIRTUALENVWRAPPER_PROJECT_FILENAME': '.project', 'VIRTUALENVWRAPPER_HOOK_DIR': '/home/ngt/.virtualenvs', 'VSCODE_GIT_ASKPASS_EXTRA_ARGS': '', 'VIRTUALENVWRAPPER_SCRIPT': '/usr/share/virtualenvwrapper/virtualenvwrapper.sh', 'ROS_AUTOMATIC_DISCOVERY_RANGE': 'SUBNET', 'VIRTUAL_ENV': '/home/ngt/.virtualenvs/ardusub', 'LC_ALL': 'en_US.UTF-8', 'PWD': '/home/ngt/ZENS-Final-AUVC/build/cv', 'SSH_CONNECTION': '192.168.3.1 64256 192.168.3.2 22', 'COPILOT_DEBUG_NONCE': 'd6eed4c06bd82aa6cee185ab30fdc4f4', 'ZDOTDIR': '/home/ngt', 'PYTHONPATH': '/home/ngt/ZENS-Final-AUVC/build/cv/prefix_override:/home/ngt/.virtualenvs/ardusub/lib/python3.12/site-packages/colcon_core/task/python/colcon_distutils_commands:/home/ngt/ZENS-Final-AUVC/install/cv/lib/python3.12/site-packages:/home/ngt/auvc_ws/install/tutorial_virtualenvs/lib/python3.12/site-packages:/home/ngt/auvc_ws/install/tutorial_pid/lib/python3.12/site-packages:/home/ngt/auvc_ws/install/tutorial_ardusub/lib/python3.12/site-packages:/home/ngt/auvc_ws/install/tutorial/lib/python3.12/site-packages:/home/ngt/auvc_ws/install/rosmav/lib/python3.12/site-packages:/home/ngt/auvc_ws/install/example_custom_srv/lib/python3.12/site-packages:/home/ngt/cv_ws/install/cv/lib/python3.12/site-packages:/home/ngt/pid_ws/install/target_depth_msgs/lib/python3.12/site-packages:/home/ngt/pid_ws/install/pid/lib/python3.12/site-packages:/home/ngt/auv_dancing/install/tutorial/lib/python3.12/site-packages:/opt/ros/jazzy/lib/python3.12/site-packages', 'COLCON': '1', 'CMAKE_PREFIX_PATH': '/home/ngt/auvc_ws/install/example_custom_srv:/home/ngt/pid_ws/install/target_depth_msgs:/opt/ros/jazzy/opt/gz_sim_vendor:/opt/ros/jazzy/opt/gz_sensors_vendor:/opt/ros/jazzy/opt/gz_physics_vendor:/opt/ros/jazzy/opt/sdformat_vendor:/opt/ros/jazzy/opt/gz_gui_vendor:/opt/ros/jazzy/opt/gz_transport_vendor:/opt/ros/jazzy/opt/gz_rendering_vendor:/opt/ros/jazzy/opt/gz_plugin_vendor:/opt/ros/jazzy/opt/gz_fuel_tools_vendor:/opt/ros/jazzy/opt/gz_msgs_vendor:/opt/ros/jazzy/opt/gz_common_vendor:/opt/ros/jazzy/opt/gz_math_vendor:/opt/ros/jazzy/opt/gz_utils_vendor:/opt/ros/jazzy/opt/gz_tools_vendor:/opt/ros/jazzy/opt/gz_ogre_next_vendor:/opt/ros/jazzy/opt/gz_dartsim_vendor:/opt/ros/jazzy/opt/gz_cmake_vendor'}, 'shell': False}
[25.009765] (-) TimerEvent: {}
[25.115749] (-) TimerEvent: {}
[25.216620] (-) TimerEvent: {}
[25.326849] (-) TimerEvent: {}
[25.432752] (-) TimerEvent: {}
[25.534772] (-) TimerEvent: {}
[25.640897] (-) TimerEvent: {}
[25.746834] (-) TimerEvent: {}
[25.848143] (-) TimerEvent: {}
[25.949732] (-) TimerEvent: {}
[26.055239] (-) TimerEvent: {}
[26.161952] (-) TimerEvent: {}
[26.269201] (-) TimerEvent: {}
[26.371147] (-) TimerEvent: {}
[26.473856] (-) TimerEvent: {}
[26.577502] (-) TimerEvent: {}
[26.680808] (-) TimerEvent: {}
[26.782742] (-) TimerEvent: {}
[26.895290] (-) TimerEvent: {}
[26.999737] (-) TimerEvent: {}
[27.102791] (-) TimerEvent: {}
[27.206792] (-) TimerEvent: {}
[27.315768] (-) TimerEvent: {}
[27.416684] (-) TimerEvent: {}
[27.522544] (-) TimerEvent: {}
[27.629684] (-) TimerEvent: {}
[27.731797] (-) TimerEvent: {}
[27.838758] (-) TimerEvent: {}
[27.941988] (-) TimerEvent: {}
[27.961844] (bringup) Command: {'cmd': ['/home/ngt/.virtualenvs/ardusub/bin/python', '-W', 'ignore:setup.py install is deprecated', '-W', 'ignore:easy_install command is deprecated', 'setup.py', 'egg_info', '--egg-base', '../../../build/bringup', 'build', '--build-base', '/home/ngt/ZENS-Final-AUVC/build/bringup/build', 'install', '--record', '/home/ngt/ZENS-Final-AUVC/build/bringup/install.log', '--install-scripts', '$base/lib/bringup', '--single-version-externally-managed', 'install_data'], 'cwd': '/home/ngt/ZENS-Final-AUVC/ros_ws/src/bringup', 'env': {'PYTHON_BASIC_REPL': '1', 'VIRTUALENVWRAPPER_WORKON_CD': '1', 'USER': 'ngt', 'SSH_CLIENT': '192.168.3.1 64256 22', 'WORKON_HOME': '/home/ngt/.virtualenvs', 'GZ_SIM_RESOURCE_PATH': '/opt/ros/jazzy/share', 'GZ_CONFIG_PATH': '/opt/ros/jazzy/opt/gz_sim_vendor/share/gz:/opt/ros/jazzy/opt/sdformat_vendor/share/gz:/opt/ros/jazzy/opt/gz_gui_vendor/share/gz:/opt/ros/jazzy/opt/gz_transport_vendor/share/gz:/opt/ros/jazzy/opt/gz_rendering_vendor/share/gz:/opt/ros/jazzy/opt/gz_plugin_vendor/share/gz:/opt/ros/jazzy/opt/gz_fuel_tools_vendor/share/gz:/opt/ros/jazzy/opt/gz_msgs_vendor/share/gz:/opt/ros/jazzy/opt/gz_common_vendor/share/gz', 'XDG_SESSION_TYPE': 'tty', 'GIT_ASKPASS': '/home/ngt/.vscode-server/cli/servers/Stable-1b6a188127eeaf9194f945eb6eb89a657e93c54c/server/extensions/git/dist/askpass.sh', 'SHLVL': '1', 'BROWSER': '/home/ngt/.vscode-server/cli/servers/Stable-1b6a188127eeaf9194f945eb6eb89a657e93c54c/server/bin/helpers/browser.sh', 'LD_LIBRARY_PATH': '/home/ngt/auvc_ws/install/example_custom_srv/lib:/home/ngt/pid_ws/install/target_depth_msgs/lib:/opt/ros/jazzy/opt/gz_sim_vendor/lib:/opt/ros/jazzy/opt/gz_sensors_vendor/lib:/opt/ros/jazzy/opt/gz_physics_vendor/lib:/opt/ros/jazzy/opt/sdformat_vendor/lib:/opt/ros/jazzy/opt/rviz_ogre_vendor/lib:/opt/ros/jazzy/lib/aarch64-linux-gnu:/opt/ros/jazzy/opt/gz_gui_vendor/lib:/opt/ros/jazzy/opt/gz_transport_vendor/lib:/opt/ros/jazzy/opt/gz_rendering_vendor/lib:/opt/ros/jazzy/opt/gz_plugin_vendor/lib:/opt/ros/jazzy/opt/gz_fuel_tools_vendor/lib:/opt/ros/jazzy/opt/gz_msgs_vendor/lib:/opt/ros/jazzy/opt/gz_common_vendor/lib:/opt/ros/jazzy/opt/gz_math_vendor/lib:/opt/ros/jazzy/opt/gz_utils_vendor/lib:/opt/ros/jazzy/opt/gz_tools_vendor/lib:/opt/ros/jazzy/opt/gz_ogre_next_vendor/lib:/opt/ros/jazzy/opt/gz_dartsim_vendor/lib:/opt/ros/jazzy/opt/gz_cmake_vendor/lib:/opt/ros/jazzy/lib', 'GZ_TRANSPORT_ID': '192.168.3.1', 'HOME': '/home/ngt', 'OLDPWD': '/home/ngt', 'LESS': '-R', 'VIRTUALENVWRAPPER_PYTHON': '/usr/bin/python3', 'TERM_PROGRAM_VERSION': '1.130.0', 'VSCODE_IPC_HOOK_CLI': '/run/user/1004/vscode-ipc-85f34aaf-8c14-4b5e-9609-f108a0457dd3.sock', 'ZSH': '/home/ngt/.oh-my-zsh', 'LSCOLORS': 'Gxfxcxdxbxegedabagacad', 'GZ_TRANSPORT_PUB_PORT': '11345', 'VSCODE_GIT_ASKPASS_MAIN': '/home/ngt/.vscode-server/cli/servers/Stable-1b6a188127eeaf9194f945eb6eb89a657e93c54c/server/extensions/git/dist/askpass-main.js', 'PAGER': 'less', 'ROS_PYTHON_VERSION': '3', 'PS1': '(ardusub) %(?:%{\x1b[01;32m%}%1{➜%} :%{\x1b[01;31m%}%1{➜%} ) %{\x1b[36m%}%c%{\x1b[00m%} $(git_prompt_info)', 'VSCODE_GIT_ASKPASS_NODE': '/home/ngt/.vscode-server/cli/servers/Stable-1b6a188127eeaf9194f945eb6eb89a657e93c54c/server/node', 'DBUS_SESSION_BUS_ADDRESS': 'unix:path=/run/user/1004/bus', 'PYDEVD_DISABLE_FILE_VALIDATION': '1', 'BUNDLED_DEBUGPY_PATH': '/home/ngt/.vscode-server/extensions/ms-python.debugpy-2026.6.0-linux-arm64/bundled/libs/debugpy', 'GZ_TRANSPORT_SUB_PORT': '11346', 'VSCODE_PYTHON_AUTOACTIVATE_GUARD': '1', 'COLORTERM': 'truecolor', 'ROS_DISTRO': 'jazzy', 'COLCON_PREFIX_PATH': '/home/ngt/cv_ws/install:/home/ngt/pid_ws/install:/home/ngt/auvc_ws/install:/home/ngt/auv_dancing/install', 'LOGNAME': 'ngt', '_': '/home/ngt/.virtualenvs/ardusub/bin/colcon', 'XDG_SESSION_CLASS': 'user', 'USER_ZDOTDIR': '/home/ngt', 'ROS_VERSION': '2', 'XDG_SESSION_ID': '1', 'TERM': 'xterm-256color', 'PATH': '/home/ngt/.virtualenvs/ardusub/bin:/home/ngt/.opencode/bin:/opt/ros/jazzy/opt/gz_msgs_vendor/bin:/opt/ros/jazzy/opt/gz_tools_vendor/bin:/opt/ros/jazzy/opt/gz_ogre_next_vendor/bin:/opt/ros/jazzy/bin:/usr/lib/ccache:/home/ngt/.vscode-server/data/User/globalStorage/github.copilot-chat/debugCommand:/home/ngt/.vscode-server/data/User/globalStorage/github.copilot-chat/copilotCli:/home/ngt/.vscode-server/cli/servers/Stable-1b6a188127eeaf9194f945eb6eb89a657e93c54c/server/bin/remote-cli:/usr/local/sbin:/usr/local/bin:/usr/sbin:/usr/bin:/sbin:/bin:/usr/games:/usr/local/games:/snap/bin:/home/ngt/.vscode-server/extensions/ms-python.debugpy-2026.6.0-linux-arm64/bundled/scripts/noConfigScripts:/home/ngt/.local/bin:/home/ngt/ardupilot/Tools/autotest', 'XDG_RUNTIME_DIR': '/run/user/1004', 'GZ_PARTITION': 'my_sim', 'LANG': 'en_US.UTF-8', 'VSCODE_DEBUGPY_ADAPTER_ENDPOINTS': '/home/ngt/.vscode-server/extensions/ms-python.debugpy-2026.6.0-linux-arm64/.noConfigDebugAdapterEndpoints/endpoint-fe03004f45a03570.txt', 'PYTHONSTARTUP': '/home/ngt/.vscode-server/data/User/workspaceStorage/e30aafa2edaaf296b4a11477f6a9b588/ms-python.python/pythonrc.py', 'VSCODE_INJECTION': '1', 'VIRTUAL_ENV_PROMPT': 'ardusub', 'TERM_PROGRAM': 'vscode', 'VSCODE_GIT_IPC_HANDLE': '/run/user/1004/vscode-git-191b257475.sock', 'LS_COLORS': 'rs=0:di=01;34:ln=01;36:mh=00:pi=40;33:so=01;35:do=01;35:bd=40;33;01:cd=40;33;01:or=40;31;01:mi=00:su=37;41:sg=30;43:ca=00:tw=30;42:ow=34;42:st=37;44:ex=01;32:*.tar=01;31:*.tgz=01;31:*.arc=01;31:*.arj=01;31:*.taz=01;31:*.lha=01;31:*.lz4=01;31:*.lzh=01;31:*.lzma=01;31:*.tlz=01;31:*.txz=01;31:*.tzo=01;31:*.t7z=01;31:*.zip=01;31:*.z=01;31:*.dz=01;31:*.gz=01;31:*.lrz=01;31:*.lz=01;31:*.lzo=01;31:*.xz=01;31:*.zst=01;31:*.tzst=01;31:*.bz2=01;31:*.bz=01;31:*.tbz=01;31:*.tbz2=01;31:*.tz=01;31:*.deb=01;31:*.rpm=01;31:*.jar=01;31:*.war=01;31:*.ear=01;31:*.sar=01;31:*.rar=01;31:*.alz=01;31:*.ace=01;31:*.zoo=01;31:*.cpio=01;31:*.7z=01;31:*.rz=01;31:*.cab=01;31:*.wim=01;31:*.swm=01;31:*.dwm=01;31:*.esd=01;31:*.avif=01;35:*.jpg=01;35:*.jpeg=01;35:*.mjpg=01;35:*.mjpeg=01;35:*.gif=01;35:*.bmp=01;35:*.pbm=01;35:*.pgm=01;35:*.ppm=01;35:*.tga=01;35:*.xbm=01;35:*.xpm=01;35:*.tif=01;35:*.tiff=01;35:*.png=01;35:*.svg=01;35:*.svgz=01;35:*.mng=01;35:*.pcx=01;35:*.mov=01;35:*.mpg=01;35:*.mpeg=01;35:*.m2v=01;35:*.mkv=01;35:*.webm=01;35:*.webp=01;35:*.ogm=01;35:*.mp4=01;35:*.m4v=01;35:*.mp4v=01;35:*.vob=01;35:*.qt=01;35:*.nuv=01;35:*.wmv=01;35:*.asf=01;35:*.rm=01;35:*.rmvb=01;35:*.flc=01;35:*.avi=01;35:*.fli=01;35:*.flv=01;35:*.gl=01;35:*.dl=01;35:*.xcf=01;35:*.xwd=01;35:*.yuv=01;35:*.cgm=01;35:*.emf=01;35:*.ogv=01;35:*.ogx=01;35:*.aac=00;36:*.au=00;36:*.flac=00;36:*.m4a=00;36:*.mid=00;36:*.midi=00;36:*.mka=00;36:*.mp3=00;36:*.mpc=00;36:*.ogg=00;36:*.ra=00;36:*.wav=00;36:*.oga=00;36:*.opus=00;36:*.spx=00;36:*.xspf=00;36:*~=00;90:*#=00;90:*.bak=00;90:*.crdownload=00;90:*.dpkg-dist=00;90:*.dpkg-new=00;90:*.dpkg-old=00;90:*.dpkg-tmp=00;90:*.old=00;90:*.orig=00;90:*.part=00;90:*.rej=00;90:*.rpmnew=00;90:*.rpmorig=00;90:*.rpmsave=00;90:*.swp=00;90:*.tmp=00;90:*.ucf-dist=00;90:*.ucf-new=00;90:*.ucf-old=00;90:', 'AMENT_PREFIX_PATH': '/home/ngt/auvc_ws/install/tutorial_virtualenvs:/home/ngt/auvc_ws/install/tutorial_pid:/home/ngt/auvc_ws/install/tutorial_ardusub:/home/ngt/auvc_ws/install/tutorial:/home/ngt/auvc_ws/install/rosmav:/home/ngt/auvc_ws/install/example_custom_srv:/home/ngt/cv_ws/install/cv:/home/ngt/pid_ws/install/target_depth_msgs:/home/ngt/pid_ws/install/pid:/home/ngt/auv_dancing/install/tutorial:/opt/ros/jazzy', 'SHELL': '/usr/bin/zsh', 'VIRTUALENVWRAPPER_PROJECT_FILENAME': '.project', 'VIRTUALENVWRAPPER_HOOK_DIR': '/home/ngt/.virtualenvs', 'VSCODE_GIT_ASKPASS_EXTRA_ARGS': '', 'VIRTUALENVWRAPPER_SCRIPT': '/usr/share/virtualenvwrapper/virtualenvwrapper.sh', 'ROS_AUTOMATIC_DISCOVERY_RANGE': 'SUBNET', 'VIRTUAL_ENV': '/home/ngt/.virtualenvs/ardusub', 'LC_ALL': 'en_US.UTF-8', 'PWD': '/home/ngt/ZENS-Final-AUVC/build/bringup', 'SSH_CONNECTION': '192.168.3.1 64256 192.168.3.2 22', 'COPILOT_DEBUG_NONCE': 'd6eed4c06bd82aa6cee185ab30fdc4f4', 'ZDOTDIR': '/home/ngt', 'PYTHONPATH': '/home/ngt/ZENS-Final-AUVC/build/bringup/prefix_override:/home/ngt/.virtualenvs/ardusub/lib/python3.12/site-packages/colcon_core/task/python/colcon_distutils_commands:/home/ngt/ZENS-Final-AUVC/install/bringup/lib/python3.12/site-packages:/home/ngt/auvc_ws/install/tutorial_virtualenvs/lib/python3.12/site-packages:/home/ngt/auvc_ws/install/tutorial_pid/lib/python3.12/site-packages:/home/ngt/auvc_ws/install/tutorial_ardusub/lib/python3.12/site-packages:/home/ngt/auvc_ws/install/tutorial/lib/python3.12/site-packages:/home/ngt/auvc_ws/install/rosmav/lib/python3.12/site-packages:/home/ngt/auvc_ws/install/example_custom_srv/lib/python3.12/site-packages:/home/ngt/cv_ws/install/cv/lib/python3.12/site-packages:/home/ngt/pid_ws/install/target_depth_msgs/lib/python3.12/site-packages:/home/ngt/pid_ws/install/pid/lib/python3.12/site-packages:/home/ngt/auv_dancing/install/tutorial/lib/python3.12/site-packages:/opt/ros/jazzy/lib/python3.12/site-packages', 'COLCON': '1', 'CMAKE_PREFIX_PATH': '/home/ngt/auvc_ws/install/example_custom_srv:/home/ngt/pid_ws/install/target_depth_msgs:/opt/ros/jazzy/opt/gz_sim_vendor:/opt/ros/jazzy/opt/gz_sensors_vendor:/opt/ros/jazzy/opt/gz_physics_vendor:/opt/ros/jazzy/opt/sdformat_vendor:/opt/ros/jazzy/opt/gz_gui_vendor:/opt/ros/jazzy/opt/gz_transport_vendor:/opt/ros/jazzy/opt/gz_rendering_vendor:/opt/ros/jazzy/opt/gz_plugin_vendor:/opt/ros/jazzy/opt/gz_fuel_tools_vendor:/opt/ros/jazzy/opt/gz_msgs_vendor:/opt/ros/jazzy/opt/gz_common_vendor:/opt/ros/jazzy/opt/gz_math_vendor:/opt/ros/jazzy/opt/gz_utils_vendor:/opt/ros/jazzy/opt/gz_tools_vendor:/opt/ros/jazzy/opt/gz_ogre_next_vendor:/opt/ros/jazzy/opt/gz_dartsim_vendor:/opt/ros/jazzy/opt/gz_cmake_vendor'}, 'shell': False}
[28.044898] (-) TimerEvent: {}
[28.149793] (-) TimerEvent: {}
[28.252491] (-) TimerEvent: {}
[28.358921] (-) TimerEvent: {}
[28.461677] (-) TimerEvent: {}
[28.565203] (-) TimerEvent: {}
[28.668711] (-) TimerEvent: {}
[28.704632] (flashing) StdoutLine: {'line': b'running egg_info\n'}
[28.737805] (control) Command: {'cmd': ['/home/ngt/.virtualenvs/ardusub/bin/python', '-W', 'ignore:setup.py install is deprecated', '-W', 'ignore:easy_install command is deprecated', 'setup.py', 'egg_info', '--egg-base', '../../../build/control', 'build', '--build-base', '/home/ngt/ZENS-Final-AUVC/build/control/build', 'install', '--record', '/home/ngt/ZENS-Final-AUVC/build/control/install.log', '--install-scripts', '$base/lib/control', '--single-version-externally-managed', 'install_data'], 'cwd': '/home/ngt/ZENS-Final-AUVC/ros_ws/src/control', 'env': {'PYTHON_BASIC_REPL': '1', 'VIRTUALENVWRAPPER_WORKON_CD': '1', 'USER': 'ngt', 'SSH_CLIENT': '192.168.3.1 64256 22', 'WORKON_HOME': '/home/ngt/.virtualenvs', 'GZ_SIM_RESOURCE_PATH': '/opt/ros/jazzy/share', 'GZ_CONFIG_PATH': '/opt/ros/jazzy/opt/gz_sim_vendor/share/gz:/opt/ros/jazzy/opt/sdformat_vendor/share/gz:/opt/ros/jazzy/opt/gz_gui_vendor/share/gz:/opt/ros/jazzy/opt/gz_transport_vendor/share/gz:/opt/ros/jazzy/opt/gz_rendering_vendor/share/gz:/opt/ros/jazzy/opt/gz_plugin_vendor/share/gz:/opt/ros/jazzy/opt/gz_fuel_tools_vendor/share/gz:/opt/ros/jazzy/opt/gz_msgs_vendor/share/gz:/opt/ros/jazzy/opt/gz_common_vendor/share/gz', 'XDG_SESSION_TYPE': 'tty', 'GIT_ASKPASS': '/home/ngt/.vscode-server/cli/servers/Stable-1b6a188127eeaf9194f945eb6eb89a657e93c54c/server/extensions/git/dist/askpass.sh', 'SHLVL': '1', 'BROWSER': '/home/ngt/.vscode-server/cli/servers/Stable-1b6a188127eeaf9194f945eb6eb89a657e93c54c/server/bin/helpers/browser.sh', 'LD_LIBRARY_PATH': '/home/ngt/auvc_ws/install/example_custom_srv/lib:/home/ngt/pid_ws/install/target_depth_msgs/lib:/opt/ros/jazzy/opt/gz_sim_vendor/lib:/opt/ros/jazzy/opt/gz_sensors_vendor/lib:/opt/ros/jazzy/opt/gz_physics_vendor/lib:/opt/ros/jazzy/opt/sdformat_vendor/lib:/opt/ros/jazzy/opt/rviz_ogre_vendor/lib:/opt/ros/jazzy/lib/aarch64-linux-gnu:/opt/ros/jazzy/opt/gz_gui_vendor/lib:/opt/ros/jazzy/opt/gz_transport_vendor/lib:/opt/ros/jazzy/opt/gz_rendering_vendor/lib:/opt/ros/jazzy/opt/gz_plugin_vendor/lib:/opt/ros/jazzy/opt/gz_fuel_tools_vendor/lib:/opt/ros/jazzy/opt/gz_msgs_vendor/lib:/opt/ros/jazzy/opt/gz_common_vendor/lib:/opt/ros/jazzy/opt/gz_math_vendor/lib:/opt/ros/jazzy/opt/gz_utils_vendor/lib:/opt/ros/jazzy/opt/gz_tools_vendor/lib:/opt/ros/jazzy/opt/gz_ogre_next_vendor/lib:/opt/ros/jazzy/opt/gz_dartsim_vendor/lib:/opt/ros/jazzy/opt/gz_cmake_vendor/lib:/opt/ros/jazzy/lib', 'GZ_TRANSPORT_ID': '192.168.3.1', 'HOME': '/home/ngt', 'OLDPWD': '/home/ngt', 'LESS': '-R', 'VIRTUALENVWRAPPER_PYTHON': '/usr/bin/python3', 'TERM_PROGRAM_VERSION': '1.130.0', 'VSCODE_IPC_HOOK_CLI': '/run/user/1004/vscode-ipc-85f34aaf-8c14-4b5e-9609-f108a0457dd3.sock', 'ZSH': '/home/ngt/.oh-my-zsh', 'LSCOLORS': 'Gxfxcxdxbxegedabagacad', 'GZ_TRANSPORT_PUB_PORT': '11345', 'VSCODE_GIT_ASKPASS_MAIN': '/home/ngt/.vscode-server/cli/servers/Stable-1b6a188127eeaf9194f945eb6eb89a657e93c54c/server/extensions/git/dist/askpass-main.js', 'PAGER': 'less', 'ROS_PYTHON_VERSION': '3', 'PS1': '(ardusub) %(?:%{\x1b[01;32m%}%1{➜%} :%{\x1b[01;31m%}%1{➜%} ) %{\x1b[36m%}%c%{\x1b[00m%} $(git_prompt_info)', 'VSCODE_GIT_ASKPASS_NODE': '/home/ngt/.vscode-server/cli/servers/Stable-1b6a188127eeaf9194f945eb6eb89a657e93c54c/server/node', 'DBUS_SESSION_BUS_ADDRESS': 'unix:path=/run/user/1004/bus', 'PYDEVD_DISABLE_FILE_VALIDATION': '1', 'BUNDLED_DEBUGPY_PATH': '/home/ngt/.vscode-server/extensions/ms-python.debugpy-2026.6.0-linux-arm64/bundled/libs/debugpy', 'GZ_TRANSPORT_SUB_PORT': '11346', 'VSCODE_PYTHON_AUTOACTIVATE_GUARD': '1', 'COLORTERM': 'truecolor', 'ROS_DISTRO': 'jazzy', 'COLCON_PREFIX_PATH': '/home/ngt/cv_ws/install:/home/ngt/pid_ws/install:/home/ngt/auvc_ws/install:/home/ngt/auv_dancing/install', 'LOGNAME': 'ngt', '_': '/home/ngt/.virtualenvs/ardusub/bin/colcon', 'XDG_SESSION_CLASS': 'user', 'USER_ZDOTDIR': '/home/ngt', 'ROS_VERSION': '2', 'XDG_SESSION_ID': '1', 'TERM': 'xterm-256color', 'PATH': '/home/ngt/.virtualenvs/ardusub/bin:/home/ngt/.opencode/bin:/opt/ros/jazzy/opt/gz_msgs_vendor/bin:/opt/ros/jazzy/opt/gz_tools_vendor/bin:/opt/ros/jazzy/opt/gz_ogre_next_vendor/bin:/opt/ros/jazzy/bin:/usr/lib/ccache:/home/ngt/.vscode-server/data/User/globalStorage/github.copilot-chat/debugCommand:/home/ngt/.vscode-server/data/User/globalStorage/github.copilot-chat/copilotCli:/home/ngt/.vscode-server/cli/servers/Stable-1b6a188127eeaf9194f945eb6eb89a657e93c54c/server/bin/remote-cli:/usr/local/sbin:/usr/local/bin:/usr/sbin:/usr/bin:/sbin:/bin:/usr/games:/usr/local/games:/snap/bin:/home/ngt/.vscode-server/extensions/ms-python.debugpy-2026.6.0-linux-arm64/bundled/scripts/noConfigScripts:/home/ngt/.local/bin:/home/ngt/ardupilot/Tools/autotest', 'XDG_RUNTIME_DIR': '/run/user/1004', 'GZ_PARTITION': 'my_sim', 'LANG': 'en_US.UTF-8', 'VSCODE_DEBUGPY_ADAPTER_ENDPOINTS': '/home/ngt/.vscode-server/extensions/ms-python.debugpy-2026.6.0-linux-arm64/.noConfigDebugAdapterEndpoints/endpoint-fe03004f45a03570.txt', 'PYTHONSTARTUP': '/home/ngt/.vscode-server/data/User/workspaceStorage/e30aafa2edaaf296b4a11477f6a9b588/ms-python.python/pythonrc.py', 'VSCODE_INJECTION': '1', 'VIRTUAL_ENV_PROMPT': 'ardusub', 'TERM_PROGRAM': 'vscode', 'VSCODE_GIT_IPC_HANDLE': '/run/user/1004/vscode-git-191b257475.sock', 'LS_COLORS': 'rs=0:di=01;34:ln=01;36:mh=00:pi=40;33:so=01;35:do=01;35:bd=40;33;01:cd=40;33;01:or=40;31;01:mi=00:su=37;41:sg=30;43:ca=00:tw=30;42:ow=34;42:st=37;44:ex=01;32:*.tar=01;31:*.tgz=01;31:*.arc=01;31:*.arj=01;31:*.taz=01;31:*.lha=01;31:*.lz4=01;31:*.lzh=01;31:*.lzma=01;31:*.tlz=01;31:*.txz=01;31:*.tzo=01;31:*.t7z=01;31:*.zip=01;31:*.z=01;31:*.dz=01;31:*.gz=01;31:*.lrz=01;31:*.lz=01;31:*.lzo=01;31:*.xz=01;31:*.zst=01;31:*.tzst=01;31:*.bz2=01;31:*.bz=01;31:*.tbz=01;31:*.tbz2=01;31:*.tz=01;31:*.deb=01;31:*.rpm=01;31:*.jar=01;31:*.war=01;31:*.ear=01;31:*.sar=01;31:*.rar=01;31:*.alz=01;31:*.ace=01;31:*.zoo=01;31:*.cpio=01;31:*.7z=01;31:*.rz=01;31:*.cab=01;31:*.wim=01;31:*.swm=01;31:*.dwm=01;31:*.esd=01;31:*.avif=01;35:*.jpg=01;35:*.jpeg=01;35:*.mjpg=01;35:*.mjpeg=01;35:*.gif=01;35:*.bmp=01;35:*.pbm=01;35:*.pgm=01;35:*.ppm=01;35:*.tga=01;35:*.xbm=01;35:*.xpm=01;35:*.tif=01;35:*.tiff=01;35:*.png=01;35:*.svg=01;35:*.svgz=01;35:*.mng=01;35:*.pcx=01;35:*.mov=01;35:*.mpg=01;35:*.mpeg=01;35:*.m2v=01;35:*.mkv=01;35:*.webm=01;35:*.webp=01;35:*.ogm=01;35:*.mp4=01;35:*.m4v=01;35:*.mp4v=01;35:*.vob=01;35:*.qt=01;35:*.nuv=01;35:*.wmv=01;35:*.asf=01;35:*.rm=01;35:*.rmvb=01;35:*.flc=01;35:*.avi=01;35:*.fli=01;35:*.flv=01;35:*.gl=01;35:*.dl=01;35:*.xcf=01;35:*.xwd=01;35:*.yuv=01;35:*.cgm=01;35:*.emf=01;35:*.ogv=01;35:*.ogx=01;35:*.aac=00;36:*.au=00;36:*.flac=00;36:*.m4a=00;36:*.mid=00;36:*.midi=00;36:*.mka=00;36:*.mp3=00;36:*.mpc=00;36:*.ogg=00;36:*.ra=00;36:*.wav=00;36:*.oga=00;36:*.opus=00;36:*.spx=00;36:*.xspf=00;36:*~=00;90:*#=00;90:*.bak=00;90:*.crdownload=00;90:*.dpkg-dist=00;90:*.dpkg-new=00;90:*.dpkg-old=00;90:*.dpkg-tmp=00;90:*.old=00;90:*.orig=00;90:*.part=00;90:*.rej=00;90:*.rpmnew=00;90:*.rpmorig=00;90:*.rpmsave=00;90:*.swp=00;90:*.tmp=00;90:*.ucf-dist=00;90:*.ucf-new=00;90:*.ucf-old=00;90:', 'AMENT_PREFIX_PATH': '/home/ngt/auvc_ws/install/tutorial_virtualenvs:/home/ngt/auvc_ws/install/tutorial_pid:/home/ngt/auvc_ws/install/tutorial_ardusub:/home/ngt/auvc_ws/install/tutorial:/home/ngt/auvc_ws/install/rosmav:/home/ngt/auvc_ws/install/example_custom_srv:/home/ngt/cv_ws/install/cv:/home/ngt/pid_ws/install/target_depth_msgs:/home/ngt/pid_ws/install/pid:/home/ngt/auv_dancing/install/tutorial:/opt/ros/jazzy', 'SHELL': '/usr/bin/zsh', 'VIRTUALENVWRAPPER_PROJECT_FILENAME': '.project', 'VIRTUALENVWRAPPER_HOOK_DIR': '/home/ngt/.virtualenvs', 'VSCODE_GIT_ASKPASS_EXTRA_ARGS': '', 'VIRTUALENVWRAPPER_SCRIPT': '/usr/share/virtualenvwrapper/virtualenvwrapper.sh', 'ROS_AUTOMATIC_DISCOVERY_RANGE': 'SUBNET', 'VIRTUAL_ENV': '/home/ngt/.virtualenvs/ardusub', 'LC_ALL': 'en_US.UTF-8', 'PWD': '/home/ngt/ZENS-Final-AUVC/build/control', 'SSH_CONNECTION': '192.168.3.1 64256 192.168.3.2 22', 'COPILOT_DEBUG_NONCE': 'd6eed4c06bd82aa6cee185ab30fdc4f4', 'ZDOTDIR': '/home/ngt', 'PYTHONPATH': '/home/ngt/ZENS-Final-AUVC/build/control/prefix_override:/home/ngt/.virtualenvs/ardusub/lib/python3.12/site-packages/colcon_core/task/python/colcon_distutils_commands:/home/ngt/ZENS-Final-AUVC/install/control/lib/python3.12/site-packages:/home/ngt/auvc_ws/install/tutorial_virtualenvs/lib/python3.12/site-packages:/home/ngt/auvc_ws/install/tutorial_pid/lib/python3.12/site-packages:/home/ngt/auvc_ws/install/tutorial_ardusub/lib/python3.12/site-packages:/home/ngt/auvc_ws/install/tutorial/lib/python3.12/site-packages:/home/ngt/auvc_ws/install/rosmav/lib/python3.12/site-packages:/home/ngt/auvc_ws/install/example_custom_srv/lib/python3.12/site-packages:/home/ngt/cv_ws/install/cv/lib/python3.12/site-packages:/home/ngt/pid_ws/install/target_depth_msgs/lib/python3.12/site-packages:/home/ngt/pid_ws/install/pid/lib/python3.12/site-packages:/home/ngt/auv_dancing/install/tutorial/lib/python3.12/site-packages:/opt/ros/jazzy/lib/python3.12/site-packages', 'COLCON': '1', 'CMAKE_PREFIX_PATH': '/home/ngt/auvc_ws/install/example_custom_srv:/home/ngt/pid_ws/install/target_depth_msgs:/opt/ros/jazzy/opt/gz_sim_vendor:/opt/ros/jazzy/opt/gz_sensors_vendor:/opt/ros/jazzy/opt/gz_physics_vendor:/opt/ros/jazzy/opt/sdformat_vendor:/opt/ros/jazzy/opt/gz_gui_vendor:/opt/ros/jazzy/opt/gz_transport_vendor:/opt/ros/jazzy/opt/gz_rendering_vendor:/opt/ros/jazzy/opt/gz_plugin_vendor:/opt/ros/jazzy/opt/gz_fuel_tools_vendor:/opt/ros/jazzy/opt/gz_msgs_vendor:/opt/ros/jazzy/opt/gz_common_vendor:/opt/ros/jazzy/opt/gz_math_vendor:/opt/ros/jazzy/opt/gz_utils_vendor:/opt/ros/jazzy/opt/gz_tools_vendor:/opt/ros/jazzy/opt/gz_ogre_next_vendor:/opt/ros/jazzy/opt/gz_dartsim_vendor:/opt/ros/jazzy/opt/gz_cmake_vendor'}, 'shell': False}
[28.768913] (-) TimerEvent: {}
[28.870783] (-) TimerEvent: {}
[28.975053] (-) TimerEvent: {}
[29.078095] (-) TimerEvent: {}
[29.180945] (-) TimerEvent: {}
[29.282373] (-) TimerEvent: {}
[29.322935] (flashing) StdoutLine: {'line': b'writing ../../../build/flashing/flashing.egg-info/PKG-INFO\n'}
[29.341130] (flashing) StdoutLine: {'line': b'writing dependency_links to ../../../build/flashing/flashing.egg-info/dependency_links.txt\n'}
[29.359196] (flashing) StdoutLine: {'line': b'writing entry points to ../../../build/flashing/flashing.egg-info/entry_points.txt\n'}
[29.365647] (flashing) StdoutLine: {'line': b'writing requirements to ../../../build/flashing/flashing.egg-info/requires.txt\n'}
[29.374743] (flashing) StdoutLine: {'line': b'writing top-level names to ../../../build/flashing/flashing.egg-info/top_level.txt\n'}
[29.386739] (-) TimerEvent: {}
[29.490379] (-) TimerEvent: {}
[29.596702] (-) TimerEvent: {}
[29.697868] (-) TimerEvent: {}
[29.803266] (-) TimerEvent: {}
[29.911017] (-) TimerEvent: {}
[29.992288] (<colcon_parallel_executor.executor.parallel.ParallelExecutorExtension object at 0xffffa3233b00>) ParallelStatus: {'processing': ('bringup', 'control', 'cv', 'flashing')}
[30.015735] (-) TimerEvent: {}
[30.118771] (-) TimerEvent: {}
[30.224757] (-) TimerEvent: {}
[30.329721] (-) TimerEvent: {}
[30.432612] (-) TimerEvent: {}
[30.515316] (flashing) StdoutLine: {'line': b"reading manifest file '../../../build/flashing/flashing.egg-info/SOURCES.txt'\n"}
[30.540056] (-) TimerEvent: {}
[30.566744] (flashing) StdoutLine: {'line': b"writing manifest file '../../../build/flashing/flashing.egg-info/SOURCES.txt'\n"}
[30.567537] (flashing) StdoutLine: {'line': b'running build\n'}
[30.570640] (flashing) StdoutLine: {'line': b'running build_py\n'}
[30.586368] (flashing) StdoutLine: {'line': b'copying flashing/flashing_node.py -> /home/ngt/ZENS-Final-AUVC/build/flashing/build/lib/flashing\n'}
[30.594736] (flashing) StdoutLine: {'line': b'copying flashing/__init__.py -> /home/ngt/ZENS-Final-AUVC/build/flashing/build/lib/flashing\n'}
[30.610301] (flashing) StdoutLine: {'line': b'running install\n'}
[30.643772] (-) TimerEvent: {}
[30.756715] (-) TimerEvent: {}
[30.837833] (flashing) StdoutLine: {'line': b'running install_lib\n'}
[30.861748] (-) TimerEvent: {}
[30.965779] (-) TimerEvent: {}
[31.066738] (-) TimerEvent: {}
[31.171805] (-) TimerEvent: {}
[31.279802] (-) TimerEvent: {}
[31.384748] (-) TimerEvent: {}
[31.487835] (-) TimerEvent: {}
[31.569496] (flashing) StdoutLine: {'line': b'running install_data\n'}
[31.578263] (flashing) StdoutLine: {'line': b'copying resource/flashing -> /home/ngt/ZENS-Final-AUVC/install/flashing/share/ament_index/resource_index/packages\n'}
[31.583746] (flashing) StdoutLine: {'line': b'copying package.xml -> /home/ngt/ZENS-Final-AUVC/install/flashing/share/flashing\n'}
[31.591207] (-) TimerEvent: {}
[31.596871] (flashing) StdoutLine: {'line': b'running install_egg_info\n'}
[31.693742] (-) TimerEvent: {}
[31.794366] (cv) StdoutLine: {'line': b'running egg_info\n'}
[31.797792] (-) TimerEvent: {}
[31.840767] (bringup) StderrLine: {'line': b"/home/ngt/.virtualenvs/ardusub/lib/python3.12/site-packages/setuptools/_distutils/dist.py:288: UserWarning: Unknown distribution option: 'tests_require'\n"}
[31.842274] (bringup) StderrLine: {'line': b'  warnings.warn(msg)\n'}
[31.900216] (-) TimerEvent: {}
[32.004993] (-) TimerEvent: {}
[32.043296] (flashing) StdoutLine: {'line': b"removing '/home/ngt/ZENS-Final-AUVC/install/flashing/lib/python3.12/site-packages/flashing-0.0.0-py3.12.egg-info' (and everything under it)\n"}
[32.068741] (flashing) StdoutLine: {'line': b'Copying ../../../build/flashing/flashing.egg-info to /home/ngt/ZENS-Final-AUVC/install/flashing/lib/python3.12/site-packages/flashing-0.0.0-py3.12.egg-info\n'}
[32.105127] (-) TimerEvent: {}
[32.118765] (flashing) StdoutLine: {'line': b'running install_scripts\n'}
[32.143653] (cv) StdoutLine: {'line': b'writing ../../../build/cv/cv.egg-info/PKG-INFO\n'}
[32.146734] (cv) StdoutLine: {'line': b'writing dependency_links to ../../../build/cv/cv.egg-info/dependency_links.txt\n'}
[32.152495] (cv) StdoutLine: {'line': b'writing entry points to ../../../build/cv/cv.egg-info/entry_points.txt\n'}
[32.156125] (cv) StdoutLine: {'line': b'writing requirements to ../../../build/cv/cv.egg-info/requires.txt\n'}
[32.159954] (cv) StdoutLine: {'line': b'writing top-level names to ../../../build/cv/cv.egg-info/top_level.txt\n'}
[32.205643] (-) TimerEvent: {}
[32.314175] (-) TimerEvent: {}
[32.420235] (-) TimerEvent: {}
[32.522790] (-) TimerEvent: {}
[32.626359] (-) TimerEvent: {}
[32.645295] (flashing) StdoutLine: {'line': b'Installing flashing_node script to /home/ngt/ZENS-Final-AUVC/install/flashing/lib/flashing\n'}
[32.650953] (flashing) StdoutLine: {'line': b"writing list of installed files to '/home/ngt/ZENS-Final-AUVC/build/flashing/install.log'\n"}
[32.664367] (cv) StdoutLine: {'line': b"reading manifest file '../../../build/cv/cv.egg-info/SOURCES.txt'\n"}
[32.725953] (cv) StdoutLine: {'line': b"writing manifest file '../../../build/cv/cv.egg-info/SOURCES.txt'\n"}
[32.731358] (-) TimerEvent: {}
[32.740106] (cv) StdoutLine: {'line': b'running build\n'}
[32.744679] (cv) StdoutLine: {'line': b'running build_py\n'}
[32.750083] (cv) StdoutLine: {'line': b'copying cv/detector.py -> /home/ngt/ZENS-Final-AUVC/build/cv/build/lib/cv\n'}
[32.754883] (cv) StdoutLine: {'line': b'copying cv/visualizer.py -> /home/ngt/ZENS-Final-AUVC/build/cv/build/lib/cv\n'}
[32.772686] (cv) StdoutLine: {'line': b'copying cv/video_logger.py -> /home/ngt/ZENS-Final-AUVC/build/cv/build/lib/cv\n'}
[32.774094] (cv) StdoutLine: {'line': b'copying cv/__init__.py -> /home/ngt/ZENS-Final-AUVC/build/cv/build/lib/cv\n'}
[32.783029] (cv) StdoutLine: {'line': b'copying cv/camera.py -> /home/ngt/ZENS-Final-AUVC/build/cv/build/lib/cv\n'}
[32.793161] (cv) StdoutLine: {'line': b'copying cv/nodes/tag_heading_node.py -> /home/ngt/ZENS-Final-AUVC/build/cv/build/lib/cv/nodes\n'}
[32.794847] (cv) StdoutLine: {'line': b'copying cv/nodes/image_saver_node.py -> /home/ngt/ZENS-Final-AUVC/build/cv/build/lib/cv/nodes\n'}
[32.806797] (cv) StdoutLine: {'line': b'copying cv/nodes/fake_camera_node.py -> /home/ngt/ZENS-Final-AUVC/build/cv/build/lib/cv/nodes\n'}
[32.814916] (cv) StdoutLine: {'line': b'copying cv/nodes/__init__.py -> /home/ngt/ZENS-Final-AUVC/build/cv/build/lib/cv/nodes\n'}
[32.822513] (cv) StdoutLine: {'line': b'copying cv/nodes/detector_node.py -> /home/ngt/ZENS-Final-AUVC/build/cv/build/lib/cv/nodes\n'}
[32.831801] (cv) StdoutLine: {'line': b'copying cv/scripts/detect_from_image.py -> /home/ngt/ZENS-Final-AUVC/build/cv/build/lib/cv/scripts\n'}
[32.832722] (-) TimerEvent: {}
[32.836484] (cv) StdoutLine: {'line': b'copying cv/scripts/calibrate_camera.py -> /home/ngt/ZENS-Final-AUVC/build/cv/build/lib/cv/scripts\n'}
[32.845806] (cv) StdoutLine: {'line': b'copying cv/scripts/__init__.py -> /home/ngt/ZENS-Final-AUVC/build/cv/build/lib/cv/scripts\n'}
[32.858467] (cv) StdoutLine: {'line': b'running install\n'}
[32.937895] (-) TimerEvent: {}
[32.966761] (cv) StdoutLine: {'line': b'running install_lib\n'}
[33.045807] (-) TimerEvent: {}
[33.147031] (-) TimerEvent: {}
[33.201452] (flashing) CommandEnded: {'returncode': 0}
[33.247185] (-) TimerEvent: {}
[33.353051] (-) TimerEvent: {}
[33.366161] (cv) StdoutLine: {'line': b'running install_data\n'}
[33.382069] (cv) StdoutLine: {'line': b'copying resource/cv -> /home/ngt/ZENS-Final-AUVC/install/cv/share/ament_index/resource_index/packages\n'}
[33.384278] (cv) StdoutLine: {'line': b'copying package.xml -> /home/ngt/ZENS-Final-AUVC/install/cv/share/cv\n'}
[33.393709] (cv) StdoutLine: {'line': b'copying launch/test_detection.launch.py -> /home/ngt/ZENS-Final-AUVC/install/cv/share/cv/launch\n'}
[33.394388] (cv) StdoutLine: {'line': b'copying launch/detection.launch.py -> /home/ngt/ZENS-Final-AUVC/install/cv/share/cv/launch\n'}
[33.413371] (cv) StdoutLine: {'line': b'copying launch/tag_heading.launch.py -> /home/ngt/ZENS-Final-AUVC/install/cv/share/cv/launch\n'}
[33.414161] (cv) StdoutLine: {'line': b'copying config/camera_info.yaml -> /home/ngt/ZENS-Final-AUVC/install/cv/share/cv/config\n'}
[33.418779] (cv) StdoutLine: {'line': b'copying config/detector_params.yaml -> /home/ngt/ZENS-Final-AUVC/install/cv/share/cv/config\n'}
[33.422158] (cv) StdoutLine: {'line': b'running install_egg_info\n'}
[33.455182] (control) StdoutLine: {'line': b'running egg_info\n'}
[33.456192] (-) TimerEvent: {}
[33.463297] (flashing) JobEnded: {'identifier': 'flashing', 'rc': 0}
[33.471684] (gazebo_bluerov2) JobStarted: {'identifier': 'gazebo_bluerov2'}
[33.557407] (-) TimerEvent: {}
[33.616685] (gazebo_bluerov2) JobProgress: {'identifier': 'gazebo_bluerov2', 'progress': 'cmake'}
[33.617155] (control) StdoutLine: {'line': b'writing ../../../build/control/control.egg-info/PKG-INFO\n'}
[33.618437] (control) StdoutLine: {'line': b'writing dependency_links to ../../../build/control/control.egg-info/dependency_links.txt\n'}
[33.633537] (control) StdoutLine: {'line': b'writing entry points to ../../../build/control/control.egg-info/entry_points.txt\n'}
[33.634235] (control) StdoutLine: {'line': b'writing requirements to ../../../build/control/control.egg-info/requires.txt\n'}
[33.637441] (control) StdoutLine: {'line': b'writing top-level names to ../../../build/control/control.egg-info/top_level.txt\n'}
[33.656120] (gazebo_bluerov2) JobProgress: {'identifier': 'gazebo_bluerov2', 'progress': 'build'}
[33.668444] (gazebo_bluerov2) Command: {'cmd': ['/usr/bin/cmake', '--build', '/home/ngt/ZENS-Final-AUVC/build/gazebo_bluerov2', '--', '-j4', '-l4'], 'cwd': '/home/ngt/ZENS-Final-AUVC/build/gazebo_bluerov2', 'env': OrderedDict({'PYTHON_BASIC_REPL': '1', 'VIRTUALENVWRAPPER_WORKON_CD': '1', 'USER': 'ngt', 'SSH_CLIENT': '192.168.3.1 64256 22', 'WORKON_HOME': '/home/ngt/.virtualenvs', 'GZ_SIM_RESOURCE_PATH': '/opt/ros/jazzy/share', 'GZ_CONFIG_PATH': '/opt/ros/jazzy/opt/gz_sim_vendor/share/gz:/opt/ros/jazzy/opt/sdformat_vendor/share/gz:/opt/ros/jazzy/opt/gz_gui_vendor/share/gz:/opt/ros/jazzy/opt/gz_transport_vendor/share/gz:/opt/ros/jazzy/opt/gz_rendering_vendor/share/gz:/opt/ros/jazzy/opt/gz_plugin_vendor/share/gz:/opt/ros/jazzy/opt/gz_fuel_tools_vendor/share/gz:/opt/ros/jazzy/opt/gz_msgs_vendor/share/gz:/opt/ros/jazzy/opt/gz_common_vendor/share/gz', 'XDG_SESSION_TYPE': 'tty', 'GIT_ASKPASS': '/home/ngt/.vscode-server/cli/servers/Stable-1b6a188127eeaf9194f945eb6eb89a657e93c54c/server/extensions/git/dist/askpass.sh', 'SHLVL': '1', 'BROWSER': '/home/ngt/.vscode-server/cli/servers/Stable-1b6a188127eeaf9194f945eb6eb89a657e93c54c/server/bin/helpers/browser.sh', 'LD_LIBRARY_PATH': '/home/ngt/auvc_ws/install/example_custom_srv/lib:/home/ngt/pid_ws/install/target_depth_msgs/lib:/opt/ros/jazzy/opt/gz_sim_vendor/lib:/opt/ros/jazzy/opt/gz_sensors_vendor/lib:/opt/ros/jazzy/opt/gz_physics_vendor/lib:/opt/ros/jazzy/opt/sdformat_vendor/lib:/opt/ros/jazzy/opt/rviz_ogre_vendor/lib:/opt/ros/jazzy/lib/aarch64-linux-gnu:/opt/ros/jazzy/opt/gz_gui_vendor/lib:/opt/ros/jazzy/opt/gz_transport_vendor/lib:/opt/ros/jazzy/opt/gz_rendering_vendor/lib:/opt/ros/jazzy/opt/gz_plugin_vendor/lib:/opt/ros/jazzy/opt/gz_fuel_tools_vendor/lib:/opt/ros/jazzy/opt/gz_msgs_vendor/lib:/opt/ros/jazzy/opt/gz_common_vendor/lib:/opt/ros/jazzy/opt/gz_math_vendor/lib:/opt/ros/jazzy/opt/gz_utils_vendor/lib:/opt/ros/jazzy/opt/gz_tools_vendor/lib:/opt/ros/jazzy/opt/gz_ogre_next_vendor/lib:/opt/ros/jazzy/opt/gz_dartsim_vendor/lib:/opt/ros/jazzy/opt/gz_cmake_vendor/lib:/opt/ros/jazzy/lib', 'GZ_TRANSPORT_ID': '192.168.3.1', 'HOME': '/home/ngt', 'OLDPWD': '/home/ngt', 'LESS': '-R', 'VIRTUALENVWRAPPER_PYTHON': '/usr/bin/python3', 'TERM_PROGRAM_VERSION': '1.130.0', 'VSCODE_IPC_HOOK_CLI': '/run/user/1004/vscode-ipc-85f34aaf-8c14-4b5e-9609-f108a0457dd3.sock', 'ZSH': '/home/ngt/.oh-my-zsh', 'LSCOLORS': 'Gxfxcxdxbxegedabagacad', 'GZ_TRANSPORT_PUB_PORT': '11345', 'VSCODE_GIT_ASKPASS_MAIN': '/home/ngt/.vscode-server/cli/servers/Stable-1b6a188127eeaf9194f945eb6eb89a657e93c54c/server/extensions/git/dist/askpass-main.js', 'PAGER': 'less', 'ROS_PYTHON_VERSION': '3', 'PS1': '(ardusub) %(?:%{\x1b[01;32m%}%1{➜%} :%{\x1b[01;31m%}%1{➜%} ) %{\x1b[36m%}%c%{\x1b[00m%} $(git_prompt_info)', 'VSCODE_GIT_ASKPASS_NODE': '/home/ngt/.vscode-server/cli/servers/Stable-1b6a188127eeaf9194f945eb6eb89a657e93c54c/server/node', 'DBUS_SESSION_BUS_ADDRESS': 'unix:path=/run/user/1004/bus', 'PYDEVD_DISABLE_FILE_VALIDATION': '1', 'BUNDLED_DEBUGPY_PATH': '/home/ngt/.vscode-server/extensions/ms-python.debugpy-2026.6.0-linux-arm64/bundled/libs/debugpy', 'GZ_TRANSPORT_SUB_PORT': '11346', 'VSCODE_PYTHON_AUTOACTIVATE_GUARD': '1', 'COLORTERM': 'truecolor', 'ROS_DISTRO': 'jazzy', 'COLCON_PREFIX_PATH': '/home/ngt/cv_ws/install:/home/ngt/pid_ws/install:/home/ngt/auvc_ws/install:/home/ngt/auv_dancing/install', 'LOGNAME': 'ngt', '_': '/home/ngt/.virtualenvs/ardusub/bin/colcon', 'XDG_SESSION_CLASS': 'user', 'USER_ZDOTDIR': '/home/ngt', 'ROS_VERSION': '2', 'XDG_SESSION_ID': '1', 'TERM': 'xterm-256color', 'PATH': '/home/ngt/.virtualenvs/ardusub/bin:/home/ngt/.opencode/bin:/opt/ros/jazzy/opt/gz_msgs_vendor/bin:/opt/ros/jazzy/opt/gz_tools_vendor/bin:/opt/ros/jazzy/opt/gz_ogre_next_vendor/bin:/opt/ros/jazzy/bin:/usr/lib/ccache:/home/ngt/.vscode-server/data/User/globalStorage/github.copilot-chat/debugCommand:/home/ngt/.vscode-server/data/User/globalStorage/github.copilot-chat/copilotCli:/home/ngt/.vscode-server/cli/servers/Stable-1b6a188127eeaf9194f945eb6eb89a657e93c54c/server/bin/remote-cli:/usr/local/sbin:/usr/local/bin:/usr/sbin:/usr/bin:/sbin:/bin:/usr/games:/usr/local/games:/snap/bin:/home/ngt/.vscode-server/extensions/ms-python.debugpy-2026.6.0-linux-arm64/bundled/scripts/noConfigScripts:/home/ngt/.local/bin:/home/ngt/ardupilot/Tools/autotest', 'XDG_RUNTIME_DIR': '/run/user/1004', 'GZ_PARTITION': 'my_sim', 'LANG': 'en_US.UTF-8', 'VSCODE_DEBUGPY_ADAPTER_ENDPOINTS': '/home/ngt/.vscode-server/extensions/ms-python.debugpy-2026.6.0-linux-arm64/.noConfigDebugAdapterEndpoints/endpoint-fe03004f45a03570.txt', 'PYTHONSTARTUP': '/home/ngt/.vscode-server/data/User/workspaceStorage/e30aafa2edaaf296b4a11477f6a9b588/ms-python.python/pythonrc.py', 'VSCODE_INJECTION': '1', 'VIRTUAL_ENV_PROMPT': 'ardusub', 'TERM_PROGRAM': 'vscode', 'VSCODE_GIT_IPC_HANDLE': '/run/user/1004/vscode-git-191b257475.sock', 'LS_COLORS': 'rs=0:di=01;34:ln=01;36:mh=00:pi=40;33:so=01;35:do=01;35:bd=40;33;01:cd=40;33;01:or=40;31;01:mi=00:su=37;41:sg=30;43:ca=00:tw=30;42:ow=34;42:st=37;44:ex=01;32:*.tar=01;31:*.tgz=01;31:*.arc=01;31:*.arj=01;31:*.taz=01;31:*.lha=01;31:*.lz4=01;31:*.lzh=01;31:*.lzma=01;31:*.tlz=01;31:*.txz=01;31:*.tzo=01;31:*.t7z=01;31:*.zip=01;31:*.z=01;31:*.dz=01;31:*.gz=01;31:*.lrz=01;31:*.lz=01;31:*.lzo=01;31:*.xz=01;31:*.zst=01;31:*.tzst=01;31:*.bz2=01;31:*.bz=01;31:*.tbz=01;31:*.tbz2=01;31:*.tz=01;31:*.deb=01;31:*.rpm=01;31:*.jar=01;31:*.war=01;31:*.ear=01;31:*.sar=01;31:*.rar=01;31:*.alz=01;31:*.ace=01;31:*.zoo=01;31:*.cpio=01;31:*.7z=01;31:*.rz=01;31:*.cab=01;31:*.wim=01;31:*.swm=01;31:*.dwm=01;31:*.esd=01;31:*.avif=01;35:*.jpg=01;35:*.jpeg=01;35:*.mjpg=01;35:*.mjpeg=01;35:*.gif=01;35:*.bmp=01;35:*.pbm=01;35:*.pgm=01;35:*.ppm=01;35:*.tga=01;35:*.xbm=01;35:*.xpm=01;35:*.tif=01;35:*.tiff=01;35:*.png=01;35:*.svg=01;35:*.svgz=01;35:*.mng=01;35:*.pcx=01;35:*.mov=01;35:*.mpg=01;35:*.mpeg=01;35:*.m2v=01;35:*.mkv=01;35:*.webm=01;35:*.webp=01;35:*.ogm=01;35:*.mp4=01;35:*.m4v=01;35:*.mp4v=01;35:*.vob=01;35:*.qt=01;35:*.nuv=01;35:*.wmv=01;35:*.asf=01;35:*.rm=01;35:*.rmvb=01;35:*.flc=01;35:*.avi=01;35:*.fli=01;35:*.flv=01;35:*.gl=01;35:*.dl=01;35:*.xcf=01;35:*.xwd=01;35:*.yuv=01;35:*.cgm=01;35:*.emf=01;35:*.ogv=01;35:*.ogx=01;35:*.aac=00;36:*.au=00;36:*.flac=00;36:*.m4a=00;36:*.mid=00;36:*.midi=00;36:*.mka=00;36:*.mp3=00;36:*.mpc=00;36:*.ogg=00;36:*.ra=00;36:*.wav=00;36:*.oga=00;36:*.opus=00;36:*.spx=00;36:*.xspf=00;36:*~=00;90:*#=00;90:*.bak=00;90:*.crdownload=00;90:*.dpkg-dist=00;90:*.dpkg-new=00;90:*.dpkg-old=00;90:*.dpkg-tmp=00;90:*.old=00;90:*.orig=00;90:*.part=00;90:*.rej=00;90:*.rpmnew=00;90:*.rpmorig=00;90:*.rpmsave=00;90:*.swp=00;90:*.tmp=00;90:*.ucf-dist=00;90:*.ucf-new=00;90:*.ucf-old=00;90:', 'AMENT_PREFIX_PATH': '/home/ngt/auvc_ws/install/tutorial_virtualenvs:/home/ngt/auvc_ws/install/tutorial_pid:/home/ngt/auvc_ws/install/tutorial_ardusub:/home/ngt/auvc_ws/install/tutorial:/home/ngt/auvc_ws/install/rosmav:/home/ngt/auvc_ws/install/example_custom_srv:/home/ngt/cv_ws/install/cv:/home/ngt/pid_ws/install/target_depth_msgs:/home/ngt/pid_ws/install/pid:/home/ngt/auv_dancing/install/tutorial:/opt/ros/jazzy', 'SHELL': '/usr/bin/zsh', 'VIRTUALENVWRAPPER_PROJECT_FILENAME': '.project', 'VIRTUALENVWRAPPER_HOOK_DIR': '/home/ngt/.virtualenvs', 'VSCODE_GIT_ASKPASS_EXTRA_ARGS': '', 'VIRTUALENVWRAPPER_SCRIPT': '/usr/share/virtualenvwrapper/virtualenvwrapper.sh', 'ROS_AUTOMATIC_DISCOVERY_RANGE': 'SUBNET', 'VIRTUAL_ENV': '/home/ngt/.virtualenvs/ardusub', 'LC_ALL': 'en_US.UTF-8', 'PWD': '/home/ngt/ZENS-Final-AUVC/build/gazebo_bluerov2', 'SSH_CONNECTION': '192.168.3.1 64256 192.168.3.2 22', 'COPILOT_DEBUG_NONCE': 'd6eed4c06bd82aa6cee185ab30fdc4f4', 'ZDOTDIR': '/home/ngt', 'PYTHONPATH': '/home/ngt/auvc_ws/install/tutorial_virtualenvs/lib/python3.12/site-packages:/home/ngt/auvc_ws/install/tutorial_pid/lib/python3.12/site-packages:/home/ngt/auvc_ws/install/tutorial_ardusub/lib/python3.12/site-packages:/home/ngt/auvc_ws/install/tutorial/lib/python3.12/site-packages:/home/ngt/auvc_ws/install/rosmav/lib/python3.12/site-packages:/home/ngt/auvc_ws/install/example_custom_srv/lib/python3.12/site-packages:/home/ngt/cv_ws/install/cv/lib/python3.12/site-packages:/home/ngt/pid_ws/install/target_depth_msgs/lib/python3.12/site-packages:/home/ngt/pid_ws/install/pid/lib/python3.12/site-packages:/home/ngt/auv_dancing/install/tutorial/lib/python3.12/site-packages:/opt/ros/jazzy/lib/python3.12/site-packages', 'COLCON': '1', 'CMAKE_PREFIX_PATH': '/home/ngt/auvc_ws/install/example_custom_srv:/home/ngt/pid_ws/install/target_depth_msgs:/opt/ros/jazzy/opt/gz_sim_vendor:/opt/ros/jazzy/opt/gz_sensors_vendor:/opt/ros/jazzy/opt/gz_physics_vendor:/opt/ros/jazzy/opt/sdformat_vendor:/opt/ros/jazzy/opt/gz_gui_vendor:/opt/ros/jazzy/opt/gz_transport_vendor:/opt/ros/jazzy/opt/gz_rendering_vendor:/opt/ros/jazzy/opt/gz_plugin_vendor:/opt/ros/jazzy/opt/gz_fuel_tools_vendor:/opt/ros/jazzy/opt/gz_msgs_vendor:/opt/ros/jazzy/opt/gz_common_vendor:/opt/ros/jazzy/opt/gz_math_vendor:/opt/ros/jazzy/opt/gz_utils_vendor:/opt/ros/jazzy/opt/gz_tools_vendor:/opt/ros/jazzy/opt/gz_ogre_next_vendor:/opt/ros/jazzy/opt/gz_dartsim_vendor:/opt/ros/jazzy/opt/gz_cmake_vendor:/home/ngt/auvc_ws/install/tutorial_virtualenvs:/home/ngt/auvc_ws/install/tutorial_pid:/home/ngt/auvc_ws/install/tutorial_ardusub:/home/ngt/auvc_ws/install/tutorial:/home/ngt/auvc_ws/install/rosmav:/home/ngt/cv_ws/install/cv:/home/ngt/pid_ws/install/pid:/home/ngt/auv_dancing/install/tutorial:/opt/ros/jazzy'}), 'shell': False}
[33.702835] (-) TimerEvent: {}
[33.720840] (cv) StdoutLine: {'line': b"removing '/home/ngt/ZENS-Final-AUVC/install/cv/lib/python3.12/site-packages/cv-0.0.0-py3.12.egg-info' (and everything under it)\n"}
[33.721611] (cv) StdoutLine: {'line': b'Copying ../../../build/cv/cv.egg-info to /home/ngt/ZENS-Final-AUVC/install/cv/lib/python3.12/site-packages/cv-0.0.0-py3.12.egg-info\n'}
[33.734722] (cv) StdoutLine: {'line': b'running install_scripts\n'}
[33.805519] (-) TimerEvent: {}
[33.878010] (bringup) StdoutLine: {'line': b'running egg_info\n'}
[33.907748] (-) TimerEvent: {}
[33.949049] (control) StdoutLine: {'line': b"reading manifest file '../../../build/control/control.egg-info/SOURCES.txt'\n"}
[33.957826] (control) StdoutLine: {'line': b"writing manifest file '../../../build/control/control.egg-info/SOURCES.txt'\n"}
[33.958545] (control) StdoutLine: {'line': b'running build\n'}
[33.962103] (control) StdoutLine: {'line': b'running build_py\n'}
[33.969616] (control) StdoutLine: {'line': b'copying control/self_arm.py -> /home/ngt/ZENS-Final-AUVC/build/control/build/lib/control\n'}
[33.973289] (control) StdoutLine: {'line': b'copying control/heading_pid.py -> /home/ngt/ZENS-Final-AUVC/build/control/build/lib/control\n'}
[33.977485] (control) StdoutLine: {'line': b'copying control/self_disarm.py -> /home/ngt/ZENS-Final-AUVC/build/control/build/lib/control\n'}
[33.982095] (control) StdoutLine: {'line': b'copying control/depth_pid.py -> /home/ngt/ZENS-Final-AUVC/build/control/build/lib/control\n'}
[33.986725] (control) StdoutLine: {'line': b'copying control/__init__.py -> /home/ngt/ZENS-Final-AUVC/build/control/build/lib/control\n'}
[33.999014] (control) StdoutLine: {'line': b'running install\n'}
[34.002758] (control) StdoutLine: {'line': b'running install_lib\n'}
[34.014451] (-) TimerEvent: {}
[34.118550] (-) TimerEvent: {}
[34.137437] (control) StdoutLine: {'line': b'running install_data\n'}
[34.138379] (control) StdoutLine: {'line': b'copying resource/control -> /home/ngt/ZENS-Final-AUVC/install/control/share/ament_index/resource_index/packages\n'}
[34.141794] (control) StdoutLine: {'line': b'copying package.xml -> /home/ngt/ZENS-Final-AUVC/install/control/share/control\n'}
[34.142501] (control) StdoutLine: {'line': b'running install_egg_info\n'}
[34.219774] (-) TimerEvent: {}
[34.277411] (control) StdoutLine: {'line': b"removing '/home/ngt/ZENS-Final-AUVC/install/control/lib/python3.12/site-packages/control-0.0.0-py3.12.egg-info' (and everything under it)\n"}
[34.281252] (control) StdoutLine: {'line': b'Copying ../../../build/control/control.egg-info to /home/ngt/ZENS-Final-AUVC/install/control/lib/python3.12/site-packages/control-0.0.0-py3.12.egg-info\n'}
[34.287467] (control) StdoutLine: {'line': b'running install_scripts\n'}
[34.316694] (cv) StdoutLine: {'line': b'Installing apriltag_detector_node script to /home/ngt/ZENS-Final-AUVC/install/cv/lib/cv\n'}
[34.324760] (cv) StdoutLine: {'line': b'Installing calibrate_camera script to /home/ngt/ZENS-Final-AUVC/install/cv/lib/cv\n'}
[34.325545] (-) TimerEvent: {}
[34.329784] (cv) StdoutLine: {'line': b'Installing detect_from_image script to /home/ngt/ZENS-Final-AUVC/install/cv/lib/cv\n'}
[34.332081] (cv) StdoutLine: {'line': b'Installing fake_camera_node script to /home/ngt/ZENS-Final-AUVC/install/cv/lib/cv\n'}
[34.334291] (cv) StdoutLine: {'line': b'Installing image_saver_node script to /home/ngt/ZENS-Final-AUVC/install/cv/lib/cv\n'}
[34.336463] (cv) StdoutLine: {'line': b'Installing tag_heading_node script to /home/ngt/ZENS-Final-AUVC/install/cv/lib/cv\n'}
[34.346514] (bringup) StdoutLine: {'line': b'writing ../../../build/bringup/bringup.egg-info/PKG-INFO\n'}
[34.348889] (bringup) StdoutLine: {'line': b'writing dependency_links to ../../../build/bringup/bringup.egg-info/dependency_links.txt\n'}
[34.353000] (cv) StdoutLine: {'line': b"writing list of installed files to '/home/ngt/ZENS-Final-AUVC/build/cv/install.log'\n"}
[34.354027] (bringup) StdoutLine: {'line': b'writing requirements to ../../../build/bringup/bringup.egg-info/requires.txt\n'}
[34.359814] (bringup) StdoutLine: {'line': b'writing top-level names to ../../../build/bringup/bringup.egg-info/top_level.txt\n'}
[34.425729] (-) TimerEvent: {}
[34.526877] (-) TimerEvent: {}
[34.630965] (-) TimerEvent: {}
[34.737944] (-) TimerEvent: {}
[34.758865] (control) StdoutLine: {'line': b'Installing depth_pid script to /home/ngt/ZENS-Final-AUVC/install/control/lib/control\n'}
[34.768764] (control) StdoutLine: {'line': b'Installing heading_pid script to /home/ngt/ZENS-Final-AUVC/install/control/lib/control\n'}
[34.773717] (control) StdoutLine: {'line': b'Installing self_arm script to /home/ngt/ZENS-Final-AUVC/install/control/lib/control\n'}
[34.778890] (control) StdoutLine: {'line': b'Installing self_disarm script to /home/ngt/ZENS-Final-AUVC/install/control/lib/control\n'}
[34.788926] (control) StdoutLine: {'line': b"writing list of installed files to '/home/ngt/ZENS-Final-AUVC/build/control/install.log'\n"}
[34.838189] (-) TimerEvent: {}
[34.947045] (-) TimerEvent: {}
[35.049238] (-) TimerEvent: {}
[35.068825] (cv) CommandEnded: {'returncode': 0}
[35.107261] (gazebo_bluerov2) StdoutLine: {'line': b'[ 33%] Built target stream_camera\n'}
[35.133697] (bringup) StdoutLine: {'line': b"reading manifest file '../../../build/bringup/bringup.egg-info/SOURCES.txt'\n"}
[35.169876] (bringup) StdoutLine: {'line': b"writing manifest file '../../../build/bringup/bringup.egg-info/SOURCES.txt'\n"}
[35.170650] (-) TimerEvent: {}
[35.171835] (bringup) StdoutLine: {'line': b'running build\n'}
[35.176203] (bringup) StdoutLine: {'line': b'running build_py\n'}
[35.177244] (bringup) StdoutLine: {'line': b'copying bringup/__init__.py -> /home/ngt/ZENS-Final-AUVC/build/bringup/build/lib/bringup\n'}
[35.186354] (bringup) StdoutLine: {'line': b'running install\n'}
[35.252834] (bringup) StdoutLine: {'line': b'running install_lib\n'}
[35.282407] (-) TimerEvent: {}
[35.319822] (cv) JobEnded: {'identifier': 'cv', 'rc': 0}
[35.330790] (hardware) JobStarted: {'identifier': 'hardware'}
[35.382708] (-) TimerEvent: {}
[35.398727] (control) CommandEnded: {'returncode': 0}
[35.485969] (gazebo_bluerov2) StdoutLine: {'line': b'[ 66%] Built target PressureSensor\n'}
[35.486959] (-) TimerEvent: {}
[35.577352] (control) JobEnded: {'identifier': 'control', 'rc': 0}
[35.586486] (msgs) JobStarted: {'identifier': 'msgs'}
[35.589202] (-) TimerEvent: {}
[35.616704] (bringup) StdoutLine: {'line': b'running install_data\n'}
[35.635102] (bringup) StdoutLine: {'line': b'copying resource/bringup -> /home/ngt/ZENS-Final-AUVC/install/bringup/share/ament_index/resource_index/packages\n'}
[35.636141] (bringup) StdoutLine: {'line': b'copying package.xml -> /home/ngt/ZENS-Final-AUVC/install/bringup/share/bringup\n'}
[35.637864] (bringup) StdoutLine: {'line': b'copying launch/hardware.launch.py -> /home/ngt/ZENS-Final-AUVC/install/bringup/share/bringup/launch\n'}
[35.638552] (bringup) StdoutLine: {'line': b'copying launch/control.launch.py -> /home/ngt/ZENS-Final-AUVC/install/bringup/share/bringup/launch\n'}
[35.650740] (bringup) StdoutLine: {'line': b'copying launch/all_systems.launch.py -> /home/ngt/ZENS-Final-AUVC/install/bringup/share/bringup/launch\n'}
[35.651616] (bringup) StdoutLine: {'line': b'copying launch/cv.launch.py -> /home/ngt/ZENS-Final-AUVC/install/bringup/share/bringup/launch\n'}
[35.652373] (bringup) StdoutLine: {'line': b'copying config/params.yaml -> /home/ngt/ZENS-Final-AUVC/install/bringup/share/bringup/config\n'}
[35.656930] (bringup) StdoutLine: {'line': b'running install_egg_info\n'}
[35.698241] (-) TimerEvent: {}
[35.799067] (-) TimerEvent: {}
[35.902815] (-) TimerEvent: {}
[36.002738] (gazebo_bluerov2) StdoutLine: {'line': b'[100%] Built target PressureSensorSystem\n'}
[36.003500] (-) TimerEvent: {}
[36.004066] (bringup) StdoutLine: {'line': b"removing '/home/ngt/ZENS-Final-AUVC/install/bringup/lib/python3.12/site-packages/bringup-0.0.0-py3.12.egg-info' (and everything under it)\n"}
[36.025759] (bringup) StdoutLine: {'line': b'Copying ../../../build/bringup/bringup.egg-info to /home/ngt/ZENS-Final-AUVC/install/bringup/lib/python3.12/site-packages/bringup-0.0.0-py3.12.egg-info\n'}
[36.047523] (bringup) StdoutLine: {'line': b'running install_scripts\n'}
[36.110531] (-) TimerEvent: {}
[36.211486] (-) TimerEvent: {}
[36.315650] (-) TimerEvent: {}
[36.416696] (-) TimerEvent: {}
[36.517552] (-) TimerEvent: {}
[36.618430] (-) TimerEvent: {}
[36.724861] (-) TimerEvent: {}
[36.803788] (bringup) StdoutLine: {'line': b"writing list of installed files to '/home/ngt/ZENS-Final-AUVC/build/bringup/install.log'\n"}
[36.828272] (-) TimerEvent: {}
[36.931711] (-) TimerEvent: {}
[37.033842] (-) TimerEvent: {}
[37.136857] (-) TimerEvent: {}
[37.241707] (-) TimerEvent: {}
[37.342605] (-) TimerEvent: {}
[37.447757] (-) TimerEvent: {}
[37.548661] (-) TimerEvent: {}
[37.650526] (-) TimerEvent: {}
[37.753540] (-) TimerEvent: {}
[37.854905] (-) TimerEvent: {}
[37.958064] (-) TimerEvent: {}
[38.064810] (-) TimerEvent: {}
[38.171906] (-) TimerEvent: {}
[38.273084] (-) TimerEvent: {}
[38.375985] (-) TimerEvent: {}
[38.477400] (-) TimerEvent: {}
[38.581533] (-) TimerEvent: {}
[38.685840] (-) TimerEvent: {}
[38.746982] (gazebo_bluerov2) CommandEnded: {'returncode': 0}
[38.762887] (gazebo_bluerov2) JobProgress: {'identifier': 'gazebo_bluerov2', 'progress': 'install'}
[38.786287] (-) TimerEvent: {}
[38.879008] (gazebo_bluerov2) Command: {'cmd': ['/usr/bin/cmake', '--install', '/home/ngt/ZENS-Final-AUVC/build/gazebo_bluerov2'], 'cwd': '/home/ngt/ZENS-Final-AUVC/build/gazebo_bluerov2', 'env': OrderedDict({'PYTHON_BASIC_REPL': '1', 'VIRTUALENVWRAPPER_WORKON_CD': '1', 'USER': 'ngt', 'SSH_CLIENT': '192.168.3.1 64256 22', 'WORKON_HOME': '/home/ngt/.virtualenvs', 'GZ_SIM_RESOURCE_PATH': '/opt/ros/jazzy/share', 'GZ_CONFIG_PATH': '/opt/ros/jazzy/opt/gz_sim_vendor/share/gz:/opt/ros/jazzy/opt/sdformat_vendor/share/gz:/opt/ros/jazzy/opt/gz_gui_vendor/share/gz:/opt/ros/jazzy/opt/gz_transport_vendor/share/gz:/opt/ros/jazzy/opt/gz_rendering_vendor/share/gz:/opt/ros/jazzy/opt/gz_plugin_vendor/share/gz:/opt/ros/jazzy/opt/gz_fuel_tools_vendor/share/gz:/opt/ros/jazzy/opt/gz_msgs_vendor/share/gz:/opt/ros/jazzy/opt/gz_common_vendor/share/gz', 'XDG_SESSION_TYPE': 'tty', 'GIT_ASKPASS': '/home/ngt/.vscode-server/cli/servers/Stable-1b6a188127eeaf9194f945eb6eb89a657e93c54c/server/extensions/git/dist/askpass.sh', 'SHLVL': '1', 'BROWSER': '/home/ngt/.vscode-server/cli/servers/Stable-1b6a188127eeaf9194f945eb6eb89a657e93c54c/server/bin/helpers/browser.sh', 'LD_LIBRARY_PATH': '/home/ngt/auvc_ws/install/example_custom_srv/lib:/home/ngt/pid_ws/install/target_depth_msgs/lib:/opt/ros/jazzy/opt/gz_sim_vendor/lib:/opt/ros/jazzy/opt/gz_sensors_vendor/lib:/opt/ros/jazzy/opt/gz_physics_vendor/lib:/opt/ros/jazzy/opt/sdformat_vendor/lib:/opt/ros/jazzy/opt/rviz_ogre_vendor/lib:/opt/ros/jazzy/lib/aarch64-linux-gnu:/opt/ros/jazzy/opt/gz_gui_vendor/lib:/opt/ros/jazzy/opt/gz_transport_vendor/lib:/opt/ros/jazzy/opt/gz_rendering_vendor/lib:/opt/ros/jazzy/opt/gz_plugin_vendor/lib:/opt/ros/jazzy/opt/gz_fuel_tools_vendor/lib:/opt/ros/jazzy/opt/gz_msgs_vendor/lib:/opt/ros/jazzy/opt/gz_common_vendor/lib:/opt/ros/jazzy/opt/gz_math_vendor/lib:/opt/ros/jazzy/opt/gz_utils_vendor/lib:/opt/ros/jazzy/opt/gz_tools_vendor/lib:/opt/ros/jazzy/opt/gz_ogre_next_vendor/lib:/opt/ros/jazzy/opt/gz_dartsim_vendor/lib:/opt/ros/jazzy/opt/gz_cmake_vendor/lib:/opt/ros/jazzy/lib', 'GZ_TRANSPORT_ID': '192.168.3.1', 'HOME': '/home/ngt', 'OLDPWD': '/home/ngt', 'LESS': '-R', 'VIRTUALENVWRAPPER_PYTHON': '/usr/bin/python3', 'TERM_PROGRAM_VERSION': '1.130.0', 'VSCODE_IPC_HOOK_CLI': '/run/user/1004/vscode-ipc-85f34aaf-8c14-4b5e-9609-f108a0457dd3.sock', 'ZSH': '/home/ngt/.oh-my-zsh', 'LSCOLORS': 'Gxfxcxdxbxegedabagacad', 'GZ_TRANSPORT_PUB_PORT': '11345', 'VSCODE_GIT_ASKPASS_MAIN': '/home/ngt/.vscode-server/cli/servers/Stable-1b6a188127eeaf9194f945eb6eb89a657e93c54c/server/extensions/git/dist/askpass-main.js', 'PAGER': 'less', 'ROS_PYTHON_VERSION': '3', 'PS1': '(ardusub) %(?:%{\x1b[01;32m%}%1{➜%} :%{\x1b[01;31m%}%1{➜%} ) %{\x1b[36m%}%c%{\x1b[00m%} $(git_prompt_info)', 'VSCODE_GIT_ASKPASS_NODE': '/home/ngt/.vscode-server/cli/servers/Stable-1b6a188127eeaf9194f945eb6eb89a657e93c54c/server/node', 'DBUS_SESSION_BUS_ADDRESS': 'unix:path=/run/user/1004/bus', 'PYDEVD_DISABLE_FILE_VALIDATION': '1', 'BUNDLED_DEBUGPY_PATH': '/home/ngt/.vscode-server/extensions/ms-python.debugpy-2026.6.0-linux-arm64/bundled/libs/debugpy', 'GZ_TRANSPORT_SUB_PORT': '11346', 'VSCODE_PYTHON_AUTOACTIVATE_GUARD': '1', 'COLORTERM': 'truecolor', 'ROS_DISTRO': 'jazzy', 'COLCON_PREFIX_PATH': '/home/ngt/cv_ws/install:/home/ngt/pid_ws/install:/home/ngt/auvc_ws/install:/home/ngt/auv_dancing/install', 'LOGNAME': 'ngt', '_': '/home/ngt/.virtualenvs/ardusub/bin/colcon', 'XDG_SESSION_CLASS': 'user', 'USER_ZDOTDIR': '/home/ngt', 'ROS_VERSION': '2', 'XDG_SESSION_ID': '1', 'TERM': 'xterm-256color', 'PATH': '/home/ngt/.virtualenvs/ardusub/bin:/home/ngt/.opencode/bin:/opt/ros/jazzy/opt/gz_msgs_vendor/bin:/opt/ros/jazzy/opt/gz_tools_vendor/bin:/opt/ros/jazzy/opt/gz_ogre_next_vendor/bin:/opt/ros/jazzy/bin:/usr/lib/ccache:/home/ngt/.vscode-server/data/User/globalStorage/github.copilot-chat/debugCommand:/home/ngt/.vscode-server/data/User/globalStorage/github.copilot-chat/copilotCli:/home/ngt/.vscode-server/cli/servers/Stable-1b6a188127eeaf9194f945eb6eb89a657e93c54c/server/bin/remote-cli:/usr/local/sbin:/usr/local/bin:/usr/sbin:/usr/bin:/sbin:/bin:/usr/games:/usr/local/games:/snap/bin:/home/ngt/.vscode-server/extensions/ms-python.debugpy-2026.6.0-linux-arm64/bundled/scripts/noConfigScripts:/home/ngt/.local/bin:/home/ngt/ardupilot/Tools/autotest', 'XDG_RUNTIME_DIR': '/run/user/1004', 'GZ_PARTITION': 'my_sim', 'LANG': 'en_US.UTF-8', 'VSCODE_DEBUGPY_ADAPTER_ENDPOINTS': '/home/ngt/.vscode-server/extensions/ms-python.debugpy-2026.6.0-linux-arm64/.noConfigDebugAdapterEndpoints/endpoint-fe03004f45a03570.txt', 'PYTHONSTARTUP': '/home/ngt/.vscode-server/data/User/workspaceStorage/e30aafa2edaaf296b4a11477f6a9b588/ms-python.python/pythonrc.py', 'VSCODE_INJECTION': '1', 'VIRTUAL_ENV_PROMPT': 'ardusub', 'TERM_PROGRAM': 'vscode', 'VSCODE_GIT_IPC_HANDLE': '/run/user/1004/vscode-git-191b257475.sock', 'LS_COLORS': 'rs=0:di=01;34:ln=01;36:mh=00:pi=40;33:so=01;35:do=01;35:bd=40;33;01:cd=40;33;01:or=40;31;01:mi=00:su=37;41:sg=30;43:ca=00:tw=30;42:ow=34;42:st=37;44:ex=01;32:*.tar=01;31:*.tgz=01;31:*.arc=01;31:*.arj=01;31:*.taz=01;31:*.lha=01;31:*.lz4=01;31:*.lzh=01;31:*.lzma=01;31:*.tlz=01;31:*.txz=01;31:*.tzo=01;31:*.t7z=01;31:*.zip=01;31:*.z=01;31:*.dz=01;31:*.gz=01;31:*.lrz=01;31:*.lz=01;31:*.lzo=01;31:*.xz=01;31:*.zst=01;31:*.tzst=01;31:*.bz2=01;31:*.bz=01;31:*.tbz=01;31:*.tbz2=01;31:*.tz=01;31:*.deb=01;31:*.rpm=01;31:*.jar=01;31:*.war=01;31:*.ear=01;31:*.sar=01;31:*.rar=01;31:*.alz=01;31:*.ace=01;31:*.zoo=01;31:*.cpio=01;31:*.7z=01;31:*.rz=01;31:*.cab=01;31:*.wim=01;31:*.swm=01;31:*.dwm=01;31:*.esd=01;31:*.avif=01;35:*.jpg=01;35:*.jpeg=01;35:*.mjpg=01;35:*.mjpeg=01;35:*.gif=01;35:*.bmp=01;35:*.pbm=01;35:*.pgm=01;35:*.ppm=01;35:*.tga=01;35:*.xbm=01;35:*.xpm=01;35:*.tif=01;35:*.tiff=01;35:*.png=01;35:*.svg=01;35:*.svgz=01;35:*.mng=01;35:*.pcx=01;35:*.mov=01;35:*.mpg=01;35:*.mpeg=01;35:*.m2v=01;35:*.mkv=01;35:*.webm=01;35:*.webp=01;35:*.ogm=01;35:*.mp4=01;35:*.m4v=01;35:*.mp4v=01;35:*.vob=01;35:*.qt=01;35:*.nuv=01;35:*.wmv=01;35:*.asf=01;35:*.rm=01;35:*.rmvb=01;35:*.flc=01;35:*.avi=01;35:*.fli=01;35:*.flv=01;35:*.gl=01;35:*.dl=01;35:*.xcf=01;35:*.xwd=01;35:*.yuv=01;35:*.cgm=01;35:*.emf=01;35:*.ogv=01;35:*.ogx=01;35:*.aac=00;36:*.au=00;36:*.flac=00;36:*.m4a=00;36:*.mid=00;36:*.midi=00;36:*.mka=00;36:*.mp3=00;36:*.mpc=00;36:*.ogg=00;36:*.ra=00;36:*.wav=00;36:*.oga=00;36:*.opus=00;36:*.spx=00;36:*.xspf=00;36:*~=00;90:*#=00;90:*.bak=00;90:*.crdownload=00;90:*.dpkg-dist=00;90:*.dpkg-new=00;90:*.dpkg-old=00;90:*.dpkg-tmp=00;90:*.old=00;90:*.orig=00;90:*.part=00;90:*.rej=00;90:*.rpmnew=00;90:*.rpmorig=00;90:*.rpmsave=00;90:*.swp=00;90:*.tmp=00;90:*.ucf-dist=00;90:*.ucf-new=00;90:*.ucf-old=00;90:', 'AMENT_PREFIX_PATH': '/home/ngt/auvc_ws/install/tutorial_virtualenvs:/home/ngt/auvc_ws/install/tutorial_pid:/home/ngt/auvc_ws/install/tutorial_ardusub:/home/ngt/auvc_ws/install/tutorial:/home/ngt/auvc_ws/install/rosmav:/home/ngt/auvc_ws/install/example_custom_srv:/home/ngt/cv_ws/install/cv:/home/ngt/pid_ws/install/target_depth_msgs:/home/ngt/pid_ws/install/pid:/home/ngt/auv_dancing/install/tutorial:/opt/ros/jazzy', 'SHELL': '/usr/bin/zsh', 'VIRTUALENVWRAPPER_PROJECT_FILENAME': '.project', 'VIRTUALENVWRAPPER_HOOK_DIR': '/home/ngt/.virtualenvs', 'VSCODE_GIT_ASKPASS_EXTRA_ARGS': '', 'VIRTUALENVWRAPPER_SCRIPT': '/usr/share/virtualenvwrapper/virtualenvwrapper.sh', 'ROS_AUTOMATIC_DISCOVERY_RANGE': 'SUBNET', 'VIRTUAL_ENV': '/home/ngt/.virtualenvs/ardusub', 'LC_ALL': 'en_US.UTF-8', 'PWD': '/home/ngt/ZENS-Final-AUVC/build/gazebo_bluerov2', 'SSH_CONNECTION': '192.168.3.1 64256 192.168.3.2 22', 'COPILOT_DEBUG_NONCE': 'd6eed4c06bd82aa6cee185ab30fdc4f4', 'ZDOTDIR': '/home/ngt', 'PYTHONPATH': '/home/ngt/auvc_ws/install/tutorial_virtualenvs/lib/python3.12/site-packages:/home/ngt/auvc_ws/install/tutorial_pid/lib/python3.12/site-packages:/home/ngt/auvc_ws/install/tutorial_ardusub/lib/python3.12/site-packages:/home/ngt/auvc_ws/install/tutorial/lib/python3.12/site-packages:/home/ngt/auvc_ws/install/rosmav/lib/python3.12/site-packages:/home/ngt/auvc_ws/install/example_custom_srv/lib/python3.12/site-packages:/home/ngt/cv_ws/install/cv/lib/python3.12/site-packages:/home/ngt/pid_ws/install/target_depth_msgs/lib/python3.12/site-packages:/home/ngt/pid_ws/install/pid/lib/python3.12/site-packages:/home/ngt/auv_dancing/install/tutorial/lib/python3.12/site-packages:/opt/ros/jazzy/lib/python3.12/site-packages', 'COLCON': '1', 'CMAKE_PREFIX_PATH': '/home/ngt/auvc_ws/install/example_custom_srv:/home/ngt/pid_ws/install/target_depth_msgs:/opt/ros/jazzy/opt/gz_sim_vendor:/opt/ros/jazzy/opt/gz_sensors_vendor:/opt/ros/jazzy/opt/gz_physics_vendor:/opt/ros/jazzy/opt/sdformat_vendor:/opt/ros/jazzy/opt/gz_gui_vendor:/opt/ros/jazzy/opt/gz_transport_vendor:/opt/ros/jazzy/opt/gz_rendering_vendor:/opt/ros/jazzy/opt/gz_plugin_vendor:/opt/ros/jazzy/opt/gz_fuel_tools_vendor:/opt/ros/jazzy/opt/gz_msgs_vendor:/opt/ros/jazzy/opt/gz_common_vendor:/opt/ros/jazzy/opt/gz_math_vendor:/opt/ros/jazzy/opt/gz_utils_vendor:/opt/ros/jazzy/opt/gz_tools_vendor:/opt/ros/jazzy/opt/gz_ogre_next_vendor:/opt/ros/jazzy/opt/gz_dartsim_vendor:/opt/ros/jazzy/opt/gz_cmake_vendor:/home/ngt/auvc_ws/install/tutorial_virtualenvs:/home/ngt/auvc_ws/install/tutorial_pid:/home/ngt/auvc_ws/install/tutorial_ardusub:/home/ngt/auvc_ws/install/tutorial:/home/ngt/auvc_ws/install/rosmav:/home/ngt/cv_ws/install/cv:/home/ngt/pid_ws/install/pid:/home/ngt/auv_dancing/install/tutorial:/opt/ros/jazzy'}), 'shell': False}
[38.888959] (-) TimerEvent: {}
[38.926776] (msgs) JobProgress: {'identifier': 'msgs', 'progress': 'cmake'}
[38.971416] (msgs) JobProgress: {'identifier': 'msgs', 'progress': 'build'}
[38.971821] (msgs) Command: {'cmd': ['/usr/bin/cmake', '--build', '/home/ngt/ZENS-Final-AUVC/build/msgs', '--', '-j4', '-l4'], 'cwd': '/home/ngt/ZENS-Final-AUVC/build/msgs', 'env': OrderedDict({'PYTHON_BASIC_REPL': '1', 'VIRTUALENVWRAPPER_WORKON_CD': '1', 'USER': 'ngt', 'SSH_CLIENT': '192.168.3.1 64256 22', 'WORKON_HOME': '/home/ngt/.virtualenvs', 'GZ_SIM_RESOURCE_PATH': '/opt/ros/jazzy/share', 'GZ_CONFIG_PATH': '/opt/ros/jazzy/opt/gz_sim_vendor/share/gz:/opt/ros/jazzy/opt/sdformat_vendor/share/gz:/opt/ros/jazzy/opt/gz_gui_vendor/share/gz:/opt/ros/jazzy/opt/gz_transport_vendor/share/gz:/opt/ros/jazzy/opt/gz_rendering_vendor/share/gz:/opt/ros/jazzy/opt/gz_plugin_vendor/share/gz:/opt/ros/jazzy/opt/gz_fuel_tools_vendor/share/gz:/opt/ros/jazzy/opt/gz_msgs_vendor/share/gz:/opt/ros/jazzy/opt/gz_common_vendor/share/gz', 'XDG_SESSION_TYPE': 'tty', 'GIT_ASKPASS': '/home/ngt/.vscode-server/cli/servers/Stable-1b6a188127eeaf9194f945eb6eb89a657e93c54c/server/extensions/git/dist/askpass.sh', 'SHLVL': '1', 'BROWSER': '/home/ngt/.vscode-server/cli/servers/Stable-1b6a188127eeaf9194f945eb6eb89a657e93c54c/server/bin/helpers/browser.sh', 'LD_LIBRARY_PATH': '/home/ngt/auvc_ws/install/example_custom_srv/lib:/home/ngt/pid_ws/install/target_depth_msgs/lib:/opt/ros/jazzy/opt/gz_sim_vendor/lib:/opt/ros/jazzy/opt/gz_sensors_vendor/lib:/opt/ros/jazzy/opt/gz_physics_vendor/lib:/opt/ros/jazzy/opt/sdformat_vendor/lib:/opt/ros/jazzy/opt/rviz_ogre_vendor/lib:/opt/ros/jazzy/lib/aarch64-linux-gnu:/opt/ros/jazzy/opt/gz_gui_vendor/lib:/opt/ros/jazzy/opt/gz_transport_vendor/lib:/opt/ros/jazzy/opt/gz_rendering_vendor/lib:/opt/ros/jazzy/opt/gz_plugin_vendor/lib:/opt/ros/jazzy/opt/gz_fuel_tools_vendor/lib:/opt/ros/jazzy/opt/gz_msgs_vendor/lib:/opt/ros/jazzy/opt/gz_common_vendor/lib:/opt/ros/jazzy/opt/gz_math_vendor/lib:/opt/ros/jazzy/opt/gz_utils_vendor/lib:/opt/ros/jazzy/opt/gz_tools_vendor/lib:/opt/ros/jazzy/opt/gz_ogre_next_vendor/lib:/opt/ros/jazzy/opt/gz_dartsim_vendor/lib:/opt/ros/jazzy/opt/gz_cmake_vendor/lib:/opt/ros/jazzy/lib', 'GZ_TRANSPORT_ID': '192.168.3.1', 'HOME': '/home/ngt', 'OLDPWD': '/home/ngt', 'LESS': '-R', 'VIRTUALENVWRAPPER_PYTHON': '/usr/bin/python3', 'TERM_PROGRAM_VERSION': '1.130.0', 'VSCODE_IPC_HOOK_CLI': '/run/user/1004/vscode-ipc-85f34aaf-8c14-4b5e-9609-f108a0457dd3.sock', 'ZSH': '/home/ngt/.oh-my-zsh', 'LSCOLORS': 'Gxfxcxdxbxegedabagacad', 'GZ_TRANSPORT_PUB_PORT': '11345', 'VSCODE_GIT_ASKPASS_MAIN': '/home/ngt/.vscode-server/cli/servers/Stable-1b6a188127eeaf9194f945eb6eb89a657e93c54c/server/extensions/git/dist/askpass-main.js', 'PAGER': 'less', 'ROS_PYTHON_VERSION': '3', 'PS1': '(ardusub) %(?:%{\x1b[01;32m%}%1{➜%} :%{\x1b[01;31m%}%1{➜%} ) %{\x1b[36m%}%c%{\x1b[00m%} $(git_prompt_info)', 'VSCODE_GIT_ASKPASS_NODE': '/home/ngt/.vscode-server/cli/servers/Stable-1b6a188127eeaf9194f945eb6eb89a657e93c54c/server/node', 'DBUS_SESSION_BUS_ADDRESS': 'unix:path=/run/user/1004/bus', 'PYDEVD_DISABLE_FILE_VALIDATION': '1', 'BUNDLED_DEBUGPY_PATH': '/home/ngt/.vscode-server/extensions/ms-python.debugpy-2026.6.0-linux-arm64/bundled/libs/debugpy', 'GZ_TRANSPORT_SUB_PORT': '11346', 'VSCODE_PYTHON_AUTOACTIVATE_GUARD': '1', 'COLORTERM': 'truecolor', 'ROS_DISTRO': 'jazzy', 'COLCON_PREFIX_PATH': '/home/ngt/cv_ws/install:/home/ngt/pid_ws/install:/home/ngt/auvc_ws/install:/home/ngt/auv_dancing/install', 'LOGNAME': 'ngt', '_': '/home/ngt/.virtualenvs/ardusub/bin/colcon', 'XDG_SESSION_CLASS': 'user', 'USER_ZDOTDIR': '/home/ngt', 'ROS_VERSION': '2', 'XDG_SESSION_ID': '1', 'TERM': 'xterm-256color', 'PATH': '/home/ngt/.virtualenvs/ardusub/bin:/home/ngt/.opencode/bin:/opt/ros/jazzy/opt/gz_msgs_vendor/bin:/opt/ros/jazzy/opt/gz_tools_vendor/bin:/opt/ros/jazzy/opt/gz_ogre_next_vendor/bin:/opt/ros/jazzy/bin:/usr/lib/ccache:/home/ngt/.vscode-server/data/User/globalStorage/github.copilot-chat/debugCommand:/home/ngt/.vscode-server/data/User/globalStorage/github.copilot-chat/copilotCli:/home/ngt/.vscode-server/cli/servers/Stable-1b6a188127eeaf9194f945eb6eb89a657e93c54c/server/bin/remote-cli:/usr/local/sbin:/usr/local/bin:/usr/sbin:/usr/bin:/sbin:/bin:/usr/games:/usr/local/games:/snap/bin:/home/ngt/.vscode-server/extensions/ms-python.debugpy-2026.6.0-linux-arm64/bundled/scripts/noConfigScripts:/home/ngt/.local/bin:/home/ngt/ardupilot/Tools/autotest', 'XDG_RUNTIME_DIR': '/run/user/1004', 'GZ_PARTITION': 'my_sim', 'LANG': 'en_US.UTF-8', 'VSCODE_DEBUGPY_ADAPTER_ENDPOINTS': '/home/ngt/.vscode-server/extensions/ms-python.debugpy-2026.6.0-linux-arm64/.noConfigDebugAdapterEndpoints/endpoint-fe03004f45a03570.txt', 'PYTHONSTARTUP': '/home/ngt/.vscode-server/data/User/workspaceStorage/e30aafa2edaaf296b4a11477f6a9b588/ms-python.python/pythonrc.py', 'VSCODE_INJECTION': '1', 'VIRTUAL_ENV_PROMPT': 'ardusub', 'TERM_PROGRAM': 'vscode', 'VSCODE_GIT_IPC_HANDLE': '/run/user/1004/vscode-git-191b257475.sock', 'LS_COLORS': 'rs=0:di=01;34:ln=01;36:mh=00:pi=40;33:so=01;35:do=01;35:bd=40;33;01:cd=40;33;01:or=40;31;01:mi=00:su=37;41:sg=30;43:ca=00:tw=30;42:ow=34;42:st=37;44:ex=01;32:*.tar=01;31:*.tgz=01;31:*.arc=01;31:*.arj=01;31:*.taz=01;31:*.lha=01;31:*.lz4=01;31:*.lzh=01;31:*.lzma=01;31:*.tlz=01;31:*.txz=01;31:*.tzo=01;31:*.t7z=01;31:*.zip=01;31:*.z=01;31:*.dz=01;31:*.gz=01;31:*.lrz=01;31:*.lz=01;31:*.lzo=01;31:*.xz=01;31:*.zst=01;31:*.tzst=01;31:*.bz2=01;31:*.bz=01;31:*.tbz=01;31:*.tbz2=01;31:*.tz=01;31:*.deb=01;31:*.rpm=01;31:*.jar=01;31:*.war=01;31:*.ear=01;31:*.sar=01;31:*.rar=01;31:*.alz=01;31:*.ace=01;31:*.zoo=01;31:*.cpio=01;31:*.7z=01;31:*.rz=01;31:*.cab=01;31:*.wim=01;31:*.swm=01;31:*.dwm=01;31:*.esd=01;31:*.avif=01;35:*.jpg=01;35:*.jpeg=01;35:*.mjpg=01;35:*.mjpeg=01;35:*.gif=01;35:*.bmp=01;35:*.pbm=01;35:*.pgm=01;35:*.ppm=01;35:*.tga=01;35:*.xbm=01;35:*.xpm=01;35:*.tif=01;35:*.tiff=01;35:*.png=01;35:*.svg=01;35:*.svgz=01;35:*.mng=01;35:*.pcx=01;35:*.mov=01;35:*.mpg=01;35:*.mpeg=01;35:*.m2v=01;35:*.mkv=01;35:*.webm=01;35:*.webp=01;35:*.ogm=01;35:*.mp4=01;35:*.m4v=01;35:*.mp4v=01;35:*.vob=01;35:*.qt=01;35:*.nuv=01;35:*.wmv=01;35:*.asf=01;35:*.rm=01;35:*.rmvb=01;35:*.flc=01;35:*.avi=01;35:*.fli=01;35:*.flv=01;35:*.gl=01;35:*.dl=01;35:*.xcf=01;35:*.xwd=01;35:*.yuv=01;35:*.cgm=01;35:*.emf=01;35:*.ogv=01;35:*.ogx=01;35:*.aac=00;36:*.au=00;36:*.flac=00;36:*.m4a=00;36:*.mid=00;36:*.midi=00;36:*.mka=00;36:*.mp3=00;36:*.mpc=00;36:*.ogg=00;36:*.ra=00;36:*.wav=00;36:*.oga=00;36:*.opus=00;36:*.spx=00;36:*.xspf=00;36:*~=00;90:*#=00;90:*.bak=00;90:*.crdownload=00;90:*.dpkg-dist=00;90:*.dpkg-new=00;90:*.dpkg-old=00;90:*.dpkg-tmp=00;90:*.old=00;90:*.orig=00;90:*.part=00;90:*.rej=00;90:*.rpmnew=00;90:*.rpmorig=00;90:*.rpmsave=00;90:*.swp=00;90:*.tmp=00;90:*.ucf-dist=00;90:*.ucf-new=00;90:*.ucf-old=00;90:', 'AMENT_PREFIX_PATH': '/home/ngt/auvc_ws/install/tutorial_virtualenvs:/home/ngt/auvc_ws/install/tutorial_pid:/home/ngt/auvc_ws/install/tutorial_ardusub:/home/ngt/auvc_ws/install/tutorial:/home/ngt/auvc_ws/install/rosmav:/home/ngt/auvc_ws/install/example_custom_srv:/home/ngt/cv_ws/install/cv:/home/ngt/pid_ws/install/target_depth_msgs:/home/ngt/pid_ws/install/pid:/home/ngt/auv_dancing/install/tutorial:/opt/ros/jazzy', 'SHELL': '/usr/bin/zsh', 'VIRTUALENVWRAPPER_PROJECT_FILENAME': '.project', 'VIRTUALENVWRAPPER_HOOK_DIR': '/home/ngt/.virtualenvs', 'VSCODE_GIT_ASKPASS_EXTRA_ARGS': '', 'VIRTUALENVWRAPPER_SCRIPT': '/usr/share/virtualenvwrapper/virtualenvwrapper.sh', 'ROS_AUTOMATIC_DISCOVERY_RANGE': 'SUBNET', 'VIRTUAL_ENV': '/home/ngt/.virtualenvs/ardusub', 'LC_ALL': 'en_US.UTF-8', 'PWD': '/home/ngt/ZENS-Final-AUVC/build/msgs', 'SSH_CONNECTION': '192.168.3.1 64256 192.168.3.2 22', 'COPILOT_DEBUG_NONCE': 'd6eed4c06bd82aa6cee185ab30fdc4f4', 'ZDOTDIR': '/home/ngt', 'PYTHONPATH': '/home/ngt/auvc_ws/install/tutorial_virtualenvs/lib/python3.12/site-packages:/home/ngt/auvc_ws/install/tutorial_pid/lib/python3.12/site-packages:/home/ngt/auvc_ws/install/tutorial_ardusub/lib/python3.12/site-packages:/home/ngt/auvc_ws/install/tutorial/lib/python3.12/site-packages:/home/ngt/auvc_ws/install/rosmav/lib/python3.12/site-packages:/home/ngt/auvc_ws/install/example_custom_srv/lib/python3.12/site-packages:/home/ngt/cv_ws/install/cv/lib/python3.12/site-packages:/home/ngt/pid_ws/install/target_depth_msgs/lib/python3.12/site-packages:/home/ngt/pid_ws/install/pid/lib/python3.12/site-packages:/home/ngt/auv_dancing/install/tutorial/lib/python3.12/site-packages:/opt/ros/jazzy/lib/python3.12/site-packages', 'COLCON': '1', 'CMAKE_PREFIX_PATH': '/home/ngt/auvc_ws/install/example_custom_srv:/home/ngt/pid_ws/install/target_depth_msgs:/opt/ros/jazzy/opt/gz_sim_vendor:/opt/ros/jazzy/opt/gz_sensors_vendor:/opt/ros/jazzy/opt/gz_physics_vendor:/opt/ros/jazzy/opt/sdformat_vendor:/opt/ros/jazzy/opt/gz_gui_vendor:/opt/ros/jazzy/opt/gz_transport_vendor:/opt/ros/jazzy/opt/gz_rendering_vendor:/opt/ros/jazzy/opt/gz_plugin_vendor:/opt/ros/jazzy/opt/gz_fuel_tools_vendor:/opt/ros/jazzy/opt/gz_msgs_vendor:/opt/ros/jazzy/opt/gz_common_vendor:/opt/ros/jazzy/opt/gz_math_vendor:/opt/ros/jazzy/opt/gz_utils_vendor:/opt/ros/jazzy/opt/gz_tools_vendor:/opt/ros/jazzy/opt/gz_ogre_next_vendor:/opt/ros/jazzy/opt/gz_dartsim_vendor:/opt/ros/jazzy/opt/gz_cmake_vendor:/home/ngt/auvc_ws/install/tutorial_virtualenvs:/home/ngt/auvc_ws/install/tutorial_pid:/home/ngt/auvc_ws/install/tutorial_ardusub:/home/ngt/auvc_ws/install/tutorial:/home/ngt/auvc_ws/install/rosmav:/home/ngt/cv_ws/install/cv:/home/ngt/pid_ws/install/pid:/home/ngt/auv_dancing/install/tutorial:/opt/ros/jazzy'}), 'shell': False}
[39.017827] (-) TimerEvent: {}
[39.018550] (bringup) CommandEnded: {'returncode': 0}
[39.126135] (-) TimerEvent: {}
[39.167259] (bringup) JobEnded: {'identifier': 'bringup', 'rc': 0}
[39.181540] (gazebo_bluerov2) StdoutLine: {'line': b'-- Install configuration: ""\n'}
[39.184007] (gazebo_bluerov2) StdoutLine: {'line': b'-- Up-to-date: /home/ngt/ZENS-Final-AUVC/install/gazebo_bluerov2/share/gazebo_bluerov2/models\n'}
[39.188795] (gazebo_bluerov2) StdoutLine: {'line': b'-- Up-to-date: /home/ngt/ZENS-Final-AUVC/install/gazebo_bluerov2/share/gazebo_bluerov2/models/sand_heightmap\n'}
[39.195341] (gazebo_bluerov2) StdoutLine: {'line': b'-- Up-to-date: /home/ngt/ZENS-Final-AUVC/install/gazebo_bluerov2/share/gazebo_bluerov2/models/sand_heightmap/model.sdf\n'}
[39.200194] (gazebo_bluerov2) StdoutLine: {'line': b'-- Up-to-date: /home/ngt/ZENS-Final-AUVC/install/gazebo_bluerov2/share/gazebo_bluerov2/models/sand_heightmap/materials\n'}
[39.201383] (gazebo_bluerov2) StdoutLine: {'line': b'-- Up-to-date: /home/ngt/ZENS-Final-AUVC/install/gazebo_bluerov2/share/gazebo_bluerov2/models/sand_heightmap/materials/flat_normal.png\n'}
[39.202146] (gazebo_bluerov2) StdoutLine: {'line': b'-- Up-to-date: /home/ngt/ZENS-Final-AUVC/install/gazebo_bluerov2/share/gazebo_bluerov2/models/sand_heightmap/materials/soil_sand_0045_01.jpg\n'}
[39.207833] (gazebo_bluerov2) StdoutLine: {'line': b'-- Up-to-date: /home/ngt/ZENS-Final-AUVC/install/gazebo_bluerov2/share/gazebo_bluerov2/models/sand_heightmap/meshes\n'}
[39.210238] (gazebo_bluerov2) StdoutLine: {'line': b'-- Up-to-date: /home/ngt/ZENS-Final-AUVC/install/gazebo_bluerov2/share/gazebo_bluerov2/models/sand_heightmap/meshes/License and source for textures.txt\n'}
[39.216758] (gazebo_bluerov2) StdoutLine: {'line': b'-- Up-to-date: /home/ngt/ZENS-Final-AUVC/install/gazebo_bluerov2/share/gazebo_bluerov2/models/sand_heightmap/meshes/sandseabed.dae\n'}
[39.217499] (gazebo_bluerov2) StdoutLine: {'line': b'-- Up-to-date: /home/ngt/ZENS-Final-AUVC/install/gazebo_bluerov2/share/gazebo_bluerov2/models/sand_heightmap/meshes/heightmap.dae\n'}
[39.218173] (gazebo_bluerov2) StdoutLine: {'line': b'-- Up-to-date: /home/ngt/ZENS-Final-AUVC/install/gazebo_bluerov2/share/gazebo_bluerov2/models/sand_heightmap/meshes/soil_sand_0045_01.jpg\n'}
[39.223806] (gazebo_bluerov2) StdoutLine: {'line': b'-- Up-to-date: /home/ngt/ZENS-Final-AUVC/install/gazebo_bluerov2/share/gazebo_bluerov2/models/sand_heightmap/model.config\n'}
[39.227194] (-) TimerEvent: {}
[39.231756] (gazebo_bluerov2) StdoutLine: {'line': b'-- Up-to-date: /home/ngt/ZENS-Final-AUVC/install/gazebo_bluerov2/share/gazebo_bluerov2/models/Apriltag36_11_00001\n'}
[39.235036] (gazebo_bluerov2) StdoutLine: {'line': b'-- Up-to-date: /home/ngt/ZENS-Final-AUVC/install/gazebo_bluerov2/share/gazebo_bluerov2/models/Apriltag36_11_00001/model.sdf\n'}
[39.243832] (gazebo_bluerov2) StdoutLine: {'line': b'-- Up-to-date: /home/ngt/ZENS-Final-AUVC/install/gazebo_bluerov2/share/gazebo_bluerov2/models/Apriltag36_11_00001/materials\n'}
[39.247050] (gazebo_bluerov2) StdoutLine: {'line': b'-- Up-to-date: /home/ngt/ZENS-Final-AUVC/install/gazebo_bluerov2/share/gazebo_bluerov2/models/Apriltag36_11_00001/materials/textures\n'}
[39.254022] (gazebo_bluerov2) StdoutLine: {'line': b'-- Up-to-date: /home/ngt/ZENS-Final-AUVC/install/gazebo_bluerov2/share/gazebo_bluerov2/models/Apriltag36_11_00001/materials/textures/tag36_11_00001.png\n'}
[39.255896] (gazebo_bluerov2) StdoutLine: {'line': b'-- Up-to-date: /home/ngt/ZENS-Final-AUVC/install/gazebo_bluerov2/share/gazebo_bluerov2/models/Apriltag36_11_00001/materials/scripts\n'}
[39.262598] (gazebo_bluerov2) StdoutLine: {'line': b'-- Up-to-date: /home/ngt/ZENS-Final-AUVC/install/gazebo_bluerov2/share/gazebo_bluerov2/models/Apriltag36_11_00001/materials/scripts/Apriltag.material\n'}
[39.264771] (gazebo_bluerov2) StdoutLine: {'line': b'-- Up-to-date: /home/ngt/ZENS-Final-AUVC/install/gazebo_bluerov2/share/gazebo_bluerov2/models/Apriltag36_11_00001/model.config\n'}
[39.266802] (gazebo_bluerov2) StdoutLine: {'line': b'-- Up-to-date: /home/ngt/ZENS-Final-AUVC/install/gazebo_bluerov2/share/gazebo_bluerov2/models/axes\n'}
[39.267406] (gazebo_bluerov2) StdoutLine: {'line': b'-- Up-to-date: /home/ngt/ZENS-Final-AUVC/install/gazebo_bluerov2/share/gazebo_bluerov2/models/axes/model.sdf\n'}
[39.267963] (gazebo_bluerov2) StdoutLine: {'line': b'-- Up-to-date: /home/ngt/ZENS-Final-AUVC/install/gazebo_bluerov2/share/gazebo_bluerov2/models/axes/model.config\n'}
[39.268511] (gazebo_bluerov2) StdoutLine: {'line': b'-- Up-to-date: /home/ngt/ZENS-Final-AUVC/install/gazebo_bluerov2/share/gazebo_bluerov2/models/Apriltag36_11_00004\n'}
[39.269228] (gazebo_bluerov2) StdoutLine: {'line': b'-- Up-to-date: /home/ngt/ZENS-Final-AUVC/install/gazebo_bluerov2/share/gazebo_bluerov2/models/Apriltag36_11_00004/model.sdf\n'}
[39.274479] (gazebo_bluerov2) StdoutLine: {'line': b'-- Up-to-date: /home/ngt/ZENS-Final-AUVC/install/gazebo_bluerov2/share/gazebo_bluerov2/models/Apriltag36_11_00004/materials\n'}
[39.277423] (gazebo_bluerov2) StdoutLine: {'line': b'-- Up-to-date: /home/ngt/ZENS-Final-AUVC/install/gazebo_bluerov2/share/gazebo_bluerov2/models/Apriltag36_11_00004/materials/textures\n'}
[39.278316] (gazebo_bluerov2) StdoutLine: {'line': b'-- Up-to-date: /home/ngt/ZENS-Final-AUVC/install/gazebo_bluerov2/share/gazebo_bluerov2/models/Apriltag36_11_00004/materials/textures/tag36_11_00004.png\n'}
[39.282354] (gazebo_bluerov2) StdoutLine: {'line': b'-- Up-to-date: /home/ngt/ZENS-Final-AUVC/install/gazebo_bluerov2/share/gazebo_bluerov2/models/Apriltag36_11_00004/materials/scripts\n'}
[39.285041] (gazebo_bluerov2) StdoutLine: {'line': b'-- Up-to-date: /home/ngt/ZENS-Final-AUVC/install/gazebo_bluerov2/share/gazebo_bluerov2/models/Apriltag36_11_00004/materials/scripts/Apriltag.material\n'}
[39.287284] (gazebo_bluerov2) StdoutLine: {'line': b'-- Up-to-date: /home/ngt/ZENS-Final-AUVC/install/gazebo_bluerov2/share/gazebo_bluerov2/models/Apriltag36_11_00004/model.config\n'}
[39.288485] (gazebo_bluerov2) StdoutLine: {'line': b'-- Up-to-date: /home/ngt/ZENS-Final-AUVC/install/gazebo_bluerov2/share/gazebo_bluerov2/models/Apriltag36_11_00008\n'}
[39.296002] (gazebo_bluerov2) StdoutLine: {'line': b'-- Up-to-date: /home/ngt/ZENS-Final-AUVC/install/gazebo_bluerov2/share/gazebo_bluerov2/models/Apriltag36_11_00008/model.sdf\n'}
[39.298310] (gazebo_bluerov2) StdoutLine: {'line': b'-- Up-to-date: /home/ngt/ZENS-Final-AUVC/install/gazebo_bluerov2/share/gazebo_bluerov2/models/Apriltag36_11_00008/materials\n'}
[39.300424] (gazebo_bluerov2) StdoutLine: {'line': b'-- Up-to-date: /home/ngt/ZENS-Final-AUVC/install/gazebo_bluerov2/share/gazebo_bluerov2/models/Apriltag36_11_00008/materials/textures\n'}
[39.302458] (gazebo_bluerov2) StdoutLine: {'line': b'-- Up-to-date: /home/ngt/ZENS-Final-AUVC/install/gazebo_bluerov2/share/gazebo_bluerov2/models/Apriltag36_11_00008/materials/textures/tag36_11_00008.png\n'}
[39.304757] (gazebo_bluerov2) StdoutLine: {'line': b'-- Up-to-date: /home/ngt/ZENS-Final-AUVC/install/gazebo_bluerov2/share/gazebo_bluerov2/models/Apriltag36_11_00008/materials/scripts\n'}
[39.305497] (gazebo_bluerov2) StdoutLine: {'line': b'-- Up-to-date: /home/ngt/ZENS-Final-AUVC/install/gazebo_bluerov2/share/gazebo_bluerov2/models/Apriltag36_11_00008/materials/scripts/Apriltag.material\n'}
[39.309111] (gazebo_bluerov2) StdoutLine: {'line': b'-- Up-to-date: /home/ngt/ZENS-Final-AUVC/install/gazebo_bluerov2/share/gazebo_bluerov2/models/Apriltag36_11_00008/model.config\n'}
[39.311347] (gazebo_bluerov2) StdoutLine: {'line': b'-- Up-to-date: /home/ngt/ZENS-Final-AUVC/install/gazebo_bluerov2/share/gazebo_bluerov2/models/Apriltag36_11_00003\n'}
[39.312901] (gazebo_bluerov2) StdoutLine: {'line': b'-- Up-to-date: /home/ngt/ZENS-Final-AUVC/install/gazebo_bluerov2/share/gazebo_bluerov2/models/Apriltag36_11_00003/model.sdf\n'}
[39.315197] (gazebo_bluerov2) StdoutLine: {'line': b'-- Up-to-date: /home/ngt/ZENS-Final-AUVC/install/gazebo_bluerov2/share/gazebo_bluerov2/models/Apriltag36_11_00003/materials\n'}
[39.318198] (gazebo_bluerov2) StdoutLine: {'line': b'-- Up-to-date: /home/ngt/ZENS-Final-AUVC/install/gazebo_bluerov2/share/gazebo_bluerov2/models/Apriltag36_11_00003/materials/textures\n'}
[39.322236] (gazebo_bluerov2) StdoutLine: {'line': b'-- Up-to-date: /home/ngt/ZENS-Final-AUVC/install/gazebo_bluerov2/share/gazebo_bluerov2/models/Apriltag36_11_00003/materials/textures/tag36_11_00003.png\n'}
[39.323086] (gazebo_bluerov2) StdoutLine: {'line': b'-- Up-to-date: /home/ngt/ZENS-Final-AUVC/install/gazebo_bluerov2/share/gazebo_bluerov2/models/Apriltag36_11_00003/materials/scripts\n'}
[39.323695] (gazebo_bluerov2) StdoutLine: {'line': b'-- Up-to-date: /home/ngt/ZENS-Final-AUVC/install/gazebo_bluerov2/share/gazebo_bluerov2/models/Apriltag36_11_00003/materials/scripts/Apriltag.material\n'}
[39.326224] (gazebo_bluerov2) StdoutLine: {'line': b'-- Up-to-date: /home/ngt/ZENS-Final-AUVC/install/gazebo_bluerov2/share/gazebo_bluerov2/models/Apriltag36_11_00003/model.config\n'}
[39.328440] (-) TimerEvent: {}
[39.330046] (gazebo_bluerov2) StdoutLine: {'line': b'-- Up-to-date: /home/ngt/ZENS-Final-AUVC/install/gazebo_bluerov2/share/gazebo_bluerov2/models/Apriltag36_11_00006\n'}
[39.332417] (gazebo_bluerov2) StdoutLine: {'line': b'-- Up-to-date: /home/ngt/ZENS-Final-AUVC/install/gazebo_bluerov2/share/gazebo_bluerov2/models/Apriltag36_11_00006/model.sdf\n'}
[39.336287] (gazebo_bluerov2) StdoutLine: {'line': b'-- Up-to-date: /home/ngt/ZENS-Final-AUVC/install/gazebo_bluerov2/share/gazebo_bluerov2/models/Apriltag36_11_00006/materials\n'}
[39.338192] (gazebo_bluerov2) StdoutLine: {'line': b'-- Up-to-date: /home/ngt/ZENS-Final-AUVC/install/gazebo_bluerov2/share/gazebo_bluerov2/models/Apriltag36_11_00006/materials/textures\n'}
[39.341545] (gazebo_bluerov2) StdoutLine: {'line': b'-- Up-to-date: /home/ngt/ZENS-Final-AUVC/install/gazebo_bluerov2/share/gazebo_bluerov2/models/Apriltag36_11_00006/materials/textures/tag36_11_00006.png\n'}
[39.342452] (gazebo_bluerov2) StdoutLine: {'line': b'-- Up-to-date: /home/ngt/ZENS-Final-AUVC/install/gazebo_bluerov2/share/gazebo_bluerov2/models/Apriltag36_11_00006/materials/scripts\n'}
[39.344524] (gazebo_bluerov2) StdoutLine: {'line': b'-- Up-to-date: /home/ngt/ZENS-Final-AUVC/install/gazebo_bluerov2/share/gazebo_bluerov2/models/Apriltag36_11_00006/materials/scripts/Apriltag.material\n'}
[39.347443] (gazebo_bluerov2) StdoutLine: {'line': b'-- Up-to-date: /home/ngt/ZENS-Final-AUVC/install/gazebo_bluerov2/share/gazebo_bluerov2/models/Apriltag36_11_00006/model.config\n'}
[39.350907] (gazebo_bluerov2) StdoutLine: {'line': b'-- Up-to-date: /home/ngt/ZENS-Final-AUVC/install/gazebo_bluerov2/share/gazebo_bluerov2/models/bluerov2_2025\n'}
[39.353216] (gazebo_bluerov2) StdoutLine: {'line': b'-- Up-to-date: /home/ngt/ZENS-Final-AUVC/install/gazebo_bluerov2/share/gazebo_bluerov2/models/bluerov2_2025/model.sdf\n'}
[39.355760] (gazebo_bluerov2) StdoutLine: {'line': b'-- Up-to-date: /home/ngt/ZENS-Final-AUVC/install/gazebo_bluerov2/share/gazebo_bluerov2/models/bluerov2_2025/model.sdf.in\n'}
[39.357061] (gazebo_bluerov2) StdoutLine: {'line': b'-- Up-to-date: /home/ngt/ZENS-Final-AUVC/install/gazebo_bluerov2/share/gazebo_bluerov2/models/bluerov2_2025/materials\n'}
[39.359275] (gazebo_bluerov2) StdoutLine: {'line': b'-- Up-to-date: /home/ngt/ZENS-Final-AUVC/install/gazebo_bluerov2/share/gazebo_bluerov2/models/bluerov2_2025/materials/textures\n'}
[39.361665] (gazebo_bluerov2) StdoutLine: {'line': b'-- Up-to-date: /home/ngt/ZENS-Final-AUVC/install/gazebo_bluerov2/share/gazebo_bluerov2/models/bluerov2_2025/materials/textures/april1.png\n'}
[39.363668] (gazebo_bluerov2) StdoutLine: {'line': b'-- Up-to-date: /home/ngt/ZENS-Final-AUVC/install/gazebo_bluerov2/share/gazebo_bluerov2/models/bluerov2_2025/materials/scripts\n'}
[39.365876] (gazebo_bluerov2) StdoutLine: {'line': b'-- Up-to-date: /home/ngt/ZENS-Final-AUVC/install/gazebo_bluerov2/share/gazebo_bluerov2/models/bluerov2_2025/materials/scripts/april_tag_1.material\n'}
[39.370273] (gazebo_bluerov2) StdoutLine: {'line': b'-- Up-to-date: /home/ngt/ZENS-Final-AUVC/install/gazebo_bluerov2/share/gazebo_bluerov2/models/bluerov2_2025/BlueROV2.md\n'}
[39.371054] (gazebo_bluerov2) StdoutLine: {'line': b'-- Up-to-date: /home/ngt/ZENS-Final-AUVC/install/gazebo_bluerov2/share/gazebo_bluerov2/models/bluerov2_2025/configs.yaml\n'}
[39.371647] (gazebo_bluerov2) StdoutLine: {'line': b'-- Up-to-date: /home/ngt/ZENS-Final-AUVC/install/gazebo_bluerov2/share/gazebo_bluerov2/models/bluerov2_2025/meshes\n'}
[39.378036] (gazebo_bluerov2) StdoutLine: {'line': b'-- Up-to-date: /home/ngt/ZENS-Final-AUVC/install/gazebo_bluerov2/share/gazebo_bluerov2/models/bluerov2_2025/meshes/t200_cw_prop.dae\n'}
[39.381759] (gazebo_bluerov2) StdoutLine: {'line': b'-- Up-to-date: /home/ngt/ZENS-Final-AUVC/install/gazebo_bluerov2/share/gazebo_bluerov2/models/bluerov2_2025/meshes/t200_ccw_prop.dae\n'}
[39.388775] (gazebo_bluerov2) StdoutLine: {'line': b'-- Up-to-date: /home/ngt/ZENS-Final-AUVC/install/gazebo_bluerov2/share/gazebo_bluerov2/models/bluerov2_2025/meshes/bluerov2.dae\n'}
[39.389523] (gazebo_bluerov2) StdoutLine: {'line': b'-- Up-to-date: /home/ngt/ZENS-Final-AUVC/install/gazebo_bluerov2/share/gazebo_bluerov2/models/bluerov2_2025/model.config\n'}
[39.390173] (gazebo_bluerov2) StdoutLine: {'line': b'-- Up-to-date: /home/ngt/ZENS-Final-AUVC/install/gazebo_bluerov2/share/gazebo_bluerov2/models/bluerov2_heavy\n'}
[39.390802] (gazebo_bluerov2) StdoutLine: {'line': b'-- Up-to-date: /home/ngt/ZENS-Final-AUVC/install/gazebo_bluerov2/share/gazebo_bluerov2/models/bluerov2_heavy/model.sdf\n'}
[39.391518] (gazebo_bluerov2) StdoutLine: {'line': b'-- Up-to-date: /home/ngt/ZENS-Final-AUVC/install/gazebo_bluerov2/share/gazebo_bluerov2/models/bluerov2_heavy/model.sdf.in\n'}
[39.398220] (gazebo_bluerov2) StdoutLine: {'line': b'-- Up-to-date: /home/ngt/ZENS-Final-AUVC/install/gazebo_bluerov2/share/gazebo_bluerov2/models/bluerov2_heavy/BlueROV2Heavy.md\n'}
[39.401331] (gazebo_bluerov2) StdoutLine: {'line': b'-- Up-to-date: /home/ngt/ZENS-Final-AUVC/install/gazebo_bluerov2/share/gazebo_bluerov2/models/bluerov2_heavy/configs.yaml\n'}
[39.402687] (gazebo_bluerov2) StdoutLine: {'line': b'-- Up-to-date: /home/ngt/ZENS-Final-AUVC/install/gazebo_bluerov2/share/gazebo_bluerov2/models/bluerov2_heavy/meshes\n'}
[39.404789] (gazebo_bluerov2) StdoutLine: {'line': b'-- Up-to-date: /home/ngt/ZENS-Final-AUVC/install/gazebo_bluerov2/share/gazebo_bluerov2/models/bluerov2_heavy/meshes/t200_cw_prop.dae\n'}
[39.406873] (gazebo_bluerov2) StdoutLine: {'line': b'-- Up-to-date: /home/ngt/ZENS-Final-AUVC/install/gazebo_bluerov2/share/gazebo_bluerov2/models/bluerov2_heavy/meshes/t200_ccw_prop.dae\n'}
[39.409058] (gazebo_bluerov2) StdoutLine: {'line': b'-- Up-to-date: /home/ngt/ZENS-Final-AUVC/install/gazebo_bluerov2/share/gazebo_bluerov2/models/bluerov2_heavy/meshes/bluerov2_heavy.dae\n'}
[39.411365] (gazebo_bluerov2) StdoutLine: {'line': b'-- Up-to-date: /home/ngt/ZENS-Final-AUVC/install/gazebo_bluerov2/share/gazebo_bluerov2/models/bluerov2_heavy/model.config\n'}
[39.412264] (gazebo_bluerov2) StdoutLine: {'line': b'-- Up-to-date: /home/ngt/ZENS-Final-AUVC/install/gazebo_bluerov2/share/gazebo_bluerov2/models/Apriltag36_11_00005\n'}
[39.414107] (gazebo_bluerov2) StdoutLine: {'line': b'-- Up-to-date: /home/ngt/ZENS-Final-AUVC/install/gazebo_bluerov2/share/gazebo_bluerov2/models/Apriltag36_11_00005/model.sdf\n'}
[39.415836] (gazebo_bluerov2) StdoutLine: {'line': b'-- Up-to-date: /home/ngt/ZENS-Final-AUVC/install/gazebo_bluerov2/share/gazebo_bluerov2/models/Apriltag36_11_00005/materials\n'}
[39.420157] (gazebo_bluerov2) StdoutLine: {'line': b'-- Up-to-date: /home/ngt/ZENS-Final-AUVC/install/gazebo_bluerov2/share/gazebo_bluerov2/models/Apriltag36_11_00005/materials/textures\n'}
[39.424942] (gazebo_bluerov2) StdoutLine: {'line': b'-- Up-to-date: /home/ngt/ZENS-Final-AUVC/install/gazebo_bluerov2/share/gazebo_bluerov2/models/Apriltag36_11_00005/materials/textures/tag36_11_00005.png\n'}
[39.428053] (gazebo_bluerov2) StdoutLine: {'line': b'-- Up-to-date: /home/ngt/ZENS-Final-AUVC/install/gazebo_bluerov2/share/gazebo_bluerov2/models/Apriltag36_11_00005/materials/scripts\n'}
[39.433524] (-) TimerEvent: {}
[39.435369] (gazebo_bluerov2) StdoutLine: {'line': b'-- Up-to-date: /home/ngt/ZENS-Final-AUVC/install/gazebo_bluerov2/share/gazebo_bluerov2/models/Apriltag36_11_00005/materials/scripts/Apriltag.material\n'}
[39.440700] (gazebo_bluerov2) StdoutLine: {'line': b'-- Up-to-date: /home/ngt/ZENS-Final-AUVC/install/gazebo_bluerov2/share/gazebo_bluerov2/models/Apriltag36_11_00005/model.config\n'}
[39.443268] (gazebo_bluerov2) StdoutLine: {'line': b'-- Up-to-date: /home/ngt/ZENS-Final-AUVC/install/gazebo_bluerov2/share/gazebo_bluerov2/models/pool_map\n'}
[39.445600] (gazebo_bluerov2) StdoutLine: {'line': b'-- Up-to-date: /home/ngt/ZENS-Final-AUVC/install/gazebo_bluerov2/share/gazebo_bluerov2/models/pool_map/model.sdf\n'}
[39.448054] (gazebo_bluerov2) StdoutLine: {'line': b'-- Up-to-date: /home/ngt/ZENS-Final-AUVC/install/gazebo_bluerov2/share/gazebo_bluerov2/models/pool_map/blenderkit.jpg\n'}
[39.450277] (gazebo_bluerov2) StdoutLine: {'line': b'-- Up-to-date: /home/ngt/ZENS-Final-AUVC/install/gazebo_bluerov2/share/gazebo_bluerov2/models/pool_map/Black.png\n'}
[39.452455] (gazebo_bluerov2) StdoutLine: {'line': b'-- Up-to-date: /home/ngt/ZENS-Final-AUVC/install/gazebo_bluerov2/share/gazebo_bluerov2/models/pool_map/model.config\n'}
[39.454496] (gazebo_bluerov2) StdoutLine: {'line': b'-- Up-to-date: /home/ngt/ZENS-Final-AUVC/install/gazebo_bluerov2/share/gazebo_bluerov2/models/pool_map/model.dae\n'}
[39.456499] (gazebo_bluerov2) StdoutLine: {'line': b'-- Up-to-date: /home/ngt/ZENS-Final-AUVC/install/gazebo_bluerov2/share/gazebo_bluerov2/models/bluerov2_2025_port_9012\n'}
[39.458739] (gazebo_bluerov2) StdoutLine: {'line': b'-- Up-to-date: /home/ngt/ZENS-Final-AUVC/install/gazebo_bluerov2/share/gazebo_bluerov2/models/bluerov2_2025_port_9012/model.sdf\n'}
[39.461049] (gazebo_bluerov2) StdoutLine: {'line': b'-- Up-to-date: /home/ngt/ZENS-Final-AUVC/install/gazebo_bluerov2/share/gazebo_bluerov2/models/bluerov2_2025_port_9012/model.sdf.in\n'}
[39.463293] (gazebo_bluerov2) StdoutLine: {'line': b'-- Up-to-date: /home/ngt/ZENS-Final-AUVC/install/gazebo_bluerov2/share/gazebo_bluerov2/models/bluerov2_2025_port_9012/materials\n'}
[39.466778] (gazebo_bluerov2) StdoutLine: {'line': b'-- Up-to-date: /home/ngt/ZENS-Final-AUVC/install/gazebo_bluerov2/share/gazebo_bluerov2/models/bluerov2_2025_port_9012/materials/textures\n'}
[39.468667] (gazebo_bluerov2) StdoutLine: {'line': b'-- Up-to-date: /home/ngt/ZENS-Final-AUVC/install/gazebo_bluerov2/share/gazebo_bluerov2/models/bluerov2_2025_port_9012/materials/textures/april1.png\n'}
[39.470921] (gazebo_bluerov2) StdoutLine: {'line': b'-- Up-to-date: /home/ngt/ZENS-Final-AUVC/install/gazebo_bluerov2/share/gazebo_bluerov2/models/bluerov2_2025_port_9012/materials/scripts\n'}
[39.477799] (gazebo_bluerov2) StdoutLine: {'line': b'-- Up-to-date: /home/ngt/ZENS-Final-AUVC/install/gazebo_bluerov2/share/gazebo_bluerov2/models/bluerov2_2025_port_9012/materials/scripts/april_tag_1.material\n'}
[39.481921] (gazebo_bluerov2) StdoutLine: {'line': b'-- Up-to-date: /home/ngt/ZENS-Final-AUVC/install/gazebo_bluerov2/share/gazebo_bluerov2/models/bluerov2_2025_port_9012/BlueROV2.md\n'}
[39.482708] (gazebo_bluerov2) StdoutLine: {'line': b'-- Up-to-date: /home/ngt/ZENS-Final-AUVC/install/gazebo_bluerov2/share/gazebo_bluerov2/models/bluerov2_2025_port_9012/configs.yaml\n'}
[39.485944] (gazebo_bluerov2) StdoutLine: {'line': b'-- Up-to-date: /home/ngt/ZENS-Final-AUVC/install/gazebo_bluerov2/share/gazebo_bluerov2/models/bluerov2_2025_port_9012/meshes\n'}
[39.491036] (gazebo_bluerov2) StdoutLine: {'line': b'-- Up-to-date: /home/ngt/ZENS-Final-AUVC/install/gazebo_bluerov2/share/gazebo_bluerov2/models/bluerov2_2025_port_9012/meshes/t200_cw_prop.dae\n'}
[39.493401] (gazebo_bluerov2) StdoutLine: {'line': b'-- Up-to-date: /home/ngt/ZENS-Final-AUVC/install/gazebo_bluerov2/share/gazebo_bluerov2/models/bluerov2_2025_port_9012/meshes/t200_ccw_prop.dae\n'}
[39.494875] (gazebo_bluerov2) StdoutLine: {'line': b'-- Up-to-date: /home/ngt/ZENS-Final-AUVC/install/gazebo_bluerov2/share/gazebo_bluerov2/models/bluerov2_2025_port_9012/meshes/bluerov2.dae\n'}
[39.496916] (gazebo_bluerov2) StdoutLine: {'line': b'-- Up-to-date: /home/ngt/ZENS-Final-AUVC/install/gazebo_bluerov2/share/gazebo_bluerov2/models/bluerov2_2025_port_9012/model.config\n'}
[39.502091] (gazebo_bluerov2) StdoutLine: {'line': b'-- Up-to-date: /home/ngt/ZENS-Final-AUVC/install/gazebo_bluerov2/share/gazebo_bluerov2/models/Apriltag36_11_00002\n'}
[39.502784] (gazebo_bluerov2) StdoutLine: {'line': b'-- Up-to-date: /home/ngt/ZENS-Final-AUVC/install/gazebo_bluerov2/share/gazebo_bluerov2/models/Apriltag36_11_00002/model.sdf\n'}
[39.507601] (gazebo_bluerov2) StdoutLine: {'line': b'-- Up-to-date: /home/ngt/ZENS-Final-AUVC/install/gazebo_bluerov2/share/gazebo_bluerov2/models/Apriltag36_11_00002/materials\n'}
[39.508266] (gazebo_bluerov2) StdoutLine: {'line': b'-- Up-to-date: /home/ngt/ZENS-Final-AUVC/install/gazebo_bluerov2/share/gazebo_bluerov2/models/Apriltag36_11_00002/materials/textures\n'}
[39.511189] (gazebo_bluerov2) StdoutLine: {'line': b'-- Up-to-date: /home/ngt/ZENS-Final-AUVC/install/gazebo_bluerov2/share/gazebo_bluerov2/models/Apriltag36_11_00002/materials/textures/tag36_11_00002.png\n'}
[39.513823] (gazebo_bluerov2) StdoutLine: {'line': b'-- Up-to-date: /home/ngt/ZENS-Final-AUVC/install/gazebo_bluerov2/share/gazebo_bluerov2/models/Apriltag36_11_00002/materials/scripts\n'}
[39.515806] (gazebo_bluerov2) StdoutLine: {'line': b'-- Up-to-date: /home/ngt/ZENS-Final-AUVC/install/gazebo_bluerov2/share/gazebo_bluerov2/models/Apriltag36_11_00002/materials/scripts/Apriltag.material\n'}
[39.519095] (gazebo_bluerov2) StdoutLine: {'line': b'-- Up-to-date: /home/ngt/ZENS-Final-AUVC/install/gazebo_bluerov2/share/gazebo_bluerov2/models/Apriltag36_11_00002/model.config\n'}
[39.521537] (gazebo_bluerov2) StdoutLine: {'line': b'-- Up-to-date: /home/ngt/ZENS-Final-AUVC/install/gazebo_bluerov2/share/gazebo_bluerov2/models/bluerov2\n'}
[39.523518] (gazebo_bluerov2) StdoutLine: {'line': b'-- Up-to-date: /home/ngt/ZENS-Final-AUVC/install/gazebo_bluerov2/share/gazebo_bluerov2/models/bluerov2/model.sdf\n'}
[39.528309] (gazebo_bluerov2) StdoutLine: {'line': b'-- Up-to-date: /home/ngt/ZENS-Final-AUVC/install/gazebo_bluerov2/share/gazebo_bluerov2/models/bluerov2/model.sdf.in\n'}
[39.529752] (gazebo_bluerov2) StdoutLine: {'line': b'-- Up-to-date: /home/ngt/ZENS-Final-AUVC/install/gazebo_bluerov2/share/gazebo_bluerov2/models/bluerov2/materials\n'}
[39.530425] (gazebo_bluerov2) StdoutLine: {'line': b'-- Up-to-date: /home/ngt/ZENS-Final-AUVC/install/gazebo_bluerov2/share/gazebo_bluerov2/models/bluerov2/materials/textures\n'}
[39.534439] (-) TimerEvent: {}
[39.536975] (gazebo_bluerov2) StdoutLine: {'line': b'-- Up-to-date: /home/ngt/ZENS-Final-AUVC/install/gazebo_bluerov2/share/gazebo_bluerov2/models/bluerov2/materials/textures/april1.png\n'}
[39.540113] (gazebo_bluerov2) StdoutLine: {'line': b'-- Up-to-date: /home/ngt/ZENS-Final-AUVC/install/gazebo_bluerov2/share/gazebo_bluerov2/models/bluerov2/materials/scripts\n'}
[39.543804] (gazebo_bluerov2) StdoutLine: {'line': b'-- Up-to-date: /home/ngt/ZENS-Final-AUVC/install/gazebo_bluerov2/share/gazebo_bluerov2/models/bluerov2/materials/scripts/april_tag_1.material\n'}
[39.546632] (gazebo_bluerov2) StdoutLine: {'line': b'-- Up-to-date: /home/ngt/ZENS-Final-AUVC/install/gazebo_bluerov2/share/gazebo_bluerov2/models/bluerov2/BlueROV2.md\n'}
[39.550455] (gazebo_bluerov2) StdoutLine: {'line': b'-- Up-to-date: /home/ngt/ZENS-Final-AUVC/install/gazebo_bluerov2/share/gazebo_bluerov2/models/bluerov2/configs.yaml\n'}
[39.554002] (gazebo_bluerov2) StdoutLine: {'line': b'-- Up-to-date: /home/ngt/ZENS-Final-AUVC/install/gazebo_bluerov2/share/gazebo_bluerov2/models/bluerov2/meshes\n'}
[39.556270] (gazebo_bluerov2) StdoutLine: {'line': b'-- Up-to-date: /home/ngt/ZENS-Final-AUVC/install/gazebo_bluerov2/share/gazebo_bluerov2/models/bluerov2/meshes/t200_cw_prop.dae\n'}
[39.561761] (gazebo_bluerov2) StdoutLine: {'line': b'-- Up-to-date: /home/ngt/ZENS-Final-AUVC/install/gazebo_bluerov2/share/gazebo_bluerov2/models/bluerov2/meshes/t200_ccw_prop.dae\n'}
[39.562515] (gazebo_bluerov2) StdoutLine: {'line': b'-- Up-to-date: /home/ngt/ZENS-Final-AUVC/install/gazebo_bluerov2/share/gazebo_bluerov2/models/bluerov2/meshes/bluerov2.dae\n'}
[39.566258] (gazebo_bluerov2) StdoutLine: {'line': b'-- Up-to-date: /home/ngt/ZENS-Final-AUVC/install/gazebo_bluerov2/share/gazebo_bluerov2/models/bluerov2/model.config\n'}
[39.567133] (gazebo_bluerov2) StdoutLine: {'line': b'-- Up-to-date: /home/ngt/ZENS-Final-AUVC/install/gazebo_bluerov2/share/gazebo_bluerov2/models/bluerov2_2025_port_9002\n'}
[39.567892] (gazebo_bluerov2) StdoutLine: {'line': b'-- Up-to-date: /home/ngt/ZENS-Final-AUVC/install/gazebo_bluerov2/share/gazebo_bluerov2/models/bluerov2_2025_port_9002/model.sdf\n'}
[39.574638] (gazebo_bluerov2) StdoutLine: {'line': b'-- Up-to-date: /home/ngt/ZENS-Final-AUVC/install/gazebo_bluerov2/share/gazebo_bluerov2/models/bluerov2_2025_port_9002/model.sdf.in\n'}
[39.575394] (gazebo_bluerov2) StdoutLine: {'line': b'-- Up-to-date: /home/ngt/ZENS-Final-AUVC/install/gazebo_bluerov2/share/gazebo_bluerov2/models/bluerov2_2025_port_9002/materials\n'}
[39.576119] (gazebo_bluerov2) StdoutLine: {'line': b'-- Up-to-date: /home/ngt/ZENS-Final-AUVC/install/gazebo_bluerov2/share/gazebo_bluerov2/models/bluerov2_2025_port_9002/materials/textures\n'}
[39.581640] (gazebo_bluerov2) StdoutLine: {'line': b'-- Up-to-date: /home/ngt/ZENS-Final-AUVC/install/gazebo_bluerov2/share/gazebo_bluerov2/models/bluerov2_2025_port_9002/materials/textures/april1.png\n'}
[39.585075] (gazebo_bluerov2) StdoutLine: {'line': b'-- Up-to-date: /home/ngt/ZENS-Final-AUVC/install/gazebo_bluerov2/share/gazebo_bluerov2/models/bluerov2_2025_port_9002/materials/scripts\n'}
[39.587141] (gazebo_bluerov2) StdoutLine: {'line': b'-- Up-to-date: /home/ngt/ZENS-Final-AUVC/install/gazebo_bluerov2/share/gazebo_bluerov2/models/bluerov2_2025_port_9002/materials/scripts/april_tag_1.material\n'}
[39.594389] (gazebo_bluerov2) StdoutLine: {'line': b'-- Up-to-date: /home/ngt/ZENS-Final-AUVC/install/gazebo_bluerov2/share/gazebo_bluerov2/models/bluerov2_2025_port_9002/BlueROV2.md\n'}
[39.597162] (gazebo_bluerov2) StdoutLine: {'line': b'-- Up-to-date: /home/ngt/ZENS-Final-AUVC/install/gazebo_bluerov2/share/gazebo_bluerov2/models/bluerov2_2025_port_9002/configs.yaml\n'}
[39.600335] (gazebo_bluerov2) StdoutLine: {'line': b'-- Up-to-date: /home/ngt/ZENS-Final-AUVC/install/gazebo_bluerov2/share/gazebo_bluerov2/models/bluerov2_2025_port_9002/meshes\n'}
[39.603839] (gazebo_bluerov2) StdoutLine: {'line': b'-- Up-to-date: /home/ngt/ZENS-Final-AUVC/install/gazebo_bluerov2/share/gazebo_bluerov2/models/bluerov2_2025_port_9002/meshes/t200_cw_prop.dae\n'}
[39.606679] (gazebo_bluerov2) StdoutLine: {'line': b'-- Up-to-date: /home/ngt/ZENS-Final-AUVC/install/gazebo_bluerov2/share/gazebo_bluerov2/models/bluerov2_2025_port_9002/meshes/t200_ccw_prop.dae\n'}
[39.607484] (gazebo_bluerov2) StdoutLine: {'line': b'-- Up-to-date: /home/ngt/ZENS-Final-AUVC/install/gazebo_bluerov2/share/gazebo_bluerov2/models/bluerov2_2025_port_9002/meshes/bluerov2.dae\n'}
[39.614140] (gazebo_bluerov2) StdoutLine: {'line': b'-- Up-to-date: /home/ngt/ZENS-Final-AUVC/install/gazebo_bluerov2/share/gazebo_bluerov2/models/bluerov2_2025_port_9002/model.config\n'}
[39.615479] (gazebo_bluerov2) StdoutLine: {'line': b'-- Up-to-date: /home/ngt/ZENS-Final-AUVC/install/gazebo_bluerov2/share/gazebo_bluerov2/models/Apriltag36_11_00000\n'}
[39.616513] (gazebo_bluerov2) StdoutLine: {'line': b'-- Up-to-date: /home/ngt/ZENS-Final-AUVC/install/gazebo_bluerov2/share/gazebo_bluerov2/models/Apriltag36_11_00000/model.sdf\n'}
[39.622634] (gazebo_bluerov2) StdoutLine: {'line': b'-- Up-to-date: /home/ngt/ZENS-Final-AUVC/install/gazebo_bluerov2/share/gazebo_bluerov2/models/Apriltag36_11_00000/materials\n'}
[39.625901] (gazebo_bluerov2) StdoutLine: {'line': b'-- Up-to-date: /home/ngt/ZENS-Final-AUVC/install/gazebo_bluerov2/share/gazebo_bluerov2/models/Apriltag36_11_00000/materials/textures\n'}
[39.628291] (gazebo_bluerov2) StdoutLine: {'line': b'-- Up-to-date: /home/ngt/ZENS-Final-AUVC/install/gazebo_bluerov2/share/gazebo_bluerov2/models/Apriltag36_11_00000/materials/textures/tag36_11_00000.png\n'}
[39.632226] (gazebo_bluerov2) StdoutLine: {'line': b'-- Up-to-date: /home/ngt/ZENS-Final-AUVC/install/gazebo_bluerov2/share/gazebo_bluerov2/models/Apriltag36_11_00000/materials/scripts\n'}
[39.632963] (gazebo_bluerov2) StdoutLine: {'line': b'-- Up-to-date: /home/ngt/ZENS-Final-AUVC/install/gazebo_bluerov2/share/gazebo_bluerov2/models/Apriltag36_11_00000/materials/scripts/Apriltag.material\n'}
[39.637447] (-) TimerEvent: {}
[39.639266] (gazebo_bluerov2) StdoutLine: {'line': b'-- Up-to-date: /home/ngt/ZENS-Final-AUVC/install/gazebo_bluerov2/share/gazebo_bluerov2/models/Apriltag36_11_00000/model.config\n'}
[39.640087] (gazebo_bluerov2) StdoutLine: {'line': b'-- Up-to-date: /home/ngt/ZENS-Final-AUVC/install/gazebo_bluerov2/share/gazebo_bluerov2/models/Apriltag36_11_00007\n'}
[39.643630] (gazebo_bluerov2) StdoutLine: {'line': b'-- Up-to-date: /home/ngt/ZENS-Final-AUVC/install/gazebo_bluerov2/share/gazebo_bluerov2/models/Apriltag36_11_00007/model.sdf\n'}
[39.645915] (gazebo_bluerov2) StdoutLine: {'line': b'-- Up-to-date: /home/ngt/ZENS-Final-AUVC/install/gazebo_bluerov2/share/gazebo_bluerov2/models/Apriltag36_11_00007/materials\n'}
[39.650132] (gazebo_bluerov2) StdoutLine: {'line': b'-- Up-to-date: /home/ngt/ZENS-Final-AUVC/install/gazebo_bluerov2/share/gazebo_bluerov2/models/Apriltag36_11_00007/materials/textures\n'}
[39.655324] (gazebo_bluerov2) StdoutLine: {'line': b'-- Up-to-date: /home/ngt/ZENS-Final-AUVC/install/gazebo_bluerov2/share/gazebo_bluerov2/models/Apriltag36_11_00007/materials/textures/tag36_11_00007.png\n'}
[39.656063] (gazebo_bluerov2) StdoutLine: {'line': b'-- Up-to-date: /home/ngt/ZENS-Final-AUVC/install/gazebo_bluerov2/share/gazebo_bluerov2/models/Apriltag36_11_00007/materials/scripts\n'}
[39.658440] (gazebo_bluerov2) StdoutLine: {'line': b'-- Up-to-date: /home/ngt/ZENS-Final-AUVC/install/gazebo_bluerov2/share/gazebo_bluerov2/models/Apriltag36_11_00007/materials/scripts/Apriltag.material\n'}
[39.661307] (gazebo_bluerov2) StdoutLine: {'line': b'-- Up-to-date: /home/ngt/ZENS-Final-AUVC/install/gazebo_bluerov2/share/gazebo_bluerov2/models/Apriltag36_11_00007/model.config\n'}
[39.665160] (gazebo_bluerov2) StdoutLine: {'line': b'-- Up-to-date: /home/ngt/ZENS-Final-AUVC/install/gazebo_bluerov2/share/gazebo_bluerov2/worlds\n'}
[39.667016] (gazebo_bluerov2) StdoutLine: {'line': b'-- Up-to-date: /home/ngt/ZENS-Final-AUVC/install/gazebo_bluerov2/share/gazebo_bluerov2/worlds/bluerov2_simulation_1x.world\n'}
[39.672221] (gazebo_bluerov2) StdoutLine: {'line': b'-- Up-to-date: /home/ngt/ZENS-Final-AUVC/install/gazebo_bluerov2/share/gazebo_bluerov2/worlds/bluerov2_camera.world\n'}
[39.678774] (gazebo_bluerov2) StdoutLine: {'line': b'-- Up-to-date: /home/ngt/ZENS-Final-AUVC/install/gazebo_bluerov2/share/gazebo_bluerov2/worlds/bluerov2_simulation_2x.world\n'}
[39.688204] (gazebo_bluerov2) StdoutLine: {'line': b'-- Up-to-date: /home/ngt/ZENS-Final-AUVC/install/gazebo_bluerov2/share/gazebo_bluerov2/worlds/bluerov2_2vessels.world\n'}
[39.691427] (gazebo_bluerov2) StdoutLine: {'line': b'-- Up-to-date: /home/ngt/ZENS-Final-AUVC/install/gazebo_bluerov2/share/gazebo_bluerov2/worlds/bluerov2_heavy_underwater.world\n'}
[39.698711] (gazebo_bluerov2) StdoutLine: {'line': b'-- Up-to-date: /home/ngt/ZENS-Final-AUVC/install/gazebo_bluerov2/share/gazebo_bluerov2/worlds/bluerov2_underwater.world\n'}
[39.699473] (gazebo_bluerov2) StdoutLine: {'line': b'-- Up-to-date: /home/ngt/ZENS-Final-AUVC/install/gazebo_bluerov2/share/gazebo_bluerov2/worlds/bluerov2_1x.world\n'}
[39.700460] (gazebo_bluerov2) StdoutLine: {'line': b'-- Up-to-date: /home/ngt/ZENS-Final-AUVC/install/gazebo_bluerov2/share/gazebo_bluerov2/worlds/bluerov2_2x.world\n'}
[39.711898] (gazebo_bluerov2) StdoutLine: {'line': b'-- Up-to-date: /home/ngt/ZENS-Final-AUVC/install/gazebo_bluerov2/share/ament_index/resource_index/package_run_dependencies/gazebo_bluerov2\n'}
[39.712976] (gazebo_bluerov2) StdoutLine: {'line': b'-- Up-to-date: /home/ngt/ZENS-Final-AUVC/install/gazebo_bluerov2/share/ament_index/resource_index/parent_prefix_path/gazebo_bluerov2\n'}
[39.724897] (gazebo_bluerov2) StdoutLine: {'line': b'-- Up-to-date: /home/ngt/ZENS-Final-AUVC/install/gazebo_bluerov2/share/gazebo_bluerov2/environment/ament_prefix_path.sh\n'}
[39.725508] (gazebo_bluerov2) StdoutLine: {'line': b'-- Up-to-date: /home/ngt/ZENS-Final-AUVC/install/gazebo_bluerov2/share/gazebo_bluerov2/environment/ament_prefix_path.dsv\n'}
[39.732858] (gazebo_bluerov2) StdoutLine: {'line': b'-- Up-to-date: /home/ngt/ZENS-Final-AUVC/install/gazebo_bluerov2/share/gazebo_bluerov2/environment/path.sh\n'}
[39.752332] (-) TimerEvent: {}
[39.759543] (gazebo_bluerov2) StdoutLine: {'line': b'-- Up-to-date: /home/ngt/ZENS-Final-AUVC/install/gazebo_bluerov2/share/gazebo_bluerov2/environment/path.dsv\n'}
[39.765388] (gazebo_bluerov2) StdoutLine: {'line': b'-- Up-to-date: /home/ngt/ZENS-Final-AUVC/install/gazebo_bluerov2/share/gazebo_bluerov2/local_setup.bash\n'}
[39.774021] (gazebo_bluerov2) StdoutLine: {'line': b'-- Up-to-date: /home/ngt/ZENS-Final-AUVC/install/gazebo_bluerov2/share/gazebo_bluerov2/local_setup.sh\n'}
[39.775027] (gazebo_bluerov2) StdoutLine: {'line': b'-- Up-to-date: /home/ngt/ZENS-Final-AUVC/install/gazebo_bluerov2/share/gazebo_bluerov2/local_setup.zsh\n'}
[39.775690] (gazebo_bluerov2) StdoutLine: {'line': b'-- Up-to-date: /home/ngt/ZENS-Final-AUVC/install/gazebo_bluerov2/share/gazebo_bluerov2/local_setup.dsv\n'}
[39.778227] (gazebo_bluerov2) StdoutLine: {'line': b'-- Installing: /home/ngt/ZENS-Final-AUVC/install/gazebo_bluerov2/share/gazebo_bluerov2/package.dsv\n'}
[39.780730] (gazebo_bluerov2) StdoutLine: {'line': b'-- Up-to-date: /home/ngt/ZENS-Final-AUVC/install/gazebo_bluerov2/share/ament_index/resource_index/packages/gazebo_bluerov2\n'}
[39.785721] (gazebo_bluerov2) StdoutLine: {'line': b'-- Up-to-date: /home/ngt/ZENS-Final-AUVC/install/gazebo_bluerov2/share/gazebo_bluerov2/cmake/gazebo_bluerov2Config.cmake\n'}
[39.786420] (gazebo_bluerov2) StdoutLine: {'line': b'-- Up-to-date: /home/ngt/ZENS-Final-AUVC/install/gazebo_bluerov2/share/gazebo_bluerov2/cmake/gazebo_bluerov2Config-version.cmake\n'}
[39.787070] (gazebo_bluerov2) StdoutLine: {'line': b'-- Up-to-date: /home/ngt/ZENS-Final-AUVC/install/gazebo_bluerov2/share/gazebo_bluerov2/package.xml\n'}
[39.787562] (gazebo_bluerov2) StdoutLine: {'line': b'-- Up-to-date: /home/ngt/ZENS-Final-AUVC/install/gazebo_bluerov2/share/gazebo_bluerov2/models\n'}
[39.794134] (gazebo_bluerov2) StdoutLine: {'line': b'-- Up-to-date: /home/ngt/ZENS-Final-AUVC/install/gazebo_bluerov2/share/gazebo_bluerov2/models/sand_heightmap\n'}
[39.796180] (gazebo_bluerov2) StdoutLine: {'line': b'-- Up-to-date: /home/ngt/ZENS-Final-AUVC/install/gazebo_bluerov2/share/gazebo_bluerov2/models/sand_heightmap/model.sdf\n'}
[39.799642] (gazebo_bluerov2) StdoutLine: {'line': b'-- Up-to-date: /home/ngt/ZENS-Final-AUVC/install/gazebo_bluerov2/share/gazebo_bluerov2/models/sand_heightmap/materials\n'}
[39.803124] (gazebo_bluerov2) StdoutLine: {'line': b'-- Up-to-date: /home/ngt/ZENS-Final-AUVC/install/gazebo_bluerov2/share/gazebo_bluerov2/models/sand_heightmap/materials/flat_normal.png\n'}
[39.808799] (gazebo_bluerov2) StdoutLine: {'line': b'-- Up-to-date: /home/ngt/ZENS-Final-AUVC/install/gazebo_bluerov2/share/gazebo_bluerov2/models/sand_heightmap/materials/soil_sand_0045_01.jpg\n'}
[39.812443] (gazebo_bluerov2) StdoutLine: {'line': b'-- Up-to-date: /home/ngt/ZENS-Final-AUVC/install/gazebo_bluerov2/share/gazebo_bluerov2/models/sand_heightmap/meshes\n'}
[39.814366] (gazebo_bluerov2) StdoutLine: {'line': b'-- Up-to-date: /home/ngt/ZENS-Final-AUVC/install/gazebo_bluerov2/share/gazebo_bluerov2/models/sand_heightmap/meshes/License and source for textures.txt\n'}
[39.820941] (gazebo_bluerov2) StdoutLine: {'line': b'-- Up-to-date: /home/ngt/ZENS-Final-AUVC/install/gazebo_bluerov2/share/gazebo_bluerov2/models/sand_heightmap/meshes/sandseabed.dae\n'}
[39.822557] (gazebo_bluerov2) StdoutLine: {'line': b'-- Up-to-date: /home/ngt/ZENS-Final-AUVC/install/gazebo_bluerov2/share/gazebo_bluerov2/models/sand_heightmap/meshes/heightmap.dae\n'}
[39.823498] (gazebo_bluerov2) StdoutLine: {'line': b'-- Up-to-date: /home/ngt/ZENS-Final-AUVC/install/gazebo_bluerov2/share/gazebo_bluerov2/models/sand_heightmap/meshes/soil_sand_0045_01.jpg\n'}
[39.827150] (gazebo_bluerov2) StdoutLine: {'line': b'-- Up-to-date: /home/ngt/ZENS-Final-AUVC/install/gazebo_bluerov2/share/gazebo_bluerov2/models/sand_heightmap/model.config\n'}
[39.827678] (gazebo_bluerov2) StdoutLine: {'line': b'-- Up-to-date: /home/ngt/ZENS-Final-AUVC/install/gazebo_bluerov2/share/gazebo_bluerov2/models/Apriltag36_11_00001\n'}
[39.828194] (gazebo_bluerov2) StdoutLine: {'line': b'-- Up-to-date: /home/ngt/ZENS-Final-AUVC/install/gazebo_bluerov2/share/gazebo_bluerov2/models/Apriltag36_11_00001/model.sdf\n'}
[39.832630] (gazebo_bluerov2) StdoutLine: {'line': b'-- Up-to-date: /home/ngt/ZENS-Final-AUVC/install/gazebo_bluerov2/share/gazebo_bluerov2/models/Apriltag36_11_00001/materials\n'}
[39.841537] (gazebo_bluerov2) StdoutLine: {'line': b'-- Up-to-date: /home/ngt/ZENS-Final-AUVC/install/gazebo_bluerov2/share/gazebo_bluerov2/models/Apriltag36_11_00001/materials/textures\n'}
[39.856005] (-) TimerEvent: {}
[39.856510] (gazebo_bluerov2) StdoutLine: {'line': b'-- Up-to-date: /home/ngt/ZENS-Final-AUVC/install/gazebo_bluerov2/share/gazebo_bluerov2/models/Apriltag36_11_00001/materials/textures/tag36_11_00001.png\n'}
[39.865196] (gazebo_bluerov2) StdoutLine: {'line': b'-- Up-to-date: /home/ngt/ZENS-Final-AUVC/install/gazebo_bluerov2/share/gazebo_bluerov2/models/Apriltag36_11_00001/materials/scripts\n'}
[39.867402] (gazebo_bluerov2) StdoutLine: {'line': b'-- Up-to-date: /home/ngt/ZENS-Final-AUVC/install/gazebo_bluerov2/share/gazebo_bluerov2/models/Apriltag36_11_00001/materials/scripts/Apriltag.material\n'}
[39.868141] (gazebo_bluerov2) StdoutLine: {'line': b'-- Up-to-date: /home/ngt/ZENS-Final-AUVC/install/gazebo_bluerov2/share/gazebo_bluerov2/models/Apriltag36_11_00001/model.config\n'}
[39.871072] (gazebo_bluerov2) StdoutLine: {'line': b'-- Up-to-date: /home/ngt/ZENS-Final-AUVC/install/gazebo_bluerov2/share/gazebo_bluerov2/models/axes\n'}
[39.872955] (gazebo_bluerov2) StdoutLine: {'line': b'-- Up-to-date: /home/ngt/ZENS-Final-AUVC/install/gazebo_bluerov2/share/gazebo_bluerov2/models/axes/model.sdf\n'}
[39.876750] (gazebo_bluerov2) StdoutLine: {'line': b'-- Up-to-date: /home/ngt/ZENS-Final-AUVC/install/gazebo_bluerov2/share/gazebo_bluerov2/models/axes/model.config\n'}
[39.877315] (gazebo_bluerov2) StdoutLine: {'line': b'-- Up-to-date: /home/ngt/ZENS-Final-AUVC/install/gazebo_bluerov2/share/gazebo_bluerov2/models/Apriltag36_11_00004\n'}
[39.888552] (gazebo_bluerov2) StdoutLine: {'line': b'-- Up-to-date: /home/ngt/ZENS-Final-AUVC/install/gazebo_bluerov2/share/gazebo_bluerov2/models/Apriltag36_11_00004/model.sdf\n'}
[39.890707] (gazebo_bluerov2) StdoutLine: {'line': b'-- Up-to-date: /home/ngt/ZENS-Final-AUVC/install/gazebo_bluerov2/share/gazebo_bluerov2/models/Apriltag36_11_00004/materials\n'}
[39.899455] (gazebo_bluerov2) StdoutLine: {'line': b'-- Up-to-date: /home/ngt/ZENS-Final-AUVC/install/gazebo_bluerov2/share/gazebo_bluerov2/models/Apriltag36_11_00004/materials/textures\n'}
[39.902657] (gazebo_bluerov2) StdoutLine: {'line': b'-- Up-to-date: /home/ngt/ZENS-Final-AUVC/install/gazebo_bluerov2/share/gazebo_bluerov2/models/Apriltag36_11_00004/materials/textures/tag36_11_00004.png\n'}
[39.916481] (gazebo_bluerov2) StdoutLine: {'line': b'-- Up-to-date: /home/ngt/ZENS-Final-AUVC/install/gazebo_bluerov2/share/gazebo_bluerov2/models/Apriltag36_11_00004/materials/scripts\n'}
[39.922975] (gazebo_bluerov2) StdoutLine: {'line': b'-- Up-to-date: /home/ngt/ZENS-Final-AUVC/install/gazebo_bluerov2/share/gazebo_bluerov2/models/Apriltag36_11_00004/materials/scripts/Apriltag.material\n'}
[39.923755] (gazebo_bluerov2) StdoutLine: {'line': b'-- Up-to-date: /home/ngt/ZENS-Final-AUVC/install/gazebo_bluerov2/share/gazebo_bluerov2/models/Apriltag36_11_00004/model.config\n'}
[39.924426] (gazebo_bluerov2) StdoutLine: {'line': b'-- Up-to-date: /home/ngt/ZENS-Final-AUVC/install/gazebo_bluerov2/share/gazebo_bluerov2/models/Apriltag36_11_00008\n'}
[39.931320] (gazebo_bluerov2) StdoutLine: {'line': b'-- Up-to-date: /home/ngt/ZENS-Final-AUVC/install/gazebo_bluerov2/share/gazebo_bluerov2/models/Apriltag36_11_00008/model.sdf\n'}
[39.942487] (gazebo_bluerov2) StdoutLine: {'line': b'-- Up-to-date: /home/ngt/ZENS-Final-AUVC/install/gazebo_bluerov2/share/gazebo_bluerov2/models/Apriltag36_11_00008/materials\n'}
[39.944634] (gazebo_bluerov2) StdoutLine: {'line': b'-- Up-to-date: /home/ngt/ZENS-Final-AUVC/install/gazebo_bluerov2/share/gazebo_bluerov2/models/Apriltag36_11_00008/materials/textures\n'}
[39.945320] (gazebo_bluerov2) StdoutLine: {'line': b'-- Up-to-date: /home/ngt/ZENS-Final-AUVC/install/gazebo_bluerov2/share/gazebo_bluerov2/models/Apriltag36_11_00008/materials/textures/tag36_11_00008.png\n'}
[39.955076] (gazebo_bluerov2) StdoutLine: {'line': b'-- Up-to-date: /home/ngt/ZENS-Final-AUVC/install/gazebo_bluerov2/share/gazebo_bluerov2/models/Apriltag36_11_00008/materials/scripts\n'}
[39.960208] (-) TimerEvent: {}
[39.963065] (gazebo_bluerov2) StdoutLine: {'line': b'-- Up-to-date: /home/ngt/ZENS-Final-AUVC/install/gazebo_bluerov2/share/gazebo_bluerov2/models/Apriltag36_11_00008/materials/scripts/Apriltag.material\n'}
[39.964259] (gazebo_bluerov2) StdoutLine: {'line': b'-- Up-to-date: /home/ngt/ZENS-Final-AUVC/install/gazebo_bluerov2/share/gazebo_bluerov2/models/Apriltag36_11_00008/model.config\n'}
[39.968707] (gazebo_bluerov2) StdoutLine: {'line': b'-- Up-to-date: /home/ngt/ZENS-Final-AUVC/install/gazebo_bluerov2/share/gazebo_bluerov2/models/Apriltag36_11_00003\n'}
[39.975396] (gazebo_bluerov2) StdoutLine: {'line': b'-- Up-to-date: /home/ngt/ZENS-Final-AUVC/install/gazebo_bluerov2/share/gazebo_bluerov2/models/Apriltag36_11_00003/model.sdf\n'}
[39.977980] (gazebo_bluerov2) StdoutLine: {'line': b'-- Up-to-date: /home/ngt/ZENS-Final-AUVC/install/gazebo_bluerov2/share/gazebo_bluerov2/models/Apriltag36_11_00003/materials\n'}
[39.983147] (gazebo_bluerov2) StdoutLine: {'line': b'-- Up-to-date: /home/ngt/ZENS-Final-AUVC/install/gazebo_bluerov2/share/gazebo_bluerov2/models/Apriltag36_11_00003/materials/textures\n'}
[39.988549] (gazebo_bluerov2) StdoutLine: {'line': b'-- Up-to-date: /home/ngt/ZENS-Final-AUVC/install/gazebo_bluerov2/share/gazebo_bluerov2/models/Apriltag36_11_00003/materials/textures/tag36_11_00003.png\n'}
[39.989356] (gazebo_bluerov2) StdoutLine: {'line': b'-- Up-to-date: /home/ngt/ZENS-Final-AUVC/install/gazebo_bluerov2/share/gazebo_bluerov2/models/Apriltag36_11_00003/materials/scripts\n'}
[39.995348] (gazebo_bluerov2) StdoutLine: {'line': b'-- Up-to-date: /home/ngt/ZENS-Final-AUVC/install/gazebo_bluerov2/share/gazebo_bluerov2/models/Apriltag36_11_00003/materials/scripts/Apriltag.material\n'}
[40.001764] (gazebo_bluerov2) StdoutLine: {'line': b'-- Up-to-date: /home/ngt/ZENS-Final-AUVC/install/gazebo_bluerov2/share/gazebo_bluerov2/models/Apriltag36_11_00003/model.config\n'}
[40.002766] (gazebo_bluerov2) StdoutLine: {'line': b'-- Up-to-date: /home/ngt/ZENS-Final-AUVC/install/gazebo_bluerov2/share/gazebo_bluerov2/models/Apriltag36_11_00006\n'}
[40.003531] (gazebo_bluerov2) StdoutLine: {'line': b'-- Up-to-date: /home/ngt/ZENS-Final-AUVC/install/gazebo_bluerov2/share/gazebo_bluerov2/models/Apriltag36_11_00006/model.sdf\n'}
[40.008677] (gazebo_bluerov2) StdoutLine: {'line': b'-- Up-to-date: /home/ngt/ZENS-Final-AUVC/install/gazebo_bluerov2/share/gazebo_bluerov2/models/Apriltag36_11_00006/materials\n'}
[40.012139] (gazebo_bluerov2) StdoutLine: {'line': b'-- Up-to-date: /home/ngt/ZENS-Final-AUVC/install/gazebo_bluerov2/share/gazebo_bluerov2/models/Apriltag36_11_00006/materials/textures\n'}
[40.017058] (gazebo_bluerov2) StdoutLine: {'line': b'-- Up-to-date: /home/ngt/ZENS-Final-AUVC/install/gazebo_bluerov2/share/gazebo_bluerov2/models/Apriltag36_11_00006/materials/textures/tag36_11_00006.png\n'}
[40.030022] (gazebo_bluerov2) StdoutLine: {'line': b'-- Up-to-date: /home/ngt/ZENS-Final-AUVC/install/gazebo_bluerov2/share/gazebo_bluerov2/models/Apriltag36_11_00006/materials/scripts\n'}
[40.032062] (gazebo_bluerov2) StdoutLine: {'line': b'-- Up-to-date: /home/ngt/ZENS-Final-AUVC/install/gazebo_bluerov2/share/gazebo_bluerov2/models/Apriltag36_11_00006/materials/scripts/Apriltag.material\n'}
[40.037821] (gazebo_bluerov2) StdoutLine: {'line': b'-- Up-to-date: /home/ngt/ZENS-Final-AUVC/install/gazebo_bluerov2/share/gazebo_bluerov2/models/Apriltag36_11_00006/model.config\n'}
[40.039226] (gazebo_bluerov2) StdoutLine: {'line': b'-- Up-to-date: /home/ngt/ZENS-Final-AUVC/install/gazebo_bluerov2/share/gazebo_bluerov2/models/bluerov2_2025\n'}
[40.040216] (gazebo_bluerov2) StdoutLine: {'line': b'-- Up-to-date: /home/ngt/ZENS-Final-AUVC/install/gazebo_bluerov2/share/gazebo_bluerov2/models/bluerov2_2025/model.sdf\n'}
[40.060288] (-) TimerEvent: {}
[40.061402] (gazebo_bluerov2) StdoutLine: {'line': b'-- Up-to-date: /home/ngt/ZENS-Final-AUVC/install/gazebo_bluerov2/share/gazebo_bluerov2/models/bluerov2_2025/model.sdf.in\n'}
[40.062232] (gazebo_bluerov2) StdoutLine: {'line': b'-- Up-to-date: /home/ngt/ZENS-Final-AUVC/install/gazebo_bluerov2/share/gazebo_bluerov2/models/bluerov2_2025/materials\n'}
[40.063153] (gazebo_bluerov2) StdoutLine: {'line': b'-- Up-to-date: /home/ngt/ZENS-Final-AUVC/install/gazebo_bluerov2/share/gazebo_bluerov2/models/bluerov2_2025/materials/textures\n'}
[40.076425] (gazebo_bluerov2) StdoutLine: {'line': b'-- Up-to-date: /home/ngt/ZENS-Final-AUVC/install/gazebo_bluerov2/share/gazebo_bluerov2/models/bluerov2_2025/materials/textures/april1.png\n'}
[40.087084] (gazebo_bluerov2) StdoutLine: {'line': b'-- Up-to-date: /home/ngt/ZENS-Final-AUVC/install/gazebo_bluerov2/share/gazebo_bluerov2/models/bluerov2_2025/materials/scripts\n'}
[40.089623] (gazebo_bluerov2) StdoutLine: {'line': b'-- Up-to-date: /home/ngt/ZENS-Final-AUVC/install/gazebo_bluerov2/share/gazebo_bluerov2/models/bluerov2_2025/materials/scripts/april_tag_1.material\n'}
[40.092930] (gazebo_bluerov2) StdoutLine: {'line': b'-- Up-to-date: /home/ngt/ZENS-Final-AUVC/install/gazebo_bluerov2/share/gazebo_bluerov2/models/bluerov2_2025/BlueROV2.md\n'}
[40.098633] (gazebo_bluerov2) StdoutLine: {'line': b'-- Up-to-date: /home/ngt/ZENS-Final-AUVC/install/gazebo_bluerov2/share/gazebo_bluerov2/models/bluerov2_2025/configs.yaml\n'}
[40.101060] (gazebo_bluerov2) StdoutLine: {'line': b'-- Up-to-date: /home/ngt/ZENS-Final-AUVC/install/gazebo_bluerov2/share/gazebo_bluerov2/models/bluerov2_2025/meshes\n'}
[40.107162] (gazebo_bluerov2) StdoutLine: {'line': b'-- Up-to-date: /home/ngt/ZENS-Final-AUVC/install/gazebo_bluerov2/share/gazebo_bluerov2/models/bluerov2_2025/meshes/t200_cw_prop.dae\n'}
[40.109207] (gazebo_bluerov2) StdoutLine: {'line': b'-- Up-to-date: /home/ngt/ZENS-Final-AUVC/install/gazebo_bluerov2/share/gazebo_bluerov2/models/bluerov2_2025/meshes/t200_ccw_prop.dae\n'}
[40.116650] (gazebo_bluerov2) StdoutLine: {'line': b'-- Up-to-date: /home/ngt/ZENS-Final-AUVC/install/gazebo_bluerov2/share/gazebo_bluerov2/models/bluerov2_2025/meshes/bluerov2.dae\n'}
[40.124104] (gazebo_bluerov2) StdoutLine: {'line': b'-- Up-to-date: /home/ngt/ZENS-Final-AUVC/install/gazebo_bluerov2/share/gazebo_bluerov2/models/bluerov2_2025/model.config\n'}
[40.127387] (gazebo_bluerov2) StdoutLine: {'line': b'-- Up-to-date: /home/ngt/ZENS-Final-AUVC/install/gazebo_bluerov2/share/gazebo_bluerov2/models/bluerov2_heavy\n'}
[40.132401] (gazebo_bluerov2) StdoutLine: {'line': b'-- Up-to-date: /home/ngt/ZENS-Final-AUVC/install/gazebo_bluerov2/share/gazebo_bluerov2/models/bluerov2_heavy/model.sdf\n'}
[40.134677] (gazebo_bluerov2) StdoutLine: {'line': b'-- Up-to-date: /home/ngt/ZENS-Final-AUVC/install/gazebo_bluerov2/share/gazebo_bluerov2/models/bluerov2_heavy/model.sdf.in\n'}
[40.135933] (gazebo_bluerov2) StdoutLine: {'line': b'-- Up-to-date: /home/ngt/ZENS-Final-AUVC/install/gazebo_bluerov2/share/gazebo_bluerov2/models/bluerov2_heavy/BlueROV2Heavy.md\n'}
[40.139255] (gazebo_bluerov2) StdoutLine: {'line': b'-- Up-to-date: /home/ngt/ZENS-Final-AUVC/install/gazebo_bluerov2/share/gazebo_bluerov2/models/bluerov2_heavy/configs.yaml\n'}
[40.143273] (gazebo_bluerov2) StdoutLine: {'line': b'-- Up-to-date: /home/ngt/ZENS-Final-AUVC/install/gazebo_bluerov2/share/gazebo_bluerov2/models/bluerov2_heavy/meshes\n'}
[40.143873] (gazebo_bluerov2) StdoutLine: {'line': b'-- Up-to-date: /home/ngt/ZENS-Final-AUVC/install/gazebo_bluerov2/share/gazebo_bluerov2/models/bluerov2_heavy/meshes/t200_cw_prop.dae\n'}
[40.145893] (gazebo_bluerov2) StdoutLine: {'line': b'-- Up-to-date: /home/ngt/ZENS-Final-AUVC/install/gazebo_bluerov2/share/gazebo_bluerov2/models/bluerov2_heavy/meshes/t200_ccw_prop.dae\n'}
[40.149095] (gazebo_bluerov2) StdoutLine: {'line': b'-- Up-to-date: /home/ngt/ZENS-Final-AUVC/install/gazebo_bluerov2/share/gazebo_bluerov2/models/bluerov2_heavy/meshes/bluerov2_heavy.dae\n'}
[40.152006] (gazebo_bluerov2) StdoutLine: {'line': b'-- Up-to-date: /home/ngt/ZENS-Final-AUVC/install/gazebo_bluerov2/share/gazebo_bluerov2/models/bluerov2_heavy/model.config\n'}
[40.152812] (gazebo_bluerov2) StdoutLine: {'line': b'-- Up-to-date: /home/ngt/ZENS-Final-AUVC/install/gazebo_bluerov2/share/gazebo_bluerov2/models/Apriltag36_11_00005\n'}
[40.158130] (gazebo_bluerov2) StdoutLine: {'line': b'-- Up-to-date: /home/ngt/ZENS-Final-AUVC/install/gazebo_bluerov2/share/gazebo_bluerov2/models/Apriltag36_11_00005/model.sdf\n'}
[40.160423] (-) TimerEvent: {}
[40.162849] (gazebo_bluerov2) StdoutLine: {'line': b'-- Up-to-date: /home/ngt/ZENS-Final-AUVC/install/gazebo_bluerov2/share/gazebo_bluerov2/models/Apriltag36_11_00005/materials\n'}
[40.165006] (gazebo_bluerov2) StdoutLine: {'line': b'-- Up-to-date: /home/ngt/ZENS-Final-AUVC/install/gazebo_bluerov2/share/gazebo_bluerov2/models/Apriltag36_11_00005/materials/textures\n'}
[40.169016] (gazebo_bluerov2) StdoutLine: {'line': b'-- Up-to-date: /home/ngt/ZENS-Final-AUVC/install/gazebo_bluerov2/share/gazebo_bluerov2/models/Apriltag36_11_00005/materials/textures/tag36_11_00005.png\n'}
[40.173011] (gazebo_bluerov2) StdoutLine: {'line': b'-- Up-to-date: /home/ngt/ZENS-Final-AUVC/install/gazebo_bluerov2/share/gazebo_bluerov2/models/Apriltag36_11_00005/materials/scripts\n'}
[40.175931] (gazebo_bluerov2) StdoutLine: {'line': b'-- Up-to-date: /home/ngt/ZENS-Final-AUVC/install/gazebo_bluerov2/share/gazebo_bluerov2/models/Apriltag36_11_00005/materials/scripts/Apriltag.material\n'}
[40.178069] (gazebo_bluerov2) StdoutLine: {'line': b'-- Up-to-date: /home/ngt/ZENS-Final-AUVC/install/gazebo_bluerov2/share/gazebo_bluerov2/models/Apriltag36_11_00005/model.config\n'}
[40.178826] (gazebo_bluerov2) StdoutLine: {'line': b'-- Up-to-date: /home/ngt/ZENS-Final-AUVC/install/gazebo_bluerov2/share/gazebo_bluerov2/models/pool_map\n'}
[40.179458] (gazebo_bluerov2) StdoutLine: {'line': b'-- Up-to-date: /home/ngt/ZENS-Final-AUVC/install/gazebo_bluerov2/share/gazebo_bluerov2/models/pool_map/model.sdf\n'}
[40.185380] (gazebo_bluerov2) StdoutLine: {'line': b'-- Up-to-date: /home/ngt/ZENS-Final-AUVC/install/gazebo_bluerov2/share/gazebo_bluerov2/models/pool_map/blenderkit.jpg\n'}
[40.188072] (gazebo_bluerov2) StdoutLine: {'line': b'-- Up-to-date: /home/ngt/ZENS-Final-AUVC/install/gazebo_bluerov2/share/gazebo_bluerov2/models/pool_map/Black.png\n'}
[40.191200] (gazebo_bluerov2) StdoutLine: {'line': b'-- Up-to-date: /home/ngt/ZENS-Final-AUVC/install/gazebo_bluerov2/share/gazebo_bluerov2/models/pool_map/model.config\n'}
[40.192740] (gazebo_bluerov2) StdoutLine: {'line': b'-- Up-to-date: /home/ngt/ZENS-Final-AUVC/install/gazebo_bluerov2/share/gazebo_bluerov2/models/pool_map/model.dae\n'}
[40.197009] (gazebo_bluerov2) StdoutLine: {'line': b'-- Up-to-date: /home/ngt/ZENS-Final-AUVC/install/gazebo_bluerov2/share/gazebo_bluerov2/models/bluerov2_2025_port_9012\n'}
[40.197667] (gazebo_bluerov2) StdoutLine: {'line': b'-- Up-to-date: /home/ngt/ZENS-Final-AUVC/install/gazebo_bluerov2/share/gazebo_bluerov2/models/bluerov2_2025_port_9012/model.sdf\n'}
[40.198274] (gazebo_bluerov2) StdoutLine: {'line': b'-- Up-to-date: /home/ngt/ZENS-Final-AUVC/install/gazebo_bluerov2/share/gazebo_bluerov2/models/bluerov2_2025_port_9012/model.sdf.in\n'}
[40.202772] (gazebo_bluerov2) StdoutLine: {'line': b'-- Up-to-date: /home/ngt/ZENS-Final-AUVC/install/gazebo_bluerov2/share/gazebo_bluerov2/models/bluerov2_2025_port_9012/materials\n'}
[40.204900] (gazebo_bluerov2) StdoutLine: {'line': b'-- Up-to-date: /home/ngt/ZENS-Final-AUVC/install/gazebo_bluerov2/share/gazebo_bluerov2/models/bluerov2_2025_port_9012/materials/textures\n'}
[40.209098] (gazebo_bluerov2) StdoutLine: {'line': b'-- Up-to-date: /home/ngt/ZENS-Final-AUVC/install/gazebo_bluerov2/share/gazebo_bluerov2/models/bluerov2_2025_port_9012/materials/textures/april1.png\n'}
[40.211891] (gazebo_bluerov2) StdoutLine: {'line': b'-- Up-to-date: /home/ngt/ZENS-Final-AUVC/install/gazebo_bluerov2/share/gazebo_bluerov2/models/bluerov2_2025_port_9012/materials/scripts\n'}
[40.213988] (gazebo_bluerov2) StdoutLine: {'line': b'-- Up-to-date: /home/ngt/ZENS-Final-AUVC/install/gazebo_bluerov2/share/gazebo_bluerov2/models/bluerov2_2025_port_9012/materials/scripts/april_tag_1.material\n'}
[40.217292] (gazebo_bluerov2) StdoutLine: {'line': b'-- Up-to-date: /home/ngt/ZENS-Final-AUVC/install/gazebo_bluerov2/share/gazebo_bluerov2/models/bluerov2_2025_port_9012/BlueROV2.md\n'}
[40.220097] (gazebo_bluerov2) StdoutLine: {'line': b'-- Up-to-date: /home/ngt/ZENS-Final-AUVC/install/gazebo_bluerov2/share/gazebo_bluerov2/models/bluerov2_2025_port_9012/configs.yaml\n'}
[40.222698] (gazebo_bluerov2) StdoutLine: {'line': b'-- Up-to-date: /home/ngt/ZENS-Final-AUVC/install/gazebo_bluerov2/share/gazebo_bluerov2/models/bluerov2_2025_port_9012/meshes\n'}
[40.223476] (gazebo_bluerov2) StdoutLine: {'line': b'-- Up-to-date: /home/ngt/ZENS-Final-AUVC/install/gazebo_bluerov2/share/gazebo_bluerov2/models/bluerov2_2025_port_9012/meshes/t200_cw_prop.dae\n'}
[40.224186] (gazebo_bluerov2) StdoutLine: {'line': b'-- Up-to-date: /home/ngt/ZENS-Final-AUVC/install/gazebo_bluerov2/share/gazebo_bluerov2/models/bluerov2_2025_port_9012/meshes/t200_ccw_prop.dae\n'}
[40.229453] (gazebo_bluerov2) StdoutLine: {'line': b'-- Up-to-date: /home/ngt/ZENS-Final-AUVC/install/gazebo_bluerov2/share/gazebo_bluerov2/models/bluerov2_2025_port_9012/meshes/bluerov2.dae\n'}
[40.232762] (gazebo_bluerov2) StdoutLine: {'line': b'-- Up-to-date: /home/ngt/ZENS-Final-AUVC/install/gazebo_bluerov2/share/gazebo_bluerov2/models/bluerov2_2025_port_9012/model.config\n'}
[40.236189] (gazebo_bluerov2) StdoutLine: {'line': b'-- Up-to-date: /home/ngt/ZENS-Final-AUVC/install/gazebo_bluerov2/share/gazebo_bluerov2/models/Apriltag36_11_00002\n'}
[40.238470] (gazebo_bluerov2) StdoutLine: {'line': b'-- Up-to-date: /home/ngt/ZENS-Final-AUVC/install/gazebo_bluerov2/share/gazebo_bluerov2/models/Apriltag36_11_00002/model.sdf\n'}
[40.241090] (gazebo_bluerov2) StdoutLine: {'line': b'-- Up-to-date: /home/ngt/ZENS-Final-AUVC/install/gazebo_bluerov2/share/gazebo_bluerov2/models/Apriltag36_11_00002/materials\n'}
[40.243253] (gazebo_bluerov2) StdoutLine: {'line': b'-- Up-to-date: /home/ngt/ZENS-Final-AUVC/install/gazebo_bluerov2/share/gazebo_bluerov2/models/Apriltag36_11_00002/materials/textures\n'}
[40.245301] (gazebo_bluerov2) StdoutLine: {'line': b'-- Up-to-date: /home/ngt/ZENS-Final-AUVC/install/gazebo_bluerov2/share/gazebo_bluerov2/models/Apriltag36_11_00002/materials/textures/tag36_11_00002.png\n'}
[40.247510] (gazebo_bluerov2) StdoutLine: {'line': b'-- Up-to-date: /home/ngt/ZENS-Final-AUVC/install/gazebo_bluerov2/share/gazebo_bluerov2/models/Apriltag36_11_00002/materials/scripts\n'}
[40.252757] (gazebo_bluerov2) StdoutLine: {'line': b'-- Up-to-date: /home/ngt/ZENS-Final-AUVC/install/gazebo_bluerov2/share/gazebo_bluerov2/models/Apriltag36_11_00002/materials/scripts/Apriltag.material\n'}
[40.256466] (gazebo_bluerov2) StdoutLine: {'line': b'-- Up-to-date: /home/ngt/ZENS-Final-AUVC/install/gazebo_bluerov2/share/gazebo_bluerov2/models/Apriltag36_11_00002/model.config\n'}
[40.257306] (gazebo_bluerov2) StdoutLine: {'line': b'-- Up-to-date: /home/ngt/ZENS-Final-AUVC/install/gazebo_bluerov2/share/gazebo_bluerov2/models/bluerov2\n'}
[40.258037] (gazebo_bluerov2) StdoutLine: {'line': b'-- Up-to-date: /home/ngt/ZENS-Final-AUVC/install/gazebo_bluerov2/share/gazebo_bluerov2/models/bluerov2/model.sdf\n'}
[40.263693] (-) TimerEvent: {}
[40.264647] (gazebo_bluerov2) StdoutLine: {'line': b'-- Up-to-date: /home/ngt/ZENS-Final-AUVC/install/gazebo_bluerov2/share/gazebo_bluerov2/models/bluerov2/model.sdf.in\n'}
[40.268053] (gazebo_bluerov2) StdoutLine: {'line': b'-- Up-to-date: /home/ngt/ZENS-Final-AUVC/install/gazebo_bluerov2/share/gazebo_bluerov2/models/bluerov2/materials\n'}
[40.270243] (gazebo_bluerov2) StdoutLine: {'line': b'-- Up-to-date: /home/ngt/ZENS-Final-AUVC/install/gazebo_bluerov2/share/gazebo_bluerov2/models/bluerov2/materials/textures\n'}
[40.272926] (gazebo_bluerov2) StdoutLine: {'line': b'-- Up-to-date: /home/ngt/ZENS-Final-AUVC/install/gazebo_bluerov2/share/gazebo_bluerov2/models/bluerov2/materials/textures/april1.png\n'}
[40.276984] (gazebo_bluerov2) StdoutLine: {'line': b'-- Up-to-date: /home/ngt/ZENS-Final-AUVC/install/gazebo_bluerov2/share/gazebo_bluerov2/models/bluerov2/materials/scripts\n'}
[40.279333] (gazebo_bluerov2) StdoutLine: {'line': b'-- Up-to-date: /home/ngt/ZENS-Final-AUVC/install/gazebo_bluerov2/share/gazebo_bluerov2/models/bluerov2/materials/scripts/april_tag_1.material\n'}
[40.281373] (gazebo_bluerov2) StdoutLine: {'line': b'-- Up-to-date: /home/ngt/ZENS-Final-AUVC/install/gazebo_bluerov2/share/gazebo_bluerov2/models/bluerov2/BlueROV2.md\n'}
[40.282288] (gazebo_bluerov2) StdoutLine: {'line': b'-- Up-to-date: /home/ngt/ZENS-Final-AUVC/install/gazebo_bluerov2/share/gazebo_bluerov2/models/bluerov2/configs.yaml\n'}
[40.284945] (gazebo_bluerov2) StdoutLine: {'line': b'-- Up-to-date: /home/ngt/ZENS-Final-AUVC/install/gazebo_bluerov2/share/gazebo_bluerov2/models/bluerov2/meshes\n'}
[40.289225] (gazebo_bluerov2) StdoutLine: {'line': b'-- Up-to-date: /home/ngt/ZENS-Final-AUVC/install/gazebo_bluerov2/share/gazebo_bluerov2/models/bluerov2/meshes/t200_cw_prop.dae\n'}
[40.291695] (gazebo_bluerov2) StdoutLine: {'line': b'-- Up-to-date: /home/ngt/ZENS-Final-AUVC/install/gazebo_bluerov2/share/gazebo_bluerov2/models/bluerov2/meshes/t200_ccw_prop.dae\n'}
[40.293809] (gazebo_bluerov2) StdoutLine: {'line': b'-- Up-to-date: /home/ngt/ZENS-Final-AUVC/install/gazebo_bluerov2/share/gazebo_bluerov2/models/bluerov2/meshes/bluerov2.dae\n'}
[40.297282] (gazebo_bluerov2) StdoutLine: {'line': b'-- Up-to-date: /home/ngt/ZENS-Final-AUVC/install/gazebo_bluerov2/share/gazebo_bluerov2/models/bluerov2/model.config\n'}
[40.298173] (gazebo_bluerov2) StdoutLine: {'line': b'-- Up-to-date: /home/ngt/ZENS-Final-AUVC/install/gazebo_bluerov2/share/gazebo_bluerov2/models/bluerov2_2025_port_9002\n'}
[40.302422] (gazebo_bluerov2) StdoutLine: {'line': b'-- Up-to-date: /home/ngt/ZENS-Final-AUVC/install/gazebo_bluerov2/share/gazebo_bluerov2/models/bluerov2_2025_port_9002/model.sdf\n'}
[40.304691] (gazebo_bluerov2) StdoutLine: {'line': b'-- Up-to-date: /home/ngt/ZENS-Final-AUVC/install/gazebo_bluerov2/share/gazebo_bluerov2/models/bluerov2_2025_port_9002/model.sdf.in\n'}
[40.309461] (gazebo_bluerov2) StdoutLine: {'line': b'-- Up-to-date: /home/ngt/ZENS-Final-AUVC/install/gazebo_bluerov2/share/gazebo_bluerov2/models/bluerov2_2025_port_9002/materials\n'}
[40.312243] (gazebo_bluerov2) StdoutLine: {'line': b'-- Up-to-date: /home/ngt/ZENS-Final-AUVC/install/gazebo_bluerov2/share/gazebo_bluerov2/models/bluerov2_2025_port_9002/materials/textures\n'}
[40.315293] (gazebo_bluerov2) StdoutLine: {'line': b'-- Up-to-date: /home/ngt/ZENS-Final-AUVC/install/gazebo_bluerov2/share/gazebo_bluerov2/models/bluerov2_2025_port_9002/materials/textures/april1.png\n'}
[40.317938] (gazebo_bluerov2) StdoutLine: {'line': b'-- Up-to-date: /home/ngt/ZENS-Final-AUVC/install/gazebo_bluerov2/share/gazebo_bluerov2/models/bluerov2_2025_port_9002/materials/scripts\n'}
[40.320388] (gazebo_bluerov2) StdoutLine: {'line': b'-- Up-to-date: /home/ngt/ZENS-Final-AUVC/install/gazebo_bluerov2/share/gazebo_bluerov2/models/bluerov2_2025_port_9002/materials/scripts/april_tag_1.material\n'}
[40.322825] (gazebo_bluerov2) StdoutLine: {'line': b'-- Up-to-date: /home/ngt/ZENS-Final-AUVC/install/gazebo_bluerov2/share/gazebo_bluerov2/models/bluerov2_2025_port_9002/BlueROV2.md\n'}
[40.326179] (gazebo_bluerov2) StdoutLine: {'line': b'-- Up-to-date: /home/ngt/ZENS-Final-AUVC/install/gazebo_bluerov2/share/gazebo_bluerov2/models/bluerov2_2025_port_9002/configs.yaml\n'}
[40.329346] (gazebo_bluerov2) StdoutLine: {'line': b'-- Up-to-date: /home/ngt/ZENS-Final-AUVC/install/gazebo_bluerov2/share/gazebo_bluerov2/models/bluerov2_2025_port_9002/meshes\n'}
[40.334735] (gazebo_bluerov2) StdoutLine: {'line': b'-- Up-to-date: /home/ngt/ZENS-Final-AUVC/install/gazebo_bluerov2/share/gazebo_bluerov2/models/bluerov2_2025_port_9002/meshes/t200_cw_prop.dae\n'}
[40.337723] (gazebo_bluerov2) StdoutLine: {'line': b'-- Up-to-date: /home/ngt/ZENS-Final-AUVC/install/gazebo_bluerov2/share/gazebo_bluerov2/models/bluerov2_2025_port_9002/meshes/t200_ccw_prop.dae\n'}
[40.339565] (gazebo_bluerov2) StdoutLine: {'line': b'-- Up-to-date: /home/ngt/ZENS-Final-AUVC/install/gazebo_bluerov2/share/gazebo_bluerov2/models/bluerov2_2025_port_9002/meshes/bluerov2.dae\n'}
[40.340539] (gazebo_bluerov2) StdoutLine: {'line': b'-- Up-to-date: /home/ngt/ZENS-Final-AUVC/install/gazebo_bluerov2/share/gazebo_bluerov2/models/bluerov2_2025_port_9002/model.config\n'}
[40.346451] (gazebo_bluerov2) StdoutLine: {'line': b'-- Up-to-date: /home/ngt/ZENS-Final-AUVC/install/gazebo_bluerov2/share/gazebo_bluerov2/models/Apriltag36_11_00000\n'}
[40.350532] (gazebo_bluerov2) StdoutLine: {'line': b'-- Up-to-date: /home/ngt/ZENS-Final-AUVC/install/gazebo_bluerov2/share/gazebo_bluerov2/models/Apriltag36_11_00000/model.sdf\n'}
[40.353195] (gazebo_bluerov2) StdoutLine: {'line': b'-- Up-to-date: /home/ngt/ZENS-Final-AUVC/install/gazebo_bluerov2/share/gazebo_bluerov2/models/Apriltag36_11_00000/materials\n'}
[40.357232] (gazebo_bluerov2) StdoutLine: {'line': b'-- Up-to-date: /home/ngt/ZENS-Final-AUVC/install/gazebo_bluerov2/share/gazebo_bluerov2/models/Apriltag36_11_00000/materials/textures\n'}
[40.358045] (gazebo_bluerov2) StdoutLine: {'line': b'-- Up-to-date: /home/ngt/ZENS-Final-AUVC/install/gazebo_bluerov2/share/gazebo_bluerov2/models/Apriltag36_11_00000/materials/textures/tag36_11_00000.png\n'}
[40.360123] (gazebo_bluerov2) StdoutLine: {'line': b'-- Up-to-date: /home/ngt/ZENS-Final-AUVC/install/gazebo_bluerov2/share/gazebo_bluerov2/models/Apriltag36_11_00000/materials/scripts\n'}
[40.363490] (gazebo_bluerov2) StdoutLine: {'line': b'-- Up-to-date: /home/ngt/ZENS-Final-AUVC/install/gazebo_bluerov2/share/gazebo_bluerov2/models/Apriltag36_11_00000/materials/scripts/Apriltag.material\n'}
[40.368124] (-) TimerEvent: {}
[40.371797] (gazebo_bluerov2) StdoutLine: {'line': b'-- Up-to-date: /home/ngt/ZENS-Final-AUVC/install/gazebo_bluerov2/share/gazebo_bluerov2/models/Apriltag36_11_00000/model.config\n'}
[40.373628] (gazebo_bluerov2) StdoutLine: {'line': b'-- Up-to-date: /home/ngt/ZENS-Final-AUVC/install/gazebo_bluerov2/share/gazebo_bluerov2/models/Apriltag36_11_00007\n'}
[40.376660] (gazebo_bluerov2) StdoutLine: {'line': b'-- Up-to-date: /home/ngt/ZENS-Final-AUVC/install/gazebo_bluerov2/share/gazebo_bluerov2/models/Apriltag36_11_00007/model.sdf\n'}
[40.380105] (gazebo_bluerov2) StdoutLine: {'line': b'-- Up-to-date: /home/ngt/ZENS-Final-AUVC/install/gazebo_bluerov2/share/gazebo_bluerov2/models/Apriltag36_11_00007/materials\n'}
[40.384535] (gazebo_bluerov2) StdoutLine: {'line': b'-- Up-to-date: /home/ngt/ZENS-Final-AUVC/install/gazebo_bluerov2/share/gazebo_bluerov2/models/Apriltag36_11_00007/materials/textures\n'}
[40.387088] (gazebo_bluerov2) StdoutLine: {'line': b'-- Up-to-date: /home/ngt/ZENS-Final-AUVC/install/gazebo_bluerov2/share/gazebo_bluerov2/models/Apriltag36_11_00007/materials/textures/tag36_11_00007.png\n'}
[40.387776] (gazebo_bluerov2) StdoutLine: {'line': b'-- Up-to-date: /home/ngt/ZENS-Final-AUVC/install/gazebo_bluerov2/share/gazebo_bluerov2/models/Apriltag36_11_00007/materials/scripts\n'}
[40.388338] (gazebo_bluerov2) StdoutLine: {'line': b'-- Up-to-date: /home/ngt/ZENS-Final-AUVC/install/gazebo_bluerov2/share/gazebo_bluerov2/models/Apriltag36_11_00007/materials/scripts/Apriltag.material\n'}
[40.394325] (gazebo_bluerov2) StdoutLine: {'line': b'-- Up-to-date: /home/ngt/ZENS-Final-AUVC/install/gazebo_bluerov2/share/gazebo_bluerov2/models/Apriltag36_11_00007/model.config\n'}
[40.397824] (gazebo_bluerov2) StdoutLine: {'line': b'-- Up-to-date: /home/ngt/ZENS-Final-AUVC/install/gazebo_bluerov2/share/gazebo_bluerov2/worlds\n'}
[40.399907] (gazebo_bluerov2) StdoutLine: {'line': b'-- Up-to-date: /home/ngt/ZENS-Final-AUVC/install/gazebo_bluerov2/share/gazebo_bluerov2/worlds/bluerov2_simulation_1x.world\n'}
[40.404371] (gazebo_bluerov2) StdoutLine: {'line': b'-- Up-to-date: /home/ngt/ZENS-Final-AUVC/install/gazebo_bluerov2/share/gazebo_bluerov2/worlds/bluerov2_camera.world\n'}
[40.405118] (gazebo_bluerov2) StdoutLine: {'line': b'-- Up-to-date: /home/ngt/ZENS-Final-AUVC/install/gazebo_bluerov2/share/gazebo_bluerov2/worlds/bluerov2_simulation_2x.world\n'}
[40.410256] (gazebo_bluerov2) StdoutLine: {'line': b'-- Up-to-date: /home/ngt/ZENS-Final-AUVC/install/gazebo_bluerov2/share/gazebo_bluerov2/worlds/bluerov2_2vessels.world\n'}
[40.411293] (gazebo_bluerov2) StdoutLine: {'line': b'-- Up-to-date: /home/ngt/ZENS-Final-AUVC/install/gazebo_bluerov2/share/gazebo_bluerov2/worlds/bluerov2_heavy_underwater.world\n'}
[40.417074] (gazebo_bluerov2) StdoutLine: {'line': b'-- Up-to-date: /home/ngt/ZENS-Final-AUVC/install/gazebo_bluerov2/share/gazebo_bluerov2/worlds/bluerov2_underwater.world\n'}
[40.420609] (gazebo_bluerov2) StdoutLine: {'line': b'-- Up-to-date: /home/ngt/ZENS-Final-AUVC/install/gazebo_bluerov2/share/gazebo_bluerov2/worlds/bluerov2_1x.world\n'}
[40.425829] (gazebo_bluerov2) StdoutLine: {'line': b'-- Up-to-date: /home/ngt/ZENS-Final-AUVC/install/gazebo_bluerov2/share/gazebo_bluerov2/worlds/bluerov2_2x.world\n'}
[40.426951] (gazebo_bluerov2) StdoutLine: {'line': b'-- Up-to-date: /home/ngt/ZENS-Final-AUVC/install/gazebo_bluerov2/lib/libPressureSensor.so\n'}
[40.431006] (gazebo_bluerov2) StdoutLine: {'line': b'-- Up-to-date: /home/ngt/ZENS-Final-AUVC/install/gazebo_bluerov2/lib/libPressureSensorSystem.so\n'}
[40.435842] (gazebo_bluerov2) CommandEnded: {'returncode': 0}
[40.442144] (gazebo_bluerov2) JobEnded: {'identifier': 'gazebo_bluerov2', 'rc': 0}
[40.448448] (msgs) StdoutLine: {'line': b'[  2%] Built target msgs__rosidl_generator_type_description\n'}
[40.469510] (-) TimerEvent: {}
[40.571789] (-) TimerEvent: {}
[40.674718] (-) TimerEvent: {}
[40.777300] (-) TimerEvent: {}
[40.881870] (-) TimerEvent: {}
[40.982730] (-) TimerEvent: {}
[41.034197] (msgs) StdoutLine: {'line': b'[  2%] Built target ament_cmake_python_copy_msgs\n'}
[41.083471] (-) TimerEvent: {}
[41.187113] (-) TimerEvent: {}
[41.294770] (-) TimerEvent: {}
[41.395720] (-) TimerEvent: {}
[41.484964] (msgs) StdoutLine: {'line': b'[ 17%] Built target msgs__rosidl_generator_c\n'}
[41.500449] (-) TimerEvent: {}
[41.605839] (-) TimerEvent: {}
[41.711887] (-) TimerEvent: {}
[41.815362] (-) TimerEvent: {}
[41.922992] (-) TimerEvent: {}
[42.030156] (-) TimerEvent: {}
[42.132640] (-) TimerEvent: {}
[42.235390] (-) TimerEvent: {}
[42.337342] (-) TimerEvent: {}
[42.439780] (-) TimerEvent: {}
[42.543332] (-) TimerEvent: {}
[42.649450] (-) TimerEvent: {}
[42.753362] (-) TimerEvent: {}
[42.856534] (-) TimerEvent: {}
[42.959387] (-) TimerEvent: {}
[43.062696] (-) TimerEvent: {}
[43.163632] (-) TimerEvent: {}
[43.268876] (-) TimerEvent: {}
[43.375795] (-) TimerEvent: {}
[43.477293] (-) TimerEvent: {}
[43.579826] (-) TimerEvent: {}
[43.685799] (-) TimerEvent: {}
[43.791781] (-) TimerEvent: {}
[43.892547] (-) TimerEvent: {}
[43.998716] (-) TimerEvent: {}
[44.099635] (-) TimerEvent: {}
[44.203350] (-) TimerEvent: {}
[44.306724] (-) TimerEvent: {}
[44.407725] (-) TimerEvent: {}
[44.510665] (-) TimerEvent: {}
[44.615134] (-) TimerEvent: {}
[44.715971] (-) TimerEvent: {}
[44.822716] (-) TimerEvent: {}
[44.893532] (hardware) Command: {'cmd': ['/home/ngt/.virtualenvs/ardusub/bin/python', '-W', 'ignore:setup.py install is deprecated', '-W', 'ignore:easy_install command is deprecated', 'setup.py', 'egg_info', '--egg-base', '../../../build/hardware', 'build', '--build-base', '/home/ngt/ZENS-Final-AUVC/build/hardware/build', 'install', '--record', '/home/ngt/ZENS-Final-AUVC/build/hardware/install.log', '--install-scripts', '$base/lib/hardware', '--single-version-externally-managed', 'install_data'], 'cwd': '/home/ngt/ZENS-Final-AUVC/ros_ws/src/hardware', 'env': {'PYTHON_BASIC_REPL': '1', 'VIRTUALENVWRAPPER_WORKON_CD': '1', 'USER': 'ngt', 'SSH_CLIENT': '192.168.3.1 64256 22', 'WORKON_HOME': '/home/ngt/.virtualenvs', 'GZ_SIM_RESOURCE_PATH': '/opt/ros/jazzy/share', 'GZ_CONFIG_PATH': '/opt/ros/jazzy/opt/gz_sim_vendor/share/gz:/opt/ros/jazzy/opt/sdformat_vendor/share/gz:/opt/ros/jazzy/opt/gz_gui_vendor/share/gz:/opt/ros/jazzy/opt/gz_transport_vendor/share/gz:/opt/ros/jazzy/opt/gz_rendering_vendor/share/gz:/opt/ros/jazzy/opt/gz_plugin_vendor/share/gz:/opt/ros/jazzy/opt/gz_fuel_tools_vendor/share/gz:/opt/ros/jazzy/opt/gz_msgs_vendor/share/gz:/opt/ros/jazzy/opt/gz_common_vendor/share/gz', 'XDG_SESSION_TYPE': 'tty', 'GIT_ASKPASS': '/home/ngt/.vscode-server/cli/servers/Stable-1b6a188127eeaf9194f945eb6eb89a657e93c54c/server/extensions/git/dist/askpass.sh', 'SHLVL': '1', 'BROWSER': '/home/ngt/.vscode-server/cli/servers/Stable-1b6a188127eeaf9194f945eb6eb89a657e93c54c/server/bin/helpers/browser.sh', 'LD_LIBRARY_PATH': '/home/ngt/auvc_ws/install/example_custom_srv/lib:/home/ngt/pid_ws/install/target_depth_msgs/lib:/opt/ros/jazzy/opt/gz_sim_vendor/lib:/opt/ros/jazzy/opt/gz_sensors_vendor/lib:/opt/ros/jazzy/opt/gz_physics_vendor/lib:/opt/ros/jazzy/opt/sdformat_vendor/lib:/opt/ros/jazzy/opt/rviz_ogre_vendor/lib:/opt/ros/jazzy/lib/aarch64-linux-gnu:/opt/ros/jazzy/opt/gz_gui_vendor/lib:/opt/ros/jazzy/opt/gz_transport_vendor/lib:/opt/ros/jazzy/opt/gz_rendering_vendor/lib:/opt/ros/jazzy/opt/gz_plugin_vendor/lib:/opt/ros/jazzy/opt/gz_fuel_tools_vendor/lib:/opt/ros/jazzy/opt/gz_msgs_vendor/lib:/opt/ros/jazzy/opt/gz_common_vendor/lib:/opt/ros/jazzy/opt/gz_math_vendor/lib:/opt/ros/jazzy/opt/gz_utils_vendor/lib:/opt/ros/jazzy/opt/gz_tools_vendor/lib:/opt/ros/jazzy/opt/gz_ogre_next_vendor/lib:/opt/ros/jazzy/opt/gz_dartsim_vendor/lib:/opt/ros/jazzy/opt/gz_cmake_vendor/lib:/opt/ros/jazzy/lib', 'GZ_TRANSPORT_ID': '192.168.3.1', 'HOME': '/home/ngt', 'OLDPWD': '/home/ngt', 'LESS': '-R', 'VIRTUALENVWRAPPER_PYTHON': '/usr/bin/python3', 'TERM_PROGRAM_VERSION': '1.130.0', 'VSCODE_IPC_HOOK_CLI': '/run/user/1004/vscode-ipc-85f34aaf-8c14-4b5e-9609-f108a0457dd3.sock', 'ZSH': '/home/ngt/.oh-my-zsh', 'LSCOLORS': 'Gxfxcxdxbxegedabagacad', 'GZ_TRANSPORT_PUB_PORT': '11345', 'VSCODE_GIT_ASKPASS_MAIN': '/home/ngt/.vscode-server/cli/servers/Stable-1b6a188127eeaf9194f945eb6eb89a657e93c54c/server/extensions/git/dist/askpass-main.js', 'PAGER': 'less', 'ROS_PYTHON_VERSION': '3', 'PS1': '(ardusub) %(?:%{\x1b[01;32m%}%1{➜%} :%{\x1b[01;31m%}%1{➜%} ) %{\x1b[36m%}%c%{\x1b[00m%} $(git_prompt_info)', 'VSCODE_GIT_ASKPASS_NODE': '/home/ngt/.vscode-server/cli/servers/Stable-1b6a188127eeaf9194f945eb6eb89a657e93c54c/server/node', 'DBUS_SESSION_BUS_ADDRESS': 'unix:path=/run/user/1004/bus', 'PYDEVD_DISABLE_FILE_VALIDATION': '1', 'BUNDLED_DEBUGPY_PATH': '/home/ngt/.vscode-server/extensions/ms-python.debugpy-2026.6.0-linux-arm64/bundled/libs/debugpy', 'GZ_TRANSPORT_SUB_PORT': '11346', 'VSCODE_PYTHON_AUTOACTIVATE_GUARD': '1', 'COLORTERM': 'truecolor', 'ROS_DISTRO': 'jazzy', 'COLCON_PREFIX_PATH': '/home/ngt/cv_ws/install:/home/ngt/pid_ws/install:/home/ngt/auvc_ws/install:/home/ngt/auv_dancing/install', 'LOGNAME': 'ngt', '_': '/home/ngt/.virtualenvs/ardusub/bin/colcon', 'XDG_SESSION_CLASS': 'user', 'USER_ZDOTDIR': '/home/ngt', 'ROS_VERSION': '2', 'XDG_SESSION_ID': '1', 'TERM': 'xterm-256color', 'PATH': '/home/ngt/.virtualenvs/ardusub/bin:/home/ngt/.opencode/bin:/opt/ros/jazzy/opt/gz_msgs_vendor/bin:/opt/ros/jazzy/opt/gz_tools_vendor/bin:/opt/ros/jazzy/opt/gz_ogre_next_vendor/bin:/opt/ros/jazzy/bin:/usr/lib/ccache:/home/ngt/.vscode-server/data/User/globalStorage/github.copilot-chat/debugCommand:/home/ngt/.vscode-server/data/User/globalStorage/github.copilot-chat/copilotCli:/home/ngt/.vscode-server/cli/servers/Stable-1b6a188127eeaf9194f945eb6eb89a657e93c54c/server/bin/remote-cli:/usr/local/sbin:/usr/local/bin:/usr/sbin:/usr/bin:/sbin:/bin:/usr/games:/usr/local/games:/snap/bin:/home/ngt/.vscode-server/extensions/ms-python.debugpy-2026.6.0-linux-arm64/bundled/scripts/noConfigScripts:/home/ngt/.local/bin:/home/ngt/ardupilot/Tools/autotest', 'XDG_RUNTIME_DIR': '/run/user/1004', 'GZ_PARTITION': 'my_sim', 'LANG': 'en_US.UTF-8', 'VSCODE_DEBUGPY_ADAPTER_ENDPOINTS': '/home/ngt/.vscode-server/extensions/ms-python.debugpy-2026.6.0-linux-arm64/.noConfigDebugAdapterEndpoints/endpoint-fe03004f45a03570.txt', 'PYTHONSTARTUP': '/home/ngt/.vscode-server/data/User/workspaceStorage/e30aafa2edaaf296b4a11477f6a9b588/ms-python.python/pythonrc.py', 'VSCODE_INJECTION': '1', 'VIRTUAL_ENV_PROMPT': 'ardusub', 'TERM_PROGRAM': 'vscode', 'VSCODE_GIT_IPC_HANDLE': '/run/user/1004/vscode-git-191b257475.sock', 'LS_COLORS': 'rs=0:di=01;34:ln=01;36:mh=00:pi=40;33:so=01;35:do=01;35:bd=40;33;01:cd=40;33;01:or=40;31;01:mi=00:su=37;41:sg=30;43:ca=00:tw=30;42:ow=34;42:st=37;44:ex=01;32:*.tar=01;31:*.tgz=01;31:*.arc=01;31:*.arj=01;31:*.taz=01;31:*.lha=01;31:*.lz4=01;31:*.lzh=01;31:*.lzma=01;31:*.tlz=01;31:*.txz=01;31:*.tzo=01;31:*.t7z=01;31:*.zip=01;31:*.z=01;31:*.dz=01;31:*.gz=01;31:*.lrz=01;31:*.lz=01;31:*.lzo=01;31:*.xz=01;31:*.zst=01;31:*.tzst=01;31:*.bz2=01;31:*.bz=01;31:*.tbz=01;31:*.tbz2=01;31:*.tz=01;31:*.deb=01;31:*.rpm=01;31:*.jar=01;31:*.war=01;31:*.ear=01;31:*.sar=01;31:*.rar=01;31:*.alz=01;31:*.ace=01;31:*.zoo=01;31:*.cpio=01;31:*.7z=01;31:*.rz=01;31:*.cab=01;31:*.wim=01;31:*.swm=01;31:*.dwm=01;31:*.esd=01;31:*.avif=01;35:*.jpg=01;35:*.jpeg=01;35:*.mjpg=01;35:*.mjpeg=01;35:*.gif=01;35:*.bmp=01;35:*.pbm=01;35:*.pgm=01;35:*.ppm=01;35:*.tga=01;35:*.xbm=01;35:*.xpm=01;35:*.tif=01;35:*.tiff=01;35:*.png=01;35:*.svg=01;35:*.svgz=01;35:*.mng=01;35:*.pcx=01;35:*.mov=01;35:*.mpg=01;35:*.mpeg=01;35:*.m2v=01;35:*.mkv=01;35:*.webm=01;35:*.webp=01;35:*.ogm=01;35:*.mp4=01;35:*.m4v=01;35:*.mp4v=01;35:*.vob=01;35:*.qt=01;35:*.nuv=01;35:*.wmv=01;35:*.asf=01;35:*.rm=01;35:*.rmvb=01;35:*.flc=01;35:*.avi=01;35:*.fli=01;35:*.flv=01;35:*.gl=01;35:*.dl=01;35:*.xcf=01;35:*.xwd=01;35:*.yuv=01;35:*.cgm=01;35:*.emf=01;35:*.ogv=01;35:*.ogx=01;35:*.aac=00;36:*.au=00;36:*.flac=00;36:*.m4a=00;36:*.mid=00;36:*.midi=00;36:*.mka=00;36:*.mp3=00;36:*.mpc=00;36:*.ogg=00;36:*.ra=00;36:*.wav=00;36:*.oga=00;36:*.opus=00;36:*.spx=00;36:*.xspf=00;36:*~=00;90:*#=00;90:*.bak=00;90:*.crdownload=00;90:*.dpkg-dist=00;90:*.dpkg-new=00;90:*.dpkg-old=00;90:*.dpkg-tmp=00;90:*.old=00;90:*.orig=00;90:*.part=00;90:*.rej=00;90:*.rpmnew=00;90:*.rpmorig=00;90:*.rpmsave=00;90:*.swp=00;90:*.tmp=00;90:*.ucf-dist=00;90:*.ucf-new=00;90:*.ucf-old=00;90:', 'AMENT_PREFIX_PATH': '/home/ngt/auvc_ws/install/tutorial_virtualenvs:/home/ngt/auvc_ws/install/tutorial_pid:/home/ngt/auvc_ws/install/tutorial_ardusub:/home/ngt/auvc_ws/install/tutorial:/home/ngt/auvc_ws/install/rosmav:/home/ngt/auvc_ws/install/example_custom_srv:/home/ngt/cv_ws/install/cv:/home/ngt/pid_ws/install/target_depth_msgs:/home/ngt/pid_ws/install/pid:/home/ngt/auv_dancing/install/tutorial:/opt/ros/jazzy', 'SHELL': '/usr/bin/zsh', 'VIRTUALENVWRAPPER_PROJECT_FILENAME': '.project', 'VIRTUALENVWRAPPER_HOOK_DIR': '/home/ngt/.virtualenvs', 'VSCODE_GIT_ASKPASS_EXTRA_ARGS': '', 'VIRTUALENVWRAPPER_SCRIPT': '/usr/share/virtualenvwrapper/virtualenvwrapper.sh', 'ROS_AUTOMATIC_DISCOVERY_RANGE': 'SUBNET', 'VIRTUAL_ENV': '/home/ngt/.virtualenvs/ardusub', 'LC_ALL': 'en_US.UTF-8', 'PWD': '/home/ngt/ZENS-Final-AUVC/build/hardware', 'SSH_CONNECTION': '192.168.3.1 64256 192.168.3.2 22', 'COPILOT_DEBUG_NONCE': 'd6eed4c06bd82aa6cee185ab30fdc4f4', 'ZDOTDIR': '/home/ngt', 'PYTHONPATH': '/home/ngt/ZENS-Final-AUVC/build/hardware/prefix_override:/home/ngt/.virtualenvs/ardusub/lib/python3.12/site-packages/colcon_core/task/python/colcon_distutils_commands:/home/ngt/ZENS-Final-AUVC/install/hardware/lib/python3.12/site-packages:/home/ngt/auvc_ws/install/tutorial_virtualenvs/lib/python3.12/site-packages:/home/ngt/auvc_ws/install/tutorial_pid/lib/python3.12/site-packages:/home/ngt/auvc_ws/install/tutorial_ardusub/lib/python3.12/site-packages:/home/ngt/auvc_ws/install/tutorial/lib/python3.12/site-packages:/home/ngt/auvc_ws/install/rosmav/lib/python3.12/site-packages:/home/ngt/auvc_ws/install/example_custom_srv/lib/python3.12/site-packages:/home/ngt/cv_ws/install/cv/lib/python3.12/site-packages:/home/ngt/pid_ws/install/target_depth_msgs/lib/python3.12/site-packages:/home/ngt/pid_ws/install/pid/lib/python3.12/site-packages:/home/ngt/auv_dancing/install/tutorial/lib/python3.12/site-packages:/opt/ros/jazzy/lib/python3.12/site-packages', 'COLCON': '1', 'CMAKE_PREFIX_PATH': '/home/ngt/auvc_ws/install/example_custom_srv:/home/ngt/pid_ws/install/target_depth_msgs:/opt/ros/jazzy/opt/gz_sim_vendor:/opt/ros/jazzy/opt/gz_sensors_vendor:/opt/ros/jazzy/opt/gz_physics_vendor:/opt/ros/jazzy/opt/sdformat_vendor:/opt/ros/jazzy/opt/gz_gui_vendor:/opt/ros/jazzy/opt/gz_transport_vendor:/opt/ros/jazzy/opt/gz_rendering_vendor:/opt/ros/jazzy/opt/gz_plugin_vendor:/opt/ros/jazzy/opt/gz_fuel_tools_vendor:/opt/ros/jazzy/opt/gz_msgs_vendor:/opt/ros/jazzy/opt/gz_common_vendor:/opt/ros/jazzy/opt/gz_math_vendor:/opt/ros/jazzy/opt/gz_utils_vendor:/opt/ros/jazzy/opt/gz_tools_vendor:/opt/ros/jazzy/opt/gz_ogre_next_vendor:/opt/ros/jazzy/opt/gz_dartsim_vendor:/opt/ros/jazzy/opt/gz_cmake_vendor'}, 'shell': False}
[44.924042] (-) TimerEvent: {}
[45.026774] (-) TimerEvent: {}
[45.132798] (-) TimerEvent: {}
[45.234443] (-) TimerEvent: {}
[45.339954] (-) TimerEvent: {}
[45.442858] (-) TimerEvent: {}
[45.547888] (-) TimerEvent: {}
[45.651011] (-) TimerEvent: {}
[45.755027] (-) TimerEvent: {}
[45.860784] (-) TimerEvent: {}
[45.964140] (-) TimerEvent: {}
[46.067498] (-) TimerEvent: {}
[46.171542] (-) TimerEvent: {}
[46.275740] (-) TimerEvent: {}
[46.377774] (-) TimerEvent: {}
[46.483080] (-) TimerEvent: {}
[46.520400] (msgs) StdoutLine: {'line': b'running egg_info\n'}
[46.584704] (-) TimerEvent: {}
[46.687026] (-) TimerEvent: {}
[46.797710] (-) TimerEvent: {}
[46.898863] (-) TimerEvent: {}
[46.938620] (msgs) StdoutLine: {'line': b'writing msgs.egg-info/PKG-INFO\n'}
[46.941399] (msgs) StdoutLine: {'line': b'writing dependency_links to msgs.egg-info/dependency_links.txt\n'}
[46.947002] (msgs) StdoutLine: {'line': b'writing top-level names to msgs.egg-info/top_level.txt\n'}
[47.000511] (-) TimerEvent: {}
[47.102101] (-) TimerEvent: {}
[47.204190] (-) TimerEvent: {}
[47.307820] (-) TimerEvent: {}
[47.412532] (-) TimerEvent: {}
[47.515014] (-) TimerEvent: {}
[47.617538] (-) TimerEvent: {}
[47.722975] (-) TimerEvent: {}
[47.768803] (hardware) StderrLine: {'line': b"/home/ngt/.virtualenvs/ardusub/lib/python3.12/site-packages/setuptools/_distutils/dist.py:288: UserWarning: Unknown distribution option: 'tests_require'\n"}
[47.770349] (hardware) StderrLine: {'line': b'  warnings.warn(msg)\n'}
[47.825614] (-) TimerEvent: {}
[47.929781] (-) TimerEvent: {}
[48.031358] (-) TimerEvent: {}
[48.134893] (-) TimerEvent: {}
[48.236749] (-) TimerEvent: {}
[48.339756] (-) TimerEvent: {}
[48.443678] (-) TimerEvent: {}
[48.546420] (-) TimerEvent: {}
[48.647302] (-) TimerEvent: {}
[48.752397] (-) TimerEvent: {}
[48.853988] (-) TimerEvent: {}
[48.957818] (-) TimerEvent: {}
[49.061905] (-) TimerEvent: {}
[49.164355] (-) TimerEvent: {}
[49.267879] (-) TimerEvent: {}
[49.369771] (-) TimerEvent: {}
[49.471652] (-) TimerEvent: {}
[49.574753] (-) TimerEvent: {}
[49.678467] (-) TimerEvent: {}
[49.781817] (-) TimerEvent: {}
[49.784180] (hardware) StdoutLine: {'line': b'running egg_info\n'}
[49.883789] (-) TimerEvent: {}
[49.984668] (-) TimerEvent: {}
[50.091276] (-) TimerEvent: {}
[50.114601] (hardware) StdoutLine: {'line': b'writing ../../../build/hardware/hardware.egg-info/PKG-INFO\n'}
[50.125277] (hardware) StdoutLine: {'line': b'writing dependency_links to ../../../build/hardware/hardware.egg-info/dependency_links.txt\n'}
[50.129443] (hardware) StdoutLine: {'line': b'writing entry points to ../../../build/hardware/hardware.egg-info/entry_points.txt\n'}
[50.132613] (hardware) StdoutLine: {'line': b'writing requirements to ../../../build/hardware/hardware.egg-info/requires.txt\n'}
[50.137930] (hardware) StdoutLine: {'line': b'writing top-level names to ../../../build/hardware/hardware.egg-info/top_level.txt\n'}
[50.192092] (-) TimerEvent: {}
[50.297495] (-) TimerEvent: {}
[50.400616] (-) TimerEvent: {}
[50.503410] (-) TimerEvent: {}
[50.605763] (-) TimerEvent: {}
[50.617902] (hardware) StdoutLine: {'line': b"reading manifest file '../../../build/hardware/hardware.egg-info/SOURCES.txt'\n"}
[50.633565] (hardware) StdoutLine: {'line': b"writing manifest file '../../../build/hardware/hardware.egg-info/SOURCES.txt'\n"}
[50.639408] (hardware) StdoutLine: {'line': b'running build\n'}
[50.642044] (hardware) StdoutLine: {'line': b'running build_py\n'}
[50.644245] (hardware) StdoutLine: {'line': b'copying hardware/bluerov2_simulation_interface.py -> /home/ngt/ZENS-Final-AUVC/build/hardware/build/lib/hardware\n'}
[50.648517] (hardware) StdoutLine: {'line': b'copying hardware/bluerov2_hardware_interface.py -> /home/ngt/ZENS-Final-AUVC/build/hardware/build/lib/hardware\n'}
[50.653386] (hardware) StdoutLine: {'line': b'copying hardware/bluerov2_camera_interface.py -> /home/ngt/ZENS-Final-AUVC/build/hardware/build/lib/hardware\n'}
[50.669814] (hardware) StdoutLine: {'line': b'copying hardware/__init__.py -> /home/ngt/ZENS-Final-AUVC/build/hardware/build/lib/hardware\n'}
[50.673490] (hardware) StdoutLine: {'line': b'running install\n'}
[50.706018] (-) TimerEvent: {}
[50.724362] (hardware) StdoutLine: {'line': b'running install_lib\n'}
[50.807861] (-) TimerEvent: {}
[50.911191] (-) TimerEvent: {}
[50.954061] (hardware) StdoutLine: {'line': b'running install_data\n'}
[50.960288] (hardware) StdoutLine: {'line': b'copying resource/hardware -> /home/ngt/ZENS-Final-AUVC/install/hardware/share/ament_index/resource_index/packages\n'}
[50.971329] (hardware) StdoutLine: {'line': b'copying package.xml -> /home/ngt/ZENS-Final-AUVC/install/hardware/share/hardware\n'}
[50.973548] (hardware) StdoutLine: {'line': b'copying launch/simulation.launch.py -> /home/ngt/ZENS-Final-AUVC/install/hardware/share/hardware/launch\n'}
[50.984027] (hardware) StdoutLine: {'line': b'copying config/bridge.yaml -> /home/ngt/ZENS-Final-AUVC/install/hardware/share/hardware/config\n'}
[50.984854] (hardware) StdoutLine: {'line': b'running install_egg_info\n'}
[51.011403] (-) TimerEvent: {}
[51.116217] (-) TimerEvent: {}
[51.173019] (hardware) StdoutLine: {'line': b"removing '/home/ngt/ZENS-Final-AUVC/install/hardware/lib/python3.12/site-packages/hardware-0.0.0-py3.12.egg-info' (and everything under it)\n"}
[51.183659] (hardware) StdoutLine: {'line': b'Copying ../../../build/hardware/hardware.egg-info to /home/ngt/ZENS-Final-AUVC/install/hardware/lib/python3.12/site-packages/hardware-0.0.0-py3.12.egg-info\n'}
[51.205847] (hardware) StdoutLine: {'line': b'running install_scripts\n'}
[51.219711] (-) TimerEvent: {}
[51.321712] (-) TimerEvent: {}
[51.336246] (msgs) StdoutLine: {'line': b"reading manifest file 'msgs.egg-info/SOURCES.txt'\n"}
[51.343216] (msgs) StdoutLine: {'line': b"writing manifest file 'msgs.egg-info/SOURCES.txt'\n"}
[51.425010] (-) TimerEvent: {}
[51.532881] (-) TimerEvent: {}
[51.633949] (-) TimerEvent: {}
[51.738766] (-) TimerEvent: {}
[51.795745] (msgs) StdoutLine: {'line': b'[ 34%] Built target ament_cmake_python_build_msgs_egg\n'}
[51.840823] (-) TimerEvent: {}
[51.867034] (hardware) StdoutLine: {'line': b'Installing bluerov2_camera_interface script to /home/ngt/ZENS-Final-AUVC/install/hardware/lib/hardware\n'}
[51.871373] (hardware) StdoutLine: {'line': b'Installing bluerov2_hardware_interface script to /home/ngt/ZENS-Final-AUVC/install/hardware/lib/hardware\n'}
[51.877321] (hardware) StdoutLine: {'line': b'Installing bluerov2_simulation_interface script to /home/ngt/ZENS-Final-AUVC/install/hardware/lib/hardware\n'}
[51.881883] (hardware) StdoutLine: {'line': b"writing list of installed files to '/home/ngt/ZENS-Final-AUVC/build/hardware/install.log'\n"}
[51.942771] (-) TimerEvent: {}
[52.044012] (-) TimerEvent: {}
[52.148895] (-) TimerEvent: {}
[52.165412] (hardware) CommandEnded: {'returncode': 0}
[52.253451] (-) TimerEvent: {}
[52.275641] (msgs) StdoutLine: {'line': b'[ 45%] Built target msgs__rosidl_typesupport_introspection_c\n'}
[52.371806] (-) TimerEvent: {}
[52.389875] (hardware) JobEnded: {'identifier': 'hardware', 'rc': 0}
[52.474797] (-) TimerEvent: {}
[52.575711] (-) TimerEvent: {}
[52.616414] (msgs) StdoutLine: {'line': b'[ 48%] Built target msgs__rosidl_typesupport_c\n'}
[52.678795] (-) TimerEvent: {}
[52.783812] (-) TimerEvent: {}
[52.885793] (-) TimerEvent: {}
[52.932223] (msgs) StdoutLine: {'line': b'[ 57%] Built target msgs__rosidl_typesupport_fastrtps_c\n'}
[52.988901] (-) TimerEvent: {}
[53.090305] (-) TimerEvent: {}
[53.194806] (-) TimerEvent: {}
[53.222927] (msgs) StdoutLine: {'line': b'[ 65%] Built target msgs__cpp\n'}
[53.295007] (-) TimerEvent: {}
[53.398172] (-) TimerEvent: {}
[53.461124] (msgs) StdoutLine: {'line': b'[ 74%] Built target msgs__rs\n'}
[53.499764] (-) TimerEvent: {}
[53.600560] (-) TimerEvent: {}
[53.704169] (-) TimerEvent: {}
[53.805654] (-) TimerEvent: {}
[53.807980] (msgs) StdoutLine: {'line': b'[ 74%] Built target msgs__rosidl_typesupport_cpp\n'}
[53.906232] (-) TimerEvent: {}
[54.007762] (-) TimerEvent: {}
[54.110164] (-) TimerEvent: {}
[54.214743] (-) TimerEvent: {}
[54.266132] (msgs) StdoutLine: {'line': b'[ 82%] Built target msgs__rosidl_typesupport_introspection_cpp\n'}
[54.317256] (-) TimerEvent: {}
[54.420782] (-) TimerEvent: {}
[54.521876] (-) TimerEvent: {}
[54.564433] (msgs) StdoutLine: {'line': b'[ 88%] Built target msgs__rosidl_typesupport_fastrtps_cpp\n'}
[54.623832] (-) TimerEvent: {}
[54.725464] (-) TimerEvent: {}
[54.798075] (msgs) StdoutLine: {'line': b'[ 94%] Built target msgs\n'}
[54.828803] (-) TimerEvent: {}
[54.929711] (-) TimerEvent: {}
[54.997611] (msgs) StdoutLine: {'line': b'[100%] Built target msgs__py\n'}
[55.032144] (-) TimerEvent: {}
[55.132938] (-) TimerEvent: {}
[55.236322] (-) TimerEvent: {}
[55.262760] (msgs) StdoutLine: {'line': b'Built target msgs__rosidl_generator_py\n'}
[55.338024] (-) TimerEvent: {}
[55.440914] (-) TimerEvent: {}
[55.542186] (-) TimerEvent: {}
[55.565805] (msgs) StdoutLine: {'line': b'Built target msgs_s__rosidl_typesupport_fastrtps_c\n'}
[55.643776] (-) TimerEvent: {}
[55.746478] (-) TimerEvent: {}
[55.825929] (msgs) StdoutLine: {'line': b'Built target msgs_s__rosidl_typesupport_c\n'}
[55.848409] (-) TimerEvent: {}
[55.951798] (-) TimerEvent: {}
[56.054773] (-) TimerEvent: {}
[56.057029] (msgs) StdoutLine: {'line': b'Built target msgs_s__rosidl_typesupport_introspection_c\n'}
[56.157947] (msgs) CommandEnded: {'returncode': 0}
[56.181262] (-) TimerEvent: {}
[56.185008] (msgs) JobProgress: {'identifier': 'msgs', 'progress': 'install'}
[56.185328] (msgs) Command: {'cmd': ['/usr/bin/cmake', '--install', '/home/ngt/ZENS-Final-AUVC/build/msgs'], 'cwd': '/home/ngt/ZENS-Final-AUVC/build/msgs', 'env': OrderedDict({'PYTHON_BASIC_REPL': '1', 'VIRTUALENVWRAPPER_WORKON_CD': '1', 'USER': 'ngt', 'SSH_CLIENT': '192.168.3.1 64256 22', 'WORKON_HOME': '/home/ngt/.virtualenvs', 'GZ_SIM_RESOURCE_PATH': '/opt/ros/jazzy/share', 'GZ_CONFIG_PATH': '/opt/ros/jazzy/opt/gz_sim_vendor/share/gz:/opt/ros/jazzy/opt/sdformat_vendor/share/gz:/opt/ros/jazzy/opt/gz_gui_vendor/share/gz:/opt/ros/jazzy/opt/gz_transport_vendor/share/gz:/opt/ros/jazzy/opt/gz_rendering_vendor/share/gz:/opt/ros/jazzy/opt/gz_plugin_vendor/share/gz:/opt/ros/jazzy/opt/gz_fuel_tools_vendor/share/gz:/opt/ros/jazzy/opt/gz_msgs_vendor/share/gz:/opt/ros/jazzy/opt/gz_common_vendor/share/gz', 'XDG_SESSION_TYPE': 'tty', 'GIT_ASKPASS': '/home/ngt/.vscode-server/cli/servers/Stable-1b6a188127eeaf9194f945eb6eb89a657e93c54c/server/extensions/git/dist/askpass.sh', 'SHLVL': '1', 'BROWSER': '/home/ngt/.vscode-server/cli/servers/Stable-1b6a188127eeaf9194f945eb6eb89a657e93c54c/server/bin/helpers/browser.sh', 'LD_LIBRARY_PATH': '/home/ngt/auvc_ws/install/example_custom_srv/lib:/home/ngt/pid_ws/install/target_depth_msgs/lib:/opt/ros/jazzy/opt/gz_sim_vendor/lib:/opt/ros/jazzy/opt/gz_sensors_vendor/lib:/opt/ros/jazzy/opt/gz_physics_vendor/lib:/opt/ros/jazzy/opt/sdformat_vendor/lib:/opt/ros/jazzy/opt/rviz_ogre_vendor/lib:/opt/ros/jazzy/lib/aarch64-linux-gnu:/opt/ros/jazzy/opt/gz_gui_vendor/lib:/opt/ros/jazzy/opt/gz_transport_vendor/lib:/opt/ros/jazzy/opt/gz_rendering_vendor/lib:/opt/ros/jazzy/opt/gz_plugin_vendor/lib:/opt/ros/jazzy/opt/gz_fuel_tools_vendor/lib:/opt/ros/jazzy/opt/gz_msgs_vendor/lib:/opt/ros/jazzy/opt/gz_common_vendor/lib:/opt/ros/jazzy/opt/gz_math_vendor/lib:/opt/ros/jazzy/opt/gz_utils_vendor/lib:/opt/ros/jazzy/opt/gz_tools_vendor/lib:/opt/ros/jazzy/opt/gz_ogre_next_vendor/lib:/opt/ros/jazzy/opt/gz_dartsim_vendor/lib:/opt/ros/jazzy/opt/gz_cmake_vendor/lib:/opt/ros/jazzy/lib', 'GZ_TRANSPORT_ID': '192.168.3.1', 'HOME': '/home/ngt', 'OLDPWD': '/home/ngt', 'LESS': '-R', 'VIRTUALENVWRAPPER_PYTHON': '/usr/bin/python3', 'TERM_PROGRAM_VERSION': '1.130.0', 'VSCODE_IPC_HOOK_CLI': '/run/user/1004/vscode-ipc-85f34aaf-8c14-4b5e-9609-f108a0457dd3.sock', 'ZSH': '/home/ngt/.oh-my-zsh', 'LSCOLORS': 'Gxfxcxdxbxegedabagacad', 'GZ_TRANSPORT_PUB_PORT': '11345', 'VSCODE_GIT_ASKPASS_MAIN': '/home/ngt/.vscode-server/cli/servers/Stable-1b6a188127eeaf9194f945eb6eb89a657e93c54c/server/extensions/git/dist/askpass-main.js', 'PAGER': 'less', 'ROS_PYTHON_VERSION': '3', 'PS1': '(ardusub) %(?:%{\x1b[01;32m%}%1{➜%} :%{\x1b[01;31m%}%1{➜%} ) %{\x1b[36m%}%c%{\x1b[00m%} $(git_prompt_info)', 'VSCODE_GIT_ASKPASS_NODE': '/home/ngt/.vscode-server/cli/servers/Stable-1b6a188127eeaf9194f945eb6eb89a657e93c54c/server/node', 'DBUS_SESSION_BUS_ADDRESS': 'unix:path=/run/user/1004/bus', 'PYDEVD_DISABLE_FILE_VALIDATION': '1', 'BUNDLED_DEBUGPY_PATH': '/home/ngt/.vscode-server/extensions/ms-python.debugpy-2026.6.0-linux-arm64/bundled/libs/debugpy', 'GZ_TRANSPORT_SUB_PORT': '11346', 'VSCODE_PYTHON_AUTOACTIVATE_GUARD': '1', 'COLORTERM': 'truecolor', 'ROS_DISTRO': 'jazzy', 'COLCON_PREFIX_PATH': '/home/ngt/cv_ws/install:/home/ngt/pid_ws/install:/home/ngt/auvc_ws/install:/home/ngt/auv_dancing/install', 'LOGNAME': 'ngt', '_': '/home/ngt/.virtualenvs/ardusub/bin/colcon', 'XDG_SESSION_CLASS': 'user', 'USER_ZDOTDIR': '/home/ngt', 'ROS_VERSION': '2', 'XDG_SESSION_ID': '1', 'TERM': 'xterm-256color', 'PATH': '/home/ngt/.virtualenvs/ardusub/bin:/home/ngt/.opencode/bin:/opt/ros/jazzy/opt/gz_msgs_vendor/bin:/opt/ros/jazzy/opt/gz_tools_vendor/bin:/opt/ros/jazzy/opt/gz_ogre_next_vendor/bin:/opt/ros/jazzy/bin:/usr/lib/ccache:/home/ngt/.vscode-server/data/User/globalStorage/github.copilot-chat/debugCommand:/home/ngt/.vscode-server/data/User/globalStorage/github.copilot-chat/copilotCli:/home/ngt/.vscode-server/cli/servers/Stable-1b6a188127eeaf9194f945eb6eb89a657e93c54c/server/bin/remote-cli:/usr/local/sbin:/usr/local/bin:/usr/sbin:/usr/bin:/sbin:/bin:/usr/games:/usr/local/games:/snap/bin:/home/ngt/.vscode-server/extensions/ms-python.debugpy-2026.6.0-linux-arm64/bundled/scripts/noConfigScripts:/home/ngt/.local/bin:/home/ngt/ardupilot/Tools/autotest', 'XDG_RUNTIME_DIR': '/run/user/1004', 'GZ_PARTITION': 'my_sim', 'LANG': 'en_US.UTF-8', 'VSCODE_DEBUGPY_ADAPTER_ENDPOINTS': '/home/ngt/.vscode-server/extensions/ms-python.debugpy-2026.6.0-linux-arm64/.noConfigDebugAdapterEndpoints/endpoint-fe03004f45a03570.txt', 'PYTHONSTARTUP': '/home/ngt/.vscode-server/data/User/workspaceStorage/e30aafa2edaaf296b4a11477f6a9b588/ms-python.python/pythonrc.py', 'VSCODE_INJECTION': '1', 'VIRTUAL_ENV_PROMPT': 'ardusub', 'TERM_PROGRAM': 'vscode', 'VSCODE_GIT_IPC_HANDLE': '/run/user/1004/vscode-git-191b257475.sock', 'LS_COLORS': 'rs=0:di=01;34:ln=01;36:mh=00:pi=40;33:so=01;35:do=01;35:bd=40;33;01:cd=40;33;01:or=40;31;01:mi=00:su=37;41:sg=30;43:ca=00:tw=30;42:ow=34;42:st=37;44:ex=01;32:*.tar=01;31:*.tgz=01;31:*.arc=01;31:*.arj=01;31:*.taz=01;31:*.lha=01;31:*.lz4=01;31:*.lzh=01;31:*.lzma=01;31:*.tlz=01;31:*.txz=01;31:*.tzo=01;31:*.t7z=01;31:*.zip=01;31:*.z=01;31:*.dz=01;31:*.gz=01;31:*.lrz=01;31:*.lz=01;31:*.lzo=01;31:*.xz=01;31:*.zst=01;31:*.tzst=01;31:*.bz2=01;31:*.bz=01;31:*.tbz=01;31:*.tbz2=01;31:*.tz=01;31:*.deb=01;31:*.rpm=01;31:*.jar=01;31:*.war=01;31:*.ear=01;31:*.sar=01;31:*.rar=01;31:*.alz=01;31:*.ace=01;31:*.zoo=01;31:*.cpio=01;31:*.7z=01;31:*.rz=01;31:*.cab=01;31:*.wim=01;31:*.swm=01;31:*.dwm=01;31:*.esd=01;31:*.avif=01;35:*.jpg=01;35:*.jpeg=01;35:*.mjpg=01;35:*.mjpeg=01;35:*.gif=01;35:*.bmp=01;35:*.pbm=01;35:*.pgm=01;35:*.ppm=01;35:*.tga=01;35:*.xbm=01;35:*.xpm=01;35:*.tif=01;35:*.tiff=01;35:*.png=01;35:*.svg=01;35:*.svgz=01;35:*.mng=01;35:*.pcx=01;35:*.mov=01;35:*.mpg=01;35:*.mpeg=01;35:*.m2v=01;35:*.mkv=01;35:*.webm=01;35:*.webp=01;35:*.ogm=01;35:*.mp4=01;35:*.m4v=01;35:*.mp4v=01;35:*.vob=01;35:*.qt=01;35:*.nuv=01;35:*.wmv=01;35:*.asf=01;35:*.rm=01;35:*.rmvb=01;35:*.flc=01;35:*.avi=01;35:*.fli=01;35:*.flv=01;35:*.gl=01;35:*.dl=01;35:*.xcf=01;35:*.xwd=01;35:*.yuv=01;35:*.cgm=01;35:*.emf=01;35:*.ogv=01;35:*.ogx=01;35:*.aac=00;36:*.au=00;36:*.flac=00;36:*.m4a=00;36:*.mid=00;36:*.midi=00;36:*.mka=00;36:*.mp3=00;36:*.mpc=00;36:*.ogg=00;36:*.ra=00;36:*.wav=00;36:*.oga=00;36:*.opus=00;36:*.spx=00;36:*.xspf=00;36:*~=00;90:*#=00;90:*.bak=00;90:*.crdownload=00;90:*.dpkg-dist=00;90:*.dpkg-new=00;90:*.dpkg-old=00;90:*.dpkg-tmp=00;90:*.old=00;90:*.orig=00;90:*.part=00;90:*.rej=00;90:*.rpmnew=00;90:*.rpmorig=00;90:*.rpmsave=00;90:*.swp=00;90:*.tmp=00;90:*.ucf-dist=00;90:*.ucf-new=00;90:*.ucf-old=00;90:', 'AMENT_PREFIX_PATH': '/home/ngt/auvc_ws/install/tutorial_virtualenvs:/home/ngt/auvc_ws/install/tutorial_pid:/home/ngt/auvc_ws/install/tutorial_ardusub:/home/ngt/auvc_ws/install/tutorial:/home/ngt/auvc_ws/install/rosmav:/home/ngt/auvc_ws/install/example_custom_srv:/home/ngt/cv_ws/install/cv:/home/ngt/pid_ws/install/target_depth_msgs:/home/ngt/pid_ws/install/pid:/home/ngt/auv_dancing/install/tutorial:/opt/ros/jazzy', 'SHELL': '/usr/bin/zsh', 'VIRTUALENVWRAPPER_PROJECT_FILENAME': '.project', 'VIRTUALENVWRAPPER_HOOK_DIR': '/home/ngt/.virtualenvs', 'VSCODE_GIT_ASKPASS_EXTRA_ARGS': '', 'VIRTUALENVWRAPPER_SCRIPT': '/usr/share/virtualenvwrapper/virtualenvwrapper.sh', 'ROS_AUTOMATIC_DISCOVERY_RANGE': 'SUBNET', 'VIRTUAL_ENV': '/home/ngt/.virtualenvs/ardusub', 'LC_ALL': 'en_US.UTF-8', 'PWD': '/home/ngt/ZENS-Final-AUVC/build/msgs', 'SSH_CONNECTION': '192.168.3.1 64256 192.168.3.2 22', 'COPILOT_DEBUG_NONCE': 'd6eed4c06bd82aa6cee185ab30fdc4f4', 'ZDOTDIR': '/home/ngt', 'PYTHONPATH': '/home/ngt/auvc_ws/install/tutorial_virtualenvs/lib/python3.12/site-packages:/home/ngt/auvc_ws/install/tutorial_pid/lib/python3.12/site-packages:/home/ngt/auvc_ws/install/tutorial_ardusub/lib/python3.12/site-packages:/home/ngt/auvc_ws/install/tutorial/lib/python3.12/site-packages:/home/ngt/auvc_ws/install/rosmav/lib/python3.12/site-packages:/home/ngt/auvc_ws/install/example_custom_srv/lib/python3.12/site-packages:/home/ngt/cv_ws/install/cv/lib/python3.12/site-packages:/home/ngt/pid_ws/install/target_depth_msgs/lib/python3.12/site-packages:/home/ngt/pid_ws/install/pid/lib/python3.12/site-packages:/home/ngt/auv_dancing/install/tutorial/lib/python3.12/site-packages:/opt/ros/jazzy/lib/python3.12/site-packages', 'COLCON': '1', 'CMAKE_PREFIX_PATH': '/home/ngt/auvc_ws/install/example_custom_srv:/home/ngt/pid_ws/install/target_depth_msgs:/opt/ros/jazzy/opt/gz_sim_vendor:/opt/ros/jazzy/opt/gz_sensors_vendor:/opt/ros/jazzy/opt/gz_physics_vendor:/opt/ros/jazzy/opt/sdformat_vendor:/opt/ros/jazzy/opt/gz_gui_vendor:/opt/ros/jazzy/opt/gz_transport_vendor:/opt/ros/jazzy/opt/gz_rendering_vendor:/opt/ros/jazzy/opt/gz_plugin_vendor:/opt/ros/jazzy/opt/gz_fuel_tools_vendor:/opt/ros/jazzy/opt/gz_msgs_vendor:/opt/ros/jazzy/opt/gz_common_vendor:/opt/ros/jazzy/opt/gz_math_vendor:/opt/ros/jazzy/opt/gz_utils_vendor:/opt/ros/jazzy/opt/gz_tools_vendor:/opt/ros/jazzy/opt/gz_ogre_next_vendor:/opt/ros/jazzy/opt/gz_dartsim_vendor:/opt/ros/jazzy/opt/gz_cmake_vendor:/home/ngt/auvc_ws/install/tutorial_virtualenvs:/home/ngt/auvc_ws/install/tutorial_pid:/home/ngt/auvc_ws/install/tutorial_ardusub:/home/ngt/auvc_ws/install/tutorial:/home/ngt/auvc_ws/install/rosmav:/home/ngt/cv_ws/install/cv:/home/ngt/pid_ws/install/pid:/home/ngt/auv_dancing/install/tutorial:/opt/ros/jazzy'}), 'shell': False}
[56.266305] (msgs) StdoutLine: {'line': b'-- Install configuration: ""\n'}
[56.270036] (msgs) StdoutLine: {'line': b'-- Up-to-date: /home/ngt/ZENS-Final-AUVC/install/msgs/share/ament_index/resource_index/rosidl_interfaces/msgs\n'}
[56.275397] (msgs) StdoutLine: {'line': b'-- Up-to-date: /home/ngt/ZENS-Final-AUVC/install/msgs/share/msgs/msg/TargetDepth.json\n'}
[56.283498] (-) TimerEvent: {}
[56.287480] (msgs) StdoutLine: {'line': b'-- Up-to-date: /home/ngt/ZENS-Final-AUVC/install/msgs/include/msgs/msgs\n'}
[56.292476] (msgs) StdoutLine: {'line': b'-- Up-to-date: /home/ngt/ZENS-Final-AUVC/install/msgs/include/msgs/msgs/msg\n'}
[56.301065] (msgs) StdoutLine: {'line': b'-- Up-to-date: /home/ngt/ZENS-Final-AUVC/install/msgs/include/msgs/msgs/msg/detail\n'}
[56.306720] (msgs) StdoutLine: {'line': b'-- Up-to-date: /home/ngt/ZENS-Final-AUVC/install/msgs/include/msgs/msgs/msg/detail/target_depth__struct.h\n'}
[56.314233] (msgs) StdoutLine: {'line': b'-- Installing: /home/ngt/ZENS-Final-AUVC/install/msgs/include/msgs/msgs/msg/detail/target_depth__type_support.c\n'}
[56.319941] (msgs) StdoutLine: {'line': b'-- Up-to-date: /home/ngt/ZENS-Final-AUVC/install/msgs/include/msgs/msgs/msg/detail/target_depth__functions.c\n'}
[56.320632] (msgs) StdoutLine: {'line': b'-- Up-to-date: /home/ngt/ZENS-Final-AUVC/install/msgs/include/msgs/msgs/msg/detail/target_depth__functions.h\n'}
[56.330409] (msgs) StdoutLine: {'line': b'-- Up-to-date: /home/ngt/ZENS-Final-AUVC/install/msgs/include/msgs/msgs/msg/detail/target_depth__description.c\n'}
[56.331383] (msgs) StdoutLine: {'line': b'-- Up-to-date: /home/ngt/ZENS-Final-AUVC/install/msgs/include/msgs/msgs/msg/detail/target_depth__type_support.h\n'}
[56.337505] (msgs) StdoutLine: {'line': b'-- Up-to-date: /home/ngt/ZENS-Final-AUVC/install/msgs/include/msgs/msgs/msg/target_depth.h\n'}
[56.341509] (msgs) StdoutLine: {'line': b'-- Up-to-date: /home/ngt/ZENS-Final-AUVC/install/msgs/include/msgs/msgs/msg/rosidl_generator_c__visibility_control.h\n'}
[56.342272] (msgs) StdoutLine: {'line': b'-- Up-to-date: /home/ngt/ZENS-Final-AUVC/install/msgs/share/msgs/environment/library_path.sh\n'}
[56.343413] (msgs) StdoutLine: {'line': b'-- Up-to-date: /home/ngt/ZENS-Final-AUVC/install/msgs/share/msgs/environment/library_path.dsv\n'}
[56.344298] (msgs) StdoutLine: {'line': b'-- Up-to-date: /home/ngt/ZENS-Final-AUVC/install/msgs/lib/libmsgs__rosidl_generator_c.so\n'}
[56.345168] (msgs) StdoutLine: {'line': b'-- Up-to-date: /home/ngt/ZENS-Final-AUVC/install/msgs/include/msgs/msgs\n'}
[56.351250] (msgs) StdoutLine: {'line': b'-- Up-to-date: /home/ngt/ZENS-Final-AUVC/install/msgs/include/msgs/msgs/msg\n'}
[56.351975] (msgs) StdoutLine: {'line': b'-- Up-to-date: /home/ngt/ZENS-Final-AUVC/install/msgs/include/msgs/msgs/msg/rosidl_typesupport_fastrtps_c__visibility_control.h\n'}
[56.352862] (msgs) StdoutLine: {'line': b'-- Up-to-date: /home/ngt/ZENS-Final-AUVC/install/msgs/include/msgs/msgs/msg/detail\n'}
[56.361975] (msgs) StdoutLine: {'line': b'-- Up-to-date: /home/ngt/ZENS-Final-AUVC/install/msgs/include/msgs/msgs/msg/detail/target_depth__rosidl_typesupport_fastrtps_c.h\n'}
[56.363093] (msgs) StdoutLine: {'line': b'-- Up-to-date: /home/ngt/ZENS-Final-AUVC/install/msgs/lib/libmsgs__rosidl_typesupport_fastrtps_c.so\n'}
[56.363832] (msgs) StdoutLine: {'line': b'-- Up-to-date: /home/ngt/ZENS-Final-AUVC/install/msgs/include/msgs/msgs\n'}
[56.368386] (msgs) StdoutLine: {'line': b'-- Up-to-date: /home/ngt/ZENS-Final-AUVC/install/msgs/include/msgs/msgs/msg\n'}
[56.369606] (msgs) StdoutLine: {'line': b'-- Up-to-date: /home/ngt/ZENS-Final-AUVC/install/msgs/include/msgs/msgs/msg/rosidl_generator_cpp__visibility_control.hpp\n'}
[56.370497] (msgs) StdoutLine: {'line': b'-- Up-to-date: /home/ngt/ZENS-Final-AUVC/install/msgs/include/msgs/msgs/msg/detail\n'}
[56.373946] (msgs) StdoutLine: {'line': b'-- Up-to-date: /home/ngt/ZENS-Final-AUVC/install/msgs/include/msgs/msgs/msg/detail/target_depth__traits.hpp\n'}
[56.378413] (msgs) StdoutLine: {'line': b'-- Up-to-date: /home/ngt/ZENS-Final-AUVC/install/msgs/include/msgs/msgs/msg/detail/target_depth__type_support.hpp\n'}
[56.380145] (msgs) StdoutLine: {'line': b'-- Up-to-date: /home/ngt/ZENS-Final-AUVC/install/msgs/include/msgs/msgs/msg/detail/target_depth__builder.hpp\n'}
[56.384828] (-) TimerEvent: {}
[56.388946] (msgs) StdoutLine: {'line': b'-- Up-to-date: /home/ngt/ZENS-Final-AUVC/install/msgs/include/msgs/msgs/msg/detail/target_depth__struct.hpp\n'}
[56.390423] (msgs) StdoutLine: {'line': b'-- Up-to-date: /home/ngt/ZENS-Final-AUVC/install/msgs/include/msgs/msgs/msg/target_depth.hpp\n'}
[56.397120] (msgs) StdoutLine: {'line': b'-- Up-to-date: /home/ngt/ZENS-Final-AUVC/install/msgs/include/msgs/msgs\n'}
[56.398468] (msgs) StdoutLine: {'line': b'-- Up-to-date: /home/ngt/ZENS-Final-AUVC/install/msgs/include/msgs/msgs/msg\n'}
[56.399437] (msgs) StdoutLine: {'line': b'-- Up-to-date: /home/ngt/ZENS-Final-AUVC/install/msgs/include/msgs/msgs/msg/rosidl_typesupport_fastrtps_cpp__visibility_control.h\n'}
[56.406990] (msgs) StdoutLine: {'line': b'-- Up-to-date: /home/ngt/ZENS-Final-AUVC/install/msgs/include/msgs/msgs/msg/detail\n'}
[56.407927] (msgs) StdoutLine: {'line': b'-- Up-to-date: /home/ngt/ZENS-Final-AUVC/install/msgs/include/msgs/msgs/msg/detail/dds_fastrtps\n'}
[56.411944] (msgs) StdoutLine: {'line': b'-- Up-to-date: /home/ngt/ZENS-Final-AUVC/install/msgs/include/msgs/msgs/msg/detail/target_depth__rosidl_typesupport_fastrtps_cpp.hpp\n'}
[56.413027] (msgs) StdoutLine: {'line': b'-- Up-to-date: /home/ngt/ZENS-Final-AUVC/install/msgs/lib/libmsgs__rosidl_typesupport_fastrtps_cpp.so\n'}
[56.414515] (msgs) StdoutLine: {'line': b'-- Up-to-date: /home/ngt/ZENS-Final-AUVC/install/msgs/include/msgs/msgs\n'}
[56.421926] (msgs) StdoutLine: {'line': b'-- Up-to-date: /home/ngt/ZENS-Final-AUVC/install/msgs/include/msgs/msgs/msg\n'}
[56.423231] (msgs) StdoutLine: {'line': b'-- Up-to-date: /home/ngt/ZENS-Final-AUVC/install/msgs/include/msgs/msgs/msg/rosidl_typesupport_introspection_c__visibility_control.h\n'}
[56.427567] (msgs) StdoutLine: {'line': b'-- Up-to-date: /home/ngt/ZENS-Final-AUVC/install/msgs/include/msgs/msgs/msg/detail\n'}
[56.428551] (msgs) StdoutLine: {'line': b'-- Installing: /home/ngt/ZENS-Final-AUVC/install/msgs/include/msgs/msgs/msg/detail/target_depth__type_support.c\n'}
[56.432785] (msgs) StdoutLine: {'line': b'-- Up-to-date: /home/ngt/ZENS-Final-AUVC/install/msgs/include/msgs/msgs/msg/detail/target_depth__rosidl_typesupport_introspection_c.h\n'}
[56.433910] (msgs) StdoutLine: {'line': b'-- Up-to-date: /home/ngt/ZENS-Final-AUVC/install/msgs/lib/libmsgs__rosidl_typesupport_introspection_c.so\n'}
[56.435020] (msgs) StdoutLine: {'line': b'-- Up-to-date: /home/ngt/ZENS-Final-AUVC/install/msgs/lib/libmsgs__rosidl_typesupport_c.so\n'}
[56.439631] (msgs) StdoutLine: {'line': b'-- Up-to-date: /home/ngt/ZENS-Final-AUVC/install/msgs/include/msgs/msgs\n'}
[56.441417] (msgs) StdoutLine: {'line': b'-- Up-to-date: /home/ngt/ZENS-Final-AUVC/install/msgs/include/msgs/msgs/msg\n'}
[56.448994] (msgs) StdoutLine: {'line': b'-- Up-to-date: /home/ngt/ZENS-Final-AUVC/install/msgs/include/msgs/msgs/msg/detail\n'}
[56.454135] (msgs) StdoutLine: {'line': b'-- Up-to-date: /home/ngt/ZENS-Final-AUVC/install/msgs/include/msgs/msgs/msg/detail/target_depth__rosidl_typesupport_introspection_cpp.hpp\n'}
[56.455898] (msgs) StdoutLine: {'line': b'-- Up-to-date: /home/ngt/ZENS-Final-AUVC/install/msgs/include/msgs/msgs/msg/detail/target_depth__type_support.cpp\n'}
[56.459910] (msgs) StdoutLine: {'line': b'-- Up-to-date: /home/ngt/ZENS-Final-AUVC/install/msgs/lib/libmsgs__rosidl_typesupport_introspection_cpp.so\n'}
[56.460910] (msgs) StdoutLine: {'line': b'-- Up-to-date: /home/ngt/ZENS-Final-AUVC/install/msgs/lib/libmsgs__rosidl_typesupport_cpp.so\n'}
[56.461681] (msgs) StdoutLine: {'line': b'-- Up-to-date: /home/ngt/ZENS-Final-AUVC/install/msgs/share/msgs/environment/pythonpath.sh\n'}
[56.466521] (msgs) StdoutLine: {'line': b'-- Up-to-date: /home/ngt/ZENS-Final-AUVC/install/msgs/share/msgs/environment/pythonpath.dsv\n'}
[56.467748] (msgs) StdoutLine: {'line': b'-- Up-to-date: /home/ngt/ZENS-Final-AUVC/install/msgs/lib/python3.12/site-packages/msgs-0.0.0-py3.12.egg-info\n'}
[56.468543] (msgs) StdoutLine: {'line': b'-- Up-to-date: /home/ngt/ZENS-Final-AUVC/install/msgs/lib/python3.12/site-packages/msgs-0.0.0-py3.12.egg-info/SOURCES.txt\n'}
[56.476629] (msgs) StdoutLine: {'line': b'-- Up-to-date: /home/ngt/ZENS-Final-AUVC/install/msgs/lib/python3.12/site-packages/msgs-0.0.0-py3.12.egg-info/top_level.txt\n'}
[56.481138] (msgs) StdoutLine: {'line': b'-- Up-to-date: /home/ngt/ZENS-Final-AUVC/install/msgs/lib/python3.12/site-packages/msgs-0.0.0-py3.12.egg-info/dependency_links.txt\n'}
[56.481869] (msgs) StdoutLine: {'line': b'-- Up-to-date: /home/ngt/ZENS-Final-AUVC/install/msgs/lib/python3.12/site-packages/msgs-0.0.0-py3.12.egg-info/PKG-INFO\n'}
[56.482511] (msgs) StdoutLine: {'line': b'-- Up-to-date: /home/ngt/ZENS-Final-AUVC/install/msgs/lib/python3.12/site-packages/msgs\n'}
[56.483336] (msgs) StdoutLine: {'line': b'-- Up-to-date: /home/ngt/ZENS-Final-AUVC/install/msgs/lib/python3.12/site-packages/msgs/msgs_s__rosidl_typesupport_fastrtps_c.so\n'}
[56.488757] (-) TimerEvent: {}
[56.489777] (msgs) StdoutLine: {'line': b'-- Up-to-date: /home/ngt/ZENS-Final-AUVC/install/msgs/lib/python3.12/site-packages/msgs/msgs_s__rosidl_typesupport_c.so\n'}
[56.494049] (msgs) StdoutLine: {'line': b'-- Up-to-date: /home/ngt/ZENS-Final-AUVC/install/msgs/lib/python3.12/site-packages/msgs/msg\n'}
[56.495734] (msgs) StdoutLine: {'line': b'-- Up-to-date: /home/ngt/ZENS-Final-AUVC/install/msgs/lib/python3.12/site-packages/msgs/msg/_target_depth.py\n'}
[56.504097] (msgs) StdoutLine: {'line': b'-- Up-to-date: /home/ngt/ZENS-Final-AUVC/install/msgs/lib/python3.12/site-packages/msgs/msg/_target_depth_s.c\n'}
[56.504940] (msgs) StdoutLine: {'line': b'-- Up-to-date: /home/ngt/ZENS-Final-AUVC/install/msgs/lib/python3.12/site-packages/msgs/msg/__init__.py\n'}
[56.508675] (msgs) StdoutLine: {'line': b'-- Up-to-date: /home/ngt/ZENS-Final-AUVC/install/msgs/lib/python3.12/site-packages/msgs/_msgs_s.ep.rosidl_typesupport_introspection_c.c\n'}
[56.509516] (msgs) StdoutLine: {'line': b'-- Up-to-date: /home/ngt/ZENS-Final-AUVC/install/msgs/lib/python3.12/site-packages/msgs/_msgs_s.ep.rosidl_typesupport_fastrtps_c.c\n'}
[56.510838] (msgs) StdoutLine: {'line': b'-- Up-to-date: /home/ngt/ZENS-Final-AUVC/install/msgs/lib/python3.12/site-packages/msgs/msgs_s__rosidl_typesupport_introspection_c.so\n'}
[56.516237] (msgs) StdoutLine: {'line': b'-- Up-to-date: /home/ngt/ZENS-Final-AUVC/install/msgs/lib/python3.12/site-packages/msgs/_msgs_s.ep.rosidl_typesupport_c.c\n'}
[56.517163] (msgs) StdoutLine: {'line': b'-- Up-to-date: /home/ngt/ZENS-Final-AUVC/install/msgs/lib/python3.12/site-packages/msgs/__init__.py\n'}
[56.594890] (-) TimerEvent: {}
[56.699724] (-) TimerEvent: {}
[56.807050] (-) TimerEvent: {}
[56.912991] (-) TimerEvent: {}
[56.978176] (msgs) StdoutLine: {'line': b"Listing '/home/ngt/ZENS-Final-AUVC/install/msgs/lib/python3.12/site-packages/msgs'...\n"}
[56.979077] (msgs) StdoutLine: {'line': b"Listing '/home/ngt/ZENS-Final-AUVC/install/msgs/lib/python3.12/site-packages/msgs/msg'...\n"}
[57.015785] (-) TimerEvent: {}
[57.034779] (msgs) StdoutLine: {'line': b'-- Up-to-date: /home/ngt/ZENS-Final-AUVC/install/msgs/lib/python3.12/site-packages/msgs/msgs_s__rosidl_typesupport_fastrtps_c.so\n'}
[57.047142] (msgs) StdoutLine: {'line': b'-- Up-to-date: /home/ngt/ZENS-Final-AUVC/install/msgs/lib/python3.12/site-packages/msgs/msgs_s__rosidl_typesupport_introspection_c.so\n'}
[57.053099] (msgs) StdoutLine: {'line': b'-- Up-to-date: /home/ngt/ZENS-Final-AUVC/install/msgs/lib/python3.12/site-packages/msgs/msgs_s__rosidl_typesupport_c.so\n'}
[57.056787] (msgs) StdoutLine: {'line': b'-- Up-to-date: /home/ngt/ZENS-Final-AUVC/install/msgs/lib/libmsgs__rosidl_generator_py.so\n'}
[57.063771] (msgs) StdoutLine: {'line': b'-- Up-to-date: /home/ngt/ZENS-Final-AUVC/install/msgs/share/ament_index/resource_index/rust_packages/msgs\n'}
[57.065835] (msgs) StdoutLine: {'line': b'-- Up-to-date: /home/ngt/ZENS-Final-AUVC/install/msgs/share/msgs/rust\n'}
[57.067036] (msgs) StdoutLine: {'line': b'-- Up-to-date: /home/ngt/ZENS-Final-AUVC/install/msgs/share/msgs/rust/build.rs\n'}
[57.073801] (msgs) StdoutLine: {'line': b'-- Up-to-date: /home/ngt/ZENS-Final-AUVC/install/msgs/share/msgs/rust/Cargo.toml\n'}
[57.074686] (msgs) StdoutLine: {'line': b'-- Up-to-date: /home/ngt/ZENS-Final-AUVC/install/msgs/share/msgs/rust/src\n'}
[57.075412] (msgs) StdoutLine: {'line': b'-- Up-to-date: /home/ngt/ZENS-Final-AUVC/install/msgs/share/msgs/rust/src/lib.rs\n'}
[57.082229] (msgs) StdoutLine: {'line': b'-- Up-to-date: /home/ngt/ZENS-Final-AUVC/install/msgs/share/msgs/rust/src/msg.rs\n'}
[57.083073] (msgs) StdoutLine: {'line': b'-- Up-to-date: /home/ngt/ZENS-Final-AUVC/install/msgs/share/msgs/rust/src/msg\n'}
[57.088788] (msgs) StdoutLine: {'line': b'-- Up-to-date: /home/ngt/ZENS-Final-AUVC/install/msgs/share/msgs/rust/src/msg/rmw.rs\n'}
[57.089884] (msgs) StdoutLine: {'line': b'-- Up-to-date: /home/ngt/ZENS-Final-AUVC/install/msgs/share/msgs/msg/TargetDepth.idl\n'}
[57.094333] (msgs) StdoutLine: {'line': b'-- Up-to-date: /home/ngt/ZENS-Final-AUVC/install/msgs/share/msgs/msg/TargetDepth.msg\n'}
[57.096119] (msgs) StdoutLine: {'line': b'-- Up-to-date: /home/ngt/ZENS-Final-AUVC/install/msgs/share/ament_index/resource_index/package_run_dependencies/msgs\n'}
[57.097268] (msgs) StdoutLine: {'line': b'-- Up-to-date: /home/ngt/ZENS-Final-AUVC/install/msgs/share/ament_index/resource_index/parent_prefix_path/msgs\n'}
[57.102541] (msgs) StdoutLine: {'line': b'-- Up-to-date: /home/ngt/ZENS-Final-AUVC/install/msgs/share/msgs/environment/ament_prefix_path.sh\n'}
[57.103373] (msgs) StdoutLine: {'line': b'-- Up-to-date: /home/ngt/ZENS-Final-AUVC/install/msgs/share/msgs/environment/ament_prefix_path.dsv\n'}
[57.104113] (msgs) StdoutLine: {'line': b'-- Up-to-date: /home/ngt/ZENS-Final-AUVC/install/msgs/share/msgs/environment/path.sh\n'}
[57.106091] (msgs) StdoutLine: {'line': b'-- Up-to-date: /home/ngt/ZENS-Final-AUVC/install/msgs/share/msgs/environment/path.dsv\n'}
[57.106947] (msgs) StdoutLine: {'line': b'-- Up-to-date: /home/ngt/ZENS-Final-AUVC/install/msgs/share/msgs/local_setup.bash\n'}
[57.107846] (msgs) StdoutLine: {'line': b'-- Up-to-date: /home/ngt/ZENS-Final-AUVC/install/msgs/share/msgs/local_setup.sh\n'}
[57.108543] (msgs) StdoutLine: {'line': b'-- Up-to-date: /home/ngt/ZENS-Final-AUVC/install/msgs/share/msgs/local_setup.zsh\n'}
[57.109443] (msgs) StdoutLine: {'line': b'-- Up-to-date: /home/ngt/ZENS-Final-AUVC/install/msgs/share/msgs/local_setup.dsv\n'}
[57.110385] (msgs) StdoutLine: {'line': b'-- Installing: /home/ngt/ZENS-Final-AUVC/install/msgs/share/msgs/package.dsv\n'}
[57.114770] (msgs) StdoutLine: {'line': b'-- Up-to-date: /home/ngt/ZENS-Final-AUVC/install/msgs/share/ament_index/resource_index/packages/msgs\n'}
[57.115509] (msgs) StdoutLine: {'line': b'-- Up-to-date: /home/ngt/ZENS-Final-AUVC/install/msgs/share/msgs/cmake/export_msgs__rosidl_generator_cExport.cmake\n'}
[57.116083] (-) TimerEvent: {}
[57.119866] (msgs) StdoutLine: {'line': b'-- Up-to-date: /home/ngt/ZENS-Final-AUVC/install/msgs/share/msgs/cmake/export_msgs__rosidl_generator_cExport-noconfig.cmake\n'}
[57.120895] (msgs) StdoutLine: {'line': b'-- Up-to-date: /home/ngt/ZENS-Final-AUVC/install/msgs/share/msgs/cmake/export_msgs__rosidl_typesupport_fastrtps_cExport.cmake\n'}
[57.121649] (msgs) StdoutLine: {'line': b'-- Up-to-date: /home/ngt/ZENS-Final-AUVC/install/msgs/share/msgs/cmake/export_msgs__rosidl_typesupport_fastrtps_cExport-noconfig.cmake\n'}
[57.122470] (msgs) StdoutLine: {'line': b'-- Up-to-date: /home/ngt/ZENS-Final-AUVC/install/msgs/share/msgs/cmake/export_msgs__rosidl_generator_cppExport.cmake\n'}
[57.123385] (msgs) StdoutLine: {'line': b'-- Up-to-date: /home/ngt/ZENS-Final-AUVC/install/msgs/share/msgs/cmake/export_msgs__rosidl_typesupport_fastrtps_cppExport.cmake\n'}
[57.124357] (msgs) StdoutLine: {'line': b'-- Up-to-date: /home/ngt/ZENS-Final-AUVC/install/msgs/share/msgs/cmake/export_msgs__rosidl_typesupport_fastrtps_cppExport-noconfig.cmake\n'}
[57.125271] (msgs) StdoutLine: {'line': b'-- Up-to-date: /home/ngt/ZENS-Final-AUVC/install/msgs/share/msgs/cmake/msgs__rosidl_typesupport_introspection_cExport.cmake\n'}
[57.126024] (msgs) StdoutLine: {'line': b'-- Up-to-date: /home/ngt/ZENS-Final-AUVC/install/msgs/share/msgs/cmake/msgs__rosidl_typesupport_introspection_cExport-noconfig.cmake\n'}
[57.130824] (msgs) StdoutLine: {'line': b'-- Up-to-date: /home/ngt/ZENS-Final-AUVC/install/msgs/share/msgs/cmake/msgs__rosidl_typesupport_cExport.cmake\n'}
[57.133090] (msgs) StdoutLine: {'line': b'-- Up-to-date: /home/ngt/ZENS-Final-AUVC/install/msgs/share/msgs/cmake/msgs__rosidl_typesupport_cExport-noconfig.cmake\n'}
[57.134778] (msgs) StdoutLine: {'line': b'-- Up-to-date: /home/ngt/ZENS-Final-AUVC/install/msgs/share/msgs/cmake/msgs__rosidl_typesupport_introspection_cppExport.cmake\n'}
[57.135776] (msgs) StdoutLine: {'line': b'-- Up-to-date: /home/ngt/ZENS-Final-AUVC/install/msgs/share/msgs/cmake/msgs__rosidl_typesupport_introspection_cppExport-noconfig.cmake\n'}
[57.136661] (msgs) StdoutLine: {'line': b'-- Up-to-date: /home/ngt/ZENS-Final-AUVC/install/msgs/share/msgs/cmake/msgs__rosidl_typesupport_cppExport.cmake\n'}
[57.137515] (msgs) StdoutLine: {'line': b'-- Up-to-date: /home/ngt/ZENS-Final-AUVC/install/msgs/share/msgs/cmake/msgs__rosidl_typesupport_cppExport-noconfig.cmake\n'}
[57.138454] (msgs) StdoutLine: {'line': b'-- Up-to-date: /home/ngt/ZENS-Final-AUVC/install/msgs/share/msgs/cmake/export_msgs__rosidl_generator_pyExport.cmake\n'}
[57.140802] (msgs) StdoutLine: {'line': b'-- Up-to-date: /home/ngt/ZENS-Final-AUVC/install/msgs/share/msgs/cmake/export_msgs__rosidl_generator_pyExport-noconfig.cmake\n'}
[57.142649] (msgs) StdoutLine: {'line': b'-- Up-to-date: /home/ngt/ZENS-Final-AUVC/install/msgs/share/msgs/cmake/rosidl_cmake-extras.cmake\n'}
[57.143288] (msgs) StdoutLine: {'line': b'-- Up-to-date: /home/ngt/ZENS-Final-AUVC/install/msgs/share/msgs/cmake/ament_cmake_export_dependencies-extras.cmake\n'}
[57.146197] (msgs) StdoutLine: {'line': b'-- Up-to-date: /home/ngt/ZENS-Final-AUVC/install/msgs/share/msgs/cmake/ament_cmake_export_include_directories-extras.cmake\n'}
[57.147487] (msgs) StdoutLine: {'line': b'-- Up-to-date: /home/ngt/ZENS-Final-AUVC/install/msgs/share/msgs/cmake/ament_cmake_export_libraries-extras.cmake\n'}
[57.148356] (msgs) StdoutLine: {'line': b'-- Up-to-date: /home/ngt/ZENS-Final-AUVC/install/msgs/share/msgs/cmake/ament_cmake_export_targets-extras.cmake\n'}
[57.149291] (msgs) StdoutLine: {'line': b'-- Up-to-date: /home/ngt/ZENS-Final-AUVC/install/msgs/share/msgs/cmake/rosidl_cmake_export_typesupport_targets-extras.cmake\n'}
[57.150462] (msgs) StdoutLine: {'line': b'-- Up-to-date: /home/ngt/ZENS-Final-AUVC/install/msgs/share/msgs/cmake/rosidl_cmake_export_typesupport_libraries-extras.cmake\n'}
[57.151330] (msgs) StdoutLine: {'line': b'-- Up-to-date: /home/ngt/ZENS-Final-AUVC/install/msgs/share/msgs/cmake/rosidl_cmake_aggregate_target-extras.cmake\n'}
[57.157201] (msgs) StdoutLine: {'line': b'-- Up-to-date: /home/ngt/ZENS-Final-AUVC/install/msgs/share/msgs/cmake/msgsConfig.cmake\n'}
[57.159303] (msgs) StdoutLine: {'line': b'-- Up-to-date: /home/ngt/ZENS-Final-AUVC/install/msgs/share/msgs/cmake/msgsConfig-version.cmake\n'}
[57.161854] (msgs) StdoutLine: {'line': b'-- Up-to-date: /home/ngt/ZENS-Final-AUVC/install/msgs/share/msgs/package.xml\n'}
[57.167362] (msgs) CommandEnded: {'returncode': 0}
[57.237088] (-) TimerEvent: {}
[57.339777] (-) TimerEvent: {}
[57.393954] (msgs) JobEnded: {'identifier': 'msgs', 'rc': 0}
[57.406041] (-) EventReactorShutdown: {}
