[0.000000] (-) TimerEvent: {}
[0.001172] (bringup) JobQueued: {'identifier': 'bringup', 'dependencies': OrderedDict()}
[0.004551] (control) JobQueued: {'identifier': 'control', 'dependencies': OrderedDict()}
[0.005230] (cv) JobQueued: {'identifier': 'cv', 'dependencies': OrderedDict()}
[0.007980] (flashing) JobQueued: {'identifier': 'flashing', 'dependencies': OrderedDict()}
[0.008311] (gazebo_bluerov2) JobQueued: {'identifier': 'gazebo_bluerov2', 'dependencies': OrderedDict()}
[0.008479] (hardware) JobQueued: {'identifier': 'hardware', 'dependencies': OrderedDict()}
[0.008696] (msgs) JobQueued: {'identifier': 'msgs', 'dependencies': OrderedDict()}
[0.008938] (bringup) JobStarted: {'identifier': 'bringup'}
[0.096931] (-) TimerEvent: {}
[0.124626] (control) JobStarted: {'identifier': 'control'}
[0.199903] (-) TimerEvent: {}
[0.278122] (cv) JobStarted: {'identifier': 'cv'}
[0.303363] (-) TimerEvent: {}
[0.330631] (flashing) JobStarted: {'identifier': 'flashing'}
[0.403632] (-) TimerEvent: {}
[0.504665] (-) TimerEvent: {}
[0.607890] (-) TimerEvent: {}
[0.708626] (-) TimerEvent: {}
[0.809569] (-) TimerEvent: {}
[0.912936] (-) TimerEvent: {}
[1.014013] (-) TimerEvent: {}
[1.114810] (-) TimerEvent: {}
[1.220886] (-) TimerEvent: {}
[1.323931] (-) TimerEvent: {}
[1.424658] (-) TimerEvent: {}
[1.528963] (-) TimerEvent: {}
[1.630122] (-) TimerEvent: {}
[1.733881] (-) TimerEvent: {}
[1.834602] (-) TimerEvent: {}
[1.935634] (-) TimerEvent: {}
[2.040322] (-) TimerEvent: {}
[2.142221] (-) TimerEvent: {}
[2.244472] (-) TimerEvent: {}
[2.351921] (-) TimerEvent: {}
[2.458864] (-) TimerEvent: {}
[2.562873] (-) TimerEvent: {}
[2.664613] (-) TimerEvent: {}
[2.765966] (-) TimerEvent: {}
[2.870149] (-) TimerEvent: {}
[2.973048] (-) TimerEvent: {}
[3.073889] (-) TimerEvent: {}
[3.177084] (-) TimerEvent: {}
[3.277889] (-) TimerEvent: {}
[3.378693] (-) TimerEvent: {}
[3.482253] (-) TimerEvent: {}
[3.583183] (-) TimerEvent: {}
[3.684091] (-) TimerEvent: {}
[3.788220] (-) TimerEvent: {}
[3.889233] (-) TimerEvent: {}
[3.990668] (-) TimerEvent: {}
[4.097663] (-) TimerEvent: {}
[4.201983] (-) TimerEvent: {}
[4.305946] (-) TimerEvent: {}
[4.409133] (-) TimerEvent: {}
[4.524246] (-) TimerEvent: {}
[4.625650] (-) TimerEvent: {}
[4.726663] (-) TimerEvent: {}
[4.827562] (-) TimerEvent: {}
[4.929881] (-) TimerEvent: {}
[5.032916] (-) TimerEvent: {}
[5.133790] (-) TimerEvent: {}
[5.235522] (-) TimerEvent: {}
[5.338877] (-) TimerEvent: {}
[5.439684] (-) TimerEvent: {}
[5.542052] (-) TimerEvent: {}
[5.642867] (-) TimerEvent: {}
[5.746011] (-) TimerEvent: {}
[5.847041] (-) TimerEvent: {}
[5.949891] (-) TimerEvent: {}
[6.050647] (-) TimerEvent: {}
[6.152931] (-) TimerEvent: {}
[6.255080] (-) TimerEvent: {}
[6.358333] (-) TimerEvent: {}
[6.460899] (-) TimerEvent: {}
[6.561785] (-) TimerEvent: {}
[6.668437] (-) TimerEvent: {}
[6.769340] (-) TimerEvent: {}
[6.872898] (-) TimerEvent: {}
[6.973813] (-) TimerEvent: {}
[7.076129] (-) TimerEvent: {}
[7.180865] (-) TimerEvent: {}
[7.281984] (-) TimerEvent: {}
[7.382802] (-) TimerEvent: {}
[7.488003] (-) TimerEvent: {}
[7.588911] (-) TimerEvent: {}
[7.694888] (-) TimerEvent: {}
[7.798966] (-) TimerEvent: {}
[7.902912] (-) TimerEvent: {}
[8.003852] (-) TimerEvent: {}
[8.106874] (-) TimerEvent: {}
[8.207686] (-) TimerEvent: {}
[8.309910] (-) TimerEvent: {}
[8.413171] (-) TimerEvent: {}
[8.516934] (-) TimerEvent: {}
[8.617858] (-) TimerEvent: {}
[8.721899] (-) TimerEvent: {}
[8.824260] (-) TimerEvent: {}
[8.929441] (-) TimerEvent: {}
[9.033333] (-) TimerEvent: {}
[9.158409] (-) TimerEvent: {}
[9.269334] (-) TimerEvent: {}
[9.382877] (-) TimerEvent: {}
[9.486515] (-) TimerEvent: {}
[9.589849] (-) TimerEvent: {}
[9.695894] (-) TimerEvent: {}
[9.796810] (-) TimerEvent: {}
[9.900918] (-) TimerEvent: {}
[10.005008] (-) TimerEvent: {}
[10.111933] (-) TimerEvent: {}
[10.213086] (-) TimerEvent: {}
[10.314015] (-) TimerEvent: {}
[10.417424] (-) TimerEvent: {}
[10.522273] (-) TimerEvent: {}
[10.623946] (-) TimerEvent: {}
[10.730890] (-) TimerEvent: {}
[10.833861] (-) TimerEvent: {}
[10.934793] (-) TimerEvent: {}
[11.042869] (-) TimerEvent: {}
[11.147337] (-) TimerEvent: {}
[11.254691] (-) TimerEvent: {}
[11.360850] (-) TimerEvent: {}
[11.465768] (-) TimerEvent: {}
[11.566666] (-) TimerEvent: {}
[11.672111] (-) TimerEvent: {}
[11.778254] (-) TimerEvent: {}
[11.879982] (-) TimerEvent: {}
[11.983887] (-) TimerEvent: {}
[12.089496] (-) TimerEvent: {}
[12.193100] (-) TimerEvent: {}
[12.299763] (-) TimerEvent: {}
[12.403870] (-) TimerEvent: {}
[12.507305] (-) TimerEvent: {}
[12.609611] (-) TimerEvent: {}
[12.714223] (-) TimerEvent: {}
[12.816922] (-) TimerEvent: {}
[12.918072] (-) TimerEvent: {}
[13.024866] (-) TimerEvent: {}
[13.127942] (-) TimerEvent: {}
[13.229704] (-) TimerEvent: {}
[13.333212] (-) TimerEvent: {}
[13.439539] (-) TimerEvent: {}
[13.543951] (-) TimerEvent: {}
[13.647412] (-) TimerEvent: {}
[13.754074] (-) TimerEvent: {}
[13.861150] (-) TimerEvent: {}
[13.964866] (-) TimerEvent: {}
[14.068105] (-) TimerEvent: {}
[14.169150] (-) TimerEvent: {}
[14.273224] (-) TimerEvent: {}
[14.377098] (-) TimerEvent: {}
[14.480303] (-) TimerEvent: {}
[14.582877] (-) TimerEvent: {}
[14.600045] (control) Command: {'cmd': ['/home/ngt/.virtualenvs/ardusub/bin/python', '-W', 'ignore:setup.py install is deprecated', '-W', 'ignore:easy_install command is deprecated', 'setup.py', 'egg_info', '--egg-base', '../../../build/control', 'build', '--build-base', '/home/ngt/ZENS-Final-AUVC/build/control/build', 'install', '--record', '/home/ngt/ZENS-Final-AUVC/build/control/install.log', '--install-scripts', '$base/lib/control', '--single-version-externally-managed', 'install_data'], 'cwd': '/home/ngt/ZENS-Final-AUVC/ros_ws/src/control', 'env': {'PYTHON_BASIC_REPL': '1', 'VIRTUALENVWRAPPER_WORKON_CD': '1', 'USER': 'ngt', 'SSH_CLIENT': '192.168.3.1 59167 22', 'WORKON_HOME': '/home/ngt/.virtualenvs', 'GZ_SIM_RESOURCE_PATH': '/opt/ros/jazzy/share', 'GZ_CONFIG_PATH': '/opt/ros/jazzy/opt/gz_sim_vendor/share/gz:/opt/ros/jazzy/opt/sdformat_vendor/share/gz:/opt/ros/jazzy/opt/gz_gui_vendor/share/gz:/opt/ros/jazzy/opt/gz_transport_vendor/share/gz:/opt/ros/jazzy/opt/gz_rendering_vendor/share/gz:/opt/ros/jazzy/opt/gz_plugin_vendor/share/gz:/opt/ros/jazzy/opt/gz_fuel_tools_vendor/share/gz:/opt/ros/jazzy/opt/gz_msgs_vendor/share/gz:/opt/ros/jazzy/opt/gz_common_vendor/share/gz', 'XDG_SESSION_TYPE': 'tty', 'GIT_ASKPASS': '/home/ngt/.vscode-server/cli/servers/Stable-1b6a188127eeaf9194f945eb6eb89a657e93c54c/server/extensions/git/dist/askpass.sh', 'SHLVL': '1', 'BROWSER': '/home/ngt/.vscode-server/cli/servers/Stable-1b6a188127eeaf9194f945eb6eb89a657e93c54c/server/bin/helpers/browser.sh', 'LD_LIBRARY_PATH': '/home/ngt/ZENS-Final-AUVC/install/msgs/lib:/home/ngt/ZENS-Final-AUVC/install/gazebo_bluerov2/lib:/home/ngt/auvc_ws/install/example_custom_srv/lib:/home/ngt/pid_ws/install/target_depth_msgs/lib:/opt/ros/jazzy/opt/gz_sim_vendor/lib:/opt/ros/jazzy/opt/gz_sensors_vendor/lib:/opt/ros/jazzy/opt/gz_physics_vendor/lib:/opt/ros/jazzy/opt/sdformat_vendor/lib:/opt/ros/jazzy/opt/rviz_ogre_vendor/lib:/opt/ros/jazzy/lib/aarch64-linux-gnu:/opt/ros/jazzy/opt/gz_gui_vendor/lib:/opt/ros/jazzy/opt/gz_transport_vendor/lib:/opt/ros/jazzy/opt/gz_rendering_vendor/lib:/opt/ros/jazzy/opt/gz_plugin_vendor/lib:/opt/ros/jazzy/opt/gz_fuel_tools_vendor/lib:/opt/ros/jazzy/opt/gz_msgs_vendor/lib:/opt/ros/jazzy/opt/gz_common_vendor/lib:/opt/ros/jazzy/opt/gz_math_vendor/lib:/opt/ros/jazzy/opt/gz_utils_vendor/lib:/opt/ros/jazzy/opt/gz_tools_vendor/lib:/opt/ros/jazzy/opt/gz_ogre_next_vendor/lib:/opt/ros/jazzy/opt/gz_dartsim_vendor/lib:/opt/ros/jazzy/opt/gz_cmake_vendor/lib:/opt/ros/jazzy/lib', 'GZ_TRANSPORT_ID': '192.168.3.1', 'HOME': '/home/ngt', 'OLDPWD': '/home/ngt', 'LESS': '-R', 'VIRTUALENVWRAPPER_PYTHON': '/usr/bin/python3', 'TERM_PROGRAM_VERSION': '1.130.0', 'VSCODE_IPC_HOOK_CLI': '/run/user/1004/vscode-ipc-ae3df1e9-d8a2-4837-9e51-55dec6bd592e.sock', 'ZSH': '/home/ngt/.oh-my-zsh', 'LSCOLORS': 'Gxfxcxdxbxegedabagacad', 'GZ_TRANSPORT_PUB_PORT': '11345', 'VSCODE_GIT_ASKPASS_MAIN': '/home/ngt/.vscode-server/cli/servers/Stable-1b6a188127eeaf9194f945eb6eb89a657e93c54c/server/extensions/git/dist/askpass-main.js', 'PAGER': 'less', 'ROS_PYTHON_VERSION': '3', 'PS1': '(ardusub) %(?:%{\x1b[01;32m%}%1{➜%} :%{\x1b[01;31m%}%1{➜%} ) %{\x1b[36m%}%c%{\x1b[00m%} $(git_prompt_info)', 'VSCODE_GIT_ASKPASS_NODE': '/home/ngt/.vscode-server/cli/servers/Stable-1b6a188127eeaf9194f945eb6eb89a657e93c54c/server/node', 'DBUS_SESSION_BUS_ADDRESS': 'unix:path=/run/user/1004/bus', 'PYDEVD_DISABLE_FILE_VALIDATION': '1', 'BUNDLED_DEBUGPY_PATH': '/home/ngt/.vscode-server/extensions/ms-python.debugpy-2026.6.0-linux-arm64/bundled/libs/debugpy', 'GZ_TRANSPORT_SUB_PORT': '11346', 'VSCODE_PYTHON_AUTOACTIVATE_GUARD': '1', 'COLORTERM': 'truecolor', 'ROS_DISTRO': 'jazzy', 'COLCON_PREFIX_PATH': '/home/ngt/ZENS-Final-AUVC/install:/home/ngt/cv_ws/install:/home/ngt/pid_ws/install:/home/ngt/auvc_ws/install:/home/ngt/auv_dancing/install', 'LOGNAME': 'ngt', '_': '/home/ngt/.virtualenvs/ardusub/bin/colcon', 'XDG_SESSION_CLASS': 'user', 'USER_ZDOTDIR': '/home/ngt', 'ROS_VERSION': '2', 'XDG_SESSION_ID': '2', 'TERM': 'xterm-256color', 'PATH': '/home/ngt/.virtualenvs/ardusub/bin:/home/ngt/.opencode/bin:/opt/ros/jazzy/opt/gz_msgs_vendor/bin:/opt/ros/jazzy/opt/gz_tools_vendor/bin:/opt/ros/jazzy/opt/gz_ogre_next_vendor/bin:/opt/ros/jazzy/bin:/usr/lib/ccache:/home/ngt/.vscode-server/data/User/globalStorage/github.copilot-chat/debugCommand:/home/ngt/.vscode-server/data/User/globalStorage/github.copilot-chat/copilotCli:/home/ngt/.vscode-server/cli/servers/Stable-1b6a188127eeaf9194f945eb6eb89a657e93c54c/server/bin/remote-cli:/usr/local/sbin:/usr/local/bin:/usr/sbin:/usr/bin:/sbin:/bin:/usr/games:/usr/local/games:/snap/bin:/home/ngt/.vscode-server/extensions/ms-python.debugpy-2026.6.0-linux-arm64/bundled/scripts/noConfigScripts:/home/ngt/.local/bin:/home/ngt/ardupilot/Tools/autotest', 'XDG_RUNTIME_DIR': '/run/user/1004', 'GZ_PARTITION': 'my_sim', 'LANG': 'en_US.UTF-8', 'VSCODE_DEBUGPY_ADAPTER_ENDPOINTS': '/home/ngt/.vscode-server/extensions/ms-python.debugpy-2026.6.0-linux-arm64/.noConfigDebugAdapterEndpoints/endpoint-cac51e27cd8c6882.txt', 'PYTHONSTARTUP': '/home/ngt/.vscode-server/data/User/workspaceStorage/e30aafa2edaaf296b4a11477f6a9b588/ms-python.python/pythonrc.py', 'VSCODE_INJECTION': '1', 'VIRTUAL_ENV_PROMPT': 'ardusub', 'TERM_PROGRAM': 'vscode', 'VSCODE_GIT_IPC_HANDLE': '/run/user/1004/vscode-git-191b257475.sock', 'LS_COLORS': 'rs=0:di=01;34:ln=01;36:mh=00:pi=40;33:so=01;35:do=01;35:bd=40;33;01:cd=40;33;01:or=40;31;01:mi=00:su=37;41:sg=30;43:ca=00:tw=30;42:ow=34;42:st=37;44:ex=01;32:*.tar=01;31:*.tgz=01;31:*.arc=01;31:*.arj=01;31:*.taz=01;31:*.lha=01;31:*.lz4=01;31:*.lzh=01;31:*.lzma=01;31:*.tlz=01;31:*.txz=01;31:*.tzo=01;31:*.t7z=01;31:*.zip=01;31:*.z=01;31:*.dz=01;31:*.gz=01;31:*.lrz=01;31:*.lz=01;31:*.lzo=01;31:*.xz=01;31:*.zst=01;31:*.tzst=01;31:*.bz2=01;31:*.bz=01;31:*.tbz=01;31:*.tbz2=01;31:*.tz=01;31:*.deb=01;31:*.rpm=01;31:*.jar=01;31:*.war=01;31:*.ear=01;31:*.sar=01;31:*.rar=01;31:*.alz=01;31:*.ace=01;31:*.zoo=01;31:*.cpio=01;31:*.7z=01;31:*.rz=01;31:*.cab=01;31:*.wim=01;31:*.swm=01;31:*.dwm=01;31:*.esd=01;31:*.avif=01;35:*.jpg=01;35:*.jpeg=01;35:*.mjpg=01;35:*.mjpeg=01;35:*.gif=01;35:*.bmp=01;35:*.pbm=01;35:*.pgm=01;35:*.ppm=01;35:*.tga=01;35:*.xbm=01;35:*.xpm=01;35:*.tif=01;35:*.tiff=01;35:*.png=01;35:*.svg=01;35:*.svgz=01;35:*.mng=01;35:*.pcx=01;35:*.mov=01;35:*.mpg=01;35:*.mpeg=01;35:*.m2v=01;35:*.mkv=01;35:*.webm=01;35:*.webp=01;35:*.ogm=01;35:*.mp4=01;35:*.m4v=01;35:*.mp4v=01;35:*.vob=01;35:*.qt=01;35:*.nuv=01;35:*.wmv=01;35:*.asf=01;35:*.rm=01;35:*.rmvb=01;35:*.flc=01;35:*.avi=01;35:*.fli=01;35:*.flv=01;35:*.gl=01;35:*.dl=01;35:*.xcf=01;35:*.xwd=01;35:*.yuv=01;35:*.cgm=01;35:*.emf=01;35:*.ogv=01;35:*.ogx=01;35:*.aac=00;36:*.au=00;36:*.flac=00;36:*.m4a=00;36:*.mid=00;36:*.midi=00;36:*.mka=00;36:*.mp3=00;36:*.mpc=00;36:*.ogg=00;36:*.ra=00;36:*.wav=00;36:*.oga=00;36:*.opus=00;36:*.spx=00;36:*.xspf=00;36:*~=00;90:*#=00;90:*.bak=00;90:*.crdownload=00;90:*.dpkg-dist=00;90:*.dpkg-new=00;90:*.dpkg-old=00;90:*.dpkg-tmp=00;90:*.old=00;90:*.orig=00;90:*.part=00;90:*.rej=00;90:*.rpmnew=00;90:*.rpmorig=00;90:*.rpmsave=00;90:*.swp=00;90:*.tmp=00;90:*.ucf-dist=00;90:*.ucf-new=00;90:*.ucf-old=00;90:', 'AMENT_PREFIX_PATH': '/home/ngt/ZENS-Final-AUVC/install/msgs:/home/ngt/ZENS-Final-AUVC/install/hardware:/home/ngt/ZENS-Final-AUVC/install/gazebo_bluerov2:/home/ngt/ZENS-Final-AUVC/install/flashing:/home/ngt/ZENS-Final-AUVC/install/cv:/home/ngt/ZENS-Final-AUVC/install/control:/home/ngt/ZENS-Final-AUVC/install/bringup:/home/ngt/auvc_ws/install/tutorial_virtualenvs:/home/ngt/auvc_ws/install/tutorial_pid:/home/ngt/auvc_ws/install/tutorial_ardusub:/home/ngt/auvc_ws/install/tutorial:/home/ngt/auvc_ws/install/rosmav:/home/ngt/auvc_ws/install/example_custom_srv:/home/ngt/cv_ws/install/cv:/home/ngt/pid_ws/install/target_depth_msgs:/home/ngt/pid_ws/install/pid:/home/ngt/auv_dancing/install/tutorial:/opt/ros/jazzy', 'SHELL': '/usr/bin/zsh', 'VIRTUALENVWRAPPER_PROJECT_FILENAME': '.project', 'VIRTUALENVWRAPPER_HOOK_DIR': '/home/ngt/.virtualenvs', 'VSCODE_GIT_ASKPASS_EXTRA_ARGS': '', 'VIRTUALENVWRAPPER_SCRIPT': '/usr/share/virtualenvwrapper/virtualenvwrapper.sh', 'ROS_AUTOMATIC_DISCOVERY_RANGE': 'SUBNET', 'VIRTUAL_ENV': '/home/ngt/.virtualenvs/ardusub', 'LC_ALL': 'en_US.UTF-8', 'PWD': '/home/ngt/ZENS-Final-AUVC/build/control', 'SSH_CONNECTION': '192.168.3.1 59167 192.168.3.2 22', 'COPILOT_DEBUG_NONCE': 'd6eed4c06bd82aa6cee185ab30fdc4f4', 'ZDOTDIR': '/home/ngt', 'PYTHONPATH': '/home/ngt/ZENS-Final-AUVC/build/control/prefix_override:/home/ngt/.virtualenvs/ardusub/lib/python3.12/site-packages/colcon_core/task/python/colcon_distutils_commands:/home/ngt/ZENS-Final-AUVC/install/control/lib/python3.12/site-packages:/home/ngt/ZENS-Final-AUVC/install/msgs/lib/python3.12/site-packages:/home/ngt/ZENS-Final-AUVC/install/hardware/lib/python3.12/site-packages:/home/ngt/ZENS-Final-AUVC/install/flashing/lib/python3.12/site-packages:/home/ngt/ZENS-Final-AUVC/install/cv/lib/python3.12/site-packages:/home/ngt/ZENS-Final-AUVC/install/control/lib/python3.12/site-packages:/home/ngt/ZENS-Final-AUVC/install/bringup/lib/python3.12/site-packages:/home/ngt/auvc_ws/install/tutorial_virtualenvs/lib/python3.12/site-packages:/home/ngt/auvc_ws/install/tutorial_pid/lib/python3.12/site-packages:/home/ngt/auvc_ws/install/tutorial_ardusub/lib/python3.12/site-packages:/home/ngt/auvc_ws/install/tutorial/lib/python3.12/site-packages:/home/ngt/auvc_ws/install/rosmav/lib/python3.12/site-packages:/home/ngt/auvc_ws/install/example_custom_srv/lib/python3.12/site-packages:/home/ngt/cv_ws/install/cv/lib/python3.12/site-packages:/home/ngt/pid_ws/install/target_depth_msgs/lib/python3.12/site-packages:/home/ngt/pid_ws/install/pid/lib/python3.12/site-packages:/home/ngt/auv_dancing/install/tutorial/lib/python3.12/site-packages:/opt/ros/jazzy/lib/python3.12/site-packages', 'COLCON': '1', 'CMAKE_PREFIX_PATH': '/home/ngt/ZENS-Final-AUVC/install/msgs:/home/ngt/ZENS-Final-AUVC/install/gazebo_bluerov2:/home/ngt/auvc_ws/install/example_custom_srv:/home/ngt/pid_ws/install/target_depth_msgs:/opt/ros/jazzy/opt/gz_sim_vendor:/opt/ros/jazzy/opt/gz_sensors_vendor:/opt/ros/jazzy/opt/gz_physics_vendor:/opt/ros/jazzy/opt/sdformat_vendor:/opt/ros/jazzy/opt/gz_gui_vendor:/opt/ros/jazzy/opt/gz_transport_vendor:/opt/ros/jazzy/opt/gz_rendering_vendor:/opt/ros/jazzy/opt/gz_plugin_vendor:/opt/ros/jazzy/opt/gz_fuel_tools_vendor:/opt/ros/jazzy/opt/gz_msgs_vendor:/opt/ros/jazzy/opt/gz_common_vendor:/opt/ros/jazzy/opt/gz_math_vendor:/opt/ros/jazzy/opt/gz_utils_vendor:/opt/ros/jazzy/opt/gz_tools_vendor:/opt/ros/jazzy/opt/gz_ogre_next_vendor:/opt/ros/jazzy/opt/gz_dartsim_vendor:/opt/ros/jazzy/opt/gz_cmake_vendor'}, 'shell': False}
[14.688898] (-) TimerEvent: {}
[14.796888] (-) TimerEvent: {}
[14.897796] (-) TimerEvent: {}
[14.998828] (-) TimerEvent: {}
[15.102923] (-) TimerEvent: {}
[15.207980] (-) TimerEvent: {}
[15.282109] (bringup) Command: {'cmd': ['/home/ngt/.virtualenvs/ardusub/bin/python', '-W', 'ignore:setup.py install is deprecated', '-W', 'ignore:easy_install command is deprecated', 'setup.py', 'egg_info', '--egg-base', '../../../build/bringup', 'build', '--build-base', '/home/ngt/ZENS-Final-AUVC/build/bringup/build', 'install', '--record', '/home/ngt/ZENS-Final-AUVC/build/bringup/install.log', '--install-scripts', '$base/lib/bringup', '--single-version-externally-managed', 'install_data'], 'cwd': '/home/ngt/ZENS-Final-AUVC/ros_ws/src/bringup', 'env': {'PYTHON_BASIC_REPL': '1', 'VIRTUALENVWRAPPER_WORKON_CD': '1', 'USER': 'ngt', 'SSH_CLIENT': '192.168.3.1 59167 22', 'WORKON_HOME': '/home/ngt/.virtualenvs', 'GZ_SIM_RESOURCE_PATH': '/opt/ros/jazzy/share', 'GZ_CONFIG_PATH': '/opt/ros/jazzy/opt/gz_sim_vendor/share/gz:/opt/ros/jazzy/opt/sdformat_vendor/share/gz:/opt/ros/jazzy/opt/gz_gui_vendor/share/gz:/opt/ros/jazzy/opt/gz_transport_vendor/share/gz:/opt/ros/jazzy/opt/gz_rendering_vendor/share/gz:/opt/ros/jazzy/opt/gz_plugin_vendor/share/gz:/opt/ros/jazzy/opt/gz_fuel_tools_vendor/share/gz:/opt/ros/jazzy/opt/gz_msgs_vendor/share/gz:/opt/ros/jazzy/opt/gz_common_vendor/share/gz', 'XDG_SESSION_TYPE': 'tty', 'GIT_ASKPASS': '/home/ngt/.vscode-server/cli/servers/Stable-1b6a188127eeaf9194f945eb6eb89a657e93c54c/server/extensions/git/dist/askpass.sh', 'SHLVL': '1', 'BROWSER': '/home/ngt/.vscode-server/cli/servers/Stable-1b6a188127eeaf9194f945eb6eb89a657e93c54c/server/bin/helpers/browser.sh', 'LD_LIBRARY_PATH': '/home/ngt/ZENS-Final-AUVC/install/msgs/lib:/home/ngt/ZENS-Final-AUVC/install/gazebo_bluerov2/lib:/home/ngt/auvc_ws/install/example_custom_srv/lib:/home/ngt/pid_ws/install/target_depth_msgs/lib:/opt/ros/jazzy/opt/gz_sim_vendor/lib:/opt/ros/jazzy/opt/gz_sensors_vendor/lib:/opt/ros/jazzy/opt/gz_physics_vendor/lib:/opt/ros/jazzy/opt/sdformat_vendor/lib:/opt/ros/jazzy/opt/rviz_ogre_vendor/lib:/opt/ros/jazzy/lib/aarch64-linux-gnu:/opt/ros/jazzy/opt/gz_gui_vendor/lib:/opt/ros/jazzy/opt/gz_transport_vendor/lib:/opt/ros/jazzy/opt/gz_rendering_vendor/lib:/opt/ros/jazzy/opt/gz_plugin_vendor/lib:/opt/ros/jazzy/opt/gz_fuel_tools_vendor/lib:/opt/ros/jazzy/opt/gz_msgs_vendor/lib:/opt/ros/jazzy/opt/gz_common_vendor/lib:/opt/ros/jazzy/opt/gz_math_vendor/lib:/opt/ros/jazzy/opt/gz_utils_vendor/lib:/opt/ros/jazzy/opt/gz_tools_vendor/lib:/opt/ros/jazzy/opt/gz_ogre_next_vendor/lib:/opt/ros/jazzy/opt/gz_dartsim_vendor/lib:/opt/ros/jazzy/opt/gz_cmake_vendor/lib:/opt/ros/jazzy/lib', 'GZ_TRANSPORT_ID': '192.168.3.1', 'HOME': '/home/ngt', 'OLDPWD': '/home/ngt', 'LESS': '-R', 'VIRTUALENVWRAPPER_PYTHON': '/usr/bin/python3', 'TERM_PROGRAM_VERSION': '1.130.0', 'VSCODE_IPC_HOOK_CLI': '/run/user/1004/vscode-ipc-ae3df1e9-d8a2-4837-9e51-55dec6bd592e.sock', 'ZSH': '/home/ngt/.oh-my-zsh', 'LSCOLORS': 'Gxfxcxdxbxegedabagacad', 'GZ_TRANSPORT_PUB_PORT': '11345', 'VSCODE_GIT_ASKPASS_MAIN': '/home/ngt/.vscode-server/cli/servers/Stable-1b6a188127eeaf9194f945eb6eb89a657e93c54c/server/extensions/git/dist/askpass-main.js', 'PAGER': 'less', 'ROS_PYTHON_VERSION': '3', 'PS1': '(ardusub) %(?:%{\x1b[01;32m%}%1{➜%} :%{\x1b[01;31m%}%1{➜%} ) %{\x1b[36m%}%c%{\x1b[00m%} $(git_prompt_info)', 'VSCODE_GIT_ASKPASS_NODE': '/home/ngt/.vscode-server/cli/servers/Stable-1b6a188127eeaf9194f945eb6eb89a657e93c54c/server/node', 'DBUS_SESSION_BUS_ADDRESS': 'unix:path=/run/user/1004/bus', 'PYDEVD_DISABLE_FILE_VALIDATION': '1', 'BUNDLED_DEBUGPY_PATH': '/home/ngt/.vscode-server/extensions/ms-python.debugpy-2026.6.0-linux-arm64/bundled/libs/debugpy', 'GZ_TRANSPORT_SUB_PORT': '11346', 'VSCODE_PYTHON_AUTOACTIVATE_GUARD': '1', 'COLORTERM': 'truecolor', 'ROS_DISTRO': 'jazzy', 'COLCON_PREFIX_PATH': '/home/ngt/ZENS-Final-AUVC/install:/home/ngt/cv_ws/install:/home/ngt/pid_ws/install:/home/ngt/auvc_ws/install:/home/ngt/auv_dancing/install', 'LOGNAME': 'ngt', '_': '/home/ngt/.virtualenvs/ardusub/bin/colcon', 'XDG_SESSION_CLASS': 'user', 'USER_ZDOTDIR': '/home/ngt', 'ROS_VERSION': '2', 'XDG_SESSION_ID': '2', 'TERM': 'xterm-256color', 'PATH': '/home/ngt/.virtualenvs/ardusub/bin:/home/ngt/.opencode/bin:/opt/ros/jazzy/opt/gz_msgs_vendor/bin:/opt/ros/jazzy/opt/gz_tools_vendor/bin:/opt/ros/jazzy/opt/gz_ogre_next_vendor/bin:/opt/ros/jazzy/bin:/usr/lib/ccache:/home/ngt/.vscode-server/data/User/globalStorage/github.copilot-chat/debugCommand:/home/ngt/.vscode-server/data/User/globalStorage/github.copilot-chat/copilotCli:/home/ngt/.vscode-server/cli/servers/Stable-1b6a188127eeaf9194f945eb6eb89a657e93c54c/server/bin/remote-cli:/usr/local/sbin:/usr/local/bin:/usr/sbin:/usr/bin:/sbin:/bin:/usr/games:/usr/local/games:/snap/bin:/home/ngt/.vscode-server/extensions/ms-python.debugpy-2026.6.0-linux-arm64/bundled/scripts/noConfigScripts:/home/ngt/.local/bin:/home/ngt/ardupilot/Tools/autotest', 'XDG_RUNTIME_DIR': '/run/user/1004', 'GZ_PARTITION': 'my_sim', 'LANG': 'en_US.UTF-8', 'VSCODE_DEBUGPY_ADAPTER_ENDPOINTS': '/home/ngt/.vscode-server/extensions/ms-python.debugpy-2026.6.0-linux-arm64/.noConfigDebugAdapterEndpoints/endpoint-cac51e27cd8c6882.txt', 'PYTHONSTARTUP': '/home/ngt/.vscode-server/data/User/workspaceStorage/e30aafa2edaaf296b4a11477f6a9b588/ms-python.python/pythonrc.py', 'VSCODE_INJECTION': '1', 'VIRTUAL_ENV_PROMPT': 'ardusub', 'TERM_PROGRAM': 'vscode', 'VSCODE_GIT_IPC_HANDLE': '/run/user/1004/vscode-git-191b257475.sock', 'LS_COLORS': 'rs=0:di=01;34:ln=01;36:mh=00:pi=40;33:so=01;35:do=01;35:bd=40;33;01:cd=40;33;01:or=40;31;01:mi=00:su=37;41:sg=30;43:ca=00:tw=30;42:ow=34;42:st=37;44:ex=01;32:*.tar=01;31:*.tgz=01;31:*.arc=01;31:*.arj=01;31:*.taz=01;31:*.lha=01;31:*.lz4=01;31:*.lzh=01;31:*.lzma=01;31:*.tlz=01;31:*.txz=01;31:*.tzo=01;31:*.t7z=01;31:*.zip=01;31:*.z=01;31:*.dz=01;31:*.gz=01;31:*.lrz=01;31:*.lz=01;31:*.lzo=01;31:*.xz=01;31:*.zst=01;31:*.tzst=01;31:*.bz2=01;31:*.bz=01;31:*.tbz=01;31:*.tbz2=01;31:*.tz=01;31:*.deb=01;31:*.rpm=01;31:*.jar=01;31:*.war=01;31:*.ear=01;31:*.sar=01;31:*.rar=01;31:*.alz=01;31:*.ace=01;31:*.zoo=01;31:*.cpio=01;31:*.7z=01;31:*.rz=01;31:*.cab=01;31:*.wim=01;31:*.swm=01;31:*.dwm=01;31:*.esd=01;31:*.avif=01;35:*.jpg=01;35:*.jpeg=01;35:*.mjpg=01;35:*.mjpeg=01;35:*.gif=01;35:*.bmp=01;35:*.pbm=01;35:*.pgm=01;35:*.ppm=01;35:*.tga=01;35:*.xbm=01;35:*.xpm=01;35:*.tif=01;35:*.tiff=01;35:*.png=01;35:*.svg=01;35:*.svgz=01;35:*.mng=01;35:*.pcx=01;35:*.mov=01;35:*.mpg=01;35:*.mpeg=01;35:*.m2v=01;35:*.mkv=01;35:*.webm=01;35:*.webp=01;35:*.ogm=01;35:*.mp4=01;35:*.m4v=01;35:*.mp4v=01;35:*.vob=01;35:*.qt=01;35:*.nuv=01;35:*.wmv=01;35:*.asf=01;35:*.rm=01;35:*.rmvb=01;35:*.flc=01;35:*.avi=01;35:*.fli=01;35:*.flv=01;35:*.gl=01;35:*.dl=01;35:*.xcf=01;35:*.xwd=01;35:*.yuv=01;35:*.cgm=01;35:*.emf=01;35:*.ogv=01;35:*.ogx=01;35:*.aac=00;36:*.au=00;36:*.flac=00;36:*.m4a=00;36:*.mid=00;36:*.midi=00;36:*.mka=00;36:*.mp3=00;36:*.mpc=00;36:*.ogg=00;36:*.ra=00;36:*.wav=00;36:*.oga=00;36:*.opus=00;36:*.spx=00;36:*.xspf=00;36:*~=00;90:*#=00;90:*.bak=00;90:*.crdownload=00;90:*.dpkg-dist=00;90:*.dpkg-new=00;90:*.dpkg-old=00;90:*.dpkg-tmp=00;90:*.old=00;90:*.orig=00;90:*.part=00;90:*.rej=00;90:*.rpmnew=00;90:*.rpmorig=00;90:*.rpmsave=00;90:*.swp=00;90:*.tmp=00;90:*.ucf-dist=00;90:*.ucf-new=00;90:*.ucf-old=00;90:', 'AMENT_PREFIX_PATH': '/home/ngt/ZENS-Final-AUVC/install/msgs:/home/ngt/ZENS-Final-AUVC/install/hardware:/home/ngt/ZENS-Final-AUVC/install/gazebo_bluerov2:/home/ngt/ZENS-Final-AUVC/install/flashing:/home/ngt/ZENS-Final-AUVC/install/cv:/home/ngt/ZENS-Final-AUVC/install/control:/home/ngt/ZENS-Final-AUVC/install/bringup:/home/ngt/auvc_ws/install/tutorial_virtualenvs:/home/ngt/auvc_ws/install/tutorial_pid:/home/ngt/auvc_ws/install/tutorial_ardusub:/home/ngt/auvc_ws/install/tutorial:/home/ngt/auvc_ws/install/rosmav:/home/ngt/auvc_ws/install/example_custom_srv:/home/ngt/cv_ws/install/cv:/home/ngt/pid_ws/install/target_depth_msgs:/home/ngt/pid_ws/install/pid:/home/ngt/auv_dancing/install/tutorial:/opt/ros/jazzy', 'SHELL': '/usr/bin/zsh', 'VIRTUALENVWRAPPER_PROJECT_FILENAME': '.project', 'VIRTUALENVWRAPPER_HOOK_DIR': '/home/ngt/.virtualenvs', 'VSCODE_GIT_ASKPASS_EXTRA_ARGS': '', 'VIRTUALENVWRAPPER_SCRIPT': '/usr/share/virtualenvwrapper/virtualenvwrapper.sh', 'ROS_AUTOMATIC_DISCOVERY_RANGE': 'SUBNET', 'VIRTUAL_ENV': '/home/ngt/.virtualenvs/ardusub', 'LC_ALL': 'en_US.UTF-8', 'PWD': '/home/ngt/ZENS-Final-AUVC/build/bringup', 'SSH_CONNECTION': '192.168.3.1 59167 192.168.3.2 22', 'COPILOT_DEBUG_NONCE': 'd6eed4c06bd82aa6cee185ab30fdc4f4', 'ZDOTDIR': '/home/ngt', 'PYTHONPATH': '/home/ngt/ZENS-Final-AUVC/build/bringup/prefix_override:/home/ngt/.virtualenvs/ardusub/lib/python3.12/site-packages/colcon_core/task/python/colcon_distutils_commands:/home/ngt/ZENS-Final-AUVC/install/bringup/lib/python3.12/site-packages:/home/ngt/ZENS-Final-AUVC/install/msgs/lib/python3.12/site-packages:/home/ngt/ZENS-Final-AUVC/install/hardware/lib/python3.12/site-packages:/home/ngt/ZENS-Final-AUVC/install/flashing/lib/python3.12/site-packages:/home/ngt/ZENS-Final-AUVC/install/cv/lib/python3.12/site-packages:/home/ngt/ZENS-Final-AUVC/install/control/lib/python3.12/site-packages:/home/ngt/ZENS-Final-AUVC/install/bringup/lib/python3.12/site-packages:/home/ngt/auvc_ws/install/tutorial_virtualenvs/lib/python3.12/site-packages:/home/ngt/auvc_ws/install/tutorial_pid/lib/python3.12/site-packages:/home/ngt/auvc_ws/install/tutorial_ardusub/lib/python3.12/site-packages:/home/ngt/auvc_ws/install/tutorial/lib/python3.12/site-packages:/home/ngt/auvc_ws/install/rosmav/lib/python3.12/site-packages:/home/ngt/auvc_ws/install/example_custom_srv/lib/python3.12/site-packages:/home/ngt/cv_ws/install/cv/lib/python3.12/site-packages:/home/ngt/pid_ws/install/target_depth_msgs/lib/python3.12/site-packages:/home/ngt/pid_ws/install/pid/lib/python3.12/site-packages:/home/ngt/auv_dancing/install/tutorial/lib/python3.12/site-packages:/opt/ros/jazzy/lib/python3.12/site-packages', 'COLCON': '1', 'CMAKE_PREFIX_PATH': '/home/ngt/ZENS-Final-AUVC/install/msgs:/home/ngt/ZENS-Final-AUVC/install/gazebo_bluerov2:/home/ngt/auvc_ws/install/example_custom_srv:/home/ngt/pid_ws/install/target_depth_msgs:/opt/ros/jazzy/opt/gz_sim_vendor:/opt/ros/jazzy/opt/gz_sensors_vendor:/opt/ros/jazzy/opt/gz_physics_vendor:/opt/ros/jazzy/opt/sdformat_vendor:/opt/ros/jazzy/opt/gz_gui_vendor:/opt/ros/jazzy/opt/gz_transport_vendor:/opt/ros/jazzy/opt/gz_rendering_vendor:/opt/ros/jazzy/opt/gz_plugin_vendor:/opt/ros/jazzy/opt/gz_fuel_tools_vendor:/opt/ros/jazzy/opt/gz_msgs_vendor:/opt/ros/jazzy/opt/gz_common_vendor:/opt/ros/jazzy/opt/gz_math_vendor:/opt/ros/jazzy/opt/gz_utils_vendor:/opt/ros/jazzy/opt/gz_tools_vendor:/opt/ros/jazzy/opt/gz_ogre_next_vendor:/opt/ros/jazzy/opt/gz_dartsim_vendor:/opt/ros/jazzy/opt/gz_cmake_vendor'}, 'shell': False}
[15.308261] (-) TimerEvent: {}
[15.411879] (-) TimerEvent: {}
[15.515891] (-) TimerEvent: {}
[15.616951] (-) TimerEvent: {}
[15.718158] (-) TimerEvent: {}
[15.822966] (-) TimerEvent: {}
[15.925897] (-) TimerEvent: {}
[16.026655] (-) TimerEvent: {}
[16.129903] (-) TimerEvent: {}
[16.160953] (cv) Command: {'cmd': ['/home/ngt/.virtualenvs/ardusub/bin/python', '-W', 'ignore:setup.py install is deprecated', '-W', 'ignore:easy_install command is deprecated', 'setup.py', 'egg_info', '--egg-base', '../../../build/cv', 'build', '--build-base', '/home/ngt/ZENS-Final-AUVC/build/cv/build', 'install', '--record', '/home/ngt/ZENS-Final-AUVC/build/cv/install.log', '--install-scripts', '$base/lib/cv', '--single-version-externally-managed', 'install_data'], 'cwd': '/home/ngt/ZENS-Final-AUVC/ros_ws/src/cv', 'env': {'PYTHON_BASIC_REPL': '1', 'VIRTUALENVWRAPPER_WORKON_CD': '1', 'USER': 'ngt', 'SSH_CLIENT': '192.168.3.1 59167 22', 'WORKON_HOME': '/home/ngt/.virtualenvs', 'GZ_SIM_RESOURCE_PATH': '/opt/ros/jazzy/share', 'GZ_CONFIG_PATH': '/opt/ros/jazzy/opt/gz_sim_vendor/share/gz:/opt/ros/jazzy/opt/sdformat_vendor/share/gz:/opt/ros/jazzy/opt/gz_gui_vendor/share/gz:/opt/ros/jazzy/opt/gz_transport_vendor/share/gz:/opt/ros/jazzy/opt/gz_rendering_vendor/share/gz:/opt/ros/jazzy/opt/gz_plugin_vendor/share/gz:/opt/ros/jazzy/opt/gz_fuel_tools_vendor/share/gz:/opt/ros/jazzy/opt/gz_msgs_vendor/share/gz:/opt/ros/jazzy/opt/gz_common_vendor/share/gz', 'XDG_SESSION_TYPE': 'tty', 'GIT_ASKPASS': '/home/ngt/.vscode-server/cli/servers/Stable-1b6a188127eeaf9194f945eb6eb89a657e93c54c/server/extensions/git/dist/askpass.sh', 'SHLVL': '1', 'BROWSER': '/home/ngt/.vscode-server/cli/servers/Stable-1b6a188127eeaf9194f945eb6eb89a657e93c54c/server/bin/helpers/browser.sh', 'LD_LIBRARY_PATH': '/home/ngt/ZENS-Final-AUVC/install/msgs/lib:/home/ngt/ZENS-Final-AUVC/install/gazebo_bluerov2/lib:/home/ngt/auvc_ws/install/example_custom_srv/lib:/home/ngt/pid_ws/install/target_depth_msgs/lib:/opt/ros/jazzy/opt/gz_sim_vendor/lib:/opt/ros/jazzy/opt/gz_sensors_vendor/lib:/opt/ros/jazzy/opt/gz_physics_vendor/lib:/opt/ros/jazzy/opt/sdformat_vendor/lib:/opt/ros/jazzy/opt/rviz_ogre_vendor/lib:/opt/ros/jazzy/lib/aarch64-linux-gnu:/opt/ros/jazzy/opt/gz_gui_vendor/lib:/opt/ros/jazzy/opt/gz_transport_vendor/lib:/opt/ros/jazzy/opt/gz_rendering_vendor/lib:/opt/ros/jazzy/opt/gz_plugin_vendor/lib:/opt/ros/jazzy/opt/gz_fuel_tools_vendor/lib:/opt/ros/jazzy/opt/gz_msgs_vendor/lib:/opt/ros/jazzy/opt/gz_common_vendor/lib:/opt/ros/jazzy/opt/gz_math_vendor/lib:/opt/ros/jazzy/opt/gz_utils_vendor/lib:/opt/ros/jazzy/opt/gz_tools_vendor/lib:/opt/ros/jazzy/opt/gz_ogre_next_vendor/lib:/opt/ros/jazzy/opt/gz_dartsim_vendor/lib:/opt/ros/jazzy/opt/gz_cmake_vendor/lib:/opt/ros/jazzy/lib', 'GZ_TRANSPORT_ID': '192.168.3.1', 'HOME': '/home/ngt', 'OLDPWD': '/home/ngt', 'LESS': '-R', 'VIRTUALENVWRAPPER_PYTHON': '/usr/bin/python3', 'TERM_PROGRAM_VERSION': '1.130.0', 'VSCODE_IPC_HOOK_CLI': '/run/user/1004/vscode-ipc-ae3df1e9-d8a2-4837-9e51-55dec6bd592e.sock', 'ZSH': '/home/ngt/.oh-my-zsh', 'LSCOLORS': 'Gxfxcxdxbxegedabagacad', 'GZ_TRANSPORT_PUB_PORT': '11345', 'VSCODE_GIT_ASKPASS_MAIN': '/home/ngt/.vscode-server/cli/servers/Stable-1b6a188127eeaf9194f945eb6eb89a657e93c54c/server/extensions/git/dist/askpass-main.js', 'PAGER': 'less', 'ROS_PYTHON_VERSION': '3', 'PS1': '(ardusub) %(?:%{\x1b[01;32m%}%1{➜%} :%{\x1b[01;31m%}%1{➜%} ) %{\x1b[36m%}%c%{\x1b[00m%} $(git_prompt_info)', 'VSCODE_GIT_ASKPASS_NODE': '/home/ngt/.vscode-server/cli/servers/Stable-1b6a188127eeaf9194f945eb6eb89a657e93c54c/server/node', 'DBUS_SESSION_BUS_ADDRESS': 'unix:path=/run/user/1004/bus', 'PYDEVD_DISABLE_FILE_VALIDATION': '1', 'BUNDLED_DEBUGPY_PATH': '/home/ngt/.vscode-server/extensions/ms-python.debugpy-2026.6.0-linux-arm64/bundled/libs/debugpy', 'GZ_TRANSPORT_SUB_PORT': '11346', 'VSCODE_PYTHON_AUTOACTIVATE_GUARD': '1', 'COLORTERM': 'truecolor', 'ROS_DISTRO': 'jazzy', 'COLCON_PREFIX_PATH': '/home/ngt/ZENS-Final-AUVC/install:/home/ngt/cv_ws/install:/home/ngt/pid_ws/install:/home/ngt/auvc_ws/install:/home/ngt/auv_dancing/install', 'LOGNAME': 'ngt', '_': '/home/ngt/.virtualenvs/ardusub/bin/colcon', 'XDG_SESSION_CLASS': 'user', 'USER_ZDOTDIR': '/home/ngt', 'ROS_VERSION': '2', 'XDG_SESSION_ID': '2', 'TERM': 'xterm-256color', 'PATH': '/home/ngt/.virtualenvs/ardusub/bin:/home/ngt/.opencode/bin:/opt/ros/jazzy/opt/gz_msgs_vendor/bin:/opt/ros/jazzy/opt/gz_tools_vendor/bin:/opt/ros/jazzy/opt/gz_ogre_next_vendor/bin:/opt/ros/jazzy/bin:/usr/lib/ccache:/home/ngt/.vscode-server/data/User/globalStorage/github.copilot-chat/debugCommand:/home/ngt/.vscode-server/data/User/globalStorage/github.copilot-chat/copilotCli:/home/ngt/.vscode-server/cli/servers/Stable-1b6a188127eeaf9194f945eb6eb89a657e93c54c/server/bin/remote-cli:/usr/local/sbin:/usr/local/bin:/usr/sbin:/usr/bin:/sbin:/bin:/usr/games:/usr/local/games:/snap/bin:/home/ngt/.vscode-server/extensions/ms-python.debugpy-2026.6.0-linux-arm64/bundled/scripts/noConfigScripts:/home/ngt/.local/bin:/home/ngt/ardupilot/Tools/autotest', 'XDG_RUNTIME_DIR': '/run/user/1004', 'GZ_PARTITION': 'my_sim', 'LANG': 'en_US.UTF-8', 'VSCODE_DEBUGPY_ADAPTER_ENDPOINTS': '/home/ngt/.vscode-server/extensions/ms-python.debugpy-2026.6.0-linux-arm64/.noConfigDebugAdapterEndpoints/endpoint-cac51e27cd8c6882.txt', 'PYTHONSTARTUP': '/home/ngt/.vscode-server/data/User/workspaceStorage/e30aafa2edaaf296b4a11477f6a9b588/ms-python.python/pythonrc.py', 'VSCODE_INJECTION': '1', 'VIRTUAL_ENV_PROMPT': 'ardusub', 'TERM_PROGRAM': 'vscode', 'VSCODE_GIT_IPC_HANDLE': '/run/user/1004/vscode-git-191b257475.sock', 'LS_COLORS': 'rs=0:di=01;34:ln=01;36:mh=00:pi=40;33:so=01;35:do=01;35:bd=40;33;01:cd=40;33;01:or=40;31;01:mi=00:su=37;41:sg=30;43:ca=00:tw=30;42:ow=34;42:st=37;44:ex=01;32:*.tar=01;31:*.tgz=01;31:*.arc=01;31:*.arj=01;31:*.taz=01;31:*.lha=01;31:*.lz4=01;31:*.lzh=01;31:*.lzma=01;31:*.tlz=01;31:*.txz=01;31:*.tzo=01;31:*.t7z=01;31:*.zip=01;31:*.z=01;31:*.dz=01;31:*.gz=01;31:*.lrz=01;31:*.lz=01;31:*.lzo=01;31:*.xz=01;31:*.zst=01;31:*.tzst=01;31:*.bz2=01;31:*.bz=01;31:*.tbz=01;31:*.tbz2=01;31:*.tz=01;31:*.deb=01;31:*.rpm=01;31:*.jar=01;31:*.war=01;31:*.ear=01;31:*.sar=01;31:*.rar=01;31:*.alz=01;31:*.ace=01;31:*.zoo=01;31:*.cpio=01;31:*.7z=01;31:*.rz=01;31:*.cab=01;31:*.wim=01;31:*.swm=01;31:*.dwm=01;31:*.esd=01;31:*.avif=01;35:*.jpg=01;35:*.jpeg=01;35:*.mjpg=01;35:*.mjpeg=01;35:*.gif=01;35:*.bmp=01;35:*.pbm=01;35:*.pgm=01;35:*.ppm=01;35:*.tga=01;35:*.xbm=01;35:*.xpm=01;35:*.tif=01;35:*.tiff=01;35:*.png=01;35:*.svg=01;35:*.svgz=01;35:*.mng=01;35:*.pcx=01;35:*.mov=01;35:*.mpg=01;35:*.mpeg=01;35:*.m2v=01;35:*.mkv=01;35:*.webm=01;35:*.webp=01;35:*.ogm=01;35:*.mp4=01;35:*.m4v=01;35:*.mp4v=01;35:*.vob=01;35:*.qt=01;35:*.nuv=01;35:*.wmv=01;35:*.asf=01;35:*.rm=01;35:*.rmvb=01;35:*.flc=01;35:*.avi=01;35:*.fli=01;35:*.flv=01;35:*.gl=01;35:*.dl=01;35:*.xcf=01;35:*.xwd=01;35:*.yuv=01;35:*.cgm=01;35:*.emf=01;35:*.ogv=01;35:*.ogx=01;35:*.aac=00;36:*.au=00;36:*.flac=00;36:*.m4a=00;36:*.mid=00;36:*.midi=00;36:*.mka=00;36:*.mp3=00;36:*.mpc=00;36:*.ogg=00;36:*.ra=00;36:*.wav=00;36:*.oga=00;36:*.opus=00;36:*.spx=00;36:*.xspf=00;36:*~=00;90:*#=00;90:*.bak=00;90:*.crdownload=00;90:*.dpkg-dist=00;90:*.dpkg-new=00;90:*.dpkg-old=00;90:*.dpkg-tmp=00;90:*.old=00;90:*.orig=00;90:*.part=00;90:*.rej=00;90:*.rpmnew=00;90:*.rpmorig=00;90:*.rpmsave=00;90:*.swp=00;90:*.tmp=00;90:*.ucf-dist=00;90:*.ucf-new=00;90:*.ucf-old=00;90:', 'AMENT_PREFIX_PATH': '/home/ngt/ZENS-Final-AUVC/install/msgs:/home/ngt/ZENS-Final-AUVC/install/hardware:/home/ngt/ZENS-Final-AUVC/install/gazebo_bluerov2:/home/ngt/ZENS-Final-AUVC/install/flashing:/home/ngt/ZENS-Final-AUVC/install/cv:/home/ngt/ZENS-Final-AUVC/install/control:/home/ngt/ZENS-Final-AUVC/install/bringup:/home/ngt/auvc_ws/install/tutorial_virtualenvs:/home/ngt/auvc_ws/install/tutorial_pid:/home/ngt/auvc_ws/install/tutorial_ardusub:/home/ngt/auvc_ws/install/tutorial:/home/ngt/auvc_ws/install/rosmav:/home/ngt/auvc_ws/install/example_custom_srv:/home/ngt/cv_ws/install/cv:/home/ngt/pid_ws/install/target_depth_msgs:/home/ngt/pid_ws/install/pid:/home/ngt/auv_dancing/install/tutorial:/opt/ros/jazzy', 'SHELL': '/usr/bin/zsh', 'VIRTUALENVWRAPPER_PROJECT_FILENAME': '.project', 'VIRTUALENVWRAPPER_HOOK_DIR': '/home/ngt/.virtualenvs', 'VSCODE_GIT_ASKPASS_EXTRA_ARGS': '', 'VIRTUALENVWRAPPER_SCRIPT': '/usr/share/virtualenvwrapper/virtualenvwrapper.sh', 'ROS_AUTOMATIC_DISCOVERY_RANGE': 'SUBNET', 'VIRTUAL_ENV': '/home/ngt/.virtualenvs/ardusub', 'LC_ALL': 'en_US.UTF-8', 'PWD': '/home/ngt/ZENS-Final-AUVC/build/cv', 'SSH_CONNECTION': '192.168.3.1 59167 192.168.3.2 22', 'COPILOT_DEBUG_NONCE': 'd6eed4c06bd82aa6cee185ab30fdc4f4', 'ZDOTDIR': '/home/ngt', 'PYTHONPATH': '/home/ngt/ZENS-Final-AUVC/build/cv/prefix_override:/home/ngt/.virtualenvs/ardusub/lib/python3.12/site-packages/colcon_core/task/python/colcon_distutils_commands:/home/ngt/ZENS-Final-AUVC/install/cv/lib/python3.12/site-packages:/home/ngt/ZENS-Final-AUVC/install/msgs/lib/python3.12/site-packages:/home/ngt/ZENS-Final-AUVC/install/hardware/lib/python3.12/site-packages:/home/ngt/ZENS-Final-AUVC/install/flashing/lib/python3.12/site-packages:/home/ngt/ZENS-Final-AUVC/install/cv/lib/python3.12/site-packages:/home/ngt/ZENS-Final-AUVC/install/control/lib/python3.12/site-packages:/home/ngt/ZENS-Final-AUVC/install/bringup/lib/python3.12/site-packages:/home/ngt/auvc_ws/install/tutorial_virtualenvs/lib/python3.12/site-packages:/home/ngt/auvc_ws/install/tutorial_pid/lib/python3.12/site-packages:/home/ngt/auvc_ws/install/tutorial_ardusub/lib/python3.12/site-packages:/home/ngt/auvc_ws/install/tutorial/lib/python3.12/site-packages:/home/ngt/auvc_ws/install/rosmav/lib/python3.12/site-packages:/home/ngt/auvc_ws/install/example_custom_srv/lib/python3.12/site-packages:/home/ngt/cv_ws/install/cv/lib/python3.12/site-packages:/home/ngt/pid_ws/install/target_depth_msgs/lib/python3.12/site-packages:/home/ngt/pid_ws/install/pid/lib/python3.12/site-packages:/home/ngt/auv_dancing/install/tutorial/lib/python3.12/site-packages:/opt/ros/jazzy/lib/python3.12/site-packages', 'COLCON': '1', 'CMAKE_PREFIX_PATH': '/home/ngt/ZENS-Final-AUVC/install/msgs:/home/ngt/ZENS-Final-AUVC/install/gazebo_bluerov2:/home/ngt/auvc_ws/install/example_custom_srv:/home/ngt/pid_ws/install/target_depth_msgs:/opt/ros/jazzy/opt/gz_sim_vendor:/opt/ros/jazzy/opt/gz_sensors_vendor:/opt/ros/jazzy/opt/gz_physics_vendor:/opt/ros/jazzy/opt/sdformat_vendor:/opt/ros/jazzy/opt/gz_gui_vendor:/opt/ros/jazzy/opt/gz_transport_vendor:/opt/ros/jazzy/opt/gz_rendering_vendor:/opt/ros/jazzy/opt/gz_plugin_vendor:/opt/ros/jazzy/opt/gz_fuel_tools_vendor:/opt/ros/jazzy/opt/gz_msgs_vendor:/opt/ros/jazzy/opt/gz_common_vendor:/opt/ros/jazzy/opt/gz_math_vendor:/opt/ros/jazzy/opt/gz_utils_vendor:/opt/ros/jazzy/opt/gz_tools_vendor:/opt/ros/jazzy/opt/gz_ogre_next_vendor:/opt/ros/jazzy/opt/gz_dartsim_vendor:/opt/ros/jazzy/opt/gz_cmake_vendor'}, 'shell': False}
[16.236944] (-) TimerEvent: {}
[16.337844] (-) TimerEvent: {}
[16.440916] (-) TimerEvent: {}
[16.546452] (-) TimerEvent: {}
[16.651868] (-) TimerEvent: {}
[16.752587] (-) TimerEvent: {}
[16.776947] (flashing) Command: {'cmd': ['/home/ngt/.virtualenvs/ardusub/bin/python', '-W', 'ignore:setup.py install is deprecated', '-W', 'ignore:easy_install command is deprecated', 'setup.py', 'egg_info', '--egg-base', '../../../build/flashing', 'build', '--build-base', '/home/ngt/ZENS-Final-AUVC/build/flashing/build', 'install', '--record', '/home/ngt/ZENS-Final-AUVC/build/flashing/install.log', '--install-scripts', '$base/lib/flashing', '--single-version-externally-managed', 'install_data'], 'cwd': '/home/ngt/ZENS-Final-AUVC/ros_ws/src/flashing', 'env': {'PYTHON_BASIC_REPL': '1', 'VIRTUALENVWRAPPER_WORKON_CD': '1', 'USER': 'ngt', 'SSH_CLIENT': '192.168.3.1 59167 22', 'WORKON_HOME': '/home/ngt/.virtualenvs', 'GZ_SIM_RESOURCE_PATH': '/opt/ros/jazzy/share', 'GZ_CONFIG_PATH': '/opt/ros/jazzy/opt/gz_sim_vendor/share/gz:/opt/ros/jazzy/opt/sdformat_vendor/share/gz:/opt/ros/jazzy/opt/gz_gui_vendor/share/gz:/opt/ros/jazzy/opt/gz_transport_vendor/share/gz:/opt/ros/jazzy/opt/gz_rendering_vendor/share/gz:/opt/ros/jazzy/opt/gz_plugin_vendor/share/gz:/opt/ros/jazzy/opt/gz_fuel_tools_vendor/share/gz:/opt/ros/jazzy/opt/gz_msgs_vendor/share/gz:/opt/ros/jazzy/opt/gz_common_vendor/share/gz', 'XDG_SESSION_TYPE': 'tty', 'GIT_ASKPASS': '/home/ngt/.vscode-server/cli/servers/Stable-1b6a188127eeaf9194f945eb6eb89a657e93c54c/server/extensions/git/dist/askpass.sh', 'SHLVL': '1', 'BROWSER': '/home/ngt/.vscode-server/cli/servers/Stable-1b6a188127eeaf9194f945eb6eb89a657e93c54c/server/bin/helpers/browser.sh', 'LD_LIBRARY_PATH': '/home/ngt/ZENS-Final-AUVC/install/msgs/lib:/home/ngt/ZENS-Final-AUVC/install/gazebo_bluerov2/lib:/home/ngt/auvc_ws/install/example_custom_srv/lib:/home/ngt/pid_ws/install/target_depth_msgs/lib:/opt/ros/jazzy/opt/gz_sim_vendor/lib:/opt/ros/jazzy/opt/gz_sensors_vendor/lib:/opt/ros/jazzy/opt/gz_physics_vendor/lib:/opt/ros/jazzy/opt/sdformat_vendor/lib:/opt/ros/jazzy/opt/rviz_ogre_vendor/lib:/opt/ros/jazzy/lib/aarch64-linux-gnu:/opt/ros/jazzy/opt/gz_gui_vendor/lib:/opt/ros/jazzy/opt/gz_transport_vendor/lib:/opt/ros/jazzy/opt/gz_rendering_vendor/lib:/opt/ros/jazzy/opt/gz_plugin_vendor/lib:/opt/ros/jazzy/opt/gz_fuel_tools_vendor/lib:/opt/ros/jazzy/opt/gz_msgs_vendor/lib:/opt/ros/jazzy/opt/gz_common_vendor/lib:/opt/ros/jazzy/opt/gz_math_vendor/lib:/opt/ros/jazzy/opt/gz_utils_vendor/lib:/opt/ros/jazzy/opt/gz_tools_vendor/lib:/opt/ros/jazzy/opt/gz_ogre_next_vendor/lib:/opt/ros/jazzy/opt/gz_dartsim_vendor/lib:/opt/ros/jazzy/opt/gz_cmake_vendor/lib:/opt/ros/jazzy/lib', 'GZ_TRANSPORT_ID': '192.168.3.1', 'HOME': '/home/ngt', 'OLDPWD': '/home/ngt', 'LESS': '-R', 'VIRTUALENVWRAPPER_PYTHON': '/usr/bin/python3', 'TERM_PROGRAM_VERSION': '1.130.0', 'VSCODE_IPC_HOOK_CLI': '/run/user/1004/vscode-ipc-ae3df1e9-d8a2-4837-9e51-55dec6bd592e.sock', 'ZSH': '/home/ngt/.oh-my-zsh', 'LSCOLORS': 'Gxfxcxdxbxegedabagacad', 'GZ_TRANSPORT_PUB_PORT': '11345', 'VSCODE_GIT_ASKPASS_MAIN': '/home/ngt/.vscode-server/cli/servers/Stable-1b6a188127eeaf9194f945eb6eb89a657e93c54c/server/extensions/git/dist/askpass-main.js', 'PAGER': 'less', 'ROS_PYTHON_VERSION': '3', 'PS1': '(ardusub) %(?:%{\x1b[01;32m%}%1{➜%} :%{\x1b[01;31m%}%1{➜%} ) %{\x1b[36m%}%c%{\x1b[00m%} $(git_prompt_info)', 'VSCODE_GIT_ASKPASS_NODE': '/home/ngt/.vscode-server/cli/servers/Stable-1b6a188127eeaf9194f945eb6eb89a657e93c54c/server/node', 'DBUS_SESSION_BUS_ADDRESS': 'unix:path=/run/user/1004/bus', 'PYDEVD_DISABLE_FILE_VALIDATION': '1', 'BUNDLED_DEBUGPY_PATH': '/home/ngt/.vscode-server/extensions/ms-python.debugpy-2026.6.0-linux-arm64/bundled/libs/debugpy', 'GZ_TRANSPORT_SUB_PORT': '11346', 'VSCODE_PYTHON_AUTOACTIVATE_GUARD': '1', 'COLORTERM': 'truecolor', 'ROS_DISTRO': 'jazzy', 'COLCON_PREFIX_PATH': '/home/ngt/ZENS-Final-AUVC/install:/home/ngt/cv_ws/install:/home/ngt/pid_ws/install:/home/ngt/auvc_ws/install:/home/ngt/auv_dancing/install', 'LOGNAME': 'ngt', '_': '/home/ngt/.virtualenvs/ardusub/bin/colcon', 'XDG_SESSION_CLASS': 'user', 'USER_ZDOTDIR': '/home/ngt', 'ROS_VERSION': '2', 'XDG_SESSION_ID': '2', 'TERM': 'xterm-256color', 'PATH': '/home/ngt/.virtualenvs/ardusub/bin:/home/ngt/.opencode/bin:/opt/ros/jazzy/opt/gz_msgs_vendor/bin:/opt/ros/jazzy/opt/gz_tools_vendor/bin:/opt/ros/jazzy/opt/gz_ogre_next_vendor/bin:/opt/ros/jazzy/bin:/usr/lib/ccache:/home/ngt/.vscode-server/data/User/globalStorage/github.copilot-chat/debugCommand:/home/ngt/.vscode-server/data/User/globalStorage/github.copilot-chat/copilotCli:/home/ngt/.vscode-server/cli/servers/Stable-1b6a188127eeaf9194f945eb6eb89a657e93c54c/server/bin/remote-cli:/usr/local/sbin:/usr/local/bin:/usr/sbin:/usr/bin:/sbin:/bin:/usr/games:/usr/local/games:/snap/bin:/home/ngt/.vscode-server/extensions/ms-python.debugpy-2026.6.0-linux-arm64/bundled/scripts/noConfigScripts:/home/ngt/.local/bin:/home/ngt/ardupilot/Tools/autotest', 'XDG_RUNTIME_DIR': '/run/user/1004', 'GZ_PARTITION': 'my_sim', 'LANG': 'en_US.UTF-8', 'VSCODE_DEBUGPY_ADAPTER_ENDPOINTS': '/home/ngt/.vscode-server/extensions/ms-python.debugpy-2026.6.0-linux-arm64/.noConfigDebugAdapterEndpoints/endpoint-cac51e27cd8c6882.txt', 'PYTHONSTARTUP': '/home/ngt/.vscode-server/data/User/workspaceStorage/e30aafa2edaaf296b4a11477f6a9b588/ms-python.python/pythonrc.py', 'VSCODE_INJECTION': '1', 'VIRTUAL_ENV_PROMPT': 'ardusub', 'TERM_PROGRAM': 'vscode', 'VSCODE_GIT_IPC_HANDLE': '/run/user/1004/vscode-git-191b257475.sock', 'LS_COLORS': 'rs=0:di=01;34:ln=01;36:mh=00:pi=40;33:so=01;35:do=01;35:bd=40;33;01:cd=40;33;01:or=40;31;01:mi=00:su=37;41:sg=30;43:ca=00:tw=30;42:ow=34;42:st=37;44:ex=01;32:*.tar=01;31:*.tgz=01;31:*.arc=01;31:*.arj=01;31:*.taz=01;31:*.lha=01;31:*.lz4=01;31:*.lzh=01;31:*.lzma=01;31:*.tlz=01;31:*.txz=01;31:*.tzo=01;31:*.t7z=01;31:*.zip=01;31:*.z=01;31:*.dz=01;31:*.gz=01;31:*.lrz=01;31:*.lz=01;31:*.lzo=01;31:*.xz=01;31:*.zst=01;31:*.tzst=01;31:*.bz2=01;31:*.bz=01;31:*.tbz=01;31:*.tbz2=01;31:*.tz=01;31:*.deb=01;31:*.rpm=01;31:*.jar=01;31:*.war=01;31:*.ear=01;31:*.sar=01;31:*.rar=01;31:*.alz=01;31:*.ace=01;31:*.zoo=01;31:*.cpio=01;31:*.7z=01;31:*.rz=01;31:*.cab=01;31:*.wim=01;31:*.swm=01;31:*.dwm=01;31:*.esd=01;31:*.avif=01;35:*.jpg=01;35:*.jpeg=01;35:*.mjpg=01;35:*.mjpeg=01;35:*.gif=01;35:*.bmp=01;35:*.pbm=01;35:*.pgm=01;35:*.ppm=01;35:*.tga=01;35:*.xbm=01;35:*.xpm=01;35:*.tif=01;35:*.tiff=01;35:*.png=01;35:*.svg=01;35:*.svgz=01;35:*.mng=01;35:*.pcx=01;35:*.mov=01;35:*.mpg=01;35:*.mpeg=01;35:*.m2v=01;35:*.mkv=01;35:*.webm=01;35:*.webp=01;35:*.ogm=01;35:*.mp4=01;35:*.m4v=01;35:*.mp4v=01;35:*.vob=01;35:*.qt=01;35:*.nuv=01;35:*.wmv=01;35:*.asf=01;35:*.rm=01;35:*.rmvb=01;35:*.flc=01;35:*.avi=01;35:*.fli=01;35:*.flv=01;35:*.gl=01;35:*.dl=01;35:*.xcf=01;35:*.xwd=01;35:*.yuv=01;35:*.cgm=01;35:*.emf=01;35:*.ogv=01;35:*.ogx=01;35:*.aac=00;36:*.au=00;36:*.flac=00;36:*.m4a=00;36:*.mid=00;36:*.midi=00;36:*.mka=00;36:*.mp3=00;36:*.mpc=00;36:*.ogg=00;36:*.ra=00;36:*.wav=00;36:*.oga=00;36:*.opus=00;36:*.spx=00;36:*.xspf=00;36:*~=00;90:*#=00;90:*.bak=00;90:*.crdownload=00;90:*.dpkg-dist=00;90:*.dpkg-new=00;90:*.dpkg-old=00;90:*.dpkg-tmp=00;90:*.old=00;90:*.orig=00;90:*.part=00;90:*.rej=00;90:*.rpmnew=00;90:*.rpmorig=00;90:*.rpmsave=00;90:*.swp=00;90:*.tmp=00;90:*.ucf-dist=00;90:*.ucf-new=00;90:*.ucf-old=00;90:', 'AMENT_PREFIX_PATH': '/home/ngt/ZENS-Final-AUVC/install/msgs:/home/ngt/ZENS-Final-AUVC/install/hardware:/home/ngt/ZENS-Final-AUVC/install/gazebo_bluerov2:/home/ngt/ZENS-Final-AUVC/install/flashing:/home/ngt/ZENS-Final-AUVC/install/cv:/home/ngt/ZENS-Final-AUVC/install/control:/home/ngt/ZENS-Final-AUVC/install/bringup:/home/ngt/auvc_ws/install/tutorial_virtualenvs:/home/ngt/auvc_ws/install/tutorial_pid:/home/ngt/auvc_ws/install/tutorial_ardusub:/home/ngt/auvc_ws/install/tutorial:/home/ngt/auvc_ws/install/rosmav:/home/ngt/auvc_ws/install/example_custom_srv:/home/ngt/cv_ws/install/cv:/home/ngt/pid_ws/install/target_depth_msgs:/home/ngt/pid_ws/install/pid:/home/ngt/auv_dancing/install/tutorial:/opt/ros/jazzy', 'SHELL': '/usr/bin/zsh', 'VIRTUALENVWRAPPER_PROJECT_FILENAME': '.project', 'VIRTUALENVWRAPPER_HOOK_DIR': '/home/ngt/.virtualenvs', 'VSCODE_GIT_ASKPASS_EXTRA_ARGS': '', 'VIRTUALENVWRAPPER_SCRIPT': '/usr/share/virtualenvwrapper/virtualenvwrapper.sh', 'ROS_AUTOMATIC_DISCOVERY_RANGE': 'SUBNET', 'VIRTUAL_ENV': '/home/ngt/.virtualenvs/ardusub', 'LC_ALL': 'en_US.UTF-8', 'PWD': '/home/ngt/ZENS-Final-AUVC/build/flashing', 'SSH_CONNECTION': '192.168.3.1 59167 192.168.3.2 22', 'COPILOT_DEBUG_NONCE': 'd6eed4c06bd82aa6cee185ab30fdc4f4', 'ZDOTDIR': '/home/ngt', 'PYTHONPATH': '/home/ngt/ZENS-Final-AUVC/build/flashing/prefix_override:/home/ngt/.virtualenvs/ardusub/lib/python3.12/site-packages/colcon_core/task/python/colcon_distutils_commands:/home/ngt/ZENS-Final-AUVC/install/flashing/lib/python3.12/site-packages:/home/ngt/ZENS-Final-AUVC/install/msgs/lib/python3.12/site-packages:/home/ngt/ZENS-Final-AUVC/install/hardware/lib/python3.12/site-packages:/home/ngt/ZENS-Final-AUVC/install/flashing/lib/python3.12/site-packages:/home/ngt/ZENS-Final-AUVC/install/cv/lib/python3.12/site-packages:/home/ngt/ZENS-Final-AUVC/install/control/lib/python3.12/site-packages:/home/ngt/ZENS-Final-AUVC/install/bringup/lib/python3.12/site-packages:/home/ngt/auvc_ws/install/tutorial_virtualenvs/lib/python3.12/site-packages:/home/ngt/auvc_ws/install/tutorial_pid/lib/python3.12/site-packages:/home/ngt/auvc_ws/install/tutorial_ardusub/lib/python3.12/site-packages:/home/ngt/auvc_ws/install/tutorial/lib/python3.12/site-packages:/home/ngt/auvc_ws/install/rosmav/lib/python3.12/site-packages:/home/ngt/auvc_ws/install/example_custom_srv/lib/python3.12/site-packages:/home/ngt/cv_ws/install/cv/lib/python3.12/site-packages:/home/ngt/pid_ws/install/target_depth_msgs/lib/python3.12/site-packages:/home/ngt/pid_ws/install/pid/lib/python3.12/site-packages:/home/ngt/auv_dancing/install/tutorial/lib/python3.12/site-packages:/opt/ros/jazzy/lib/python3.12/site-packages', 'COLCON': '1', 'CMAKE_PREFIX_PATH': '/home/ngt/ZENS-Final-AUVC/install/msgs:/home/ngt/ZENS-Final-AUVC/install/gazebo_bluerov2:/home/ngt/auvc_ws/install/example_custom_srv:/home/ngt/pid_ws/install/target_depth_msgs:/opt/ros/jazzy/opt/gz_sim_vendor:/opt/ros/jazzy/opt/gz_sensors_vendor:/opt/ros/jazzy/opt/gz_physics_vendor:/opt/ros/jazzy/opt/sdformat_vendor:/opt/ros/jazzy/opt/gz_gui_vendor:/opt/ros/jazzy/opt/gz_transport_vendor:/opt/ros/jazzy/opt/gz_rendering_vendor:/opt/ros/jazzy/opt/gz_plugin_vendor:/opt/ros/jazzy/opt/gz_fuel_tools_vendor:/opt/ros/jazzy/opt/gz_msgs_vendor:/opt/ros/jazzy/opt/gz_common_vendor:/opt/ros/jazzy/opt/gz_math_vendor:/opt/ros/jazzy/opt/gz_utils_vendor:/opt/ros/jazzy/opt/gz_tools_vendor:/opt/ros/jazzy/opt/gz_ogre_next_vendor:/opt/ros/jazzy/opt/gz_dartsim_vendor:/opt/ros/jazzy/opt/gz_cmake_vendor'}, 'shell': False}
[16.855169] (-) TimerEvent: {}
[16.911880] (bringup) StderrLine: {'line': b"/home/ngt/.virtualenvs/ardusub/lib/python3.12/site-packages/setuptools/_distutils/dist.py:288: UserWarning: Unknown distribution option: 'tests_require'\n"}
[16.912902] (bringup) StderrLine: {'line': b'  warnings.warn(msg)\n'}
[16.960876] (-) TimerEvent: {}
[17.062021] (-) TimerEvent: {}
[17.168069] (-) TimerEvent: {}
[17.268982] (-) TimerEvent: {}
[17.371945] (-) TimerEvent: {}
[17.474019] (-) TimerEvent: {}
[17.575976] (-) TimerEvent: {}
[17.682898] (-) TimerEvent: {}
[17.784771] (-) TimerEvent: {}
[17.889314] (-) TimerEvent: {}
[17.913854] (bringup) StdoutLine: {'line': b'running egg_info\n'}
[17.989537] (-) TimerEvent: {}
[18.041585] (bringup) StdoutLine: {'line': b'writing ../../../build/bringup/bringup.egg-info/PKG-INFO\n'}
[18.049861] (bringup) StdoutLine: {'line': b'writing dependency_links to ../../../build/bringup/bringup.egg-info/dependency_links.txt\n'}
[18.050704] (bringup) StdoutLine: {'line': b'writing requirements to ../../../build/bringup/bringup.egg-info/requires.txt\n'}
[18.051375] (bringup) StdoutLine: {'line': b'writing top-level names to ../../../build/bringup/bringup.egg-info/top_level.txt\n'}
[18.094221] (-) TimerEvent: {}
[18.200890] (-) TimerEvent: {}
[18.302282] (-) TimerEvent: {}
[18.312811] (bringup) StdoutLine: {'line': b"reading manifest file '../../../build/bringup/bringup.egg-info/SOURCES.txt'\n"}
[18.319390] (bringup) StdoutLine: {'line': b"writing manifest file '../../../build/bringup/bringup.egg-info/SOURCES.txt'\n"}
[18.324276] (bringup) StdoutLine: {'line': b'running build\n'}
[18.330421] (bringup) StdoutLine: {'line': b'running build_py\n'}
[18.331178] (bringup) StdoutLine: {'line': b'copying bringup/__init__.py -> /home/ngt/ZENS-Final-AUVC/build/bringup/build/lib/bringup\n'}
[18.341102] (bringup) StdoutLine: {'line': b'running install\n'}
[18.391903] (bringup) StdoutLine: {'line': b'running install_lib\n'}
[18.402490] (-) TimerEvent: {}
[18.456364] (control) StdoutLine: {'line': b'running egg_info\n'}
[18.509938] (-) TimerEvent: {}
[18.536488] (bringup) StdoutLine: {'line': b'running install_data\n'}
[18.541056] (bringup) StdoutLine: {'line': b'copying resource/bringup -> /home/ngt/ZENS-Final-AUVC/install/bringup/share/ament_index/resource_index/packages\n'}
[18.550961] (bringup) StdoutLine: {'line': b'copying package.xml -> /home/ngt/ZENS-Final-AUVC/install/bringup/share/bringup\n'}
[18.558970] (bringup) StdoutLine: {'line': b'copying launch/hardware.launch.py -> /home/ngt/ZENS-Final-AUVC/install/bringup/share/bringup/launch\n'}
[18.566419] (bringup) StdoutLine: {'line': b'copying launch/control.launch.py -> /home/ngt/ZENS-Final-AUVC/install/bringup/share/bringup/launch\n'}
[18.568188] (bringup) StdoutLine: {'line': b'copying launch/all_systems.launch.py -> /home/ngt/ZENS-Final-AUVC/install/bringup/share/bringup/launch\n'}
[18.575487] (bringup) StdoutLine: {'line': b'copying launch/cv.launch.py -> /home/ngt/ZENS-Final-AUVC/install/bringup/share/bringup/launch\n'}
[18.579522] (bringup) StdoutLine: {'line': b'copying config/params.yaml -> /home/ngt/ZENS-Final-AUVC/install/bringup/share/bringup/config\n'}
[18.583885] (bringup) StdoutLine: {'line': b'running install_egg_info\n'}
[18.612494] (-) TimerEvent: {}
[18.661179] (control) StdoutLine: {'line': b'writing ../../../build/control/control.egg-info/PKG-INFO\n'}
[18.665574] (control) StdoutLine: {'line': b'writing dependency_links to ../../../build/control/control.egg-info/dependency_links.txt\n'}
[18.668121] (control) StdoutLine: {'line': b'writing entry points to ../../../build/control/control.egg-info/entry_points.txt\n'}
[18.670690] (control) StdoutLine: {'line': b'writing requirements to ../../../build/control/control.egg-info/requires.txt\n'}
[18.681189] (control) StdoutLine: {'line': b'writing top-level names to ../../../build/control/control.egg-info/top_level.txt\n'}
[18.716754] (-) TimerEvent: {}
[18.817641] (-) TimerEvent: {}
[18.919956] (-) TimerEvent: {}
[19.026186] (-) TimerEvent: {}
[19.067879] (bringup) StdoutLine: {'line': b"removing '/home/ngt/ZENS-Final-AUVC/install/bringup/lib/python3.12/site-packages/bringup-0.0.0-py3.12.egg-info' (and everything under it)\n"}
[19.077900] (bringup) StdoutLine: {'line': b'Copying ../../../build/bringup/bringup.egg-info to /home/ngt/ZENS-Final-AUVC/install/bringup/lib/python3.12/site-packages/bringup-0.0.0-py3.12.egg-info\n'}
[19.116874] (bringup) StdoutLine: {'line': b'running install_scripts\n'}
[19.126392] (-) TimerEvent: {}
[19.230465] (-) TimerEvent: {}
[19.334502] (-) TimerEvent: {}
[19.435433] (-) TimerEvent: {}
[19.544919] (-) TimerEvent: {}
[19.620393] (control) StdoutLine: {'line': b"reading manifest file '../../../build/control/control.egg-info/SOURCES.txt'\n"}
[19.646856] (-) TimerEvent: {}
[19.651884] (control) StdoutLine: {'line': b"writing manifest file '../../../build/control/control.egg-info/SOURCES.txt'\n"}
[19.654210] (control) StdoutLine: {'line': b'running build\n'}
[19.655121] (control) StdoutLine: {'line': b'running build_py\n'}
[19.670377] (control) StdoutLine: {'line': b'copying control/self_arm.py -> /home/ngt/ZENS-Final-AUVC/build/control/build/lib/control\n'}
[19.671299] (control) StdoutLine: {'line': b'copying control/heading_pid.py -> /home/ngt/ZENS-Final-AUVC/build/control/build/lib/control\n'}
[19.686818] (control) StdoutLine: {'line': b'copying control/self_disarm.py -> /home/ngt/ZENS-Final-AUVC/build/control/build/lib/control\n'}
[19.687614] (control) StdoutLine: {'line': b'copying control/depth_pid.py -> /home/ngt/ZENS-Final-AUVC/build/control/build/lib/control\n'}
[19.699116] (control) StdoutLine: {'line': b'copying control/__init__.py -> /home/ngt/ZENS-Final-AUVC/build/control/build/lib/control\n'}
[19.706132] (control) StdoutLine: {'line': b'running install\n'}
[19.748302] (-) TimerEvent: {}
[19.822163] (control) StdoutLine: {'line': b'running install_lib\n'}
[19.851164] (-) TimerEvent: {}
[19.956890] (-) TimerEvent: {}
[20.059626] (-) TimerEvent: {}
[20.094298] (control) StdoutLine: {'line': b'running install_data\n'}
[20.100619] (control) StdoutLine: {'line': b'copying resource/control -> /home/ngt/ZENS-Final-AUVC/install/control/share/ament_index/resource_index/packages\n'}
[20.109149] (control) StdoutLine: {'line': b'copying package.xml -> /home/ngt/ZENS-Final-AUVC/install/control/share/control\n'}
[20.110008] (control) StdoutLine: {'line': b'running install_egg_info\n'}
[20.131300] (bringup) StdoutLine: {'line': b"writing list of installed files to '/home/ngt/ZENS-Final-AUVC/build/bringup/install.log'\n"}
[20.166274] (-) TimerEvent: {}
[20.271880] (-) TimerEvent: {}
[20.374902] (-) TimerEvent: {}
[20.407772] (control) StdoutLine: {'line': b"removing '/home/ngt/ZENS-Final-AUVC/install/control/lib/python3.12/site-packages/control-0.0.0-py3.12.egg-info' (and everything under it)\n"}
[20.530578] (-) TimerEvent: {}
[20.532079] (control) StdoutLine: {'line': b'Copying ../../../build/control/control.egg-info to /home/ngt/ZENS-Final-AUVC/install/control/lib/python3.12/site-packages/control-0.0.0-py3.12.egg-info\n'}
[20.543863] (control) StdoutLine: {'line': b'running install_scripts\n'}
[20.638267] (-) TimerEvent: {}
[20.741898] (-) TimerEvent: {}
[20.849701] (bringup) CommandEnded: {'returncode': 0}
[20.920247] (-) TimerEvent: {}
[21.012158] (cv) StdoutLine: {'line': b'running egg_info\n'}
[21.020472] (-) TimerEvent: {}
[21.130525] (-) TimerEvent: {}
[21.256387] (bringup) JobEnded: {'identifier': 'bringup', 'rc': 0}
[21.280147] (-) TimerEvent: {}
[21.280632] (gazebo_bluerov2) JobStarted: {'identifier': 'gazebo_bluerov2'}
[21.380373] (-) TimerEvent: {}
[21.450921] (control) StdoutLine: {'line': b'Installing depth_pid script to /home/ngt/ZENS-Final-AUVC/install/control/lib/control\n'}
[21.474416] (gazebo_bluerov2) JobProgress: {'identifier': 'gazebo_bluerov2', 'progress': 'cmake'}
[21.477887] (control) StdoutLine: {'line': b'Installing heading_pid script to /home/ngt/ZENS-Final-AUVC/install/control/lib/control\n'}
[21.478772] (control) StdoutLine: {'line': b'Installing self_arm script to /home/ngt/ZENS-Final-AUVC/install/control/lib/control\n'}
[21.479541] (control) StdoutLine: {'line': b'Installing self_disarm script to /home/ngt/ZENS-Final-AUVC/install/control/lib/control\n'}
[21.503385] (control) StdoutLine: {'line': b"writing list of installed files to '/home/ngt/ZENS-Final-AUVC/build/control/install.log'\n"}
[21.504872] (-) TimerEvent: {}
[21.505389] (gazebo_bluerov2) JobProgress: {'identifier': 'gazebo_bluerov2', 'progress': 'build'}
[21.524497] (gazebo_bluerov2) Command: {'cmd': ['/usr/bin/cmake', '--build', '/home/ngt/ZENS-Final-AUVC/build/gazebo_bluerov2', '--', '-j4', '-l4'], 'cwd': '/home/ngt/ZENS-Final-AUVC/build/gazebo_bluerov2', 'env': OrderedDict({'PYTHON_BASIC_REPL': '1', 'VIRTUALENVWRAPPER_WORKON_CD': '1', 'USER': 'ngt', 'SSH_CLIENT': '192.168.3.1 59167 22', 'WORKON_HOME': '/home/ngt/.virtualenvs', 'GZ_SIM_RESOURCE_PATH': '/opt/ros/jazzy/share', 'GZ_CONFIG_PATH': '/opt/ros/jazzy/opt/gz_sim_vendor/share/gz:/opt/ros/jazzy/opt/sdformat_vendor/share/gz:/opt/ros/jazzy/opt/gz_gui_vendor/share/gz:/opt/ros/jazzy/opt/gz_transport_vendor/share/gz:/opt/ros/jazzy/opt/gz_rendering_vendor/share/gz:/opt/ros/jazzy/opt/gz_plugin_vendor/share/gz:/opt/ros/jazzy/opt/gz_fuel_tools_vendor/share/gz:/opt/ros/jazzy/opt/gz_msgs_vendor/share/gz:/opt/ros/jazzy/opt/gz_common_vendor/share/gz', 'XDG_SESSION_TYPE': 'tty', 'GIT_ASKPASS': '/home/ngt/.vscode-server/cli/servers/Stable-1b6a188127eeaf9194f945eb6eb89a657e93c54c/server/extensions/git/dist/askpass.sh', 'SHLVL': '1', 'BROWSER': '/home/ngt/.vscode-server/cli/servers/Stable-1b6a188127eeaf9194f945eb6eb89a657e93c54c/server/bin/helpers/browser.sh', 'LD_LIBRARY_PATH': '/home/ngt/ZENS-Final-AUVC/install/msgs/lib:/home/ngt/ZENS-Final-AUVC/install/gazebo_bluerov2/lib:/home/ngt/auvc_ws/install/example_custom_srv/lib:/home/ngt/pid_ws/install/target_depth_msgs/lib:/opt/ros/jazzy/opt/gz_sim_vendor/lib:/opt/ros/jazzy/opt/gz_sensors_vendor/lib:/opt/ros/jazzy/opt/gz_physics_vendor/lib:/opt/ros/jazzy/opt/sdformat_vendor/lib:/opt/ros/jazzy/opt/rviz_ogre_vendor/lib:/opt/ros/jazzy/lib/aarch64-linux-gnu:/opt/ros/jazzy/opt/gz_gui_vendor/lib:/opt/ros/jazzy/opt/gz_transport_vendor/lib:/opt/ros/jazzy/opt/gz_rendering_vendor/lib:/opt/ros/jazzy/opt/gz_plugin_vendor/lib:/opt/ros/jazzy/opt/gz_fuel_tools_vendor/lib:/opt/ros/jazzy/opt/gz_msgs_vendor/lib:/opt/ros/jazzy/opt/gz_common_vendor/lib:/opt/ros/jazzy/opt/gz_math_vendor/lib:/opt/ros/jazzy/opt/gz_utils_vendor/lib:/opt/ros/jazzy/opt/gz_tools_vendor/lib:/opt/ros/jazzy/opt/gz_ogre_next_vendor/lib:/opt/ros/jazzy/opt/gz_dartsim_vendor/lib:/opt/ros/jazzy/opt/gz_cmake_vendor/lib:/opt/ros/jazzy/lib', 'GZ_TRANSPORT_ID': '192.168.3.1', 'HOME': '/home/ngt', 'OLDPWD': '/home/ngt', 'LESS': '-R', 'VIRTUALENVWRAPPER_PYTHON': '/usr/bin/python3', 'TERM_PROGRAM_VERSION': '1.130.0', 'VSCODE_IPC_HOOK_CLI': '/run/user/1004/vscode-ipc-ae3df1e9-d8a2-4837-9e51-55dec6bd592e.sock', 'ZSH': '/home/ngt/.oh-my-zsh', 'LSCOLORS': 'Gxfxcxdxbxegedabagacad', 'GZ_TRANSPORT_PUB_PORT': '11345', 'VSCODE_GIT_ASKPASS_MAIN': '/home/ngt/.vscode-server/cli/servers/Stable-1b6a188127eeaf9194f945eb6eb89a657e93c54c/server/extensions/git/dist/askpass-main.js', 'PAGER': 'less', 'ROS_PYTHON_VERSION': '3', 'PS1': '(ardusub) %(?:%{\x1b[01;32m%}%1{➜%} :%{\x1b[01;31m%}%1{➜%} ) %{\x1b[36m%}%c%{\x1b[00m%} $(git_prompt_info)', 'VSCODE_GIT_ASKPASS_NODE': '/home/ngt/.vscode-server/cli/servers/Stable-1b6a188127eeaf9194f945eb6eb89a657e93c54c/server/node', 'DBUS_SESSION_BUS_ADDRESS': 'unix:path=/run/user/1004/bus', 'PYDEVD_DISABLE_FILE_VALIDATION': '1', 'BUNDLED_DEBUGPY_PATH': '/home/ngt/.vscode-server/extensions/ms-python.debugpy-2026.6.0-linux-arm64/bundled/libs/debugpy', 'GZ_TRANSPORT_SUB_PORT': '11346', 'VSCODE_PYTHON_AUTOACTIVATE_GUARD': '1', 'COLORTERM': 'truecolor', 'ROS_DISTRO': 'jazzy', 'COLCON_PREFIX_PATH': '/home/ngt/ZENS-Final-AUVC/install:/home/ngt/cv_ws/install:/home/ngt/pid_ws/install:/home/ngt/auvc_ws/install:/home/ngt/auv_dancing/install', 'LOGNAME': 'ngt', '_': '/home/ngt/.virtualenvs/ardusub/bin/colcon', 'XDG_SESSION_CLASS': 'user', 'USER_ZDOTDIR': '/home/ngt', 'ROS_VERSION': '2', 'XDG_SESSION_ID': '2', 'TERM': 'xterm-256color', 'PATH': '/home/ngt/.virtualenvs/ardusub/bin:/home/ngt/.opencode/bin:/opt/ros/jazzy/opt/gz_msgs_vendor/bin:/opt/ros/jazzy/opt/gz_tools_vendor/bin:/opt/ros/jazzy/opt/gz_ogre_next_vendor/bin:/opt/ros/jazzy/bin:/usr/lib/ccache:/home/ngt/.vscode-server/data/User/globalStorage/github.copilot-chat/debugCommand:/home/ngt/.vscode-server/data/User/globalStorage/github.copilot-chat/copilotCli:/home/ngt/.vscode-server/cli/servers/Stable-1b6a188127eeaf9194f945eb6eb89a657e93c54c/server/bin/remote-cli:/usr/local/sbin:/usr/local/bin:/usr/sbin:/usr/bin:/sbin:/bin:/usr/games:/usr/local/games:/snap/bin:/home/ngt/.vscode-server/extensions/ms-python.debugpy-2026.6.0-linux-arm64/bundled/scripts/noConfigScripts:/home/ngt/.local/bin:/home/ngt/ardupilot/Tools/autotest', 'XDG_RUNTIME_DIR': '/run/user/1004', 'GZ_PARTITION': 'my_sim', 'LANG': 'en_US.UTF-8', 'VSCODE_DEBUGPY_ADAPTER_ENDPOINTS': '/home/ngt/.vscode-server/extensions/ms-python.debugpy-2026.6.0-linux-arm64/.noConfigDebugAdapterEndpoints/endpoint-cac51e27cd8c6882.txt', 'PYTHONSTARTUP': '/home/ngt/.vscode-server/data/User/workspaceStorage/e30aafa2edaaf296b4a11477f6a9b588/ms-python.python/pythonrc.py', 'VSCODE_INJECTION': '1', 'VIRTUAL_ENV_PROMPT': 'ardusub', 'TERM_PROGRAM': 'vscode', 'VSCODE_GIT_IPC_HANDLE': '/run/user/1004/vscode-git-191b257475.sock', 'LS_COLORS': 'rs=0:di=01;34:ln=01;36:mh=00:pi=40;33:so=01;35:do=01;35:bd=40;33;01:cd=40;33;01:or=40;31;01:mi=00:su=37;41:sg=30;43:ca=00:tw=30;42:ow=34;42:st=37;44:ex=01;32:*.tar=01;31:*.tgz=01;31:*.arc=01;31:*.arj=01;31:*.taz=01;31:*.lha=01;31:*.lz4=01;31:*.lzh=01;31:*.lzma=01;31:*.tlz=01;31:*.txz=01;31:*.tzo=01;31:*.t7z=01;31:*.zip=01;31:*.z=01;31:*.dz=01;31:*.gz=01;31:*.lrz=01;31:*.lz=01;31:*.lzo=01;31:*.xz=01;31:*.zst=01;31:*.tzst=01;31:*.bz2=01;31:*.bz=01;31:*.tbz=01;31:*.tbz2=01;31:*.tz=01;31:*.deb=01;31:*.rpm=01;31:*.jar=01;31:*.war=01;31:*.ear=01;31:*.sar=01;31:*.rar=01;31:*.alz=01;31:*.ace=01;31:*.zoo=01;31:*.cpio=01;31:*.7z=01;31:*.rz=01;31:*.cab=01;31:*.wim=01;31:*.swm=01;31:*.dwm=01;31:*.esd=01;31:*.avif=01;35:*.jpg=01;35:*.jpeg=01;35:*.mjpg=01;35:*.mjpeg=01;35:*.gif=01;35:*.bmp=01;35:*.pbm=01;35:*.pgm=01;35:*.ppm=01;35:*.tga=01;35:*.xbm=01;35:*.xpm=01;35:*.tif=01;35:*.tiff=01;35:*.png=01;35:*.svg=01;35:*.svgz=01;35:*.mng=01;35:*.pcx=01;35:*.mov=01;35:*.mpg=01;35:*.mpeg=01;35:*.m2v=01;35:*.mkv=01;35:*.webm=01;35:*.webp=01;35:*.ogm=01;35:*.mp4=01;35:*.m4v=01;35:*.mp4v=01;35:*.vob=01;35:*.qt=01;35:*.nuv=01;35:*.wmv=01;35:*.asf=01;35:*.rm=01;35:*.rmvb=01;35:*.flc=01;35:*.avi=01;35:*.fli=01;35:*.flv=01;35:*.gl=01;35:*.dl=01;35:*.xcf=01;35:*.xwd=01;35:*.yuv=01;35:*.cgm=01;35:*.emf=01;35:*.ogv=01;35:*.ogx=01;35:*.aac=00;36:*.au=00;36:*.flac=00;36:*.m4a=00;36:*.mid=00;36:*.midi=00;36:*.mka=00;36:*.mp3=00;36:*.mpc=00;36:*.ogg=00;36:*.ra=00;36:*.wav=00;36:*.oga=00;36:*.opus=00;36:*.spx=00;36:*.xspf=00;36:*~=00;90:*#=00;90:*.bak=00;90:*.crdownload=00;90:*.dpkg-dist=00;90:*.dpkg-new=00;90:*.dpkg-old=00;90:*.dpkg-tmp=00;90:*.old=00;90:*.orig=00;90:*.part=00;90:*.rej=00;90:*.rpmnew=00;90:*.rpmorig=00;90:*.rpmsave=00;90:*.swp=00;90:*.tmp=00;90:*.ucf-dist=00;90:*.ucf-new=00;90:*.ucf-old=00;90:', 'AMENT_PREFIX_PATH': '/home/ngt/ZENS-Final-AUVC/install/msgs:/home/ngt/ZENS-Final-AUVC/install/hardware:/home/ngt/ZENS-Final-AUVC/install/gazebo_bluerov2:/home/ngt/ZENS-Final-AUVC/install/flashing:/home/ngt/ZENS-Final-AUVC/install/cv:/home/ngt/ZENS-Final-AUVC/install/control:/home/ngt/ZENS-Final-AUVC/install/bringup:/home/ngt/auvc_ws/install/tutorial_virtualenvs:/home/ngt/auvc_ws/install/tutorial_pid:/home/ngt/auvc_ws/install/tutorial_ardusub:/home/ngt/auvc_ws/install/tutorial:/home/ngt/auvc_ws/install/rosmav:/home/ngt/auvc_ws/install/example_custom_srv:/home/ngt/cv_ws/install/cv:/home/ngt/pid_ws/install/target_depth_msgs:/home/ngt/pid_ws/install/pid:/home/ngt/auv_dancing/install/tutorial:/opt/ros/jazzy', 'SHELL': '/usr/bin/zsh', 'VIRTUALENVWRAPPER_PROJECT_FILENAME': '.project', 'VIRTUALENVWRAPPER_HOOK_DIR': '/home/ngt/.virtualenvs', 'VSCODE_GIT_ASKPASS_EXTRA_ARGS': '', 'VIRTUALENVWRAPPER_SCRIPT': '/usr/share/virtualenvwrapper/virtualenvwrapper.sh', 'ROS_AUTOMATIC_DISCOVERY_RANGE': 'SUBNET', 'VIRTUAL_ENV': '/home/ngt/.virtualenvs/ardusub', 'LC_ALL': 'en_US.UTF-8', 'PWD': '/home/ngt/ZENS-Final-AUVC/build/gazebo_bluerov2', 'SSH_CONNECTION': '192.168.3.1 59167 192.168.3.2 22', 'COPILOT_DEBUG_NONCE': 'd6eed4c06bd82aa6cee185ab30fdc4f4', 'ZDOTDIR': '/home/ngt', 'PYTHONPATH': '/home/ngt/ZENS-Final-AUVC/install/msgs/lib/python3.12/site-packages:/home/ngt/ZENS-Final-AUVC/install/hardware/lib/python3.12/site-packages:/home/ngt/ZENS-Final-AUVC/install/flashing/lib/python3.12/site-packages:/home/ngt/ZENS-Final-AUVC/install/cv/lib/python3.12/site-packages:/home/ngt/ZENS-Final-AUVC/install/control/lib/python3.12/site-packages:/home/ngt/ZENS-Final-AUVC/install/bringup/lib/python3.12/site-packages:/home/ngt/auvc_ws/install/tutorial_virtualenvs/lib/python3.12/site-packages:/home/ngt/auvc_ws/install/tutorial_pid/lib/python3.12/site-packages:/home/ngt/auvc_ws/install/tutorial_ardusub/lib/python3.12/site-packages:/home/ngt/auvc_ws/install/tutorial/lib/python3.12/site-packages:/home/ngt/auvc_ws/install/rosmav/lib/python3.12/site-packages:/home/ngt/auvc_ws/install/example_custom_srv/lib/python3.12/site-packages:/home/ngt/cv_ws/install/cv/lib/python3.12/site-packages:/home/ngt/pid_ws/install/target_depth_msgs/lib/python3.12/site-packages:/home/ngt/pid_ws/install/pid/lib/python3.12/site-packages:/home/ngt/auv_dancing/install/tutorial/lib/python3.12/site-packages:/opt/ros/jazzy/lib/python3.12/site-packages', 'COLCON': '1', 'CMAKE_PREFIX_PATH': '/home/ngt/ZENS-Final-AUVC/install/msgs:/home/ngt/ZENS-Final-AUVC/install/gazebo_bluerov2:/home/ngt/auvc_ws/install/example_custom_srv:/home/ngt/pid_ws/install/target_depth_msgs:/opt/ros/jazzy/opt/gz_sim_vendor:/opt/ros/jazzy/opt/gz_sensors_vendor:/opt/ros/jazzy/opt/gz_physics_vendor:/opt/ros/jazzy/opt/sdformat_vendor:/opt/ros/jazzy/opt/gz_gui_vendor:/opt/ros/jazzy/opt/gz_transport_vendor:/opt/ros/jazzy/opt/gz_rendering_vendor:/opt/ros/jazzy/opt/gz_plugin_vendor:/opt/ros/jazzy/opt/gz_fuel_tools_vendor:/opt/ros/jazzy/opt/gz_msgs_vendor:/opt/ros/jazzy/opt/gz_common_vendor:/opt/ros/jazzy/opt/gz_math_vendor:/opt/ros/jazzy/opt/gz_utils_vendor:/opt/ros/jazzy/opt/gz_tools_vendor:/opt/ros/jazzy/opt/gz_ogre_next_vendor:/opt/ros/jazzy/opt/gz_dartsim_vendor:/opt/ros/jazzy/opt/gz_cmake_vendor:/home/ngt/ZENS-Final-AUVC/install/hardware:/home/ngt/ZENS-Final-AUVC/install/flashing:/home/ngt/ZENS-Final-AUVC/install/cv:/home/ngt/ZENS-Final-AUVC/install/control:/home/ngt/ZENS-Final-AUVC/install/bringup:/home/ngt/auvc_ws/install/tutorial_virtualenvs:/home/ngt/auvc_ws/install/tutorial_pid:/home/ngt/auvc_ws/install/tutorial_ardusub:/home/ngt/auvc_ws/install/tutorial:/home/ngt/auvc_ws/install/rosmav:/home/ngt/cv_ws/install/cv:/home/ngt/pid_ws/install/pid:/home/ngt/auv_dancing/install/tutorial:/opt/ros/jazzy'}), 'shell': False}
[21.580040] (cv) StdoutLine: {'line': b'writing ../../../build/cv/cv.egg-info/PKG-INFO\n'}
[21.589905] (cv) StdoutLine: {'line': b'writing dependency_links to ../../../build/cv/cv.egg-info/dependency_links.txt\n'}
[21.593152] (cv) StdoutLine: {'line': b'writing entry points to ../../../build/cv/cv.egg-info/entry_points.txt\n'}
[21.600987] (cv) StdoutLine: {'line': b'writing requirements to ../../../build/cv/cv.egg-info/requires.txt\n'}
[21.601834] (cv) StdoutLine: {'line': b'writing top-level names to ../../../build/cv/cv.egg-info/top_level.txt\n'}
[21.609555] (-) TimerEvent: {}
[21.712889] (-) TimerEvent: {}
[21.813762] (-) TimerEvent: {}
[21.916325] (-) TimerEvent: {}
[22.017997] (-) TimerEvent: {}
[22.026038] (flashing) StdoutLine: {'line': b'running egg_info\n'}
[22.128340] (-) TimerEvent: {}
[22.156184] (control) CommandEnded: {'returncode': 0}
[22.238800] (-) TimerEvent: {}
[22.344166] (-) TimerEvent: {}
[22.406920] (control) JobEnded: {'identifier': 'control', 'rc': 0}
[22.420621] (hardware) JobStarted: {'identifier': 'hardware'}
[22.447899] (-) TimerEvent: {}
[22.495223] (flashing) StdoutLine: {'line': b'writing ../../../build/flashing/flashing.egg-info/PKG-INFO\n'}
[22.507137] (flashing) StdoutLine: {'line': b'writing dependency_links to ../../../build/flashing/flashing.egg-info/dependency_links.txt\n'}
[22.533099] (flashing) StdoutLine: {'line': b'writing entry points to ../../../build/flashing/flashing.egg-info/entry_points.txt\n'}
[22.534004] (flashing) StdoutLine: {'line': b'writing requirements to ../../../build/flashing/flashing.egg-info/requires.txt\n'}
[22.534598] (flashing) StdoutLine: {'line': b'writing top-level names to ../../../build/flashing/flashing.egg-info/top_level.txt\n'}
[22.569803] (-) TimerEvent: {}
[22.600875] (cv) StdoutLine: {'line': b"reading manifest file '../../../build/cv/cv.egg-info/SOURCES.txt'\n"}
[22.609928] (cv) StdoutLine: {'line': b"writing manifest file '../../../build/cv/cv.egg-info/SOURCES.txt'\n"}
[22.616572] (cv) StdoutLine: {'line': b'running build\n'}
[22.630525] (cv) StdoutLine: {'line': b'running build_py\n'}
[22.631289] (cv) StdoutLine: {'line': b'copying cv/detector.py -> /home/ngt/ZENS-Final-AUVC/build/cv/build/lib/cv\n'}
[22.631948] (cv) StdoutLine: {'line': b'copying cv/visualizer.py -> /home/ngt/ZENS-Final-AUVC/build/cv/build/lib/cv\n'}
[22.632522] (cv) StdoutLine: {'line': b'copying cv/video_logger.py -> /home/ngt/ZENS-Final-AUVC/build/cv/build/lib/cv\n'}
[22.644431] (cv) StdoutLine: {'line': b'copying cv/__init__.py -> /home/ngt/ZENS-Final-AUVC/build/cv/build/lib/cv\n'}
[22.645365] (cv) StdoutLine: {'line': b'copying cv/camera.py -> /home/ngt/ZENS-Final-AUVC/build/cv/build/lib/cv\n'}
[22.646257] (cv) StdoutLine: {'line': b'copying cv/nodes/tag_heading_node.py -> /home/ngt/ZENS-Final-AUVC/build/cv/build/lib/cv/nodes\n'}
[22.655044] (cv) StdoutLine: {'line': b'copying cv/nodes/image_saver_node.py -> /home/ngt/ZENS-Final-AUVC/build/cv/build/lib/cv/nodes\n'}
[22.663951] (cv) StdoutLine: {'line': b'copying cv/nodes/fake_camera_node.py -> /home/ngt/ZENS-Final-AUVC/build/cv/build/lib/cv/nodes\n'}
[22.669242] (cv) StdoutLine: {'line': b'copying cv/nodes/__init__.py -> /home/ngt/ZENS-Final-AUVC/build/cv/build/lib/cv/nodes\n'}
[22.670101] (-) TimerEvent: {}
[22.679704] (cv) StdoutLine: {'line': b'copying cv/nodes/detector_node.py -> /home/ngt/ZENS-Final-AUVC/build/cv/build/lib/cv/nodes\n'}
[22.680468] (cv) StdoutLine: {'line': b'copying cv/scripts/detect_from_image.py -> /home/ngt/ZENS-Final-AUVC/build/cv/build/lib/cv/scripts\n'}
[22.693061] (cv) StdoutLine: {'line': b'copying cv/scripts/calibrate_camera.py -> /home/ngt/ZENS-Final-AUVC/build/cv/build/lib/cv/scripts\n'}
[22.693932] (gazebo_bluerov2) StdoutLine: {'line': b'[ 33%] Built target stream_camera\n'}
[22.694929] (cv) StdoutLine: {'line': b'copying cv/scripts/__init__.py -> /home/ngt/ZENS-Final-AUVC/build/cv/build/lib/cv/scripts\n'}
[22.700951] (cv) StdoutLine: {'line': b'running install\n'}
[22.745047] (cv) StdoutLine: {'line': b'running install_lib\n'}
[22.772185] (-) TimerEvent: {}
[22.807010] (gazebo_bluerov2) StdoutLine: {'line': b'[ 66%] Built target PressureSensor\n'}
[22.876890] (-) TimerEvent: {}
[22.957984] (flashing) StdoutLine: {'line': b"reading manifest file '../../../build/flashing/flashing.egg-info/SOURCES.txt'\n"}
[22.975280] (flashing) StdoutLine: {'line': b"writing manifest file '../../../build/flashing/flashing.egg-info/SOURCES.txt'\n"}
[22.976188] (flashing) StdoutLine: {'line': b'running build\n'}
[22.976840] (flashing) StdoutLine: {'line': b'running build_py\n'}
[22.977403] (-) TimerEvent: {}
[22.991212] (flashing) StdoutLine: {'line': b'copying flashing/flashing_node.py -> /home/ngt/ZENS-Final-AUVC/build/flashing/build/lib/flashing\n'}
[22.991998] (flashing) StdoutLine: {'line': b'copying flashing/__init__.py -> /home/ngt/ZENS-Final-AUVC/build/flashing/build/lib/flashing\n'}
[22.992636] (flashing) StdoutLine: {'line': b'running install\n'}
[23.054870] (flashing) StdoutLine: {'line': b'running install_lib\n'}
[23.077615] (-) TimerEvent: {}
[23.194243] (flashing) StdoutLine: {'line': b'running install_data\n'}
[23.195149] (-) TimerEvent: {}
[23.195745] (flashing) StdoutLine: {'line': b'copying resource/flashing -> /home/ngt/ZENS-Final-AUVC/install/flashing/share/ament_index/resource_index/packages\n'}
[23.196380] (flashing) StdoutLine: {'line': b'copying package.xml -> /home/ngt/ZENS-Final-AUVC/install/flashing/share/flashing\n'}
[23.199247] (flashing) StdoutLine: {'line': b'running install_egg_info\n'}
[23.236887] (gazebo_bluerov2) StdoutLine: {'line': b'[100%] Built target PressureSensorSystem\n'}
[23.238583] (cv) StdoutLine: {'line': b'running install_data\n'}
[23.245156] (cv) StdoutLine: {'line': b'copying resource/cv -> /home/ngt/ZENS-Final-AUVC/install/cv/share/ament_index/resource_index/packages\n'}
[23.253443] (cv) StdoutLine: {'line': b'copying package.xml -> /home/ngt/ZENS-Final-AUVC/install/cv/share/cv\n'}
[23.271240] (cv) StdoutLine: {'line': b'copying launch/test_detection.launch.py -> /home/ngt/ZENS-Final-AUVC/install/cv/share/cv/launch\n'}
[23.278242] (cv) StdoutLine: {'line': b'copying launch/detection.launch.py -> /home/ngt/ZENS-Final-AUVC/install/cv/share/cv/launch\n'}
[23.280843] (cv) StdoutLine: {'line': b'copying launch/tag_heading.launch.py -> /home/ngt/ZENS-Final-AUVC/install/cv/share/cv/launch\n'}
[23.290024] (cv) StdoutLine: {'line': b'copying config/camera_info.yaml -> /home/ngt/ZENS-Final-AUVC/install/cv/share/cv/config\n'}
[23.304933] (-) TimerEvent: {}
[23.307536] (cv) StdoutLine: {'line': b'copying config/detector_params.yaml -> /home/ngt/ZENS-Final-AUVC/install/cv/share/cv/config\n'}
[23.310658] (cv) StdoutLine: {'line': b'running install_egg_info\n'}
[23.371535] (flashing) StdoutLine: {'line': b"removing '/home/ngt/ZENS-Final-AUVC/install/flashing/lib/python3.12/site-packages/flashing-0.0.0-py3.12.egg-info' (and everything under it)\n"}
[23.393872] (flashing) StdoutLine: {'line': b'Copying ../../../build/flashing/flashing.egg-info to /home/ngt/ZENS-Final-AUVC/install/flashing/lib/python3.12/site-packages/flashing-0.0.0-py3.12.egg-info\n'}
[23.405273] (-) TimerEvent: {}
[23.440444] (flashing) StdoutLine: {'line': b'running install_scripts\n'}
[23.510906] (-) TimerEvent: {}
[23.611758] (-) TimerEvent: {}
[23.709998] (cv) StdoutLine: {'line': b"removing '/home/ngt/ZENS-Final-AUVC/install/cv/lib/python3.12/site-packages/cv-0.0.0-py3.12.egg-info' (and everything under it)\n"}
[23.713908] (-) TimerEvent: {}
[23.722880] (cv) StdoutLine: {'line': b'Copying ../../../build/cv/cv.egg-info to /home/ngt/ZENS-Final-AUVC/install/cv/lib/python3.12/site-packages/cv-0.0.0-py3.12.egg-info\n'}
[23.748905] (cv) StdoutLine: {'line': b'running install_scripts\n'}
[23.814145] (-) TimerEvent: {}
[23.925880] (-) TimerEvent: {}
[24.029901] (-) TimerEvent: {}
[24.106819] (flashing) StdoutLine: {'line': b'Installing flashing_node script to /home/ngt/ZENS-Final-AUVC/install/flashing/lib/flashing\n'}
[24.126332] (flashing) StdoutLine: {'line': b"writing list of installed files to '/home/ngt/ZENS-Final-AUVC/build/flashing/install.log'\n"}
[24.135986] (-) TimerEvent: {}
[24.240944] (-) TimerEvent: {}
[24.317921] (cv) StdoutLine: {'line': b'Installing apriltag_detector_node script to /home/ngt/ZENS-Final-AUVC/install/cv/lib/cv\n'}
[24.329737] (cv) StdoutLine: {'line': b'Installing calibrate_camera script to /home/ngt/ZENS-Final-AUVC/install/cv/lib/cv\n'}
[24.344008] (cv) StdoutLine: {'line': b'Installing detect_from_image script to /home/ngt/ZENS-Final-AUVC/install/cv/lib/cv\n'}
[24.346496] (-) TimerEvent: {}
[24.347137] (cv) StdoutLine: {'line': b'Installing fake_camera_node script to /home/ngt/ZENS-Final-AUVC/install/cv/lib/cv\n'}
[24.355274] (cv) StdoutLine: {'line': b'Installing image_saver_node script to /home/ngt/ZENS-Final-AUVC/install/cv/lib/cv\n'}
[24.366070] (cv) StdoutLine: {'line': b'Installing tag_heading_node script to /home/ngt/ZENS-Final-AUVC/install/cv/lib/cv\n'}
[24.377883] (cv) StdoutLine: {'line': b"writing list of installed files to '/home/ngt/ZENS-Final-AUVC/build/cv/install.log'\n"}
[24.447927] (-) TimerEvent: {}
[24.555944] (-) TimerEvent: {}
[24.656909] (-) TimerEvent: {}
[24.757912] (-) TimerEvent: {}
[24.858756] (-) TimerEvent: {}
[24.961962] (-) TimerEvent: {}
[25.313985] (-) TimerEvent: {}
[25.415010] (-) TimerEvent: {}
[25.452142] (gazebo_bluerov2) CommandEnded: {'returncode': 0}
[25.460386] (gazebo_bluerov2) JobProgress: {'identifier': 'gazebo_bluerov2', 'progress': 'install'}
[25.515229] (-) TimerEvent: {}
[25.618911] (-) TimerEvent: {}
[26.080170] (gazebo_bluerov2) Command: {'cmd': ['/usr/bin/cmake', '--install', '/home/ngt/ZENS-Final-AUVC/build/gazebo_bluerov2'], 'cwd': '/home/ngt/ZENS-Final-AUVC/build/gazebo_bluerov2', 'env': OrderedDict({'PYTHON_BASIC_REPL': '1', 'VIRTUALENVWRAPPER_WORKON_CD': '1', 'USER': 'ngt', 'SSH_CLIENT': '192.168.3.1 59167 22', 'WORKON_HOME': '/home/ngt/.virtualenvs', 'GZ_SIM_RESOURCE_PATH': '/opt/ros/jazzy/share', 'GZ_CONFIG_PATH': '/opt/ros/jazzy/opt/gz_sim_vendor/share/gz:/opt/ros/jazzy/opt/sdformat_vendor/share/gz:/opt/ros/jazzy/opt/gz_gui_vendor/share/gz:/opt/ros/jazzy/opt/gz_transport_vendor/share/gz:/opt/ros/jazzy/opt/gz_rendering_vendor/share/gz:/opt/ros/jazzy/opt/gz_plugin_vendor/share/gz:/opt/ros/jazzy/opt/gz_fuel_tools_vendor/share/gz:/opt/ros/jazzy/opt/gz_msgs_vendor/share/gz:/opt/ros/jazzy/opt/gz_common_vendor/share/gz', 'XDG_SESSION_TYPE': 'tty', 'GIT_ASKPASS': '/home/ngt/.vscode-server/cli/servers/Stable-1b6a188127eeaf9194f945eb6eb89a657e93c54c/server/extensions/git/dist/askpass.sh', 'SHLVL': '1', 'BROWSER': '/home/ngt/.vscode-server/cli/servers/Stable-1b6a188127eeaf9194f945eb6eb89a657e93c54c/server/bin/helpers/browser.sh', 'LD_LIBRARY_PATH': '/home/ngt/ZENS-Final-AUVC/install/msgs/lib:/home/ngt/ZENS-Final-AUVC/install/gazebo_bluerov2/lib:/home/ngt/auvc_ws/install/example_custom_srv/lib:/home/ngt/pid_ws/install/target_depth_msgs/lib:/opt/ros/jazzy/opt/gz_sim_vendor/lib:/opt/ros/jazzy/opt/gz_sensors_vendor/lib:/opt/ros/jazzy/opt/gz_physics_vendor/lib:/opt/ros/jazzy/opt/sdformat_vendor/lib:/opt/ros/jazzy/opt/rviz_ogre_vendor/lib:/opt/ros/jazzy/lib/aarch64-linux-gnu:/opt/ros/jazzy/opt/gz_gui_vendor/lib:/opt/ros/jazzy/opt/gz_transport_vendor/lib:/opt/ros/jazzy/opt/gz_rendering_vendor/lib:/opt/ros/jazzy/opt/gz_plugin_vendor/lib:/opt/ros/jazzy/opt/gz_fuel_tools_vendor/lib:/opt/ros/jazzy/opt/gz_msgs_vendor/lib:/opt/ros/jazzy/opt/gz_common_vendor/lib:/opt/ros/jazzy/opt/gz_math_vendor/lib:/opt/ros/jazzy/opt/gz_utils_vendor/lib:/opt/ros/jazzy/opt/gz_tools_vendor/lib:/opt/ros/jazzy/opt/gz_ogre_next_vendor/lib:/opt/ros/jazzy/opt/gz_dartsim_vendor/lib:/opt/ros/jazzy/opt/gz_cmake_vendor/lib:/opt/ros/jazzy/lib', 'GZ_TRANSPORT_ID': '192.168.3.1', 'HOME': '/home/ngt', 'OLDPWD': '/home/ngt', 'LESS': '-R', 'VIRTUALENVWRAPPER_PYTHON': '/usr/bin/python3', 'TERM_PROGRAM_VERSION': '1.130.0', 'VSCODE_IPC_HOOK_CLI': '/run/user/1004/vscode-ipc-ae3df1e9-d8a2-4837-9e51-55dec6bd592e.sock', 'ZSH': '/home/ngt/.oh-my-zsh', 'LSCOLORS': 'Gxfxcxdxbxegedabagacad', 'GZ_TRANSPORT_PUB_PORT': '11345', 'VSCODE_GIT_ASKPASS_MAIN': '/home/ngt/.vscode-server/cli/servers/Stable-1b6a188127eeaf9194f945eb6eb89a657e93c54c/server/extensions/git/dist/askpass-main.js', 'PAGER': 'less', 'ROS_PYTHON_VERSION': '3', 'PS1': '(ardusub) %(?:%{\x1b[01;32m%}%1{➜%} :%{\x1b[01;31m%}%1{➜%} ) %{\x1b[36m%}%c%{\x1b[00m%} $(git_prompt_info)', 'VSCODE_GIT_ASKPASS_NODE': '/home/ngt/.vscode-server/cli/servers/Stable-1b6a188127eeaf9194f945eb6eb89a657e93c54c/server/node', 'DBUS_SESSION_BUS_ADDRESS': 'unix:path=/run/user/1004/bus', 'PYDEVD_DISABLE_FILE_VALIDATION': '1', 'BUNDLED_DEBUGPY_PATH': '/home/ngt/.vscode-server/extensions/ms-python.debugpy-2026.6.0-linux-arm64/bundled/libs/debugpy', 'GZ_TRANSPORT_SUB_PORT': '11346', 'VSCODE_PYTHON_AUTOACTIVATE_GUARD': '1', 'COLORTERM': 'truecolor', 'ROS_DISTRO': 'jazzy', 'COLCON_PREFIX_PATH': '/home/ngt/ZENS-Final-AUVC/install:/home/ngt/cv_ws/install:/home/ngt/pid_ws/install:/home/ngt/auvc_ws/install:/home/ngt/auv_dancing/install', 'LOGNAME': 'ngt', '_': '/home/ngt/.virtualenvs/ardusub/bin/colcon', 'XDG_SESSION_CLASS': 'user', 'USER_ZDOTDIR': '/home/ngt', 'ROS_VERSION': '2', 'XDG_SESSION_ID': '2', 'TERM': 'xterm-256color', 'PATH': '/home/ngt/.virtualenvs/ardusub/bin:/home/ngt/.opencode/bin:/opt/ros/jazzy/opt/gz_msgs_vendor/bin:/opt/ros/jazzy/opt/gz_tools_vendor/bin:/opt/ros/jazzy/opt/gz_ogre_next_vendor/bin:/opt/ros/jazzy/bin:/usr/lib/ccache:/home/ngt/.vscode-server/data/User/globalStorage/github.copilot-chat/debugCommand:/home/ngt/.vscode-server/data/User/globalStorage/github.copilot-chat/copilotCli:/home/ngt/.vscode-server/cli/servers/Stable-1b6a188127eeaf9194f945eb6eb89a657e93c54c/server/bin/remote-cli:/usr/local/sbin:/usr/local/bin:/usr/sbin:/usr/bin:/sbin:/bin:/usr/games:/usr/local/games:/snap/bin:/home/ngt/.vscode-server/extensions/ms-python.debugpy-2026.6.0-linux-arm64/bundled/scripts/noConfigScripts:/home/ngt/.local/bin:/home/ngt/ardupilot/Tools/autotest', 'XDG_RUNTIME_DIR': '/run/user/1004', 'GZ_PARTITION': 'my_sim', 'LANG': 'en_US.UTF-8', 'VSCODE_DEBUGPY_ADAPTER_ENDPOINTS': '/home/ngt/.vscode-server/extensions/ms-python.debugpy-2026.6.0-linux-arm64/.noConfigDebugAdapterEndpoints/endpoint-cac51e27cd8c6882.txt', 'PYTHONSTARTUP': '/home/ngt/.vscode-server/data/User/workspaceStorage/e30aafa2edaaf296b4a11477f6a9b588/ms-python.python/pythonrc.py', 'VSCODE_INJECTION': '1', 'VIRTUAL_ENV_PROMPT': 'ardusub', 'TERM_PROGRAM': 'vscode', 'VSCODE_GIT_IPC_HANDLE': '/run/user/1004/vscode-git-191b257475.sock', 'LS_COLORS': 'rs=0:di=01;34:ln=01;36:mh=00:pi=40;33:so=01;35:do=01;35:bd=40;33;01:cd=40;33;01:or=40;31;01:mi=00:su=37;41:sg=30;43:ca=00:tw=30;42:ow=34;42:st=37;44:ex=01;32:*.tar=01;31:*.tgz=01;31:*.arc=01;31:*.arj=01;31:*.taz=01;31:*.lha=01;31:*.lz4=01;31:*.lzh=01;31:*.lzma=01;31:*.tlz=01;31:*.txz=01;31:*.tzo=01;31:*.t7z=01;31:*.zip=01;31:*.z=01;31:*.dz=01;31:*.gz=01;31:*.lrz=01;31:*.lz=01;31:*.lzo=01;31:*.xz=01;31:*.zst=01;31:*.tzst=01;31:*.bz2=01;31:*.bz=01;31:*.tbz=01;31:*.tbz2=01;31:*.tz=01;31:*.deb=01;31:*.rpm=01;31:*.jar=01;31:*.war=01;31:*.ear=01;31:*.sar=01;31:*.rar=01;31:*.alz=01;31:*.ace=01;31:*.zoo=01;31:*.cpio=01;31:*.7z=01;31:*.rz=01;31:*.cab=01;31:*.wim=01;31:*.swm=01;31:*.dwm=01;31:*.esd=01;31:*.avif=01;35:*.jpg=01;35:*.jpeg=01;35:*.mjpg=01;35:*.mjpeg=01;35:*.gif=01;35:*.bmp=01;35:*.pbm=01;35:*.pgm=01;35:*.ppm=01;35:*.tga=01;35:*.xbm=01;35:*.xpm=01;35:*.tif=01;35:*.tiff=01;35:*.png=01;35:*.svg=01;35:*.svgz=01;35:*.mng=01;35:*.pcx=01;35:*.mov=01;35:*.mpg=01;35:*.mpeg=01;35:*.m2v=01;35:*.mkv=01;35:*.webm=01;35:*.webp=01;35:*.ogm=01;35:*.mp4=01;35:*.m4v=01;35:*.mp4v=01;35:*.vob=01;35:*.qt=01;35:*.nuv=01;35:*.wmv=01;35:*.asf=01;35:*.rm=01;35:*.rmvb=01;35:*.flc=01;35:*.avi=01;35:*.fli=01;35:*.flv=01;35:*.gl=01;35:*.dl=01;35:*.xcf=01;35:*.xwd=01;35:*.yuv=01;35:*.cgm=01;35:*.emf=01;35:*.ogv=01;35:*.ogx=01;35:*.aac=00;36:*.au=00;36:*.flac=00;36:*.m4a=00;36:*.mid=00;36:*.midi=00;36:*.mka=00;36:*.mp3=00;36:*.mpc=00;36:*.ogg=00;36:*.ra=00;36:*.wav=00;36:*.oga=00;36:*.opus=00;36:*.spx=00;36:*.xspf=00;36:*~=00;90:*#=00;90:*.bak=00;90:*.crdownload=00;90:*.dpkg-dist=00;90:*.dpkg-new=00;90:*.dpkg-old=00;90:*.dpkg-tmp=00;90:*.old=00;90:*.orig=00;90:*.part=00;90:*.rej=00;90:*.rpmnew=00;90:*.rpmorig=00;90:*.rpmsave=00;90:*.swp=00;90:*.tmp=00;90:*.ucf-dist=00;90:*.ucf-new=00;90:*.ucf-old=00;90:', 'AMENT_PREFIX_PATH': '/home/ngt/ZENS-Final-AUVC/install/msgs:/home/ngt/ZENS-Final-AUVC/install/hardware:/home/ngt/ZENS-Final-AUVC/install/gazebo_bluerov2:/home/ngt/ZENS-Final-AUVC/install/flashing:/home/ngt/ZENS-Final-AUVC/install/cv:/home/ngt/ZENS-Final-AUVC/install/control:/home/ngt/ZENS-Final-AUVC/install/bringup:/home/ngt/auvc_ws/install/tutorial_virtualenvs:/home/ngt/auvc_ws/install/tutorial_pid:/home/ngt/auvc_ws/install/tutorial_ardusub:/home/ngt/auvc_ws/install/tutorial:/home/ngt/auvc_ws/install/rosmav:/home/ngt/auvc_ws/install/example_custom_srv:/home/ngt/cv_ws/install/cv:/home/ngt/pid_ws/install/target_depth_msgs:/home/ngt/pid_ws/install/pid:/home/ngt/auv_dancing/install/tutorial:/opt/ros/jazzy', 'SHELL': '/usr/bin/zsh', 'VIRTUALENVWRAPPER_PROJECT_FILENAME': '.project', 'VIRTUALENVWRAPPER_HOOK_DIR': '/home/ngt/.virtualenvs', 'VSCODE_GIT_ASKPASS_EXTRA_ARGS': '', 'VIRTUALENVWRAPPER_SCRIPT': '/usr/share/virtualenvwrapper/virtualenvwrapper.sh', 'ROS_AUTOMATIC_DISCOVERY_RANGE': 'SUBNET', 'VIRTUAL_ENV': '/home/ngt/.virtualenvs/ardusub', 'LC_ALL': 'en_US.UTF-8', 'PWD': '/home/ngt/ZENS-Final-AUVC/build/gazebo_bluerov2', 'SSH_CONNECTION': '192.168.3.1 59167 192.168.3.2 22', 'COPILOT_DEBUG_NONCE': 'd6eed4c06bd82aa6cee185ab30fdc4f4', 'ZDOTDIR': '/home/ngt', 'PYTHONPATH': '/home/ngt/ZENS-Final-AUVC/install/msgs/lib/python3.12/site-packages:/home/ngt/ZENS-Final-AUVC/install/hardware/lib/python3.12/site-packages:/home/ngt/ZENS-Final-AUVC/install/flashing/lib/python3.12/site-packages:/home/ngt/ZENS-Final-AUVC/install/cv/lib/python3.12/site-packages:/home/ngt/ZENS-Final-AUVC/install/control/lib/python3.12/site-packages:/home/ngt/ZENS-Final-AUVC/install/bringup/lib/python3.12/site-packages:/home/ngt/auvc_ws/install/tutorial_virtualenvs/lib/python3.12/site-packages:/home/ngt/auvc_ws/install/tutorial_pid/lib/python3.12/site-packages:/home/ngt/auvc_ws/install/tutorial_ardusub/lib/python3.12/site-packages:/home/ngt/auvc_ws/install/tutorial/lib/python3.12/site-packages:/home/ngt/auvc_ws/install/rosmav/lib/python3.12/site-packages:/home/ngt/auvc_ws/install/example_custom_srv/lib/python3.12/site-packages:/home/ngt/cv_ws/install/cv/lib/python3.12/site-packages:/home/ngt/pid_ws/install/target_depth_msgs/lib/python3.12/site-packages:/home/ngt/pid_ws/install/pid/lib/python3.12/site-packages:/home/ngt/auv_dancing/install/tutorial/lib/python3.12/site-packages:/opt/ros/jazzy/lib/python3.12/site-packages', 'COLCON': '1', 'CMAKE_PREFIX_PATH': '/home/ngt/ZENS-Final-AUVC/install/msgs:/home/ngt/ZENS-Final-AUVC/install/gazebo_bluerov2:/home/ngt/auvc_ws/install/example_custom_srv:/home/ngt/pid_ws/install/target_depth_msgs:/opt/ros/jazzy/opt/gz_sim_vendor:/opt/ros/jazzy/opt/gz_sensors_vendor:/opt/ros/jazzy/opt/gz_physics_vendor:/opt/ros/jazzy/opt/sdformat_vendor:/opt/ros/jazzy/opt/gz_gui_vendor:/opt/ros/jazzy/opt/gz_transport_vendor:/opt/ros/jazzy/opt/gz_rendering_vendor:/opt/ros/jazzy/opt/gz_plugin_vendor:/opt/ros/jazzy/opt/gz_fuel_tools_vendor:/opt/ros/jazzy/opt/gz_msgs_vendor:/opt/ros/jazzy/opt/gz_common_vendor:/opt/ros/jazzy/opt/gz_math_vendor:/opt/ros/jazzy/opt/gz_utils_vendor:/opt/ros/jazzy/opt/gz_tools_vendor:/opt/ros/jazzy/opt/gz_ogre_next_vendor:/opt/ros/jazzy/opt/gz_dartsim_vendor:/opt/ros/jazzy/opt/gz_cmake_vendor:/home/ngt/ZENS-Final-AUVC/install/hardware:/home/ngt/ZENS-Final-AUVC/install/flashing:/home/ngt/ZENS-Final-AUVC/install/cv:/home/ngt/ZENS-Final-AUVC/install/control:/home/ngt/ZENS-Final-AUVC/install/bringup:/home/ngt/auvc_ws/install/tutorial_virtualenvs:/home/ngt/auvc_ws/install/tutorial_pid:/home/ngt/auvc_ws/install/tutorial_ardusub:/home/ngt/auvc_ws/install/tutorial:/home/ngt/auvc_ws/install/rosmav:/home/ngt/cv_ws/install/cv:/home/ngt/pid_ws/install/pid:/home/ngt/auv_dancing/install/tutorial:/opt/ros/jazzy'}), 'shell': False}
[26.089594] (-) TimerEvent: {}
[26.090213] (flashing) CommandEnded: {'returncode': 0}
[26.189931] (-) TimerEvent: {}
[26.303044] (flashing) JobEnded: {'identifier': 'flashing', 'rc': 0}
[26.323562] (-) TimerEvent: {}
[26.332262] (msgs) JobStarted: {'identifier': 'msgs'}
[26.342131] (gazebo_bluerov2) StdoutLine: {'line': b'-- Install configuration: ""\n'}
[26.342935] (gazebo_bluerov2) StdoutLine: {'line': b'-- Up-to-date: /home/ngt/ZENS-Final-AUVC/install/gazebo_bluerov2/share/gazebo_bluerov2/models\n'}
[26.343640] (gazebo_bluerov2) StdoutLine: {'line': b'-- Up-to-date: /home/ngt/ZENS-Final-AUVC/install/gazebo_bluerov2/share/gazebo_bluerov2/models/sand_heightmap\n'}
[26.344391] (gazebo_bluerov2) StdoutLine: {'line': b'-- Up-to-date: /home/ngt/ZENS-Final-AUVC/install/gazebo_bluerov2/share/gazebo_bluerov2/models/sand_heightmap/model.sdf\n'}
[26.358158] (gazebo_bluerov2) StdoutLine: {'line': b'-- Up-to-date: /home/ngt/ZENS-Final-AUVC/install/gazebo_bluerov2/share/gazebo_bluerov2/models/sand_heightmap/materials\n'}
[26.363852] (gazebo_bluerov2) StdoutLine: {'line': b'-- Up-to-date: /home/ngt/ZENS-Final-AUVC/install/gazebo_bluerov2/share/gazebo_bluerov2/models/sand_heightmap/materials/flat_normal.png\n'}
[26.364540] (gazebo_bluerov2) StdoutLine: {'line': b'-- Up-to-date: /home/ngt/ZENS-Final-AUVC/install/gazebo_bluerov2/share/gazebo_bluerov2/models/sand_heightmap/materials/soil_sand_0045_01.jpg\n'}
[26.373536] (gazebo_bluerov2) StdoutLine: {'line': b'-- Up-to-date: /home/ngt/ZENS-Final-AUVC/install/gazebo_bluerov2/share/gazebo_bluerov2/models/sand_heightmap/meshes\n'}
[26.377180] (gazebo_bluerov2) StdoutLine: {'line': b'-- Up-to-date: /home/ngt/ZENS-Final-AUVC/install/gazebo_bluerov2/share/gazebo_bluerov2/models/sand_heightmap/meshes/License and source for textures.txt\n'}
[26.386505] (gazebo_bluerov2) StdoutLine: {'line': b'-- Up-to-date: /home/ngt/ZENS-Final-AUVC/install/gazebo_bluerov2/share/gazebo_bluerov2/models/sand_heightmap/meshes/sandseabed.dae\n'}
[26.396353] (gazebo_bluerov2) StdoutLine: {'line': b'-- Up-to-date: /home/ngt/ZENS-Final-AUVC/install/gazebo_bluerov2/share/gazebo_bluerov2/models/sand_heightmap/meshes/heightmap.dae\n'}
[26.409115] (gazebo_bluerov2) StdoutLine: {'line': b'-- Up-to-date: /home/ngt/ZENS-Final-AUVC/install/gazebo_bluerov2/share/gazebo_bluerov2/models/sand_heightmap/meshes/soil_sand_0045_01.jpg\n'}
[26.409891] (gazebo_bluerov2) StdoutLine: {'line': b'-- Up-to-date: /home/ngt/ZENS-Final-AUVC/install/gazebo_bluerov2/share/gazebo_bluerov2/models/sand_heightmap/model.config\n'}
[26.414068] (gazebo_bluerov2) StdoutLine: {'line': b'-- Up-to-date: /home/ngt/ZENS-Final-AUVC/install/gazebo_bluerov2/share/gazebo_bluerov2/models/Apriltag36_11_00001\n'}
[26.420342] (gazebo_bluerov2) StdoutLine: {'line': b'-- Up-to-date: /home/ngt/ZENS-Final-AUVC/install/gazebo_bluerov2/share/gazebo_bluerov2/models/Apriltag36_11_00001/model.sdf\n'}
[26.428149] (-) TimerEvent: {}
[26.428915] (gazebo_bluerov2) StdoutLine: {'line': b'-- Up-to-date: /home/ngt/ZENS-Final-AUVC/install/gazebo_bluerov2/share/gazebo_bluerov2/models/Apriltag36_11_00001/materials\n'}
[26.429674] (gazebo_bluerov2) StdoutLine: {'line': b'-- Up-to-date: /home/ngt/ZENS-Final-AUVC/install/gazebo_bluerov2/share/gazebo_bluerov2/models/Apriltag36_11_00001/materials/textures\n'}
[26.430324] (gazebo_bluerov2) StdoutLine: {'line': b'-- Up-to-date: /home/ngt/ZENS-Final-AUVC/install/gazebo_bluerov2/share/gazebo_bluerov2/models/Apriltag36_11_00001/materials/textures/tag36_11_00001.png\n'}
[26.442060] (gazebo_bluerov2) StdoutLine: {'line': b'-- Up-to-date: /home/ngt/ZENS-Final-AUVC/install/gazebo_bluerov2/share/gazebo_bluerov2/models/Apriltag36_11_00001/materials/scripts\n'}
[26.442906] (gazebo_bluerov2) StdoutLine: {'line': b'-- Up-to-date: /home/ngt/ZENS-Final-AUVC/install/gazebo_bluerov2/share/gazebo_bluerov2/models/Apriltag36_11_00001/materials/scripts/Apriltag.material\n'}
[26.443484] (gazebo_bluerov2) StdoutLine: {'line': b'-- Up-to-date: /home/ngt/ZENS-Final-AUVC/install/gazebo_bluerov2/share/gazebo_bluerov2/models/Apriltag36_11_00001/model.config\n'}
[26.444131] (gazebo_bluerov2) StdoutLine: {'line': b'-- Up-to-date: /home/ngt/ZENS-Final-AUVC/install/gazebo_bluerov2/share/gazebo_bluerov2/models/axes\n'}
[26.444693] (gazebo_bluerov2) StdoutLine: {'line': b'-- Up-to-date: /home/ngt/ZENS-Final-AUVC/install/gazebo_bluerov2/share/gazebo_bluerov2/models/axes/model.sdf\n'}
[26.451539] (gazebo_bluerov2) StdoutLine: {'line': b'-- Up-to-date: /home/ngt/ZENS-Final-AUVC/install/gazebo_bluerov2/share/gazebo_bluerov2/models/axes/model.config\n'}
[26.452216] (gazebo_bluerov2) StdoutLine: {'line': b'-- Up-to-date: /home/ngt/ZENS-Final-AUVC/install/gazebo_bluerov2/share/gazebo_bluerov2/models/Apriltag36_11_00004\n'}
[26.473144] (gazebo_bluerov2) StdoutLine: {'line': b'-- Up-to-date: /home/ngt/ZENS-Final-AUVC/install/gazebo_bluerov2/share/gazebo_bluerov2/models/Apriltag36_11_00004/model.sdf\n'}
[26.473967] (gazebo_bluerov2) StdoutLine: {'line': b'-- Up-to-date: /home/ngt/ZENS-Final-AUVC/install/gazebo_bluerov2/share/gazebo_bluerov2/models/Apriltag36_11_00004/materials\n'}
[26.474679] (gazebo_bluerov2) StdoutLine: {'line': b'-- Up-to-date: /home/ngt/ZENS-Final-AUVC/install/gazebo_bluerov2/share/gazebo_bluerov2/models/Apriltag36_11_00004/materials/textures\n'}
[26.475505] (gazebo_bluerov2) StdoutLine: {'line': b'-- Up-to-date: /home/ngt/ZENS-Final-AUVC/install/gazebo_bluerov2/share/gazebo_bluerov2/models/Apriltag36_11_00004/materials/textures/tag36_11_00004.png\n'}
[26.486110] (gazebo_bluerov2) StdoutLine: {'line': b'-- Up-to-date: /home/ngt/ZENS-Final-AUVC/install/gazebo_bluerov2/share/gazebo_bluerov2/models/Apriltag36_11_00004/materials/scripts\n'}
[26.487178] (gazebo_bluerov2) StdoutLine: {'line': b'-- Up-to-date: /home/ngt/ZENS-Final-AUVC/install/gazebo_bluerov2/share/gazebo_bluerov2/models/Apriltag36_11_00004/materials/scripts/Apriltag.material\n'}
[26.494872] (gazebo_bluerov2) StdoutLine: {'line': b'-- Up-to-date: /home/ngt/ZENS-Final-AUVC/install/gazebo_bluerov2/share/gazebo_bluerov2/models/Apriltag36_11_00004/model.config\n'}
[26.499356] (gazebo_bluerov2) StdoutLine: {'line': b'-- Up-to-date: /home/ngt/ZENS-Final-AUVC/install/gazebo_bluerov2/share/gazebo_bluerov2/models/Apriltag36_11_00008\n'}
[26.500756] (gazebo_bluerov2) StdoutLine: {'line': b'-- Up-to-date: /home/ngt/ZENS-Final-AUVC/install/gazebo_bluerov2/share/gazebo_bluerov2/models/Apriltag36_11_00008/model.sdf\n'}
[26.507301] (gazebo_bluerov2) StdoutLine: {'line': b'-- Up-to-date: /home/ngt/ZENS-Final-AUVC/install/gazebo_bluerov2/share/gazebo_bluerov2/models/Apriltag36_11_00008/materials\n'}
[26.513374] (gazebo_bluerov2) StdoutLine: {'line': b'-- Up-to-date: /home/ngt/ZENS-Final-AUVC/install/gazebo_bluerov2/share/gazebo_bluerov2/models/Apriltag36_11_00008/materials/textures\n'}
[26.522844] (gazebo_bluerov2) StdoutLine: {'line': b'-- Up-to-date: /home/ngt/ZENS-Final-AUVC/install/gazebo_bluerov2/share/gazebo_bluerov2/models/Apriltag36_11_00008/materials/textures/tag36_11_00008.png\n'}
[26.523590] (gazebo_bluerov2) StdoutLine: {'line': b'-- Up-to-date: /home/ngt/ZENS-Final-AUVC/install/gazebo_bluerov2/share/gazebo_bluerov2/models/Apriltag36_11_00008/materials/scripts\n'}
[26.533659] (-) TimerEvent: {}
[26.534245] (gazebo_bluerov2) StdoutLine: {'line': b'-- Up-to-date: /home/ngt/ZENS-Final-AUVC/install/gazebo_bluerov2/share/gazebo_bluerov2/models/Apriltag36_11_00008/materials/scripts/Apriltag.material\n'}
[26.542027] (gazebo_bluerov2) StdoutLine: {'line': b'-- Up-to-date: /home/ngt/ZENS-Final-AUVC/install/gazebo_bluerov2/share/gazebo_bluerov2/models/Apriltag36_11_00008/model.config\n'}
[26.542664] (gazebo_bluerov2) StdoutLine: {'line': b'-- Up-to-date: /home/ngt/ZENS-Final-AUVC/install/gazebo_bluerov2/share/gazebo_bluerov2/models/Apriltag36_11_00003\n'}
[26.554945] (gazebo_bluerov2) StdoutLine: {'line': b'-- Up-to-date: /home/ngt/ZENS-Final-AUVC/install/gazebo_bluerov2/share/gazebo_bluerov2/models/Apriltag36_11_00003/model.sdf\n'}
[26.555788] (gazebo_bluerov2) StdoutLine: {'line': b'-- Up-to-date: /home/ngt/ZENS-Final-AUVC/install/gazebo_bluerov2/share/gazebo_bluerov2/models/Apriltag36_11_00003/materials\n'}
[26.556479] (gazebo_bluerov2) StdoutLine: {'line': b'-- Up-to-date: /home/ngt/ZENS-Final-AUVC/install/gazebo_bluerov2/share/gazebo_bluerov2/models/Apriltag36_11_00003/materials/textures\n'}
[26.557455] (gazebo_bluerov2) StdoutLine: {'line': b'-- Up-to-date: /home/ngt/ZENS-Final-AUVC/install/gazebo_bluerov2/share/gazebo_bluerov2/models/Apriltag36_11_00003/materials/textures/tag36_11_00003.png\n'}
[26.558197] (gazebo_bluerov2) StdoutLine: {'line': b'-- Up-to-date: /home/ngt/ZENS-Final-AUVC/install/gazebo_bluerov2/share/gazebo_bluerov2/models/Apriltag36_11_00003/materials/scripts\n'}
[26.558817] (gazebo_bluerov2) StdoutLine: {'line': b'-- Up-to-date: /home/ngt/ZENS-Final-AUVC/install/gazebo_bluerov2/share/gazebo_bluerov2/models/Apriltag36_11_00003/materials/scripts/Apriltag.material\n'}
[26.559488] (gazebo_bluerov2) StdoutLine: {'line': b'-- Up-to-date: /home/ngt/ZENS-Final-AUVC/install/gazebo_bluerov2/share/gazebo_bluerov2/models/Apriltag36_11_00003/model.config\n'}
[26.560303] (gazebo_bluerov2) StdoutLine: {'line': b'-- Up-to-date: /home/ngt/ZENS-Final-AUVC/install/gazebo_bluerov2/share/gazebo_bluerov2/models/Apriltag36_11_00006\n'}
[26.561159] (gazebo_bluerov2) StdoutLine: {'line': b'-- Up-to-date: /home/ngt/ZENS-Final-AUVC/install/gazebo_bluerov2/share/gazebo_bluerov2/models/Apriltag36_11_00006/model.sdf\n'}
[26.561671] (gazebo_bluerov2) StdoutLine: {'line': b'-- Up-to-date: /home/ngt/ZENS-Final-AUVC/install/gazebo_bluerov2/share/gazebo_bluerov2/models/Apriltag36_11_00006/materials\n'}
[26.562317] (gazebo_bluerov2) StdoutLine: {'line': b'-- Up-to-date: /home/ngt/ZENS-Final-AUVC/install/gazebo_bluerov2/share/gazebo_bluerov2/models/Apriltag36_11_00006/materials/textures\n'}
[26.562980] (gazebo_bluerov2) StdoutLine: {'line': b'-- Up-to-date: /home/ngt/ZENS-Final-AUVC/install/gazebo_bluerov2/share/gazebo_bluerov2/models/Apriltag36_11_00006/materials/textures/tag36_11_00006.png\n'}
[26.563564] (gazebo_bluerov2) StdoutLine: {'line': b'-- Up-to-date: /home/ngt/ZENS-Final-AUVC/install/gazebo_bluerov2/share/gazebo_bluerov2/models/Apriltag36_11_00006/materials/scripts\n'}
[26.575196] (gazebo_bluerov2) StdoutLine: {'line': b'-- Up-to-date: /home/ngt/ZENS-Final-AUVC/install/gazebo_bluerov2/share/gazebo_bluerov2/models/Apriltag36_11_00006/materials/scripts/Apriltag.material\n'}
[26.575907] (gazebo_bluerov2) StdoutLine: {'line': b'-- Up-to-date: /home/ngt/ZENS-Final-AUVC/install/gazebo_bluerov2/share/gazebo_bluerov2/models/Apriltag36_11_00006/model.config\n'}
[26.576628] (gazebo_bluerov2) StdoutLine: {'line': b'-- Up-to-date: /home/ngt/ZENS-Final-AUVC/install/gazebo_bluerov2/share/gazebo_bluerov2/models/bluerov2_2025\n'}
[26.577245] (gazebo_bluerov2) StdoutLine: {'line': b'-- Up-to-date: /home/ngt/ZENS-Final-AUVC/install/gazebo_bluerov2/share/gazebo_bluerov2/models/bluerov2_2025/model.sdf\n'}
[26.581992] (gazebo_bluerov2) StdoutLine: {'line': b'-- Up-to-date: /home/ngt/ZENS-Final-AUVC/install/gazebo_bluerov2/share/gazebo_bluerov2/models/bluerov2_2025/model.sdf.in\n'}
[26.591429] (gazebo_bluerov2) StdoutLine: {'line': b'-- Up-to-date: /home/ngt/ZENS-Final-AUVC/install/gazebo_bluerov2/share/gazebo_bluerov2/models/bluerov2_2025/materials\n'}
[26.594637] (gazebo_bluerov2) StdoutLine: {'line': b'-- Up-to-date: /home/ngt/ZENS-Final-AUVC/install/gazebo_bluerov2/share/gazebo_bluerov2/models/bluerov2_2025/materials/textures\n'}
[26.595341] (gazebo_bluerov2) StdoutLine: {'line': b'-- Up-to-date: /home/ngt/ZENS-Final-AUVC/install/gazebo_bluerov2/share/gazebo_bluerov2/models/bluerov2_2025/materials/textures/april1.png\n'}
[26.596013] (gazebo_bluerov2) StdoutLine: {'line': b'-- Up-to-date: /home/ngt/ZENS-Final-AUVC/install/gazebo_bluerov2/share/gazebo_bluerov2/models/bluerov2_2025/materials/scripts\n'}
[26.596699] (gazebo_bluerov2) StdoutLine: {'line': b'-- Up-to-date: /home/ngt/ZENS-Final-AUVC/install/gazebo_bluerov2/share/gazebo_bluerov2/models/bluerov2_2025/materials/scripts/april_tag_1.material\n'}
[26.603005] (gazebo_bluerov2) StdoutLine: {'line': b'-- Up-to-date: /home/ngt/ZENS-Final-AUVC/install/gazebo_bluerov2/share/gazebo_bluerov2/models/bluerov2_2025/BlueROV2.md\n'}
[26.615883] (gazebo_bluerov2) StdoutLine: {'line': b'-- Up-to-date: /home/ngt/ZENS-Final-AUVC/install/gazebo_bluerov2/share/gazebo_bluerov2/models/bluerov2_2025/configs.yaml\n'}
[26.617034] (gazebo_bluerov2) StdoutLine: {'line': b'-- Up-to-date: /home/ngt/ZENS-Final-AUVC/install/gazebo_bluerov2/share/gazebo_bluerov2/models/bluerov2_2025/meshes\n'}
[26.617693] (gazebo_bluerov2) StdoutLine: {'line': b'-- Up-to-date: /home/ngt/ZENS-Final-AUVC/install/gazebo_bluerov2/share/gazebo_bluerov2/models/bluerov2_2025/meshes/t200_cw_prop.dae\n'}
[26.618388] (gazebo_bluerov2) StdoutLine: {'line': b'-- Up-to-date: /home/ngt/ZENS-Final-AUVC/install/gazebo_bluerov2/share/gazebo_bluerov2/models/bluerov2_2025/meshes/t200_ccw_prop.dae\n'}
[26.626926] (gazebo_bluerov2) StdoutLine: {'line': b'-- Up-to-date: /home/ngt/ZENS-Final-AUVC/install/gazebo_bluerov2/share/gazebo_bluerov2/models/bluerov2_2025/meshes/bluerov2.dae\n'}
[26.627838] (gazebo_bluerov2) StdoutLine: {'line': b'-- Up-to-date: /home/ngt/ZENS-Final-AUVC/install/gazebo_bluerov2/share/gazebo_bluerov2/models/bluerov2_2025/model.config\n'}
[26.635949] (-) TimerEvent: {}
[26.653297] (gazebo_bluerov2) StdoutLine: {'line': b'-- Up-to-date: /home/ngt/ZENS-Final-AUVC/install/gazebo_bluerov2/share/gazebo_bluerov2/models/bluerov2_heavy\n'}
[26.665215] (gazebo_bluerov2) StdoutLine: {'line': b'-- Up-to-date: /home/ngt/ZENS-Final-AUVC/install/gazebo_bluerov2/share/gazebo_bluerov2/models/bluerov2_heavy/model.sdf\n'}
[26.665892] (gazebo_bluerov2) StdoutLine: {'line': b'-- Up-to-date: /home/ngt/ZENS-Final-AUVC/install/gazebo_bluerov2/share/gazebo_bluerov2/models/bluerov2_heavy/model.sdf.in\n'}
[26.666528] (gazebo_bluerov2) StdoutLine: {'line': b'-- Up-to-date: /home/ngt/ZENS-Final-AUVC/install/gazebo_bluerov2/share/gazebo_bluerov2/models/bluerov2_heavy/BlueROV2Heavy.md\n'}
[26.667196] (gazebo_bluerov2) StdoutLine: {'line': b'-- Up-to-date: /home/ngt/ZENS-Final-AUVC/install/gazebo_bluerov2/share/gazebo_bluerov2/models/bluerov2_heavy/configs.yaml\n'}
[26.678933] (gazebo_bluerov2) StdoutLine: {'line': b'-- Up-to-date: /home/ngt/ZENS-Final-AUVC/install/gazebo_bluerov2/share/gazebo_bluerov2/models/bluerov2_heavy/meshes\n'}
[26.679562] (gazebo_bluerov2) StdoutLine: {'line': b'-- Up-to-date: /home/ngt/ZENS-Final-AUVC/install/gazebo_bluerov2/share/gazebo_bluerov2/models/bluerov2_heavy/meshes/t200_cw_prop.dae\n'}
[26.682154] (gazebo_bluerov2) StdoutLine: {'line': b'-- Up-to-date: /home/ngt/ZENS-Final-AUVC/install/gazebo_bluerov2/share/gazebo_bluerov2/models/bluerov2_heavy/meshes/t200_ccw_prop.dae\n'}
[26.691108] (gazebo_bluerov2) StdoutLine: {'line': b'-- Up-to-date: /home/ngt/ZENS-Final-AUVC/install/gazebo_bluerov2/share/gazebo_bluerov2/models/bluerov2_heavy/meshes/bluerov2_heavy.dae\n'}
[26.696252] (gazebo_bluerov2) StdoutLine: {'line': b'-- Up-to-date: /home/ngt/ZENS-Final-AUVC/install/gazebo_bluerov2/share/gazebo_bluerov2/models/bluerov2_heavy/model.config\n'}
[26.703337] (gazebo_bluerov2) StdoutLine: {'line': b'-- Up-to-date: /home/ngt/ZENS-Final-AUVC/install/gazebo_bluerov2/share/gazebo_bluerov2/models/Apriltag36_11_00005\n'}
[26.704192] (gazebo_bluerov2) StdoutLine: {'line': b'-- Up-to-date: /home/ngt/ZENS-Final-AUVC/install/gazebo_bluerov2/share/gazebo_bluerov2/models/Apriltag36_11_00005/model.sdf\n'}
[26.704922] (gazebo_bluerov2) StdoutLine: {'line': b'-- Up-to-date: /home/ngt/ZENS-Final-AUVC/install/gazebo_bluerov2/share/gazebo_bluerov2/models/Apriltag36_11_00005/materials\n'}
[26.705618] (gazebo_bluerov2) StdoutLine: {'line': b'-- Up-to-date: /home/ngt/ZENS-Final-AUVC/install/gazebo_bluerov2/share/gazebo_bluerov2/models/Apriltag36_11_00005/materials/textures\n'}
[26.710533] (gazebo_bluerov2) StdoutLine: {'line': b'-- Up-to-date: /home/ngt/ZENS-Final-AUVC/install/gazebo_bluerov2/share/gazebo_bluerov2/models/Apriltag36_11_00005/materials/textures/tag36_11_00005.png\n'}
[26.711211] (gazebo_bluerov2) StdoutLine: {'line': b'-- Up-to-date: /home/ngt/ZENS-Final-AUVC/install/gazebo_bluerov2/share/gazebo_bluerov2/models/Apriltag36_11_00005/materials/scripts\n'}
[26.711866] (gazebo_bluerov2) StdoutLine: {'line': b'-- Up-to-date: /home/ngt/ZENS-Final-AUVC/install/gazebo_bluerov2/share/gazebo_bluerov2/models/Apriltag36_11_00005/materials/scripts/Apriltag.material\n'}
[26.712533] (gazebo_bluerov2) StdoutLine: {'line': b'-- Up-to-date: /home/ngt/ZENS-Final-AUVC/install/gazebo_bluerov2/share/gazebo_bluerov2/models/Apriltag36_11_00005/model.config\n'}
[26.718694] (gazebo_bluerov2) StdoutLine: {'line': b'-- Up-to-date: /home/ngt/ZENS-Final-AUVC/install/gazebo_bluerov2/share/gazebo_bluerov2/models/pool_map\n'}
[26.719390] (gazebo_bluerov2) StdoutLine: {'line': b'-- Up-to-date: /home/ngt/ZENS-Final-AUVC/install/gazebo_bluerov2/share/gazebo_bluerov2/models/pool_map/model.sdf\n'}
[26.735110] (gazebo_bluerov2) StdoutLine: {'line': b'-- Up-to-date: /home/ngt/ZENS-Final-AUVC/install/gazebo_bluerov2/share/gazebo_bluerov2/models/pool_map/blenderkit.jpg\n'}
[26.735882] (gazebo_bluerov2) StdoutLine: {'line': b'-- Up-to-date: /home/ngt/ZENS-Final-AUVC/install/gazebo_bluerov2/share/gazebo_bluerov2/models/pool_map/Black.png\n'}
[26.736618] (-) TimerEvent: {}
[26.738320] (gazebo_bluerov2) StdoutLine: {'line': b'-- Up-to-date: /home/ngt/ZENS-Final-AUVC/install/gazebo_bluerov2/share/gazebo_bluerov2/models/pool_map/model.config\n'}
[26.744524] (gazebo_bluerov2) StdoutLine: {'line': b'-- Up-to-date: /home/ngt/ZENS-Final-AUVC/install/gazebo_bluerov2/share/gazebo_bluerov2/models/pool_map/model.dae\n'}
[26.745264] (gazebo_bluerov2) StdoutLine: {'line': b'-- Up-to-date: /home/ngt/ZENS-Final-AUVC/install/gazebo_bluerov2/share/gazebo_bluerov2/models/bluerov2_2025_port_9012\n'}
[26.746054] (gazebo_bluerov2) StdoutLine: {'line': b'-- Up-to-date: /home/ngt/ZENS-Final-AUVC/install/gazebo_bluerov2/share/gazebo_bluerov2/models/bluerov2_2025_port_9012/model.sdf\n'}
[26.752967] (gazebo_bluerov2) StdoutLine: {'line': b'-- Up-to-date: /home/ngt/ZENS-Final-AUVC/install/gazebo_bluerov2/share/gazebo_bluerov2/models/bluerov2_2025_port_9012/model.sdf.in\n'}
[26.759246] (gazebo_bluerov2) StdoutLine: {'line': b'-- Up-to-date: /home/ngt/ZENS-Final-AUVC/install/gazebo_bluerov2/share/gazebo_bluerov2/models/bluerov2_2025_port_9012/materials\n'}
[26.763175] (gazebo_bluerov2) StdoutLine: {'line': b'-- Up-to-date: /home/ngt/ZENS-Final-AUVC/install/gazebo_bluerov2/share/gazebo_bluerov2/models/bluerov2_2025_port_9012/materials/textures\n'}
[26.781463] (gazebo_bluerov2) StdoutLine: {'line': b'-- Up-to-date: /home/ngt/ZENS-Final-AUVC/install/gazebo_bluerov2/share/gazebo_bluerov2/models/bluerov2_2025_port_9012/materials/textures/april1.png\n'}
[26.789393] (gazebo_bluerov2) StdoutLine: {'line': b'-- Up-to-date: /home/ngt/ZENS-Final-AUVC/install/gazebo_bluerov2/share/gazebo_bluerov2/models/bluerov2_2025_port_9012/materials/scripts\n'}
[26.790293] (gazebo_bluerov2) StdoutLine: {'line': b'-- Up-to-date: /home/ngt/ZENS-Final-AUVC/install/gazebo_bluerov2/share/gazebo_bluerov2/models/bluerov2_2025_port_9012/materials/scripts/april_tag_1.material\n'}
[26.791010] (gazebo_bluerov2) StdoutLine: {'line': b'-- Up-to-date: /home/ngt/ZENS-Final-AUVC/install/gazebo_bluerov2/share/gazebo_bluerov2/models/bluerov2_2025_port_9012/BlueROV2.md\n'}
[26.791705] (gazebo_bluerov2) StdoutLine: {'line': b'-- Up-to-date: /home/ngt/ZENS-Final-AUVC/install/gazebo_bluerov2/share/gazebo_bluerov2/models/bluerov2_2025_port_9012/configs.yaml\n'}
[26.806086] (gazebo_bluerov2) StdoutLine: {'line': b'-- Up-to-date: /home/ngt/ZENS-Final-AUVC/install/gazebo_bluerov2/share/gazebo_bluerov2/models/bluerov2_2025_port_9012/meshes\n'}
[26.806774] (gazebo_bluerov2) StdoutLine: {'line': b'-- Up-to-date: /home/ngt/ZENS-Final-AUVC/install/gazebo_bluerov2/share/gazebo_bluerov2/models/bluerov2_2025_port_9012/meshes/t200_cw_prop.dae\n'}
[26.807706] (gazebo_bluerov2) StdoutLine: {'line': b'-- Up-to-date: /home/ngt/ZENS-Final-AUVC/install/gazebo_bluerov2/share/gazebo_bluerov2/models/bluerov2_2025_port_9012/meshes/t200_ccw_prop.dae\n'}
[26.811849] (gazebo_bluerov2) StdoutLine: {'line': b'-- Up-to-date: /home/ngt/ZENS-Final-AUVC/install/gazebo_bluerov2/share/gazebo_bluerov2/models/bluerov2_2025_port_9012/meshes/bluerov2.dae\n'}
[26.812546] (gazebo_bluerov2) StdoutLine: {'line': b'-- Up-to-date: /home/ngt/ZENS-Final-AUVC/install/gazebo_bluerov2/share/gazebo_bluerov2/models/bluerov2_2025_port_9012/model.config\n'}
[26.813257] (gazebo_bluerov2) StdoutLine: {'line': b'-- Up-to-date: /home/ngt/ZENS-Final-AUVC/install/gazebo_bluerov2/share/gazebo_bluerov2/models/Apriltag36_11_00002\n'}
[26.831978] (gazebo_bluerov2) StdoutLine: {'line': b'-- Up-to-date: /home/ngt/ZENS-Final-AUVC/install/gazebo_bluerov2/share/gazebo_bluerov2/models/Apriltag36_11_00002/model.sdf\n'}
[26.832769] (gazebo_bluerov2) StdoutLine: {'line': b'-- Up-to-date: /home/ngt/ZENS-Final-AUVC/install/gazebo_bluerov2/share/gazebo_bluerov2/models/Apriltag36_11_00002/materials\n'}
[26.833378] (gazebo_bluerov2) StdoutLine: {'line': b'-- Up-to-date: /home/ngt/ZENS-Final-AUVC/install/gazebo_bluerov2/share/gazebo_bluerov2/models/Apriltag36_11_00002/materials/textures\n'}
[26.840000] (-) TimerEvent: {}
[26.840642] (gazebo_bluerov2) StdoutLine: {'line': b'-- Up-to-date: /home/ngt/ZENS-Final-AUVC/install/gazebo_bluerov2/share/gazebo_bluerov2/models/Apriltag36_11_00002/materials/textures/tag36_11_00002.png\n'}
[26.841419] (gazebo_bluerov2) StdoutLine: {'line': b'-- Up-to-date: /home/ngt/ZENS-Final-AUVC/install/gazebo_bluerov2/share/gazebo_bluerov2/models/Apriltag36_11_00002/materials/scripts\n'}
[26.842145] (gazebo_bluerov2) StdoutLine: {'line': b'-- Up-to-date: /home/ngt/ZENS-Final-AUVC/install/gazebo_bluerov2/share/gazebo_bluerov2/models/Apriltag36_11_00002/materials/scripts/Apriltag.material\n'}
[26.842663] (gazebo_bluerov2) StdoutLine: {'line': b'-- Up-to-date: /home/ngt/ZENS-Final-AUVC/install/gazebo_bluerov2/share/gazebo_bluerov2/models/Apriltag36_11_00002/model.config\n'}
[26.855702] (gazebo_bluerov2) StdoutLine: {'line': b'-- Up-to-date: /home/ngt/ZENS-Final-AUVC/install/gazebo_bluerov2/share/gazebo_bluerov2/models/bluerov2\n'}
[26.856437] (gazebo_bluerov2) StdoutLine: {'line': b'-- Up-to-date: /home/ngt/ZENS-Final-AUVC/install/gazebo_bluerov2/share/gazebo_bluerov2/models/bluerov2/model.sdf\n'}
[26.858666] (gazebo_bluerov2) StdoutLine: {'line': b'-- Up-to-date: /home/ngt/ZENS-Final-AUVC/install/gazebo_bluerov2/share/gazebo_bluerov2/models/bluerov2/model.sdf.in\n'}
[26.867933] (gazebo_bluerov2) StdoutLine: {'line': b'-- Up-to-date: /home/ngt/ZENS-Final-AUVC/install/gazebo_bluerov2/share/gazebo_bluerov2/models/bluerov2/materials\n'}
[26.868618] (gazebo_bluerov2) StdoutLine: {'line': b'-- Up-to-date: /home/ngt/ZENS-Final-AUVC/install/gazebo_bluerov2/share/gazebo_bluerov2/models/bluerov2/materials/textures\n'}
[26.870325] (gazebo_bluerov2) StdoutLine: {'line': b'-- Up-to-date: /home/ngt/ZENS-Final-AUVC/install/gazebo_bluerov2/share/gazebo_bluerov2/models/bluerov2/materials/textures/april1.png\n'}
[26.888198] (gazebo_bluerov2) StdoutLine: {'line': b'-- Up-to-date: /home/ngt/ZENS-Final-AUVC/install/gazebo_bluerov2/share/gazebo_bluerov2/models/bluerov2/materials/scripts\n'}
[26.888889] (gazebo_bluerov2) StdoutLine: {'line': b'-- Up-to-date: /home/ngt/ZENS-Final-AUVC/install/gazebo_bluerov2/share/gazebo_bluerov2/models/bluerov2/materials/scripts/april_tag_1.material\n'}
[26.889468] (gazebo_bluerov2) StdoutLine: {'line': b'-- Up-to-date: /home/ngt/ZENS-Final-AUVC/install/gazebo_bluerov2/share/gazebo_bluerov2/models/bluerov2/BlueROV2.md\n'}
[26.890048] (gazebo_bluerov2) StdoutLine: {'line': b'-- Up-to-date: /home/ngt/ZENS-Final-AUVC/install/gazebo_bluerov2/share/gazebo_bluerov2/models/bluerov2/configs.yaml\n'}
[26.890594] (gazebo_bluerov2) StdoutLine: {'line': b'-- Up-to-date: /home/ngt/ZENS-Final-AUVC/install/gazebo_bluerov2/share/gazebo_bluerov2/models/bluerov2/meshes\n'}
[26.896631] (gazebo_bluerov2) StdoutLine: {'line': b'-- Up-to-date: /home/ngt/ZENS-Final-AUVC/install/gazebo_bluerov2/share/gazebo_bluerov2/models/bluerov2/meshes/t200_cw_prop.dae\n'}
[26.897493] (gazebo_bluerov2) StdoutLine: {'line': b'-- Up-to-date: /home/ngt/ZENS-Final-AUVC/install/gazebo_bluerov2/share/gazebo_bluerov2/models/bluerov2/meshes/t200_ccw_prop.dae\n'}
[26.906518] (gazebo_bluerov2) StdoutLine: {'line': b'-- Up-to-date: /home/ngt/ZENS-Final-AUVC/install/gazebo_bluerov2/share/gazebo_bluerov2/models/bluerov2/meshes/bluerov2.dae\n'}
[26.907172] (gazebo_bluerov2) StdoutLine: {'line': b'-- Up-to-date: /home/ngt/ZENS-Final-AUVC/install/gazebo_bluerov2/share/gazebo_bluerov2/models/bluerov2/model.config\n'}
[26.907665] (gazebo_bluerov2) StdoutLine: {'line': b'-- Up-to-date: /home/ngt/ZENS-Final-AUVC/install/gazebo_bluerov2/share/gazebo_bluerov2/models/bluerov2_2025_port_9002\n'}
[26.908235] (gazebo_bluerov2) StdoutLine: {'line': b'-- Up-to-date: /home/ngt/ZENS-Final-AUVC/install/gazebo_bluerov2/share/gazebo_bluerov2/models/bluerov2_2025_port_9002/model.sdf\n'}
[26.911853] (gazebo_bluerov2) StdoutLine: {'line': b'-- Up-to-date: /home/ngt/ZENS-Final-AUVC/install/gazebo_bluerov2/share/gazebo_bluerov2/models/bluerov2_2025_port_9002/model.sdf.in\n'}
[26.914784] (gazebo_bluerov2) StdoutLine: {'line': b'-- Up-to-date: /home/ngt/ZENS-Final-AUVC/install/gazebo_bluerov2/share/gazebo_bluerov2/models/bluerov2_2025_port_9002/materials\n'}
[26.915396] (gazebo_bluerov2) StdoutLine: {'line': b'-- Up-to-date: /home/ngt/ZENS-Final-AUVC/install/gazebo_bluerov2/share/gazebo_bluerov2/models/bluerov2_2025_port_9002/materials/textures\n'}
[26.915964] (gazebo_bluerov2) StdoutLine: {'line': b'-- Up-to-date: /home/ngt/ZENS-Final-AUVC/install/gazebo_bluerov2/share/gazebo_bluerov2/models/bluerov2_2025_port_9002/materials/textures/april1.png\n'}
[26.916507] (gazebo_bluerov2) StdoutLine: {'line': b'-- Up-to-date: /home/ngt/ZENS-Final-AUVC/install/gazebo_bluerov2/share/gazebo_bluerov2/models/bluerov2_2025_port_9002/materials/scripts\n'}
[26.926591] (gazebo_bluerov2) StdoutLine: {'line': b'-- Up-to-date: /home/ngt/ZENS-Final-AUVC/install/gazebo_bluerov2/share/gazebo_bluerov2/models/bluerov2_2025_port_9002/materials/scripts/april_tag_1.material\n'}
[26.927882] (gazebo_bluerov2) StdoutLine: {'line': b'-- Up-to-date: /home/ngt/ZENS-Final-AUVC/install/gazebo_bluerov2/share/gazebo_bluerov2/models/bluerov2_2025_port_9002/BlueROV2.md\n'}
[26.928672] (gazebo_bluerov2) StdoutLine: {'line': b'-- Up-to-date: /home/ngt/ZENS-Final-AUVC/install/gazebo_bluerov2/share/gazebo_bluerov2/models/bluerov2_2025_port_9002/configs.yaml\n'}
[26.931928] (gazebo_bluerov2) StdoutLine: {'line': b'-- Up-to-date: /home/ngt/ZENS-Final-AUVC/install/gazebo_bluerov2/share/gazebo_bluerov2/models/bluerov2_2025_port_9002/meshes\n'}
[26.936679] (gazebo_bluerov2) StdoutLine: {'line': b'-- Up-to-date: /home/ngt/ZENS-Final-AUVC/install/gazebo_bluerov2/share/gazebo_bluerov2/models/bluerov2_2025_port_9002/meshes/t200_cw_prop.dae\n'}
[26.940838] (-) TimerEvent: {}
[26.941396] (gazebo_bluerov2) StdoutLine: {'line': b'-- Up-to-date: /home/ngt/ZENS-Final-AUVC/install/gazebo_bluerov2/share/gazebo_bluerov2/models/bluerov2_2025_port_9002/meshes/t200_ccw_prop.dae\n'}
[26.948676] (gazebo_bluerov2) StdoutLine: {'line': b'-- Up-to-date: /home/ngt/ZENS-Final-AUVC/install/gazebo_bluerov2/share/gazebo_bluerov2/models/bluerov2_2025_port_9002/meshes/bluerov2.dae\n'}
[26.956261] (gazebo_bluerov2) StdoutLine: {'line': b'-- Up-to-date: /home/ngt/ZENS-Final-AUVC/install/gazebo_bluerov2/share/gazebo_bluerov2/models/bluerov2_2025_port_9002/model.config\n'}
[26.956961] (gazebo_bluerov2) StdoutLine: {'line': b'-- Up-to-date: /home/ngt/ZENS-Final-AUVC/install/gazebo_bluerov2/share/gazebo_bluerov2/models/Apriltag36_11_00000\n'}
[26.959923] (gazebo_bluerov2) StdoutLine: {'line': b'-- Up-to-date: /home/ngt/ZENS-Final-AUVC/install/gazebo_bluerov2/share/gazebo_bluerov2/models/Apriltag36_11_00000/model.sdf\n'}
[26.963577] (gazebo_bluerov2) StdoutLine: {'line': b'-- Up-to-date: /home/ngt/ZENS-Final-AUVC/install/gazebo_bluerov2/share/gazebo_bluerov2/models/Apriltag36_11_00000/materials\n'}
[26.964331] (gazebo_bluerov2) StdoutLine: {'line': b'-- Up-to-date: /home/ngt/ZENS-Final-AUVC/install/gazebo_bluerov2/share/gazebo_bluerov2/models/Apriltag36_11_00000/materials/textures\n'}
[26.964932] (gazebo_bluerov2) StdoutLine: {'line': b'-- Up-to-date: /home/ngt/ZENS-Final-AUVC/install/gazebo_bluerov2/share/gazebo_bluerov2/models/Apriltag36_11_00000/materials/textures/tag36_11_00000.png\n'}
[26.965460] (gazebo_bluerov2) StdoutLine: {'line': b'-- Up-to-date: /home/ngt/ZENS-Final-AUVC/install/gazebo_bluerov2/share/gazebo_bluerov2/models/Apriltag36_11_00000/materials/scripts\n'}
[26.972226] (gazebo_bluerov2) StdoutLine: {'line': b'-- Up-to-date: /home/ngt/ZENS-Final-AUVC/install/gazebo_bluerov2/share/gazebo_bluerov2/models/Apriltag36_11_00000/materials/scripts/Apriltag.material\n'}
[26.983235] (gazebo_bluerov2) StdoutLine: {'line': b'-- Up-to-date: /home/ngt/ZENS-Final-AUVC/install/gazebo_bluerov2/share/gazebo_bluerov2/models/Apriltag36_11_00000/model.config\n'}
[26.988174] (gazebo_bluerov2) StdoutLine: {'line': b'-- Up-to-date: /home/ngt/ZENS-Final-AUVC/install/gazebo_bluerov2/share/gazebo_bluerov2/models/Apriltag36_11_00007\n'}
[26.998290] (gazebo_bluerov2) StdoutLine: {'line': b'-- Up-to-date: /home/ngt/ZENS-Final-AUVC/install/gazebo_bluerov2/share/gazebo_bluerov2/models/Apriltag36_11_00007/model.sdf\n'}
[26.998979] (gazebo_bluerov2) StdoutLine: {'line': b'-- Up-to-date: /home/ngt/ZENS-Final-AUVC/install/gazebo_bluerov2/share/gazebo_bluerov2/models/Apriltag36_11_00007/materials\n'}
[27.005116] (gazebo_bluerov2) StdoutLine: {'line': b'-- Up-to-date: /home/ngt/ZENS-Final-AUVC/install/gazebo_bluerov2/share/gazebo_bluerov2/models/Apriltag36_11_00007/materials/textures\n'}
[27.013775] (gazebo_bluerov2) StdoutLine: {'line': b'-- Up-to-date: /home/ngt/ZENS-Final-AUVC/install/gazebo_bluerov2/share/gazebo_bluerov2/models/Apriltag36_11_00007/materials/textures/tag36_11_00007.png\n'}
[27.029594] (gazebo_bluerov2) StdoutLine: {'line': b'-- Up-to-date: /home/ngt/ZENS-Final-AUVC/install/gazebo_bluerov2/share/gazebo_bluerov2/models/Apriltag36_11_00007/materials/scripts\n'}
[27.030400] (gazebo_bluerov2) StdoutLine: {'line': b'-- Up-to-date: /home/ngt/ZENS-Final-AUVC/install/gazebo_bluerov2/share/gazebo_bluerov2/models/Apriltag36_11_00007/materials/scripts/Apriltag.material\n'}
[27.031219] (gazebo_bluerov2) StdoutLine: {'line': b'-- Up-to-date: /home/ngt/ZENS-Final-AUVC/install/gazebo_bluerov2/share/gazebo_bluerov2/models/Apriltag36_11_00007/model.config\n'}
[27.042036] (-) TimerEvent: {}
[27.044906] (gazebo_bluerov2) StdoutLine: {'line': b'-- Up-to-date: /home/ngt/ZENS-Final-AUVC/install/gazebo_bluerov2/share/gazebo_bluerov2/worlds\n'}
[27.045641] (gazebo_bluerov2) StdoutLine: {'line': b'-- Up-to-date: /home/ngt/ZENS-Final-AUVC/install/gazebo_bluerov2/share/gazebo_bluerov2/worlds/bluerov2_simulation_1x.world\n'}
[27.046360] (gazebo_bluerov2) StdoutLine: {'line': b'-- Up-to-date: /home/ngt/ZENS-Final-AUVC/install/gazebo_bluerov2/share/gazebo_bluerov2/worlds/bluerov2_camera.world\n'}
[27.060179] (gazebo_bluerov2) StdoutLine: {'line': b'-- Up-to-date: /home/ngt/ZENS-Final-AUVC/install/gazebo_bluerov2/share/gazebo_bluerov2/worlds/bluerov2_simulation_2x.world\n'}
[27.060798] (gazebo_bluerov2) StdoutLine: {'line': b'-- Up-to-date: /home/ngt/ZENS-Final-AUVC/install/gazebo_bluerov2/share/gazebo_bluerov2/worlds/bluerov2_2vessels.world\n'}
[27.061355] (gazebo_bluerov2) StdoutLine: {'line': b'-- Up-to-date: /home/ngt/ZENS-Final-AUVC/install/gazebo_bluerov2/share/gazebo_bluerov2/worlds/bluerov2_heavy_underwater.world\n'}
[27.061972] (gazebo_bluerov2) StdoutLine: {'line': b'-- Up-to-date: /home/ngt/ZENS-Final-AUVC/install/gazebo_bluerov2/share/gazebo_bluerov2/worlds/bluerov2_underwater.world\n'}
[27.071781] (gazebo_bluerov2) StdoutLine: {'line': b'-- Up-to-date: /home/ngt/ZENS-Final-AUVC/install/gazebo_bluerov2/share/gazebo_bluerov2/worlds/bluerov2_1x.world\n'}
[27.072396] (gazebo_bluerov2) StdoutLine: {'line': b'-- Up-to-date: /home/ngt/ZENS-Final-AUVC/install/gazebo_bluerov2/share/gazebo_bluerov2/worlds/bluerov2_2x.world\n'}
[27.076020] (gazebo_bluerov2) StdoutLine: {'line': b'-- Up-to-date: /home/ngt/ZENS-Final-AUVC/install/gazebo_bluerov2/share/ament_index/resource_index/package_run_dependencies/gazebo_bluerov2\n'}
[27.076622] (gazebo_bluerov2) StdoutLine: {'line': b'-- Up-to-date: /home/ngt/ZENS-Final-AUVC/install/gazebo_bluerov2/share/ament_index/resource_index/parent_prefix_path/gazebo_bluerov2\n'}
[27.077165] (gazebo_bluerov2) StdoutLine: {'line': b'-- Up-to-date: /home/ngt/ZENS-Final-AUVC/install/gazebo_bluerov2/share/gazebo_bluerov2/environment/ament_prefix_path.sh\n'}
[27.077620] (gazebo_bluerov2) StdoutLine: {'line': b'-- Up-to-date: /home/ngt/ZENS-Final-AUVC/install/gazebo_bluerov2/share/gazebo_bluerov2/environment/ament_prefix_path.dsv\n'}
[27.080578] (gazebo_bluerov2) StdoutLine: {'line': b'-- Up-to-date: /home/ngt/ZENS-Final-AUVC/install/gazebo_bluerov2/share/gazebo_bluerov2/environment/path.sh\n'}
[27.081199] (gazebo_bluerov2) StdoutLine: {'line': b'-- Up-to-date: /home/ngt/ZENS-Final-AUVC/install/gazebo_bluerov2/share/gazebo_bluerov2/environment/path.dsv\n'}
[27.081707] (gazebo_bluerov2) StdoutLine: {'line': b'-- Up-to-date: /home/ngt/ZENS-Final-AUVC/install/gazebo_bluerov2/share/gazebo_bluerov2/local_setup.bash\n'}
[27.094682] (gazebo_bluerov2) StdoutLine: {'line': b'-- Up-to-date: /home/ngt/ZENS-Final-AUVC/install/gazebo_bluerov2/share/gazebo_bluerov2/local_setup.sh\n'}
[27.095379] (gazebo_bluerov2) StdoutLine: {'line': b'-- Up-to-date: /home/ngt/ZENS-Final-AUVC/install/gazebo_bluerov2/share/gazebo_bluerov2/local_setup.zsh\n'}
[27.095995] (gazebo_bluerov2) StdoutLine: {'line': b'-- Up-to-date: /home/ngt/ZENS-Final-AUVC/install/gazebo_bluerov2/share/gazebo_bluerov2/local_setup.dsv\n'}
[27.096545] (gazebo_bluerov2) StdoutLine: {'line': b'-- Installing: /home/ngt/ZENS-Final-AUVC/install/gazebo_bluerov2/share/gazebo_bluerov2/package.dsv\n'}
[27.106252] (gazebo_bluerov2) StdoutLine: {'line': b'-- Up-to-date: /home/ngt/ZENS-Final-AUVC/install/gazebo_bluerov2/share/ament_index/resource_index/packages/gazebo_bluerov2\n'}
[27.106814] (gazebo_bluerov2) StdoutLine: {'line': b'-- Up-to-date: /home/ngt/ZENS-Final-AUVC/install/gazebo_bluerov2/share/gazebo_bluerov2/cmake/gazebo_bluerov2Config.cmake\n'}
[27.107404] (gazebo_bluerov2) StdoutLine: {'line': b'-- Up-to-date: /home/ngt/ZENS-Final-AUVC/install/gazebo_bluerov2/share/gazebo_bluerov2/cmake/gazebo_bluerov2Config-version.cmake\n'}
[27.124277] (gazebo_bluerov2) StdoutLine: {'line': b'-- Up-to-date: /home/ngt/ZENS-Final-AUVC/install/gazebo_bluerov2/share/gazebo_bluerov2/package.xml\n'}
[27.129069] (gazebo_bluerov2) StdoutLine: {'line': b'-- Up-to-date: /home/ngt/ZENS-Final-AUVC/install/gazebo_bluerov2/share/gazebo_bluerov2/models\n'}
[27.129841] (gazebo_bluerov2) StdoutLine: {'line': b'-- Up-to-date: /home/ngt/ZENS-Final-AUVC/install/gazebo_bluerov2/share/gazebo_bluerov2/models/sand_heightmap\n'}
[27.130560] (gazebo_bluerov2) StdoutLine: {'line': b'-- Up-to-date: /home/ngt/ZENS-Final-AUVC/install/gazebo_bluerov2/share/gazebo_bluerov2/models/sand_heightmap/model.sdf\n'}
[27.145363] (-) TimerEvent: {}
[27.146023] (gazebo_bluerov2) StdoutLine: {'line': b'-- Up-to-date: /home/ngt/ZENS-Final-AUVC/install/gazebo_bluerov2/share/gazebo_bluerov2/models/sand_heightmap/materials\n'}
[27.146784] (gazebo_bluerov2) StdoutLine: {'line': b'-- Up-to-date: /home/ngt/ZENS-Final-AUVC/install/gazebo_bluerov2/share/gazebo_bluerov2/models/sand_heightmap/materials/flat_normal.png\n'}
[27.147329] (gazebo_bluerov2) StdoutLine: {'line': b'-- Up-to-date: /home/ngt/ZENS-Final-AUVC/install/gazebo_bluerov2/share/gazebo_bluerov2/models/sand_heightmap/materials/soil_sand_0045_01.jpg\n'}
[27.149834] (gazebo_bluerov2) StdoutLine: {'line': b'-- Up-to-date: /home/ngt/ZENS-Final-AUVC/install/gazebo_bluerov2/share/gazebo_bluerov2/models/sand_heightmap/meshes\n'}
[27.154531] (gazebo_bluerov2) StdoutLine: {'line': b'-- Up-to-date: /home/ngt/ZENS-Final-AUVC/install/gazebo_bluerov2/share/gazebo_bluerov2/models/sand_heightmap/meshes/License and source for textures.txt\n'}
[27.164576] (gazebo_bluerov2) StdoutLine: {'line': b'-- Up-to-date: /home/ngt/ZENS-Final-AUVC/install/gazebo_bluerov2/share/gazebo_bluerov2/models/sand_heightmap/meshes/sandseabed.dae\n'}
[27.165553] (gazebo_bluerov2) StdoutLine: {'line': b'-- Up-to-date: /home/ngt/ZENS-Final-AUVC/install/gazebo_bluerov2/share/gazebo_bluerov2/models/sand_heightmap/meshes/heightmap.dae\n'}
[27.166463] (gazebo_bluerov2) StdoutLine: {'line': b'-- Up-to-date: /home/ngt/ZENS-Final-AUVC/install/gazebo_bluerov2/share/gazebo_bluerov2/models/sand_heightmap/meshes/soil_sand_0045_01.jpg\n'}
[27.179806] (gazebo_bluerov2) StdoutLine: {'line': b'-- Up-to-date: /home/ngt/ZENS-Final-AUVC/install/gazebo_bluerov2/share/gazebo_bluerov2/models/sand_heightmap/model.config\n'}
[27.184803] (gazebo_bluerov2) StdoutLine: {'line': b'-- Up-to-date: /home/ngt/ZENS-Final-AUVC/install/gazebo_bluerov2/share/gazebo_bluerov2/models/Apriltag36_11_00001\n'}
[27.185441] (gazebo_bluerov2) StdoutLine: {'line': b'-- Up-to-date: /home/ngt/ZENS-Final-AUVC/install/gazebo_bluerov2/share/gazebo_bluerov2/models/Apriltag36_11_00001/model.sdf\n'}
[27.186046] (gazebo_bluerov2) StdoutLine: {'line': b'-- Up-to-date: /home/ngt/ZENS-Final-AUVC/install/gazebo_bluerov2/share/gazebo_bluerov2/models/Apriltag36_11_00001/materials\n'}
[27.186515] (gazebo_bluerov2) StdoutLine: {'line': b'-- Up-to-date: /home/ngt/ZENS-Final-AUVC/install/gazebo_bluerov2/share/gazebo_bluerov2/models/Apriltag36_11_00001/materials/textures\n'}
[27.215033] (gazebo_bluerov2) StdoutLine: {'line': b'-- Up-to-date: /home/ngt/ZENS-Final-AUVC/install/gazebo_bluerov2/share/gazebo_bluerov2/models/Apriltag36_11_00001/materials/textures/tag36_11_00001.png\n'}
[27.215696] (gazebo_bluerov2) StdoutLine: {'line': b'-- Up-to-date: /home/ngt/ZENS-Final-AUVC/install/gazebo_bluerov2/share/gazebo_bluerov2/models/Apriltag36_11_00001/materials/scripts\n'}
[27.216478] (gazebo_bluerov2) StdoutLine: {'line': b'-- Up-to-date: /home/ngt/ZENS-Final-AUVC/install/gazebo_bluerov2/share/gazebo_bluerov2/models/Apriltag36_11_00001/materials/scripts/Apriltag.material\n'}
[27.217242] (gazebo_bluerov2) StdoutLine: {'line': b'-- Up-to-date: /home/ngt/ZENS-Final-AUVC/install/gazebo_bluerov2/share/gazebo_bluerov2/models/Apriltag36_11_00001/model.config\n'}
[27.229209] (gazebo_bluerov2) StdoutLine: {'line': b'-- Up-to-date: /home/ngt/ZENS-Final-AUVC/install/gazebo_bluerov2/share/gazebo_bluerov2/models/axes\n'}
[27.229768] (gazebo_bluerov2) StdoutLine: {'line': b'-- Up-to-date: /home/ngt/ZENS-Final-AUVC/install/gazebo_bluerov2/share/gazebo_bluerov2/models/axes/model.sdf\n'}
[27.230418] (gazebo_bluerov2) StdoutLine: {'line': b'-- Up-to-date: /home/ngt/ZENS-Final-AUVC/install/gazebo_bluerov2/share/gazebo_bluerov2/models/axes/model.config\n'}
[27.230974] (gazebo_bluerov2) StdoutLine: {'line': b'-- Up-to-date: /home/ngt/ZENS-Final-AUVC/install/gazebo_bluerov2/share/gazebo_bluerov2/models/Apriltag36_11_00004\n'}
[27.231532] (gazebo_bluerov2) StdoutLine: {'line': b'-- Up-to-date: /home/ngt/ZENS-Final-AUVC/install/gazebo_bluerov2/share/gazebo_bluerov2/models/Apriltag36_11_00004/model.sdf\n'}
[27.251409] (-) TimerEvent: {}
[27.251988] (gazebo_bluerov2) StdoutLine: {'line': b'-- Up-to-date: /home/ngt/ZENS-Final-AUVC/install/gazebo_bluerov2/share/gazebo_bluerov2/models/Apriltag36_11_00004/materials\n'}
[27.252644] (gazebo_bluerov2) StdoutLine: {'line': b'-- Up-to-date: /home/ngt/ZENS-Final-AUVC/install/gazebo_bluerov2/share/gazebo_bluerov2/models/Apriltag36_11_00004/materials/textures\n'}
[27.253195] (gazebo_bluerov2) StdoutLine: {'line': b'-- Up-to-date: /home/ngt/ZENS-Final-AUVC/install/gazebo_bluerov2/share/gazebo_bluerov2/models/Apriltag36_11_00004/materials/textures/tag36_11_00004.png\n'}
[27.253654] (gazebo_bluerov2) StdoutLine: {'line': b'-- Up-to-date: /home/ngt/ZENS-Final-AUVC/install/gazebo_bluerov2/share/gazebo_bluerov2/models/Apriltag36_11_00004/materials/scripts\n'}
[27.277967] (gazebo_bluerov2) StdoutLine: {'line': b'-- Up-to-date: /home/ngt/ZENS-Final-AUVC/install/gazebo_bluerov2/share/gazebo_bluerov2/models/Apriltag36_11_00004/materials/scripts/Apriltag.material\n'}
[27.279377] (gazebo_bluerov2) StdoutLine: {'line': b'-- Up-to-date: /home/ngt/ZENS-Final-AUVC/install/gazebo_bluerov2/share/gazebo_bluerov2/models/Apriltag36_11_00004/model.config\n'}
[27.300666] (gazebo_bluerov2) StdoutLine: {'line': b'-- Up-to-date: /home/ngt/ZENS-Final-AUVC/install/gazebo_bluerov2/share/gazebo_bluerov2/models/Apriltag36_11_00008\n'}
[27.302240] (gazebo_bluerov2) StdoutLine: {'line': b'-- Up-to-date: /home/ngt/ZENS-Final-AUVC/install/gazebo_bluerov2/share/gazebo_bluerov2/models/Apriltag36_11_00008/model.sdf\n'}
[27.317317] (gazebo_bluerov2) StdoutLine: {'line': b'-- Up-to-date: /home/ngt/ZENS-Final-AUVC/install/gazebo_bluerov2/share/gazebo_bluerov2/models/Apriltag36_11_00008/materials\n'}
[27.318323] (gazebo_bluerov2) StdoutLine: {'line': b'-- Up-to-date: /home/ngt/ZENS-Final-AUVC/install/gazebo_bluerov2/share/gazebo_bluerov2/models/Apriltag36_11_00008/materials/textures\n'}
[27.339082] (gazebo_bluerov2) StdoutLine: {'line': b'-- Up-to-date: /home/ngt/ZENS-Final-AUVC/install/gazebo_bluerov2/share/gazebo_bluerov2/models/Apriltag36_11_00008/materials/textures/tag36_11_00008.png\n'}
[27.339939] (gazebo_bluerov2) StdoutLine: {'line': b'-- Up-to-date: /home/ngt/ZENS-Final-AUVC/install/gazebo_bluerov2/share/gazebo_bluerov2/models/Apriltag36_11_00008/materials/scripts\n'}
[27.340668] (gazebo_bluerov2) StdoutLine: {'line': b'-- Up-to-date: /home/ngt/ZENS-Final-AUVC/install/gazebo_bluerov2/share/gazebo_bluerov2/models/Apriltag36_11_00008/materials/scripts/Apriltag.material\n'}
[27.341371] (gazebo_bluerov2) StdoutLine: {'line': b'-- Up-to-date: /home/ngt/ZENS-Final-AUVC/install/gazebo_bluerov2/share/gazebo_bluerov2/models/Apriltag36_11_00008/model.config\n'}
[27.357818] (-) TimerEvent: {}
[27.362107] (cv) CommandEnded: {'returncode': 0}
[27.369172] (gazebo_bluerov2) StdoutLine: {'line': b'-- Up-to-date: /home/ngt/ZENS-Final-AUVC/install/gazebo_bluerov2/share/gazebo_bluerov2/models/Apriltag36_11_00003\n'}
[27.369908] (gazebo_bluerov2) StdoutLine: {'line': b'-- Up-to-date: /home/ngt/ZENS-Final-AUVC/install/gazebo_bluerov2/share/gazebo_bluerov2/models/Apriltag36_11_00003/model.sdf\n'}
[27.370625] (gazebo_bluerov2) StdoutLine: {'line': b'-- Up-to-date: /home/ngt/ZENS-Final-AUVC/install/gazebo_bluerov2/share/gazebo_bluerov2/models/Apriltag36_11_00003/materials\n'}
[27.394980] (gazebo_bluerov2) StdoutLine: {'line': b'-- Up-to-date: /home/ngt/ZENS-Final-AUVC/install/gazebo_bluerov2/share/gazebo_bluerov2/models/Apriltag36_11_00003/materials/textures\n'}
[27.395639] (gazebo_bluerov2) StdoutLine: {'line': b'-- Up-to-date: /home/ngt/ZENS-Final-AUVC/install/gazebo_bluerov2/share/gazebo_bluerov2/models/Apriltag36_11_00003/materials/textures/tag36_11_00003.png\n'}
[27.402966] (gazebo_bluerov2) StdoutLine: {'line': b'-- Up-to-date: /home/ngt/ZENS-Final-AUVC/install/gazebo_bluerov2/share/gazebo_bluerov2/models/Apriltag36_11_00003/materials/scripts\n'}
[27.403655] (gazebo_bluerov2) StdoutLine: {'line': b'-- Up-to-date: /home/ngt/ZENS-Final-AUVC/install/gazebo_bluerov2/share/gazebo_bluerov2/models/Apriltag36_11_00003/materials/scripts/Apriltag.material\n'}
[27.420222] (gazebo_bluerov2) StdoutLine: {'line': b'-- Up-to-date: /home/ngt/ZENS-Final-AUVC/install/gazebo_bluerov2/share/gazebo_bluerov2/models/Apriltag36_11_00003/model.config\n'}
[27.421148] (gazebo_bluerov2) StdoutLine: {'line': b'-- Up-to-date: /home/ngt/ZENS-Final-AUVC/install/gazebo_bluerov2/share/gazebo_bluerov2/models/Apriltag36_11_00006\n'}
[27.421687] (gazebo_bluerov2) StdoutLine: {'line': b'-- Up-to-date: /home/ngt/ZENS-Final-AUVC/install/gazebo_bluerov2/share/gazebo_bluerov2/models/Apriltag36_11_00006/model.sdf\n'}
[27.436896] (gazebo_bluerov2) StdoutLine: {'line': b'-- Up-to-date: /home/ngt/ZENS-Final-AUVC/install/gazebo_bluerov2/share/gazebo_bluerov2/models/Apriltag36_11_00006/materials\n'}
[27.438461] (gazebo_bluerov2) StdoutLine: {'line': b'-- Up-to-date: /home/ngt/ZENS-Final-AUVC/install/gazebo_bluerov2/share/gazebo_bluerov2/models/Apriltag36_11_00006/materials/textures\n'}
[27.453551] (gazebo_bluerov2) StdoutLine: {'line': b'-- Up-to-date: /home/ngt/ZENS-Final-AUVC/install/gazebo_bluerov2/share/gazebo_bluerov2/models/Apriltag36_11_00006/materials/textures/tag36_11_00006.png\n'}
[27.454222] (gazebo_bluerov2) StdoutLine: {'line': b'-- Up-to-date: /home/ngt/ZENS-Final-AUVC/install/gazebo_bluerov2/share/gazebo_bluerov2/models/Apriltag36_11_00006/materials/scripts\n'}
[27.454693] (gazebo_bluerov2) StdoutLine: {'line': b'-- Up-to-date: /home/ngt/ZENS-Final-AUVC/install/gazebo_bluerov2/share/gazebo_bluerov2/models/Apriltag36_11_00006/materials/scripts/Apriltag.material\n'}
[27.455325] (gazebo_bluerov2) StdoutLine: {'line': b'-- Up-to-date: /home/ngt/ZENS-Final-AUVC/install/gazebo_bluerov2/share/gazebo_bluerov2/models/Apriltag36_11_00006/model.config\n'}
[27.477445] (-) TimerEvent: {}
[27.478510] (gazebo_bluerov2) StdoutLine: {'line': b'-- Up-to-date: /home/ngt/ZENS-Final-AUVC/install/gazebo_bluerov2/share/gazebo_bluerov2/models/bluerov2_2025\n'}
[27.479277] (gazebo_bluerov2) StdoutLine: {'line': b'-- Up-to-date: /home/ngt/ZENS-Final-AUVC/install/gazebo_bluerov2/share/gazebo_bluerov2/models/bluerov2_2025/model.sdf\n'}
[27.485127] (gazebo_bluerov2) StdoutLine: {'line': b'-- Up-to-date: /home/ngt/ZENS-Final-AUVC/install/gazebo_bluerov2/share/gazebo_bluerov2/models/bluerov2_2025/model.sdf.in\n'}
[27.485773] (gazebo_bluerov2) StdoutLine: {'line': b'-- Up-to-date: /home/ngt/ZENS-Final-AUVC/install/gazebo_bluerov2/share/gazebo_bluerov2/models/bluerov2_2025/materials\n'}
[27.486377] (gazebo_bluerov2) StdoutLine: {'line': b'-- Up-to-date: /home/ngt/ZENS-Final-AUVC/install/gazebo_bluerov2/share/gazebo_bluerov2/models/bluerov2_2025/materials/textures\n'}
[27.487025] (gazebo_bluerov2) StdoutLine: {'line': b'-- Up-to-date: /home/ngt/ZENS-Final-AUVC/install/gazebo_bluerov2/share/gazebo_bluerov2/models/bluerov2_2025/materials/textures/april1.png\n'}
[27.487597] (gazebo_bluerov2) StdoutLine: {'line': b'-- Up-to-date: /home/ngt/ZENS-Final-AUVC/install/gazebo_bluerov2/share/gazebo_bluerov2/models/bluerov2_2025/materials/scripts\n'}
[27.499283] (gazebo_bluerov2) StdoutLine: {'line': b'-- Up-to-date: /home/ngt/ZENS-Final-AUVC/install/gazebo_bluerov2/share/gazebo_bluerov2/models/bluerov2_2025/materials/scripts/april_tag_1.material\n'}
[27.500453] (gazebo_bluerov2) StdoutLine: {'line': b'-- Up-to-date: /home/ngt/ZENS-Final-AUVC/install/gazebo_bluerov2/share/gazebo_bluerov2/models/bluerov2_2025/BlueROV2.md\n'}
[27.504622] (gazebo_bluerov2) StdoutLine: {'line': b'-- Up-to-date: /home/ngt/ZENS-Final-AUVC/install/gazebo_bluerov2/share/gazebo_bluerov2/models/bluerov2_2025/configs.yaml\n'}
[27.505268] (gazebo_bluerov2) StdoutLine: {'line': b'-- Up-to-date: /home/ngt/ZENS-Final-AUVC/install/gazebo_bluerov2/share/gazebo_bluerov2/models/bluerov2_2025/meshes\n'}
[27.505795] (gazebo_bluerov2) StdoutLine: {'line': b'-- Up-to-date: /home/ngt/ZENS-Final-AUVC/install/gazebo_bluerov2/share/gazebo_bluerov2/models/bluerov2_2025/meshes/t200_cw_prop.dae\n'}
[27.506408] (gazebo_bluerov2) StdoutLine: {'line': b'-- Up-to-date: /home/ngt/ZENS-Final-AUVC/install/gazebo_bluerov2/share/gazebo_bluerov2/models/bluerov2_2025/meshes/t200_ccw_prop.dae\n'}
[27.514482] (gazebo_bluerov2) StdoutLine: {'line': b'-- Up-to-date: /home/ngt/ZENS-Final-AUVC/install/gazebo_bluerov2/share/gazebo_bluerov2/models/bluerov2_2025/meshes/bluerov2.dae\n'}
[27.516134] (gazebo_bluerov2) StdoutLine: {'line': b'-- Up-to-date: /home/ngt/ZENS-Final-AUVC/install/gazebo_bluerov2/share/gazebo_bluerov2/models/bluerov2_2025/model.config\n'}
[27.523462] (gazebo_bluerov2) StdoutLine: {'line': b'-- Up-to-date: /home/ngt/ZENS-Final-AUVC/install/gazebo_bluerov2/share/gazebo_bluerov2/models/bluerov2_heavy\n'}
[27.524364] (gazebo_bluerov2) StdoutLine: {'line': b'-- Up-to-date: /home/ngt/ZENS-Final-AUVC/install/gazebo_bluerov2/share/gazebo_bluerov2/models/bluerov2_heavy/model.sdf\n'}
[27.525467] (gazebo_bluerov2) StdoutLine: {'line': b'-- Up-to-date: /home/ngt/ZENS-Final-AUVC/install/gazebo_bluerov2/share/gazebo_bluerov2/models/bluerov2_heavy/model.sdf.in\n'}
[27.537124] (gazebo_bluerov2) StdoutLine: {'line': b'-- Up-to-date: /home/ngt/ZENS-Final-AUVC/install/gazebo_bluerov2/share/gazebo_bluerov2/models/bluerov2_heavy/BlueROV2Heavy.md\n'}
[27.537842] (gazebo_bluerov2) StdoutLine: {'line': b'-- Up-to-date: /home/ngt/ZENS-Final-AUVC/install/gazebo_bluerov2/share/gazebo_bluerov2/models/bluerov2_heavy/configs.yaml\n'}
[27.538517] (gazebo_bluerov2) StdoutLine: {'line': b'-- Up-to-date: /home/ngt/ZENS-Final-AUVC/install/gazebo_bluerov2/share/gazebo_bluerov2/models/bluerov2_heavy/meshes\n'}
[27.549676] (gazebo_bluerov2) StdoutLine: {'line': b'-- Up-to-date: /home/ngt/ZENS-Final-AUVC/install/gazebo_bluerov2/share/gazebo_bluerov2/models/bluerov2_heavy/meshes/t200_cw_prop.dae\n'}
[27.550424] (gazebo_bluerov2) StdoutLine: {'line': b'-- Up-to-date: /home/ngt/ZENS-Final-AUVC/install/gazebo_bluerov2/share/gazebo_bluerov2/models/bluerov2_heavy/meshes/t200_ccw_prop.dae\n'}
[27.550969] (gazebo_bluerov2) StdoutLine: {'line': b'-- Up-to-date: /home/ngt/ZENS-Final-AUVC/install/gazebo_bluerov2/share/gazebo_bluerov2/models/bluerov2_heavy/meshes/bluerov2_heavy.dae\n'}
[27.551510] (gazebo_bluerov2) StdoutLine: {'line': b'-- Up-to-date: /home/ngt/ZENS-Final-AUVC/install/gazebo_bluerov2/share/gazebo_bluerov2/models/bluerov2_heavy/model.config\n'}
[27.562401] (gazebo_bluerov2) StdoutLine: {'line': b'-- Up-to-date: /home/ngt/ZENS-Final-AUVC/install/gazebo_bluerov2/share/gazebo_bluerov2/models/Apriltag36_11_00005\n'}
[27.563051] (gazebo_bluerov2) StdoutLine: {'line': b'-- Up-to-date: /home/ngt/ZENS-Final-AUVC/install/gazebo_bluerov2/share/gazebo_bluerov2/models/Apriltag36_11_00005/model.sdf\n'}
[27.563543] (gazebo_bluerov2) StdoutLine: {'line': b'-- Up-to-date: /home/ngt/ZENS-Final-AUVC/install/gazebo_bluerov2/share/gazebo_bluerov2/models/Apriltag36_11_00005/materials\n'}
[27.564131] (gazebo_bluerov2) StdoutLine: {'line': b'-- Up-to-date: /home/ngt/ZENS-Final-AUVC/install/gazebo_bluerov2/share/gazebo_bluerov2/models/Apriltag36_11_00005/materials/textures\n'}
[27.571167] (gazebo_bluerov2) StdoutLine: {'line': b'-- Up-to-date: /home/ngt/ZENS-Final-AUVC/install/gazebo_bluerov2/share/gazebo_bluerov2/models/Apriltag36_11_00005/materials/textures/tag36_11_00005.png\n'}
[27.572051] (gazebo_bluerov2) StdoutLine: {'line': b'-- Up-to-date: /home/ngt/ZENS-Final-AUVC/install/gazebo_bluerov2/share/gazebo_bluerov2/models/Apriltag36_11_00005/materials/scripts\n'}
[27.572825] (gazebo_bluerov2) StdoutLine: {'line': b'-- Up-to-date: /home/ngt/ZENS-Final-AUVC/install/gazebo_bluerov2/share/gazebo_bluerov2/models/Apriltag36_11_00005/materials/scripts/Apriltag.material\n'}
[27.586358] (-) TimerEvent: {}
[27.586919] (gazebo_bluerov2) StdoutLine: {'line': b'-- Up-to-date: /home/ngt/ZENS-Final-AUVC/install/gazebo_bluerov2/share/gazebo_bluerov2/models/Apriltag36_11_00005/model.config\n'}
[27.587675] (gazebo_bluerov2) StdoutLine: {'line': b'-- Up-to-date: /home/ngt/ZENS-Final-AUVC/install/gazebo_bluerov2/share/gazebo_bluerov2/models/pool_map\n'}
[27.588477] (gazebo_bluerov2) StdoutLine: {'line': b'-- Up-to-date: /home/ngt/ZENS-Final-AUVC/install/gazebo_bluerov2/share/gazebo_bluerov2/models/pool_map/model.sdf\n'}
[27.598476] (gazebo_bluerov2) StdoutLine: {'line': b'-- Up-to-date: /home/ngt/ZENS-Final-AUVC/install/gazebo_bluerov2/share/gazebo_bluerov2/models/pool_map/blenderkit.jpg\n'}
[27.599263] (gazebo_bluerov2) StdoutLine: {'line': b'-- Up-to-date: /home/ngt/ZENS-Final-AUVC/install/gazebo_bluerov2/share/gazebo_bluerov2/models/pool_map/Black.png\n'}
[27.600087] (gazebo_bluerov2) StdoutLine: {'line': b'-- Up-to-date: /home/ngt/ZENS-Final-AUVC/install/gazebo_bluerov2/share/gazebo_bluerov2/models/pool_map/model.config\n'}
[27.609137] (gazebo_bluerov2) StdoutLine: {'line': b'-- Up-to-date: /home/ngt/ZENS-Final-AUVC/install/gazebo_bluerov2/share/gazebo_bluerov2/models/pool_map/model.dae\n'}
[27.610084] (gazebo_bluerov2) StdoutLine: {'line': b'-- Up-to-date: /home/ngt/ZENS-Final-AUVC/install/gazebo_bluerov2/share/gazebo_bluerov2/models/bluerov2_2025_port_9012\n'}
[27.615504] (gazebo_bluerov2) StdoutLine: {'line': b'-- Up-to-date: /home/ngt/ZENS-Final-AUVC/install/gazebo_bluerov2/share/gazebo_bluerov2/models/bluerov2_2025_port_9012/model.sdf\n'}
[27.616470] (gazebo_bluerov2) StdoutLine: {'line': b'-- Up-to-date: /home/ngt/ZENS-Final-AUVC/install/gazebo_bluerov2/share/gazebo_bluerov2/models/bluerov2_2025_port_9012/model.sdf.in\n'}
[27.617146] (gazebo_bluerov2) StdoutLine: {'line': b'-- Up-to-date: /home/ngt/ZENS-Final-AUVC/install/gazebo_bluerov2/share/gazebo_bluerov2/models/bluerov2_2025_port_9012/materials\n'}
[27.625900] (gazebo_bluerov2) StdoutLine: {'line': b'-- Up-to-date: /home/ngt/ZENS-Final-AUVC/install/gazebo_bluerov2/share/gazebo_bluerov2/models/bluerov2_2025_port_9012/materials/textures\n'}
[27.629820] (gazebo_bluerov2) StdoutLine: {'line': b'-- Up-to-date: /home/ngt/ZENS-Final-AUVC/install/gazebo_bluerov2/share/gazebo_bluerov2/models/bluerov2_2025_port_9012/materials/textures/april1.png\n'}
[27.630558] (gazebo_bluerov2) StdoutLine: {'line': b'-- Up-to-date: /home/ngt/ZENS-Final-AUVC/install/gazebo_bluerov2/share/gazebo_bluerov2/models/bluerov2_2025_port_9012/materials/scripts\n'}
[27.631224] (gazebo_bluerov2) StdoutLine: {'line': b'-- Up-to-date: /home/ngt/ZENS-Final-AUVC/install/gazebo_bluerov2/share/gazebo_bluerov2/models/bluerov2_2025_port_9012/materials/scripts/april_tag_1.material\n'}
[27.639576] (gazebo_bluerov2) StdoutLine: {'line': b'-- Up-to-date: /home/ngt/ZENS-Final-AUVC/install/gazebo_bluerov2/share/gazebo_bluerov2/models/bluerov2_2025_port_9012/BlueROV2.md\n'}
[27.640257] (gazebo_bluerov2) StdoutLine: {'line': b'-- Up-to-date: /home/ngt/ZENS-Final-AUVC/install/gazebo_bluerov2/share/gazebo_bluerov2/models/bluerov2_2025_port_9012/configs.yaml\n'}
[27.640937] (gazebo_bluerov2) StdoutLine: {'line': b'-- Up-to-date: /home/ngt/ZENS-Final-AUVC/install/gazebo_bluerov2/share/gazebo_bluerov2/models/bluerov2_2025_port_9012/meshes\n'}
[27.641549] (gazebo_bluerov2) StdoutLine: {'line': b'-- Up-to-date: /home/ngt/ZENS-Final-AUVC/install/gazebo_bluerov2/share/gazebo_bluerov2/models/bluerov2_2025_port_9012/meshes/t200_cw_prop.dae\n'}
[27.653400] (gazebo_bluerov2) StdoutLine: {'line': b'-- Up-to-date: /home/ngt/ZENS-Final-AUVC/install/gazebo_bluerov2/share/gazebo_bluerov2/models/bluerov2_2025_port_9012/meshes/t200_ccw_prop.dae\n'}
[27.654111] (gazebo_bluerov2) StdoutLine: {'line': b'-- Up-to-date: /home/ngt/ZENS-Final-AUVC/install/gazebo_bluerov2/share/gazebo_bluerov2/models/bluerov2_2025_port_9012/meshes/bluerov2.dae\n'}
[27.654672] (gazebo_bluerov2) StdoutLine: {'line': b'-- Up-to-date: /home/ngt/ZENS-Final-AUVC/install/gazebo_bluerov2/share/gazebo_bluerov2/models/bluerov2_2025_port_9012/model.config\n'}
[27.668459] (gazebo_bluerov2) StdoutLine: {'line': b'-- Up-to-date: /home/ngt/ZENS-Final-AUVC/install/gazebo_bluerov2/share/gazebo_bluerov2/models/Apriltag36_11_00002\n'}
[27.669305] (gazebo_bluerov2) StdoutLine: {'line': b'-- Up-to-date: /home/ngt/ZENS-Final-AUVC/install/gazebo_bluerov2/share/gazebo_bluerov2/models/Apriltag36_11_00002/model.sdf\n'}
[27.670280] (gazebo_bluerov2) StdoutLine: {'line': b'-- Up-to-date: /home/ngt/ZENS-Final-AUVC/install/gazebo_bluerov2/share/gazebo_bluerov2/models/Apriltag36_11_00002/materials\n'}
[27.681032] (gazebo_bluerov2) StdoutLine: {'line': b'-- Up-to-date: /home/ngt/ZENS-Final-AUVC/install/gazebo_bluerov2/share/gazebo_bluerov2/models/Apriltag36_11_00002/materials/textures\n'}
[27.681751] (gazebo_bluerov2) StdoutLine: {'line': b'-- Up-to-date: /home/ngt/ZENS-Final-AUVC/install/gazebo_bluerov2/share/gazebo_bluerov2/models/Apriltag36_11_00002/materials/textures/tag36_11_00002.png\n'}
[27.682396] (gazebo_bluerov2) StdoutLine: {'line': b'-- Up-to-date: /home/ngt/ZENS-Final-AUVC/install/gazebo_bluerov2/share/gazebo_bluerov2/models/Apriltag36_11_00002/materials/scripts\n'}
[27.694048] (-) TimerEvent: {}
[27.694539] (gazebo_bluerov2) StdoutLine: {'line': b'-- Up-to-date: /home/ngt/ZENS-Final-AUVC/install/gazebo_bluerov2/share/gazebo_bluerov2/models/Apriltag36_11_00002/materials/scripts/Apriltag.material\n'}
[27.697444] (gazebo_bluerov2) StdoutLine: {'line': b'-- Up-to-date: /home/ngt/ZENS-Final-AUVC/install/gazebo_bluerov2/share/gazebo_bluerov2/models/Apriltag36_11_00002/model.config\n'}
[27.700676] (gazebo_bluerov2) StdoutLine: {'line': b'-- Up-to-date: /home/ngt/ZENS-Final-AUVC/install/gazebo_bluerov2/share/gazebo_bluerov2/models/bluerov2\n'}
[27.703640] (gazebo_bluerov2) StdoutLine: {'line': b'-- Up-to-date: /home/ngt/ZENS-Final-AUVC/install/gazebo_bluerov2/share/gazebo_bluerov2/models/bluerov2/model.sdf\n'}
[27.708270] (gazebo_bluerov2) StdoutLine: {'line': b'-- Up-to-date: /home/ngt/ZENS-Final-AUVC/install/gazebo_bluerov2/share/gazebo_bluerov2/models/bluerov2/model.sdf.in\n'}
[27.708911] (gazebo_bluerov2) StdoutLine: {'line': b'-- Up-to-date: /home/ngt/ZENS-Final-AUVC/install/gazebo_bluerov2/share/gazebo_bluerov2/models/bluerov2/materials\n'}
[27.709529] (gazebo_bluerov2) StdoutLine: {'line': b'-- Up-to-date: /home/ngt/ZENS-Final-AUVC/install/gazebo_bluerov2/share/gazebo_bluerov2/models/bluerov2/materials/textures\n'}
[27.712950] (gazebo_bluerov2) StdoutLine: {'line': b'-- Up-to-date: /home/ngt/ZENS-Final-AUVC/install/gazebo_bluerov2/share/gazebo_bluerov2/models/bluerov2/materials/textures/april1.png\n'}
[27.713543] (gazebo_bluerov2) StdoutLine: {'line': b'-- Up-to-date: /home/ngt/ZENS-Final-AUVC/install/gazebo_bluerov2/share/gazebo_bluerov2/models/bluerov2/materials/scripts\n'}
[27.714166] (gazebo_bluerov2) StdoutLine: {'line': b'-- Up-to-date: /home/ngt/ZENS-Final-AUVC/install/gazebo_bluerov2/share/gazebo_bluerov2/models/bluerov2/materials/scripts/april_tag_1.material\n'}
[27.714686] (gazebo_bluerov2) StdoutLine: {'line': b'-- Up-to-date: /home/ngt/ZENS-Final-AUVC/install/gazebo_bluerov2/share/gazebo_bluerov2/models/bluerov2/BlueROV2.md\n'}
[27.719653] (gazebo_bluerov2) StdoutLine: {'line': b'-- Up-to-date: /home/ngt/ZENS-Final-AUVC/install/gazebo_bluerov2/share/gazebo_bluerov2/models/bluerov2/configs.yaml\n'}
[27.720515] (gazebo_bluerov2) StdoutLine: {'line': b'-- Up-to-date: /home/ngt/ZENS-Final-AUVC/install/gazebo_bluerov2/share/gazebo_bluerov2/models/bluerov2/meshes\n'}
[27.721258] (gazebo_bluerov2) StdoutLine: {'line': b'-- Up-to-date: /home/ngt/ZENS-Final-AUVC/install/gazebo_bluerov2/share/gazebo_bluerov2/models/bluerov2/meshes/t200_cw_prop.dae\n'}
[27.725155] (gazebo_bluerov2) StdoutLine: {'line': b'-- Up-to-date: /home/ngt/ZENS-Final-AUVC/install/gazebo_bluerov2/share/gazebo_bluerov2/models/bluerov2/meshes/t200_ccw_prop.dae\n'}
[27.725977] (gazebo_bluerov2) StdoutLine: {'line': b'-- Up-to-date: /home/ngt/ZENS-Final-AUVC/install/gazebo_bluerov2/share/gazebo_bluerov2/models/bluerov2/meshes/bluerov2.dae\n'}
[27.726649] (gazebo_bluerov2) StdoutLine: {'line': b'-- Up-to-date: /home/ngt/ZENS-Final-AUVC/install/gazebo_bluerov2/share/gazebo_bluerov2/models/bluerov2/model.config\n'}
[27.731653] (gazebo_bluerov2) StdoutLine: {'line': b'-- Up-to-date: /home/ngt/ZENS-Final-AUVC/install/gazebo_bluerov2/share/gazebo_bluerov2/models/bluerov2_2025_port_9002\n'}
[27.733045] (gazebo_bluerov2) StdoutLine: {'line': b'-- Up-to-date: /home/ngt/ZENS-Final-AUVC/install/gazebo_bluerov2/share/gazebo_bluerov2/models/bluerov2_2025_port_9002/model.sdf\n'}
[27.736789] (gazebo_bluerov2) StdoutLine: {'line': b'-- Up-to-date: /home/ngt/ZENS-Final-AUVC/install/gazebo_bluerov2/share/gazebo_bluerov2/models/bluerov2_2025_port_9002/model.sdf.in\n'}
[27.737826] (gazebo_bluerov2) StdoutLine: {'line': b'-- Up-to-date: /home/ngt/ZENS-Final-AUVC/install/gazebo_bluerov2/share/gazebo_bluerov2/models/bluerov2_2025_port_9002/materials\n'}
[27.738576] (gazebo_bluerov2) StdoutLine: {'line': b'-- Up-to-date: /home/ngt/ZENS-Final-AUVC/install/gazebo_bluerov2/share/gazebo_bluerov2/models/bluerov2_2025_port_9002/materials/textures\n'}
[27.744761] (gazebo_bluerov2) StdoutLine: {'line': b'-- Up-to-date: /home/ngt/ZENS-Final-AUVC/install/gazebo_bluerov2/share/gazebo_bluerov2/models/bluerov2_2025_port_9002/materials/textures/april1.png\n'}
[27.750286] (gazebo_bluerov2) StdoutLine: {'line': b'-- Up-to-date: /home/ngt/ZENS-Final-AUVC/install/gazebo_bluerov2/share/gazebo_bluerov2/models/bluerov2_2025_port_9002/materials/scripts\n'}
[27.751264] (gazebo_bluerov2) StdoutLine: {'line': b'-- Up-to-date: /home/ngt/ZENS-Final-AUVC/install/gazebo_bluerov2/share/gazebo_bluerov2/models/bluerov2_2025_port_9002/materials/scripts/april_tag_1.material\n'}
[27.752133] (gazebo_bluerov2) StdoutLine: {'line': b'-- Up-to-date: /home/ngt/ZENS-Final-AUVC/install/gazebo_bluerov2/share/gazebo_bluerov2/models/bluerov2_2025_port_9002/BlueROV2.md\n'}
[27.753202] (gazebo_bluerov2) StdoutLine: {'line': b'-- Up-to-date: /home/ngt/ZENS-Final-AUVC/install/gazebo_bluerov2/share/gazebo_bluerov2/models/bluerov2_2025_port_9002/configs.yaml\n'}
[27.754202] (gazebo_bluerov2) StdoutLine: {'line': b'-- Up-to-date: /home/ngt/ZENS-Final-AUVC/install/gazebo_bluerov2/share/gazebo_bluerov2/models/bluerov2_2025_port_9002/meshes\n'}
[27.755001] (gazebo_bluerov2) StdoutLine: {'line': b'-- Up-to-date: /home/ngt/ZENS-Final-AUVC/install/gazebo_bluerov2/share/gazebo_bluerov2/models/bluerov2_2025_port_9002/meshes/t200_cw_prop.dae\n'}
[27.755574] (gazebo_bluerov2) StdoutLine: {'line': b'-- Up-to-date: /home/ngt/ZENS-Final-AUVC/install/gazebo_bluerov2/share/gazebo_bluerov2/models/bluerov2_2025_port_9002/meshes/t200_ccw_prop.dae\n'}
[27.756166] (gazebo_bluerov2) StdoutLine: {'line': b'-- Up-to-date: /home/ngt/ZENS-Final-AUVC/install/gazebo_bluerov2/share/gazebo_bluerov2/models/bluerov2_2025_port_9002/meshes/bluerov2.dae\n'}
[27.756674] (gazebo_bluerov2) StdoutLine: {'line': b'-- Up-to-date: /home/ngt/ZENS-Final-AUVC/install/gazebo_bluerov2/share/gazebo_bluerov2/models/bluerov2_2025_port_9002/model.config\n'}
[27.757272] (gazebo_bluerov2) StdoutLine: {'line': b'-- Up-to-date: /home/ngt/ZENS-Final-AUVC/install/gazebo_bluerov2/share/gazebo_bluerov2/models/Apriltag36_11_00000\n'}
[27.757859] (gazebo_bluerov2) StdoutLine: {'line': b'-- Up-to-date: /home/ngt/ZENS-Final-AUVC/install/gazebo_bluerov2/share/gazebo_bluerov2/models/Apriltag36_11_00000/model.sdf\n'}
[27.758451] (gazebo_bluerov2) StdoutLine: {'line': b'-- Up-to-date: /home/ngt/ZENS-Final-AUVC/install/gazebo_bluerov2/share/gazebo_bluerov2/models/Apriltag36_11_00000/materials\n'}
[27.762791] (gazebo_bluerov2) StdoutLine: {'line': b'-- Up-to-date: /home/ngt/ZENS-Final-AUVC/install/gazebo_bluerov2/share/gazebo_bluerov2/models/Apriltag36_11_00000/materials/textures\n'}
[27.763411] (gazebo_bluerov2) StdoutLine: {'line': b'-- Up-to-date: /home/ngt/ZENS-Final-AUVC/install/gazebo_bluerov2/share/gazebo_bluerov2/models/Apriltag36_11_00000/materials/textures/tag36_11_00000.png\n'}
[27.766302] (gazebo_bluerov2) StdoutLine: {'line': b'-- Up-to-date: /home/ngt/ZENS-Final-AUVC/install/gazebo_bluerov2/share/gazebo_bluerov2/models/Apriltag36_11_00000/materials/scripts\n'}
[27.767180] (gazebo_bluerov2) StdoutLine: {'line': b'-- Up-to-date: /home/ngt/ZENS-Final-AUVC/install/gazebo_bluerov2/share/gazebo_bluerov2/models/Apriltag36_11_00000/materials/scripts/Apriltag.material\n'}
[27.770946] (gazebo_bluerov2) StdoutLine: {'line': b'-- Up-to-date: /home/ngt/ZENS-Final-AUVC/install/gazebo_bluerov2/share/gazebo_bluerov2/models/Apriltag36_11_00000/model.config\n'}
[27.774552] (gazebo_bluerov2) StdoutLine: {'line': b'-- Up-to-date: /home/ngt/ZENS-Final-AUVC/install/gazebo_bluerov2/share/gazebo_bluerov2/models/Apriltag36_11_00007\n'}
[27.776932] (gazebo_bluerov2) StdoutLine: {'line': b'-- Up-to-date: /home/ngt/ZENS-Final-AUVC/install/gazebo_bluerov2/share/gazebo_bluerov2/models/Apriltag36_11_00007/model.sdf\n'}
[27.777650] (gazebo_bluerov2) StdoutLine: {'line': b'-- Up-to-date: /home/ngt/ZENS-Final-AUVC/install/gazebo_bluerov2/share/gazebo_bluerov2/models/Apriltag36_11_00007/materials\n'}
[27.783303] (gazebo_bluerov2) StdoutLine: {'line': b'-- Up-to-date: /home/ngt/ZENS-Final-AUVC/install/gazebo_bluerov2/share/gazebo_bluerov2/models/Apriltag36_11_00007/materials/textures\n'}
[27.784021] (gazebo_bluerov2) StdoutLine: {'line': b'-- Up-to-date: /home/ngt/ZENS-Final-AUVC/install/gazebo_bluerov2/share/gazebo_bluerov2/models/Apriltag36_11_00007/materials/textures/tag36_11_00007.png\n'}
[27.787163] (gazebo_bluerov2) StdoutLine: {'line': b'-- Up-to-date: /home/ngt/ZENS-Final-AUVC/install/gazebo_bluerov2/share/gazebo_bluerov2/models/Apriltag36_11_00007/materials/scripts\n'}
[27.788069] (gazebo_bluerov2) StdoutLine: {'line': b'-- Up-to-date: /home/ngt/ZENS-Final-AUVC/install/gazebo_bluerov2/share/gazebo_bluerov2/models/Apriltag36_11_00007/materials/scripts/Apriltag.material\n'}
[27.789356] (gazebo_bluerov2) StdoutLine: {'line': b'-- Up-to-date: /home/ngt/ZENS-Final-AUVC/install/gazebo_bluerov2/share/gazebo_bluerov2/models/Apriltag36_11_00007/model.config\n'}
[27.789931] (gazebo_bluerov2) StdoutLine: {'line': b'-- Up-to-date: /home/ngt/ZENS-Final-AUVC/install/gazebo_bluerov2/share/gazebo_bluerov2/worlds\n'}
[27.790422] (gazebo_bluerov2) StdoutLine: {'line': b'-- Up-to-date: /home/ngt/ZENS-Final-AUVC/install/gazebo_bluerov2/share/gazebo_bluerov2/worlds/bluerov2_simulation_1x.world\n'}
[27.794298] (-) TimerEvent: {}
[27.794967] (gazebo_bluerov2) StdoutLine: {'line': b'-- Up-to-date: /home/ngt/ZENS-Final-AUVC/install/gazebo_bluerov2/share/gazebo_bluerov2/worlds/bluerov2_camera.world\n'}
[27.796186] (gazebo_bluerov2) StdoutLine: {'line': b'-- Up-to-date: /home/ngt/ZENS-Final-AUVC/install/gazebo_bluerov2/share/gazebo_bluerov2/worlds/bluerov2_simulation_2x.world\n'}
[27.800238] (gazebo_bluerov2) StdoutLine: {'line': b'-- Up-to-date: /home/ngt/ZENS-Final-AUVC/install/gazebo_bluerov2/share/gazebo_bluerov2/worlds/bluerov2_2vessels.world\n'}
[27.800931] (gazebo_bluerov2) StdoutLine: {'line': b'-- Up-to-date: /home/ngt/ZENS-Final-AUVC/install/gazebo_bluerov2/share/gazebo_bluerov2/worlds/bluerov2_heavy_underwater.world\n'}
[27.801869] (gazebo_bluerov2) StdoutLine: {'line': b'-- Up-to-date: /home/ngt/ZENS-Final-AUVC/install/gazebo_bluerov2/share/gazebo_bluerov2/worlds/bluerov2_underwater.world\n'}
[27.806024] (gazebo_bluerov2) StdoutLine: {'line': b'-- Up-to-date: /home/ngt/ZENS-Final-AUVC/install/gazebo_bluerov2/share/gazebo_bluerov2/worlds/bluerov2_1x.world\n'}
[27.806776] (gazebo_bluerov2) StdoutLine: {'line': b'-- Up-to-date: /home/ngt/ZENS-Final-AUVC/install/gazebo_bluerov2/share/gazebo_bluerov2/worlds/bluerov2_2x.world\n'}
[27.807494] (gazebo_bluerov2) StdoutLine: {'line': b'-- Up-to-date: /home/ngt/ZENS-Final-AUVC/install/gazebo_bluerov2/lib/libPressureSensor.so\n'}
[27.808167] (gazebo_bluerov2) StdoutLine: {'line': b'-- Up-to-date: /home/ngt/ZENS-Final-AUVC/install/gazebo_bluerov2/lib/libPressureSensorSystem.so\n'}
[27.810812] (cv) JobEnded: {'identifier': 'cv', 'rc': 0}
[27.822151] (msgs) JobProgress: {'identifier': 'msgs', 'progress': 'cmake'}
[27.822381] (msgs) JobProgress: {'identifier': 'msgs', 'progress': 'build'}
[27.822487] (msgs) Command: {'cmd': ['/usr/bin/cmake', '--build', '/home/ngt/ZENS-Final-AUVC/build/msgs', '--', '-j4', '-l4'], 'cwd': '/home/ngt/ZENS-Final-AUVC/build/msgs', 'env': OrderedDict({'PYTHON_BASIC_REPL': '1', 'VIRTUALENVWRAPPER_WORKON_CD': '1', 'USER': 'ngt', 'SSH_CLIENT': '192.168.3.1 59167 22', 'WORKON_HOME': '/home/ngt/.virtualenvs', 'GZ_SIM_RESOURCE_PATH': '/opt/ros/jazzy/share', 'GZ_CONFIG_PATH': '/opt/ros/jazzy/opt/gz_sim_vendor/share/gz:/opt/ros/jazzy/opt/sdformat_vendor/share/gz:/opt/ros/jazzy/opt/gz_gui_vendor/share/gz:/opt/ros/jazzy/opt/gz_transport_vendor/share/gz:/opt/ros/jazzy/opt/gz_rendering_vendor/share/gz:/opt/ros/jazzy/opt/gz_plugin_vendor/share/gz:/opt/ros/jazzy/opt/gz_fuel_tools_vendor/share/gz:/opt/ros/jazzy/opt/gz_msgs_vendor/share/gz:/opt/ros/jazzy/opt/gz_common_vendor/share/gz', 'XDG_SESSION_TYPE': 'tty', 'GIT_ASKPASS': '/home/ngt/.vscode-server/cli/servers/Stable-1b6a188127eeaf9194f945eb6eb89a657e93c54c/server/extensions/git/dist/askpass.sh', 'SHLVL': '1', 'BROWSER': '/home/ngt/.vscode-server/cli/servers/Stable-1b6a188127eeaf9194f945eb6eb89a657e93c54c/server/bin/helpers/browser.sh', 'LD_LIBRARY_PATH': '/home/ngt/ZENS-Final-AUVC/install/msgs/lib:/home/ngt/ZENS-Final-AUVC/install/gazebo_bluerov2/lib:/home/ngt/auvc_ws/install/example_custom_srv/lib:/home/ngt/pid_ws/install/target_depth_msgs/lib:/opt/ros/jazzy/opt/gz_sim_vendor/lib:/opt/ros/jazzy/opt/gz_sensors_vendor/lib:/opt/ros/jazzy/opt/gz_physics_vendor/lib:/opt/ros/jazzy/opt/sdformat_vendor/lib:/opt/ros/jazzy/opt/rviz_ogre_vendor/lib:/opt/ros/jazzy/lib/aarch64-linux-gnu:/opt/ros/jazzy/opt/gz_gui_vendor/lib:/opt/ros/jazzy/opt/gz_transport_vendor/lib:/opt/ros/jazzy/opt/gz_rendering_vendor/lib:/opt/ros/jazzy/opt/gz_plugin_vendor/lib:/opt/ros/jazzy/opt/gz_fuel_tools_vendor/lib:/opt/ros/jazzy/opt/gz_msgs_vendor/lib:/opt/ros/jazzy/opt/gz_common_vendor/lib:/opt/ros/jazzy/opt/gz_math_vendor/lib:/opt/ros/jazzy/opt/gz_utils_vendor/lib:/opt/ros/jazzy/opt/gz_tools_vendor/lib:/opt/ros/jazzy/opt/gz_ogre_next_vendor/lib:/opt/ros/jazzy/opt/gz_dartsim_vendor/lib:/opt/ros/jazzy/opt/gz_cmake_vendor/lib:/opt/ros/jazzy/lib', 'GZ_TRANSPORT_ID': '192.168.3.1', 'HOME': '/home/ngt', 'OLDPWD': '/home/ngt', 'LESS': '-R', 'VIRTUALENVWRAPPER_PYTHON': '/usr/bin/python3', 'TERM_PROGRAM_VERSION': '1.130.0', 'VSCODE_IPC_HOOK_CLI': '/run/user/1004/vscode-ipc-ae3df1e9-d8a2-4837-9e51-55dec6bd592e.sock', 'ZSH': '/home/ngt/.oh-my-zsh', 'LSCOLORS': 'Gxfxcxdxbxegedabagacad', 'GZ_TRANSPORT_PUB_PORT': '11345', 'VSCODE_GIT_ASKPASS_MAIN': '/home/ngt/.vscode-server/cli/servers/Stable-1b6a188127eeaf9194f945eb6eb89a657e93c54c/server/extensions/git/dist/askpass-main.js', 'PAGER': 'less', 'ROS_PYTHON_VERSION': '3', 'PS1': '(ardusub) %(?:%{\x1b[01;32m%}%1{➜%} :%{\x1b[01;31m%}%1{➜%} ) %{\x1b[36m%}%c%{\x1b[00m%} $(git_prompt_info)', 'VSCODE_GIT_ASKPASS_NODE': '/home/ngt/.vscode-server/cli/servers/Stable-1b6a188127eeaf9194f945eb6eb89a657e93c54c/server/node', 'DBUS_SESSION_BUS_ADDRESS': 'unix:path=/run/user/1004/bus', 'PYDEVD_DISABLE_FILE_VALIDATION': '1', 'BUNDLED_DEBUGPY_PATH': '/home/ngt/.vscode-server/extensions/ms-python.debugpy-2026.6.0-linux-arm64/bundled/libs/debugpy', 'GZ_TRANSPORT_SUB_PORT': '11346', 'VSCODE_PYTHON_AUTOACTIVATE_GUARD': '1', 'COLORTERM': 'truecolor', 'ROS_DISTRO': 'jazzy', 'COLCON_PREFIX_PATH': '/home/ngt/ZENS-Final-AUVC/install:/home/ngt/cv_ws/install:/home/ngt/pid_ws/install:/home/ngt/auvc_ws/install:/home/ngt/auv_dancing/install', 'LOGNAME': 'ngt', '_': '/home/ngt/.virtualenvs/ardusub/bin/colcon', 'XDG_SESSION_CLASS': 'user', 'USER_ZDOTDIR': '/home/ngt', 'ROS_VERSION': '2', 'XDG_SESSION_ID': '2', 'TERM': 'xterm-256color', 'PATH': '/home/ngt/.virtualenvs/ardusub/bin:/home/ngt/.opencode/bin:/opt/ros/jazzy/opt/gz_msgs_vendor/bin:/opt/ros/jazzy/opt/gz_tools_vendor/bin:/opt/ros/jazzy/opt/gz_ogre_next_vendor/bin:/opt/ros/jazzy/bin:/usr/lib/ccache:/home/ngt/.vscode-server/data/User/globalStorage/github.copilot-chat/debugCommand:/home/ngt/.vscode-server/data/User/globalStorage/github.copilot-chat/copilotCli:/home/ngt/.vscode-server/cli/servers/Stable-1b6a188127eeaf9194f945eb6eb89a657e93c54c/server/bin/remote-cli:/usr/local/sbin:/usr/local/bin:/usr/sbin:/usr/bin:/sbin:/bin:/usr/games:/usr/local/games:/snap/bin:/home/ngt/.vscode-server/extensions/ms-python.debugpy-2026.6.0-linux-arm64/bundled/scripts/noConfigScripts:/home/ngt/.local/bin:/home/ngt/ardupilot/Tools/autotest', 'XDG_RUNTIME_DIR': '/run/user/1004', 'GZ_PARTITION': 'my_sim', 'LANG': 'en_US.UTF-8', 'VSCODE_DEBUGPY_ADAPTER_ENDPOINTS': '/home/ngt/.vscode-server/extensions/ms-python.debugpy-2026.6.0-linux-arm64/.noConfigDebugAdapterEndpoints/endpoint-cac51e27cd8c6882.txt', 'PYTHONSTARTUP': '/home/ngt/.vscode-server/data/User/workspaceStorage/e30aafa2edaaf296b4a11477f6a9b588/ms-python.python/pythonrc.py', 'VSCODE_INJECTION': '1', 'VIRTUAL_ENV_PROMPT': 'ardusub', 'TERM_PROGRAM': 'vscode', 'VSCODE_GIT_IPC_HANDLE': '/run/user/1004/vscode-git-191b257475.sock', 'LS_COLORS': 'rs=0:di=01;34:ln=01;36:mh=00:pi=40;33:so=01;35:do=01;35:bd=40;33;01:cd=40;33;01:or=40;31;01:mi=00:su=37;41:sg=30;43:ca=00:tw=30;42:ow=34;42:st=37;44:ex=01;32:*.tar=01;31:*.tgz=01;31:*.arc=01;31:*.arj=01;31:*.taz=01;31:*.lha=01;31:*.lz4=01;31:*.lzh=01;31:*.lzma=01;31:*.tlz=01;31:*.txz=01;31:*.tzo=01;31:*.t7z=01;31:*.zip=01;31:*.z=01;31:*.dz=01;31:*.gz=01;31:*.lrz=01;31:*.lz=01;31:*.lzo=01;31:*.xz=01;31:*.zst=01;31:*.tzst=01;31:*.bz2=01;31:*.bz=01;31:*.tbz=01;31:*.tbz2=01;31:*.tz=01;31:*.deb=01;31:*.rpm=01;31:*.jar=01;31:*.war=01;31:*.ear=01;31:*.sar=01;31:*.rar=01;31:*.alz=01;31:*.ace=01;31:*.zoo=01;31:*.cpio=01;31:*.7z=01;31:*.rz=01;31:*.cab=01;31:*.wim=01;31:*.swm=01;31:*.dwm=01;31:*.esd=01;31:*.avif=01;35:*.jpg=01;35:*.jpeg=01;35:*.mjpg=01;35:*.mjpeg=01;35:*.gif=01;35:*.bmp=01;35:*.pbm=01;35:*.pgm=01;35:*.ppm=01;35:*.tga=01;35:*.xbm=01;35:*.xpm=01;35:*.tif=01;35:*.tiff=01;35:*.png=01;35:*.svg=01;35:*.svgz=01;35:*.mng=01;35:*.pcx=01;35:*.mov=01;35:*.mpg=01;35:*.mpeg=01;35:*.m2v=01;35:*.mkv=01;35:*.webm=01;35:*.webp=01;35:*.ogm=01;35:*.mp4=01;35:*.m4v=01;35:*.mp4v=01;35:*.vob=01;35:*.qt=01;35:*.nuv=01;35:*.wmv=01;35:*.asf=01;35:*.rm=01;35:*.rmvb=01;35:*.flc=01;35:*.avi=01;35:*.fli=01;35:*.flv=01;35:*.gl=01;35:*.dl=01;35:*.xcf=01;35:*.xwd=01;35:*.yuv=01;35:*.cgm=01;35:*.emf=01;35:*.ogv=01;35:*.ogx=01;35:*.aac=00;36:*.au=00;36:*.flac=00;36:*.m4a=00;36:*.mid=00;36:*.midi=00;36:*.mka=00;36:*.mp3=00;36:*.mpc=00;36:*.ogg=00;36:*.ra=00;36:*.wav=00;36:*.oga=00;36:*.opus=00;36:*.spx=00;36:*.xspf=00;36:*~=00;90:*#=00;90:*.bak=00;90:*.crdownload=00;90:*.dpkg-dist=00;90:*.dpkg-new=00;90:*.dpkg-old=00;90:*.dpkg-tmp=00;90:*.old=00;90:*.orig=00;90:*.part=00;90:*.rej=00;90:*.rpmnew=00;90:*.rpmorig=00;90:*.rpmsave=00;90:*.swp=00;90:*.tmp=00;90:*.ucf-dist=00;90:*.ucf-new=00;90:*.ucf-old=00;90:', 'AMENT_PREFIX_PATH': '/home/ngt/ZENS-Final-AUVC/install/msgs:/home/ngt/ZENS-Final-AUVC/install/hardware:/home/ngt/ZENS-Final-AUVC/install/gazebo_bluerov2:/home/ngt/ZENS-Final-AUVC/install/flashing:/home/ngt/ZENS-Final-AUVC/install/cv:/home/ngt/ZENS-Final-AUVC/install/control:/home/ngt/ZENS-Final-AUVC/install/bringup:/home/ngt/auvc_ws/install/tutorial_virtualenvs:/home/ngt/auvc_ws/install/tutorial_pid:/home/ngt/auvc_ws/install/tutorial_ardusub:/home/ngt/auvc_ws/install/tutorial:/home/ngt/auvc_ws/install/rosmav:/home/ngt/auvc_ws/install/example_custom_srv:/home/ngt/cv_ws/install/cv:/home/ngt/pid_ws/install/target_depth_msgs:/home/ngt/pid_ws/install/pid:/home/ngt/auv_dancing/install/tutorial:/opt/ros/jazzy', 'SHELL': '/usr/bin/zsh', 'VIRTUALENVWRAPPER_PROJECT_FILENAME': '.project', 'VIRTUALENVWRAPPER_HOOK_DIR': '/home/ngt/.virtualenvs', 'VSCODE_GIT_ASKPASS_EXTRA_ARGS': '', 'VIRTUALENVWRAPPER_SCRIPT': '/usr/share/virtualenvwrapper/virtualenvwrapper.sh', 'ROS_AUTOMATIC_DISCOVERY_RANGE': 'SUBNET', 'VIRTUAL_ENV': '/home/ngt/.virtualenvs/ardusub', 'LC_ALL': 'en_US.UTF-8', 'PWD': '/home/ngt/ZENS-Final-AUVC/build/msgs', 'SSH_CONNECTION': '192.168.3.1 59167 192.168.3.2 22', 'COPILOT_DEBUG_NONCE': 'd6eed4c06bd82aa6cee185ab30fdc4f4', 'ZDOTDIR': '/home/ngt', 'PYTHONPATH': '/home/ngt/ZENS-Final-AUVC/install/msgs/lib/python3.12/site-packages:/home/ngt/ZENS-Final-AUVC/install/hardware/lib/python3.12/site-packages:/home/ngt/ZENS-Final-AUVC/install/flashing/lib/python3.12/site-packages:/home/ngt/ZENS-Final-AUVC/install/cv/lib/python3.12/site-packages:/home/ngt/ZENS-Final-AUVC/install/control/lib/python3.12/site-packages:/home/ngt/ZENS-Final-AUVC/install/bringup/lib/python3.12/site-packages:/home/ngt/auvc_ws/install/tutorial_virtualenvs/lib/python3.12/site-packages:/home/ngt/auvc_ws/install/tutorial_pid/lib/python3.12/site-packages:/home/ngt/auvc_ws/install/tutorial_ardusub/lib/python3.12/site-packages:/home/ngt/auvc_ws/install/tutorial/lib/python3.12/site-packages:/home/ngt/auvc_ws/install/rosmav/lib/python3.12/site-packages:/home/ngt/auvc_ws/install/example_custom_srv/lib/python3.12/site-packages:/home/ngt/cv_ws/install/cv/lib/python3.12/site-packages:/home/ngt/pid_ws/install/target_depth_msgs/lib/python3.12/site-packages:/home/ngt/pid_ws/install/pid/lib/python3.12/site-packages:/home/ngt/auv_dancing/install/tutorial/lib/python3.12/site-packages:/opt/ros/jazzy/lib/python3.12/site-packages', 'COLCON': '1', 'CMAKE_PREFIX_PATH': '/home/ngt/ZENS-Final-AUVC/install/msgs:/home/ngt/ZENS-Final-AUVC/install/gazebo_bluerov2:/home/ngt/auvc_ws/install/example_custom_srv:/home/ngt/pid_ws/install/target_depth_msgs:/opt/ros/jazzy/opt/gz_sim_vendor:/opt/ros/jazzy/opt/gz_sensors_vendor:/opt/ros/jazzy/opt/gz_physics_vendor:/opt/ros/jazzy/opt/sdformat_vendor:/opt/ros/jazzy/opt/gz_gui_vendor:/opt/ros/jazzy/opt/gz_transport_vendor:/opt/ros/jazzy/opt/gz_rendering_vendor:/opt/ros/jazzy/opt/gz_plugin_vendor:/opt/ros/jazzy/opt/gz_fuel_tools_vendor:/opt/ros/jazzy/opt/gz_msgs_vendor:/opt/ros/jazzy/opt/gz_common_vendor:/opt/ros/jazzy/opt/gz_math_vendor:/opt/ros/jazzy/opt/gz_utils_vendor:/opt/ros/jazzy/opt/gz_tools_vendor:/opt/ros/jazzy/opt/gz_ogre_next_vendor:/opt/ros/jazzy/opt/gz_dartsim_vendor:/opt/ros/jazzy/opt/gz_cmake_vendor:/home/ngt/ZENS-Final-AUVC/install/hardware:/home/ngt/ZENS-Final-AUVC/install/flashing:/home/ngt/ZENS-Final-AUVC/install/cv:/home/ngt/ZENS-Final-AUVC/install/control:/home/ngt/ZENS-Final-AUVC/install/bringup:/home/ngt/auvc_ws/install/tutorial_virtualenvs:/home/ngt/auvc_ws/install/tutorial_pid:/home/ngt/auvc_ws/install/tutorial_ardusub:/home/ngt/auvc_ws/install/tutorial:/home/ngt/auvc_ws/install/rosmav:/home/ngt/cv_ws/install/cv:/home/ngt/pid_ws/install/pid:/home/ngt/auv_dancing/install/tutorial:/opt/ros/jazzy'}), 'shell': False}
[27.838209] (gazebo_bluerov2) CommandEnded: {'returncode': 0}
[27.851188] (gazebo_bluerov2) JobEnded: {'identifier': 'gazebo_bluerov2', 'rc': 0}
[27.861177] (msgs) StdoutLine: {'line': b'[  2%] Built target msgs__rosidl_generator_type_description\n'}
[27.862336] (msgs) StdoutLine: {'line': b'[  5%] Built target msgs__rs\n'}
[27.897944] (-) TimerEvent: {}
[28.007648] (-) TimerEvent: {}
[28.024002] (msgs) StdoutLine: {'line': b'[ 20%] Built target msgs__rosidl_generator_c\n'}
[28.026582] (msgs) StdoutLine: {'line': b'[ 20%] Built target ament_cmake_python_copy_msgs\n'}
[28.108906] (-) TimerEvent: {}
[28.211863] (-) TimerEvent: {}
[28.313916] (-) TimerEvent: {}
[28.316034] (msgs) StdoutLine: {'line': b'Built target msgs__rosidl_typesupport_c\n'}
[28.416023] (-) TimerEvent: {}
[28.516857] (-) TimerEvent: {}
[28.603474] (msgs) StdoutLine: {'line': b'Built target msgs__rosidl_typesupport_fastrtps_c\n'}
[28.623905] (-) TimerEvent: {}
[28.727090] (-) TimerEvent: {}
[28.828209] (-) TimerEvent: {}
[28.933134] (-) TimerEvent: {}
[29.041575] (-) TimerEvent: {}
[29.146283] (-) TimerEvent: {}
[29.247099] (-) TimerEvent: {}
[29.353916] (-) TimerEvent: {}
[29.454771] (-) TimerEvent: {}
[29.560063] (-) TimerEvent: {}
[29.665876] (-) TimerEvent: {}
[29.768076] (-) TimerEvent: {}
[29.871064] (-) TimerEvent: {}
[29.973877] (-) TimerEvent: {}
[30.077576] (-) TimerEvent: {}
[30.184484] (-) TimerEvent: {}
[30.285871] (-) TimerEvent: {}
[30.389968] (-) TimerEvent: {}
[30.492820] (-) TimerEvent: {}
[30.604874] (-) TimerEvent: {}
[30.710867] (-) TimerEvent: {}
[30.811641] (-) TimerEvent: {}
[30.919958] (hardware) Command: {'cmd': ['/home/ngt/.virtualenvs/ardusub/bin/python', '-W', 'ignore:setup.py install is deprecated', '-W', 'ignore:easy_install command is deprecated', 'setup.py', 'egg_info', '--egg-base', '../../../build/hardware', 'build', '--build-base', '/home/ngt/ZENS-Final-AUVC/build/hardware/build', 'install', '--record', '/home/ngt/ZENS-Final-AUVC/build/hardware/install.log', '--install-scripts', '$base/lib/hardware', '--single-version-externally-managed', 'install_data'], 'cwd': '/home/ngt/ZENS-Final-AUVC/ros_ws/src/hardware', 'env': {'PYTHON_BASIC_REPL': '1', 'VIRTUALENVWRAPPER_WORKON_CD': '1', 'USER': 'ngt', 'SSH_CLIENT': '192.168.3.1 59167 22', 'WORKON_HOME': '/home/ngt/.virtualenvs', 'GZ_SIM_RESOURCE_PATH': '/opt/ros/jazzy/share', 'GZ_CONFIG_PATH': '/opt/ros/jazzy/opt/gz_sim_vendor/share/gz:/opt/ros/jazzy/opt/sdformat_vendor/share/gz:/opt/ros/jazzy/opt/gz_gui_vendor/share/gz:/opt/ros/jazzy/opt/gz_transport_vendor/share/gz:/opt/ros/jazzy/opt/gz_rendering_vendor/share/gz:/opt/ros/jazzy/opt/gz_plugin_vendor/share/gz:/opt/ros/jazzy/opt/gz_fuel_tools_vendor/share/gz:/opt/ros/jazzy/opt/gz_msgs_vendor/share/gz:/opt/ros/jazzy/opt/gz_common_vendor/share/gz', 'XDG_SESSION_TYPE': 'tty', 'GIT_ASKPASS': '/home/ngt/.vscode-server/cli/servers/Stable-1b6a188127eeaf9194f945eb6eb89a657e93c54c/server/extensions/git/dist/askpass.sh', 'SHLVL': '1', 'BROWSER': '/home/ngt/.vscode-server/cli/servers/Stable-1b6a188127eeaf9194f945eb6eb89a657e93c54c/server/bin/helpers/browser.sh', 'LD_LIBRARY_PATH': '/home/ngt/ZENS-Final-AUVC/install/msgs/lib:/home/ngt/ZENS-Final-AUVC/install/gazebo_bluerov2/lib:/home/ngt/auvc_ws/install/example_custom_srv/lib:/home/ngt/pid_ws/install/target_depth_msgs/lib:/opt/ros/jazzy/opt/gz_sim_vendor/lib:/opt/ros/jazzy/opt/gz_sensors_vendor/lib:/opt/ros/jazzy/opt/gz_physics_vendor/lib:/opt/ros/jazzy/opt/sdformat_vendor/lib:/opt/ros/jazzy/opt/rviz_ogre_vendor/lib:/opt/ros/jazzy/lib/aarch64-linux-gnu:/opt/ros/jazzy/opt/gz_gui_vendor/lib:/opt/ros/jazzy/opt/gz_transport_vendor/lib:/opt/ros/jazzy/opt/gz_rendering_vendor/lib:/opt/ros/jazzy/opt/gz_plugin_vendor/lib:/opt/ros/jazzy/opt/gz_fuel_tools_vendor/lib:/opt/ros/jazzy/opt/gz_msgs_vendor/lib:/opt/ros/jazzy/opt/gz_common_vendor/lib:/opt/ros/jazzy/opt/gz_math_vendor/lib:/opt/ros/jazzy/opt/gz_utils_vendor/lib:/opt/ros/jazzy/opt/gz_tools_vendor/lib:/opt/ros/jazzy/opt/gz_ogre_next_vendor/lib:/opt/ros/jazzy/opt/gz_dartsim_vendor/lib:/opt/ros/jazzy/opt/gz_cmake_vendor/lib:/opt/ros/jazzy/lib', 'GZ_TRANSPORT_ID': '192.168.3.1', 'HOME': '/home/ngt', 'OLDPWD': '/home/ngt', 'LESS': '-R', 'VIRTUALENVWRAPPER_PYTHON': '/usr/bin/python3', 'TERM_PROGRAM_VERSION': '1.130.0', 'VSCODE_IPC_HOOK_CLI': '/run/user/1004/vscode-ipc-ae3df1e9-d8a2-4837-9e51-55dec6bd592e.sock', 'ZSH': '/home/ngt/.oh-my-zsh', 'LSCOLORS': 'Gxfxcxdxbxegedabagacad', 'GZ_TRANSPORT_PUB_PORT': '11345', 'VSCODE_GIT_ASKPASS_MAIN': '/home/ngt/.vscode-server/cli/servers/Stable-1b6a188127eeaf9194f945eb6eb89a657e93c54c/server/extensions/git/dist/askpass-main.js', 'PAGER': 'less', 'ROS_PYTHON_VERSION': '3', 'PS1': '(ardusub) %(?:%{\x1b[01;32m%}%1{➜%} :%{\x1b[01;31m%}%1{➜%} ) %{\x1b[36m%}%c%{\x1b[00m%} $(git_prompt_info)', 'VSCODE_GIT_ASKPASS_NODE': '/home/ngt/.vscode-server/cli/servers/Stable-1b6a188127eeaf9194f945eb6eb89a657e93c54c/server/node', 'DBUS_SESSION_BUS_ADDRESS': 'unix:path=/run/user/1004/bus', 'PYDEVD_DISABLE_FILE_VALIDATION': '1', 'BUNDLED_DEBUGPY_PATH': '/home/ngt/.vscode-server/extensions/ms-python.debugpy-2026.6.0-linux-arm64/bundled/libs/debugpy', 'GZ_TRANSPORT_SUB_PORT': '11346', 'VSCODE_PYTHON_AUTOACTIVATE_GUARD': '1', 'COLORTERM': 'truecolor', 'ROS_DISTRO': 'jazzy', 'COLCON_PREFIX_PATH': '/home/ngt/ZENS-Final-AUVC/install:/home/ngt/cv_ws/install:/home/ngt/pid_ws/install:/home/ngt/auvc_ws/install:/home/ngt/auv_dancing/install', 'LOGNAME': 'ngt', '_': '/home/ngt/.virtualenvs/ardusub/bin/colcon', 'XDG_SESSION_CLASS': 'user', 'USER_ZDOTDIR': '/home/ngt', 'ROS_VERSION': '2', 'XDG_SESSION_ID': '2', 'TERM': 'xterm-256color', 'PATH': '/home/ngt/.virtualenvs/ardusub/bin:/home/ngt/.opencode/bin:/opt/ros/jazzy/opt/gz_msgs_vendor/bin:/opt/ros/jazzy/opt/gz_tools_vendor/bin:/opt/ros/jazzy/opt/gz_ogre_next_vendor/bin:/opt/ros/jazzy/bin:/usr/lib/ccache:/home/ngt/.vscode-server/data/User/globalStorage/github.copilot-chat/debugCommand:/home/ngt/.vscode-server/data/User/globalStorage/github.copilot-chat/copilotCli:/home/ngt/.vscode-server/cli/servers/Stable-1b6a188127eeaf9194f945eb6eb89a657e93c54c/server/bin/remote-cli:/usr/local/sbin:/usr/local/bin:/usr/sbin:/usr/bin:/sbin:/bin:/usr/games:/usr/local/games:/snap/bin:/home/ngt/.vscode-server/extensions/ms-python.debugpy-2026.6.0-linux-arm64/bundled/scripts/noConfigScripts:/home/ngt/.local/bin:/home/ngt/ardupilot/Tools/autotest', 'XDG_RUNTIME_DIR': '/run/user/1004', 'GZ_PARTITION': 'my_sim', 'LANG': 'en_US.UTF-8', 'VSCODE_DEBUGPY_ADAPTER_ENDPOINTS': '/home/ngt/.vscode-server/extensions/ms-python.debugpy-2026.6.0-linux-arm64/.noConfigDebugAdapterEndpoints/endpoint-cac51e27cd8c6882.txt', 'PYTHONSTARTUP': '/home/ngt/.vscode-server/data/User/workspaceStorage/e30aafa2edaaf296b4a11477f6a9b588/ms-python.python/pythonrc.py', 'VSCODE_INJECTION': '1', 'VIRTUAL_ENV_PROMPT': 'ardusub', 'TERM_PROGRAM': 'vscode', 'VSCODE_GIT_IPC_HANDLE': '/run/user/1004/vscode-git-191b257475.sock', 'LS_COLORS': 'rs=0:di=01;34:ln=01;36:mh=00:pi=40;33:so=01;35:do=01;35:bd=40;33;01:cd=40;33;01:or=40;31;01:mi=00:su=37;41:sg=30;43:ca=00:tw=30;42:ow=34;42:st=37;44:ex=01;32:*.tar=01;31:*.tgz=01;31:*.arc=01;31:*.arj=01;31:*.taz=01;31:*.lha=01;31:*.lz4=01;31:*.lzh=01;31:*.lzma=01;31:*.tlz=01;31:*.txz=01;31:*.tzo=01;31:*.t7z=01;31:*.zip=01;31:*.z=01;31:*.dz=01;31:*.gz=01;31:*.lrz=01;31:*.lz=01;31:*.lzo=01;31:*.xz=01;31:*.zst=01;31:*.tzst=01;31:*.bz2=01;31:*.bz=01;31:*.tbz=01;31:*.tbz2=01;31:*.tz=01;31:*.deb=01;31:*.rpm=01;31:*.jar=01;31:*.war=01;31:*.ear=01;31:*.sar=01;31:*.rar=01;31:*.alz=01;31:*.ace=01;31:*.zoo=01;31:*.cpio=01;31:*.7z=01;31:*.rz=01;31:*.cab=01;31:*.wim=01;31:*.swm=01;31:*.dwm=01;31:*.esd=01;31:*.avif=01;35:*.jpg=01;35:*.jpeg=01;35:*.mjpg=01;35:*.mjpeg=01;35:*.gif=01;35:*.bmp=01;35:*.pbm=01;35:*.pgm=01;35:*.ppm=01;35:*.tga=01;35:*.xbm=01;35:*.xpm=01;35:*.tif=01;35:*.tiff=01;35:*.png=01;35:*.svg=01;35:*.svgz=01;35:*.mng=01;35:*.pcx=01;35:*.mov=01;35:*.mpg=01;35:*.mpeg=01;35:*.m2v=01;35:*.mkv=01;35:*.webm=01;35:*.webp=01;35:*.ogm=01;35:*.mp4=01;35:*.m4v=01;35:*.mp4v=01;35:*.vob=01;35:*.qt=01;35:*.nuv=01;35:*.wmv=01;35:*.asf=01;35:*.rm=01;35:*.rmvb=01;35:*.flc=01;35:*.avi=01;35:*.fli=01;35:*.flv=01;35:*.gl=01;35:*.dl=01;35:*.xcf=01;35:*.xwd=01;35:*.yuv=01;35:*.cgm=01;35:*.emf=01;35:*.ogv=01;35:*.ogx=01;35:*.aac=00;36:*.au=00;36:*.flac=00;36:*.m4a=00;36:*.mid=00;36:*.midi=00;36:*.mka=00;36:*.mp3=00;36:*.mpc=00;36:*.ogg=00;36:*.ra=00;36:*.wav=00;36:*.oga=00;36:*.opus=00;36:*.spx=00;36:*.xspf=00;36:*~=00;90:*#=00;90:*.bak=00;90:*.crdownload=00;90:*.dpkg-dist=00;90:*.dpkg-new=00;90:*.dpkg-old=00;90:*.dpkg-tmp=00;90:*.old=00;90:*.orig=00;90:*.part=00;90:*.rej=00;90:*.rpmnew=00;90:*.rpmorig=00;90:*.rpmsave=00;90:*.swp=00;90:*.tmp=00;90:*.ucf-dist=00;90:*.ucf-new=00;90:*.ucf-old=00;90:', 'AMENT_PREFIX_PATH': '/home/ngt/ZENS-Final-AUVC/install/msgs:/home/ngt/ZENS-Final-AUVC/install/hardware:/home/ngt/ZENS-Final-AUVC/install/gazebo_bluerov2:/home/ngt/ZENS-Final-AUVC/install/flashing:/home/ngt/ZENS-Final-AUVC/install/cv:/home/ngt/ZENS-Final-AUVC/install/control:/home/ngt/ZENS-Final-AUVC/install/bringup:/home/ngt/auvc_ws/install/tutorial_virtualenvs:/home/ngt/auvc_ws/install/tutorial_pid:/home/ngt/auvc_ws/install/tutorial_ardusub:/home/ngt/auvc_ws/install/tutorial:/home/ngt/auvc_ws/install/rosmav:/home/ngt/auvc_ws/install/example_custom_srv:/home/ngt/cv_ws/install/cv:/home/ngt/pid_ws/install/target_depth_msgs:/home/ngt/pid_ws/install/pid:/home/ngt/auv_dancing/install/tutorial:/opt/ros/jazzy', 'SHELL': '/usr/bin/zsh', 'VIRTUALENVWRAPPER_PROJECT_FILENAME': '.project', 'VIRTUALENVWRAPPER_HOOK_DIR': '/home/ngt/.virtualenvs', 'VSCODE_GIT_ASKPASS_EXTRA_ARGS': '', 'VIRTUALENVWRAPPER_SCRIPT': '/usr/share/virtualenvwrapper/virtualenvwrapper.sh', 'ROS_AUTOMATIC_DISCOVERY_RANGE': 'SUBNET', 'VIRTUAL_ENV': '/home/ngt/.virtualenvs/ardusub', 'LC_ALL': 'en_US.UTF-8', 'PWD': '/home/ngt/ZENS-Final-AUVC/build/hardware', 'SSH_CONNECTION': '192.168.3.1 59167 192.168.3.2 22', 'COPILOT_DEBUG_NONCE': 'd6eed4c06bd82aa6cee185ab30fdc4f4', 'ZDOTDIR': '/home/ngt', 'PYTHONPATH': '/home/ngt/ZENS-Final-AUVC/build/hardware/prefix_override:/home/ngt/.virtualenvs/ardusub/lib/python3.12/site-packages/colcon_core/task/python/colcon_distutils_commands:/home/ngt/ZENS-Final-AUVC/install/hardware/lib/python3.12/site-packages:/home/ngt/ZENS-Final-AUVC/install/msgs/lib/python3.12/site-packages:/home/ngt/ZENS-Final-AUVC/install/hardware/lib/python3.12/site-packages:/home/ngt/ZENS-Final-AUVC/install/flashing/lib/python3.12/site-packages:/home/ngt/ZENS-Final-AUVC/install/cv/lib/python3.12/site-packages:/home/ngt/ZENS-Final-AUVC/install/control/lib/python3.12/site-packages:/home/ngt/ZENS-Final-AUVC/install/bringup/lib/python3.12/site-packages:/home/ngt/auvc_ws/install/tutorial_virtualenvs/lib/python3.12/site-packages:/home/ngt/auvc_ws/install/tutorial_pid/lib/python3.12/site-packages:/home/ngt/auvc_ws/install/tutorial_ardusub/lib/python3.12/site-packages:/home/ngt/auvc_ws/install/tutorial/lib/python3.12/site-packages:/home/ngt/auvc_ws/install/rosmav/lib/python3.12/site-packages:/home/ngt/auvc_ws/install/example_custom_srv/lib/python3.12/site-packages:/home/ngt/cv_ws/install/cv/lib/python3.12/site-packages:/home/ngt/pid_ws/install/target_depth_msgs/lib/python3.12/site-packages:/home/ngt/pid_ws/install/pid/lib/python3.12/site-packages:/home/ngt/auv_dancing/install/tutorial/lib/python3.12/site-packages:/opt/ros/jazzy/lib/python3.12/site-packages', 'COLCON': '1', 'CMAKE_PREFIX_PATH': '/home/ngt/ZENS-Final-AUVC/install/msgs:/home/ngt/ZENS-Final-AUVC/install/gazebo_bluerov2:/home/ngt/auvc_ws/install/example_custom_srv:/home/ngt/pid_ws/install/target_depth_msgs:/opt/ros/jazzy/opt/gz_sim_vendor:/opt/ros/jazzy/opt/gz_sensors_vendor:/opt/ros/jazzy/opt/gz_physics_vendor:/opt/ros/jazzy/opt/sdformat_vendor:/opt/ros/jazzy/opt/gz_gui_vendor:/opt/ros/jazzy/opt/gz_transport_vendor:/opt/ros/jazzy/opt/gz_rendering_vendor:/opt/ros/jazzy/opt/gz_plugin_vendor:/opt/ros/jazzy/opt/gz_fuel_tools_vendor:/opt/ros/jazzy/opt/gz_msgs_vendor:/opt/ros/jazzy/opt/gz_common_vendor:/opt/ros/jazzy/opt/gz_math_vendor:/opt/ros/jazzy/opt/gz_utils_vendor:/opt/ros/jazzy/opt/gz_tools_vendor:/opt/ros/jazzy/opt/gz_ogre_next_vendor:/opt/ros/jazzy/opt/gz_dartsim_vendor:/opt/ros/jazzy/opt/gz_cmake_vendor'}, 'shell': False}
[30.926033] (-) TimerEvent: {}
[31.028619] (-) TimerEvent: {}
[31.134786] (-) TimerEvent: {}
[31.239861] (-) TimerEvent: {}
[31.340637] (-) TimerEvent: {}
[31.441536] (-) TimerEvent: {}
[31.546857] (-) TimerEvent: {}
[31.648869] (-) TimerEvent: {}
[31.749924] (-) TimerEvent: {}
[31.856401] (-) TimerEvent: {}
[31.959906] (-) TimerEvent: {}
[32.063483] (-) TimerEvent: {}
[32.166133] (-) TimerEvent: {}
[32.273854] (-) TimerEvent: {}
[32.376365] (-) TimerEvent: {}
[32.482288] (-) TimerEvent: {}
[32.585415] (-) TimerEvent: {}
[32.602996] (hardware) StderrLine: {'line': b"/home/ngt/.virtualenvs/ardusub/lib/python3.12/site-packages/setuptools/_distutils/dist.py:288: UserWarning: Unknown distribution option: 'tests_require'\n"}
[32.604234] (hardware) StderrLine: {'line': b'  warnings.warn(msg)\n'}
[32.687911] (-) TimerEvent: {}
[32.758096] (msgs) StdoutLine: {'line': b'running egg_info\n'}
[32.791392] (-) TimerEvent: {}
[32.895874] (-) TimerEvent: {}
[33.000304] (-) TimerEvent: {}
[33.101112] (-) TimerEvent: {}
[33.205887] (-) TimerEvent: {}
[33.306860] (-) TimerEvent: {}
[33.404752] (msgs) StdoutLine: {'line': b'writing msgs.egg-info/PKG-INFO\n'}
[33.411877] (-) TimerEvent: {}
[33.513164] (-) TimerEvent: {}
[33.557939] (msgs) StdoutLine: {'line': b'writing dependency_links to msgs.egg-info/dependency_links.txt\n'}
[33.728357] (-) TimerEvent: {}
[33.836962] (-) TimerEvent: {}
[33.869316] (msgs) StdoutLine: {'line': b'writing top-level names to msgs.egg-info/top_level.txt\n'}
[33.939876] (-) TimerEvent: {}
[34.044883] (-) TimerEvent: {}
[34.147970] (-) TimerEvent: {}
[34.257885] (-) TimerEvent: {}
[34.364874] (-) TimerEvent: {}
[34.465683] (-) TimerEvent: {}
[34.501034] (hardware) StdoutLine: {'line': b'running egg_info\n'}
[34.568912] (-) TimerEvent: {}
[34.670150] (-) TimerEvent: {}
[34.773876] (-) TimerEvent: {}
[34.801579] (hardware) StdoutLine: {'line': b'writing ../../../build/hardware/hardware.egg-info/PKG-INFO\n'}
[34.808614] (hardware) StdoutLine: {'line': b'writing dependency_links to ../../../build/hardware/hardware.egg-info/dependency_links.txt\n'}
[34.813088] (hardware) StdoutLine: {'line': b'writing entry points to ../../../build/hardware/hardware.egg-info/entry_points.txt\n'}
[34.819504] (hardware) StdoutLine: {'line': b'writing requirements to ../../../build/hardware/hardware.egg-info/requires.txt\n'}
[34.826291] (hardware) StdoutLine: {'line': b'writing top-level names to ../../../build/hardware/hardware.egg-info/top_level.txt\n'}
[34.876920] (-) TimerEvent: {}
[34.977808] (-) TimerEvent: {}
[35.086926] (-) TimerEvent: {}
[35.144779] (hardware) StdoutLine: {'line': b"reading manifest file '../../../build/hardware/hardware.egg-info/SOURCES.txt'\n"}
[35.152132] (hardware) StdoutLine: {'line': b"writing manifest file '../../../build/hardware/hardware.egg-info/SOURCES.txt'\n"}
[35.163672] (hardware) StdoutLine: {'line': b'running build\n'}
[35.174318] (hardware) StdoutLine: {'line': b'running build_py\n'}
[35.174880] (hardware) StdoutLine: {'line': b'copying hardware/bluerov2_simulation_interface.py -> /home/ngt/ZENS-Final-AUVC/build/hardware/build/lib/hardware\n'}
[35.175403] (hardware) StdoutLine: {'line': b'copying hardware/bluerov2_hardware_interface.py -> /home/ngt/ZENS-Final-AUVC/build/hardware/build/lib/hardware\n'}
[35.186453] (hardware) StdoutLine: {'line': b'copying hardware/bluerov2_camera_interface.py -> /home/ngt/ZENS-Final-AUVC/build/hardware/build/lib/hardware\n'}
[35.193684] (-) TimerEvent: {}
[35.196567] (hardware) StdoutLine: {'line': b'copying hardware/__init__.py -> /home/ngt/ZENS-Final-AUVC/build/hardware/build/lib/hardware\n'}
[35.197479] (hardware) StdoutLine: {'line': b'running install\n'}
[35.301433] (-) TimerEvent: {}
[35.349857] (hardware) StdoutLine: {'line': b'running install_lib\n'}
[35.403935] (-) TimerEvent: {}
[35.506892] (-) TimerEvent: {}
[35.608023] (-) TimerEvent: {}
[35.711794] (-) TimerEvent: {}
[35.732865] (hardware) StdoutLine: {'line': b'running install_data\n'}
[35.739893] (hardware) StdoutLine: {'line': b'copying resource/hardware -> /home/ngt/ZENS-Final-AUVC/install/hardware/share/ament_index/resource_index/packages\n'}
[35.740762] (hardware) StdoutLine: {'line': b'copying package.xml -> /home/ngt/ZENS-Final-AUVC/install/hardware/share/hardware\n'}
[35.755461] (hardware) StdoutLine: {'line': b'copying launch/simulation.launch.py -> /home/ngt/ZENS-Final-AUVC/install/hardware/share/hardware/launch\n'}
[35.765041] (hardware) StdoutLine: {'line': b'copying config/bridge.yaml -> /home/ngt/ZENS-Final-AUVC/install/hardware/share/hardware/config\n'}
[35.765855] (hardware) StdoutLine: {'line': b'running install_egg_info\n'}
[35.818921] (-) TimerEvent: {}
[35.921888] (-) TimerEvent: {}
[36.025854] (-) TimerEvent: {}
[36.107981] (hardware) StdoutLine: {'line': b"removing '/home/ngt/ZENS-Final-AUVC/install/hardware/lib/python3.12/site-packages/hardware-0.0.0-py3.12.egg-info' (and everything under it)\n"}
[36.111977] (hardware) StdoutLine: {'line': b'Copying ../../../build/hardware/hardware.egg-info to /home/ngt/ZENS-Final-AUVC/install/hardware/lib/python3.12/site-packages/hardware-0.0.0-py3.12.egg-info\n'}
[36.127796] (-) TimerEvent: {}
[36.150053] (hardware) StdoutLine: {'line': b'running install_scripts\n'}
[36.230877] (-) TimerEvent: {}
[36.334005] (-) TimerEvent: {}
[36.441885] (-) TimerEvent: {}
[36.542693] (-) TimerEvent: {}
[36.575537] (hardware) StdoutLine: {'line': b'Installing bluerov2_camera_interface script to /home/ngt/ZENS-Final-AUVC/install/hardware/lib/hardware\n'}
[36.577569] (hardware) StdoutLine: {'line': b'Installing bluerov2_hardware_interface script to /home/ngt/ZENS-Final-AUVC/install/hardware/lib/hardware\n'}
[36.580658] (hardware) StdoutLine: {'line': b'Installing bluerov2_simulation_interface script to /home/ngt/ZENS-Final-AUVC/install/hardware/lib/hardware\n'}
[36.587960] (hardware) StdoutLine: {'line': b"writing list of installed files to '/home/ngt/ZENS-Final-AUVC/build/hardware/install.log'\n"}
[36.645611] (-) TimerEvent: {}
[36.750144] (-) TimerEvent: {}
[36.799937] (hardware) CommandEnded: {'returncode': 0}
[36.852334] (-) TimerEvent: {}
[36.963855] (-) TimerEvent: {}
[36.991946] (hardware) JobEnded: {'identifier': 'hardware', 'rc': 0}
[37.067866] (-) TimerEvent: {}
[37.168603] (-) TimerEvent: {}
[37.272873] (-) TimerEvent: {}
[37.373937] (-) TimerEvent: {}
[37.477928] (-) TimerEvent: {}
[37.583914] (-) TimerEvent: {}
[37.686887] (-) TimerEvent: {}
[37.787752] (-) TimerEvent: {}
[37.826503] (msgs) StdoutLine: {'line': b"reading manifest file 'msgs.egg-info/SOURCES.txt'\n"}
[37.834839] (msgs) StdoutLine: {'line': b"writing manifest file 'msgs.egg-info/SOURCES.txt'\n"}
[37.888875] (-) TimerEvent: {}
[37.990890] (-) TimerEvent: {}
[38.092979] (-) TimerEvent: {}
[38.197871] (-) TimerEvent: {}
[38.298679] (-) TimerEvent: {}
[38.399567] (-) TimerEvent: {}
[38.459400] (msgs) StdoutLine: {'line': b'Built target ament_cmake_python_build_msgs_egg\n'}
[38.500955] (-) TimerEvent: {}
[38.603885] (-) TimerEvent: {}
[38.705360] (-) TimerEvent: {}
[38.809127] (-) TimerEvent: {}
[38.910465] (-) TimerEvent: {}
[38.923820] (msgs) StdoutLine: {'line': b'Built target msgs__rosidl_typesupport_introspection_c\n'}
[39.012904] (-) TimerEvent: {}
[39.116628] (-) TimerEvent: {}
[39.217545] (-) TimerEvent: {}
[39.319837] (-) TimerEvent: {}
[39.356865] (msgs) StdoutLine: {'line': b'Built target msgs__cpp\n'}
[39.420868] (-) TimerEvent: {}
[39.523270] (-) TimerEvent: {}
[39.626548] (-) TimerEvent: {}
[39.729877] (-) TimerEvent: {}
[39.800144] (msgs) StdoutLine: {'line': b'Built target msgs__rosidl_typesupport_fastrtps_cpp\n'}
[39.834851] (-) TimerEvent: {}
[39.935625] (-) TimerEvent: {}
[40.039899] (-) TimerEvent: {}
[40.144861] (-) TimerEvent: {}
[40.225746] (msgs) StdoutLine: {'line': b'Built target msgs__rosidl_typesupport_cpp\n'}
[40.249008] (-) TimerEvent: {}
[40.350903] (-) TimerEvent: {}
[40.454169] (-) TimerEvent: {}
[40.554918] (-) TimerEvent: {}
[40.657877] (-) TimerEvent: {}
[40.696872] (msgs) StdoutLine: {'line': b'Built target msgs__rosidl_typesupport_introspection_cpp\n'}
[40.762851] (-) TimerEvent: {}
[40.863574] (-) TimerEvent: {}
[40.964766] (-) TimerEvent: {}
[41.070859] (-) TimerEvent: {}
[41.163984] (msgs) StdoutLine: {'line': b'Built target msgs\n'}
[41.173866] (-) TimerEvent: {}
[41.276877] (-) TimerEvent: {}
[41.378893] (-) TimerEvent: {}
[41.479637] (-) TimerEvent: {}
[41.582882] (-) TimerEvent: {}
[41.595863] (msgs) StdoutLine: {'line': b'Built target msgs__py\n'}
[41.683074] (-) TimerEvent: {}
[41.786862] (-) TimerEvent: {}
[41.888932] (-) TimerEvent: {}
[41.991943] (-) TimerEvent: {}
[42.037878] (msgs) StdoutLine: {'line': b'Built target msgs__rosidl_generator_py\n'}
[42.094871] (-) TimerEvent: {}
[42.195640] (-) TimerEvent: {}
[42.296774] (-) TimerEvent: {}
[42.399868] (-) TimerEvent: {}
[42.474688] (msgs) StdoutLine: {'line': b'Built target msgs_s__rosidl_typesupport_fastrtps_c\n'}
[42.501921] (-) TimerEvent: {}
[42.604981] (-) TimerEvent: {}
[42.709407] (-) TimerEvent: {}
[42.814876] (-) TimerEvent: {}
[42.849866] (msgs) StdoutLine: {'line': b'Built target msgs_s__rosidl_typesupport_c\n'}
[42.918880] (-) TimerEvent: {}
[43.021875] (-) TimerEvent: {}
[43.071010] (msgs) StdoutLine: {'line': b'Built target msgs_s__rosidl_typesupport_introspection_c\n'}
[43.125904] (-) TimerEvent: {}
[43.226861] (-) TimerEvent: {}
[43.281958] (msgs) CommandEnded: {'returncode': 0}
[43.283854] (msgs) JobProgress: {'identifier': 'msgs', 'progress': 'install'}
[43.292124] (msgs) Command: {'cmd': ['/usr/bin/cmake', '--install', '/home/ngt/ZENS-Final-AUVC/build/msgs'], 'cwd': '/home/ngt/ZENS-Final-AUVC/build/msgs', 'env': OrderedDict({'PYTHON_BASIC_REPL': '1', 'VIRTUALENVWRAPPER_WORKON_CD': '1', 'USER': 'ngt', 'SSH_CLIENT': '192.168.3.1 59167 22', 'WORKON_HOME': '/home/ngt/.virtualenvs', 'GZ_SIM_RESOURCE_PATH': '/opt/ros/jazzy/share', 'GZ_CONFIG_PATH': '/opt/ros/jazzy/opt/gz_sim_vendor/share/gz:/opt/ros/jazzy/opt/sdformat_vendor/share/gz:/opt/ros/jazzy/opt/gz_gui_vendor/share/gz:/opt/ros/jazzy/opt/gz_transport_vendor/share/gz:/opt/ros/jazzy/opt/gz_rendering_vendor/share/gz:/opt/ros/jazzy/opt/gz_plugin_vendor/share/gz:/opt/ros/jazzy/opt/gz_fuel_tools_vendor/share/gz:/opt/ros/jazzy/opt/gz_msgs_vendor/share/gz:/opt/ros/jazzy/opt/gz_common_vendor/share/gz', 'XDG_SESSION_TYPE': 'tty', 'GIT_ASKPASS': '/home/ngt/.vscode-server/cli/servers/Stable-1b6a188127eeaf9194f945eb6eb89a657e93c54c/server/extensions/git/dist/askpass.sh', 'SHLVL': '1', 'BROWSER': '/home/ngt/.vscode-server/cli/servers/Stable-1b6a188127eeaf9194f945eb6eb89a657e93c54c/server/bin/helpers/browser.sh', 'LD_LIBRARY_PATH': '/home/ngt/ZENS-Final-AUVC/install/msgs/lib:/home/ngt/ZENS-Final-AUVC/install/gazebo_bluerov2/lib:/home/ngt/auvc_ws/install/example_custom_srv/lib:/home/ngt/pid_ws/install/target_depth_msgs/lib:/opt/ros/jazzy/opt/gz_sim_vendor/lib:/opt/ros/jazzy/opt/gz_sensors_vendor/lib:/opt/ros/jazzy/opt/gz_physics_vendor/lib:/opt/ros/jazzy/opt/sdformat_vendor/lib:/opt/ros/jazzy/opt/rviz_ogre_vendor/lib:/opt/ros/jazzy/lib/aarch64-linux-gnu:/opt/ros/jazzy/opt/gz_gui_vendor/lib:/opt/ros/jazzy/opt/gz_transport_vendor/lib:/opt/ros/jazzy/opt/gz_rendering_vendor/lib:/opt/ros/jazzy/opt/gz_plugin_vendor/lib:/opt/ros/jazzy/opt/gz_fuel_tools_vendor/lib:/opt/ros/jazzy/opt/gz_msgs_vendor/lib:/opt/ros/jazzy/opt/gz_common_vendor/lib:/opt/ros/jazzy/opt/gz_math_vendor/lib:/opt/ros/jazzy/opt/gz_utils_vendor/lib:/opt/ros/jazzy/opt/gz_tools_vendor/lib:/opt/ros/jazzy/opt/gz_ogre_next_vendor/lib:/opt/ros/jazzy/opt/gz_dartsim_vendor/lib:/opt/ros/jazzy/opt/gz_cmake_vendor/lib:/opt/ros/jazzy/lib', 'GZ_TRANSPORT_ID': '192.168.3.1', 'HOME': '/home/ngt', 'OLDPWD': '/home/ngt', 'LESS': '-R', 'VIRTUALENVWRAPPER_PYTHON': '/usr/bin/python3', 'TERM_PROGRAM_VERSION': '1.130.0', 'VSCODE_IPC_HOOK_CLI': '/run/user/1004/vscode-ipc-ae3df1e9-d8a2-4837-9e51-55dec6bd592e.sock', 'ZSH': '/home/ngt/.oh-my-zsh', 'LSCOLORS': 'Gxfxcxdxbxegedabagacad', 'GZ_TRANSPORT_PUB_PORT': '11345', 'VSCODE_GIT_ASKPASS_MAIN': '/home/ngt/.vscode-server/cli/servers/Stable-1b6a188127eeaf9194f945eb6eb89a657e93c54c/server/extensions/git/dist/askpass-main.js', 'PAGER': 'less', 'ROS_PYTHON_VERSION': '3', 'PS1': '(ardusub) %(?:%{\x1b[01;32m%}%1{➜%} :%{\x1b[01;31m%}%1{➜%} ) %{\x1b[36m%}%c%{\x1b[00m%} $(git_prompt_info)', 'VSCODE_GIT_ASKPASS_NODE': '/home/ngt/.vscode-server/cli/servers/Stable-1b6a188127eeaf9194f945eb6eb89a657e93c54c/server/node', 'DBUS_SESSION_BUS_ADDRESS': 'unix:path=/run/user/1004/bus', 'PYDEVD_DISABLE_FILE_VALIDATION': '1', 'BUNDLED_DEBUGPY_PATH': '/home/ngt/.vscode-server/extensions/ms-python.debugpy-2026.6.0-linux-arm64/bundled/libs/debugpy', 'GZ_TRANSPORT_SUB_PORT': '11346', 'VSCODE_PYTHON_AUTOACTIVATE_GUARD': '1', 'COLORTERM': 'truecolor', 'ROS_DISTRO': 'jazzy', 'COLCON_PREFIX_PATH': '/home/ngt/ZENS-Final-AUVC/install:/home/ngt/cv_ws/install:/home/ngt/pid_ws/install:/home/ngt/auvc_ws/install:/home/ngt/auv_dancing/install', 'LOGNAME': 'ngt', '_': '/home/ngt/.virtualenvs/ardusub/bin/colcon', 'XDG_SESSION_CLASS': 'user', 'USER_ZDOTDIR': '/home/ngt', 'ROS_VERSION': '2', 'XDG_SESSION_ID': '2', 'TERM': 'xterm-256color', 'PATH': '/home/ngt/.virtualenvs/ardusub/bin:/home/ngt/.opencode/bin:/opt/ros/jazzy/opt/gz_msgs_vendor/bin:/opt/ros/jazzy/opt/gz_tools_vendor/bin:/opt/ros/jazzy/opt/gz_ogre_next_vendor/bin:/opt/ros/jazzy/bin:/usr/lib/ccache:/home/ngt/.vscode-server/data/User/globalStorage/github.copilot-chat/debugCommand:/home/ngt/.vscode-server/data/User/globalStorage/github.copilot-chat/copilotCli:/home/ngt/.vscode-server/cli/servers/Stable-1b6a188127eeaf9194f945eb6eb89a657e93c54c/server/bin/remote-cli:/usr/local/sbin:/usr/local/bin:/usr/sbin:/usr/bin:/sbin:/bin:/usr/games:/usr/local/games:/snap/bin:/home/ngt/.vscode-server/extensions/ms-python.debugpy-2026.6.0-linux-arm64/bundled/scripts/noConfigScripts:/home/ngt/.local/bin:/home/ngt/ardupilot/Tools/autotest', 'XDG_RUNTIME_DIR': '/run/user/1004', 'GZ_PARTITION': 'my_sim', 'LANG': 'en_US.UTF-8', 'VSCODE_DEBUGPY_ADAPTER_ENDPOINTS': '/home/ngt/.vscode-server/extensions/ms-python.debugpy-2026.6.0-linux-arm64/.noConfigDebugAdapterEndpoints/endpoint-cac51e27cd8c6882.txt', 'PYTHONSTARTUP': '/home/ngt/.vscode-server/data/User/workspaceStorage/e30aafa2edaaf296b4a11477f6a9b588/ms-python.python/pythonrc.py', 'VSCODE_INJECTION': '1', 'VIRTUAL_ENV_PROMPT': 'ardusub', 'TERM_PROGRAM': 'vscode', 'VSCODE_GIT_IPC_HANDLE': '/run/user/1004/vscode-git-191b257475.sock', 'LS_COLORS': 'rs=0:di=01;34:ln=01;36:mh=00:pi=40;33:so=01;35:do=01;35:bd=40;33;01:cd=40;33;01:or=40;31;01:mi=00:su=37;41:sg=30;43:ca=00:tw=30;42:ow=34;42:st=37;44:ex=01;32:*.tar=01;31:*.tgz=01;31:*.arc=01;31:*.arj=01;31:*.taz=01;31:*.lha=01;31:*.lz4=01;31:*.lzh=01;31:*.lzma=01;31:*.tlz=01;31:*.txz=01;31:*.tzo=01;31:*.t7z=01;31:*.zip=01;31:*.z=01;31:*.dz=01;31:*.gz=01;31:*.lrz=01;31:*.lz=01;31:*.lzo=01;31:*.xz=01;31:*.zst=01;31:*.tzst=01;31:*.bz2=01;31:*.bz=01;31:*.tbz=01;31:*.tbz2=01;31:*.tz=01;31:*.deb=01;31:*.rpm=01;31:*.jar=01;31:*.war=01;31:*.ear=01;31:*.sar=01;31:*.rar=01;31:*.alz=01;31:*.ace=01;31:*.zoo=01;31:*.cpio=01;31:*.7z=01;31:*.rz=01;31:*.cab=01;31:*.wim=01;31:*.swm=01;31:*.dwm=01;31:*.esd=01;31:*.avif=01;35:*.jpg=01;35:*.jpeg=01;35:*.mjpg=01;35:*.mjpeg=01;35:*.gif=01;35:*.bmp=01;35:*.pbm=01;35:*.pgm=01;35:*.ppm=01;35:*.tga=01;35:*.xbm=01;35:*.xpm=01;35:*.tif=01;35:*.tiff=01;35:*.png=01;35:*.svg=01;35:*.svgz=01;35:*.mng=01;35:*.pcx=01;35:*.mov=01;35:*.mpg=01;35:*.mpeg=01;35:*.m2v=01;35:*.mkv=01;35:*.webm=01;35:*.webp=01;35:*.ogm=01;35:*.mp4=01;35:*.m4v=01;35:*.mp4v=01;35:*.vob=01;35:*.qt=01;35:*.nuv=01;35:*.wmv=01;35:*.asf=01;35:*.rm=01;35:*.rmvb=01;35:*.flc=01;35:*.avi=01;35:*.fli=01;35:*.flv=01;35:*.gl=01;35:*.dl=01;35:*.xcf=01;35:*.xwd=01;35:*.yuv=01;35:*.cgm=01;35:*.emf=01;35:*.ogv=01;35:*.ogx=01;35:*.aac=00;36:*.au=00;36:*.flac=00;36:*.m4a=00;36:*.mid=00;36:*.midi=00;36:*.mka=00;36:*.mp3=00;36:*.mpc=00;36:*.ogg=00;36:*.ra=00;36:*.wav=00;36:*.oga=00;36:*.opus=00;36:*.spx=00;36:*.xspf=00;36:*~=00;90:*#=00;90:*.bak=00;90:*.crdownload=00;90:*.dpkg-dist=00;90:*.dpkg-new=00;90:*.dpkg-old=00;90:*.dpkg-tmp=00;90:*.old=00;90:*.orig=00;90:*.part=00;90:*.rej=00;90:*.rpmnew=00;90:*.rpmorig=00;90:*.rpmsave=00;90:*.swp=00;90:*.tmp=00;90:*.ucf-dist=00;90:*.ucf-new=00;90:*.ucf-old=00;90:', 'AMENT_PREFIX_PATH': '/home/ngt/ZENS-Final-AUVC/install/msgs:/home/ngt/ZENS-Final-AUVC/install/hardware:/home/ngt/ZENS-Final-AUVC/install/gazebo_bluerov2:/home/ngt/ZENS-Final-AUVC/install/flashing:/home/ngt/ZENS-Final-AUVC/install/cv:/home/ngt/ZENS-Final-AUVC/install/control:/home/ngt/ZENS-Final-AUVC/install/bringup:/home/ngt/auvc_ws/install/tutorial_virtualenvs:/home/ngt/auvc_ws/install/tutorial_pid:/home/ngt/auvc_ws/install/tutorial_ardusub:/home/ngt/auvc_ws/install/tutorial:/home/ngt/auvc_ws/install/rosmav:/home/ngt/auvc_ws/install/example_custom_srv:/home/ngt/cv_ws/install/cv:/home/ngt/pid_ws/install/target_depth_msgs:/home/ngt/pid_ws/install/pid:/home/ngt/auv_dancing/install/tutorial:/opt/ros/jazzy', 'SHELL': '/usr/bin/zsh', 'VIRTUALENVWRAPPER_PROJECT_FILENAME': '.project', 'VIRTUALENVWRAPPER_HOOK_DIR': '/home/ngt/.virtualenvs', 'VSCODE_GIT_ASKPASS_EXTRA_ARGS': '', 'VIRTUALENVWRAPPER_SCRIPT': '/usr/share/virtualenvwrapper/virtualenvwrapper.sh', 'ROS_AUTOMATIC_DISCOVERY_RANGE': 'SUBNET', 'VIRTUAL_ENV': '/home/ngt/.virtualenvs/ardusub', 'LC_ALL': 'en_US.UTF-8', 'PWD': '/home/ngt/ZENS-Final-AUVC/build/msgs', 'SSH_CONNECTION': '192.168.3.1 59167 192.168.3.2 22', 'COPILOT_DEBUG_NONCE': 'd6eed4c06bd82aa6cee185ab30fdc4f4', 'ZDOTDIR': '/home/ngt', 'PYTHONPATH': '/home/ngt/ZENS-Final-AUVC/install/msgs/lib/python3.12/site-packages:/home/ngt/ZENS-Final-AUVC/install/hardware/lib/python3.12/site-packages:/home/ngt/ZENS-Final-AUVC/install/flashing/lib/python3.12/site-packages:/home/ngt/ZENS-Final-AUVC/install/cv/lib/python3.12/site-packages:/home/ngt/ZENS-Final-AUVC/install/control/lib/python3.12/site-packages:/home/ngt/ZENS-Final-AUVC/install/bringup/lib/python3.12/site-packages:/home/ngt/auvc_ws/install/tutorial_virtualenvs/lib/python3.12/site-packages:/home/ngt/auvc_ws/install/tutorial_pid/lib/python3.12/site-packages:/home/ngt/auvc_ws/install/tutorial_ardusub/lib/python3.12/site-packages:/home/ngt/auvc_ws/install/tutorial/lib/python3.12/site-packages:/home/ngt/auvc_ws/install/rosmav/lib/python3.12/site-packages:/home/ngt/auvc_ws/install/example_custom_srv/lib/python3.12/site-packages:/home/ngt/cv_ws/install/cv/lib/python3.12/site-packages:/home/ngt/pid_ws/install/target_depth_msgs/lib/python3.12/site-packages:/home/ngt/pid_ws/install/pid/lib/python3.12/site-packages:/home/ngt/auv_dancing/install/tutorial/lib/python3.12/site-packages:/opt/ros/jazzy/lib/python3.12/site-packages', 'COLCON': '1', 'CMAKE_PREFIX_PATH': '/home/ngt/ZENS-Final-AUVC/install/msgs:/home/ngt/ZENS-Final-AUVC/install/gazebo_bluerov2:/home/ngt/auvc_ws/install/example_custom_srv:/home/ngt/pid_ws/install/target_depth_msgs:/opt/ros/jazzy/opt/gz_sim_vendor:/opt/ros/jazzy/opt/gz_sensors_vendor:/opt/ros/jazzy/opt/gz_physics_vendor:/opt/ros/jazzy/opt/sdformat_vendor:/opt/ros/jazzy/opt/gz_gui_vendor:/opt/ros/jazzy/opt/gz_transport_vendor:/opt/ros/jazzy/opt/gz_rendering_vendor:/opt/ros/jazzy/opt/gz_plugin_vendor:/opt/ros/jazzy/opt/gz_fuel_tools_vendor:/opt/ros/jazzy/opt/gz_msgs_vendor:/opt/ros/jazzy/opt/gz_common_vendor:/opt/ros/jazzy/opt/gz_math_vendor:/opt/ros/jazzy/opt/gz_utils_vendor:/opt/ros/jazzy/opt/gz_tools_vendor:/opt/ros/jazzy/opt/gz_ogre_next_vendor:/opt/ros/jazzy/opt/gz_dartsim_vendor:/opt/ros/jazzy/opt/gz_cmake_vendor:/home/ngt/ZENS-Final-AUVC/install/hardware:/home/ngt/ZENS-Final-AUVC/install/flashing:/home/ngt/ZENS-Final-AUVC/install/cv:/home/ngt/ZENS-Final-AUVC/install/control:/home/ngt/ZENS-Final-AUVC/install/bringup:/home/ngt/auvc_ws/install/tutorial_virtualenvs:/home/ngt/auvc_ws/install/tutorial_pid:/home/ngt/auvc_ws/install/tutorial_ardusub:/home/ngt/auvc_ws/install/tutorial:/home/ngt/auvc_ws/install/rosmav:/home/ngt/cv_ws/install/cv:/home/ngt/pid_ws/install/pid:/home/ngt/auv_dancing/install/tutorial:/opt/ros/jazzy'}), 'shell': False}
[43.327172] (-) TimerEvent: {}
[43.432295] (-) TimerEvent: {}
[43.476801] (msgs) StdoutLine: {'line': b'-- Install configuration: ""\n'}
[43.484583] (msgs) StdoutLine: {'line': b'-- Up-to-date: /home/ngt/ZENS-Final-AUVC/install/msgs/share/ament_index/resource_index/rosidl_interfaces/msgs\n'}
[43.489987] (msgs) StdoutLine: {'line': b'-- Up-to-date: /home/ngt/ZENS-Final-AUVC/install/msgs/share/msgs/msg/TargetDepth.json\n'}
[43.490624] (msgs) StdoutLine: {'line': b'-- Up-to-date: /home/ngt/ZENS-Final-AUVC/install/msgs/include/msgs/msgs\n'}
[43.491319] (msgs) StdoutLine: {'line': b'-- Up-to-date: /home/ngt/ZENS-Final-AUVC/install/msgs/include/msgs/msgs/msg\n'}
[43.498499] (msgs) StdoutLine: {'line': b'-- Up-to-date: /home/ngt/ZENS-Final-AUVC/install/msgs/include/msgs/msgs/msg/detail\n'}
[43.499295] (msgs) StdoutLine: {'line': b'-- Up-to-date: /home/ngt/ZENS-Final-AUVC/install/msgs/include/msgs/msgs/msg/detail/target_depth__struct.h\n'}
[43.500026] (msgs) StdoutLine: {'line': b'-- Installing: /home/ngt/ZENS-Final-AUVC/install/msgs/include/msgs/msgs/msg/detail/target_depth__type_support.c\n'}
[43.507887] (msgs) StdoutLine: {'line': b'-- Up-to-date: /home/ngt/ZENS-Final-AUVC/install/msgs/include/msgs/msgs/msg/detail/target_depth__functions.c\n'}
[43.508767] (msgs) StdoutLine: {'line': b'-- Up-to-date: /home/ngt/ZENS-Final-AUVC/install/msgs/include/msgs/msgs/msg/detail/target_depth__functions.h\n'}
[43.509486] (msgs) StdoutLine: {'line': b'-- Up-to-date: /home/ngt/ZENS-Final-AUVC/install/msgs/include/msgs/msgs/msg/detail/target_depth__description.c\n'}
[43.510189] (msgs) StdoutLine: {'line': b'-- Up-to-date: /home/ngt/ZENS-Final-AUVC/install/msgs/include/msgs/msgs/msg/detail/target_depth__type_support.h\n'}
[43.519460] (msgs) StdoutLine: {'line': b'-- Up-to-date: /home/ngt/ZENS-Final-AUVC/install/msgs/include/msgs/msgs/msg/target_depth.h\n'}
[43.520526] (msgs) StdoutLine: {'line': b'-- Up-to-date: /home/ngt/ZENS-Final-AUVC/install/msgs/include/msgs/msgs/msg/rosidl_generator_c__visibility_control.h\n'}
[43.521150] (msgs) StdoutLine: {'line': b'-- Up-to-date: /home/ngt/ZENS-Final-AUVC/install/msgs/share/msgs/environment/library_path.sh\n'}
[43.521757] (msgs) StdoutLine: {'line': b'-- Up-to-date: /home/ngt/ZENS-Final-AUVC/install/msgs/share/msgs/environment/library_path.dsv\n'}
[43.522441] (msgs) StdoutLine: {'line': b'-- Up-to-date: /home/ngt/ZENS-Final-AUVC/install/msgs/lib/libmsgs__rosidl_generator_c.so\n'}
[43.529950] (msgs) StdoutLine: {'line': b'-- Up-to-date: /home/ngt/ZENS-Final-AUVC/install/msgs/include/msgs/msgs\n'}
[43.530463] (msgs) StdoutLine: {'line': b'-- Up-to-date: /home/ngt/ZENS-Final-AUVC/install/msgs/include/msgs/msgs/msg\n'}
[43.539634] (msgs) StdoutLine: {'line': b'-- Up-to-date: /home/ngt/ZENS-Final-AUVC/install/msgs/include/msgs/msgs/msg/rosidl_typesupport_fastrtps_c__visibility_control.h\n'}
[43.540381] (-) TimerEvent: {}
[43.542134] (msgs) StdoutLine: {'line': b'-- Up-to-date: /home/ngt/ZENS-Final-AUVC/install/msgs/include/msgs/msgs/msg/detail\n'}
[43.550212] (msgs) StdoutLine: {'line': b'-- Up-to-date: /home/ngt/ZENS-Final-AUVC/install/msgs/include/msgs/msgs/msg/detail/target_depth__rosidl_typesupport_fastrtps_c.h\n'}
[43.551062] (msgs) StdoutLine: {'line': b'-- Up-to-date: /home/ngt/ZENS-Final-AUVC/install/msgs/lib/libmsgs__rosidl_typesupport_fastrtps_c.so\n'}
[43.557529] (msgs) StdoutLine: {'line': b'-- Up-to-date: /home/ngt/ZENS-Final-AUVC/install/msgs/include/msgs/msgs\n'}
[43.564331] (msgs) StdoutLine: {'line': b'-- Up-to-date: /home/ngt/ZENS-Final-AUVC/install/msgs/include/msgs/msgs/msg\n'}
[43.564995] (msgs) StdoutLine: {'line': b'-- Up-to-date: /home/ngt/ZENS-Final-AUVC/install/msgs/include/msgs/msgs/msg/rosidl_generator_cpp__visibility_control.hpp\n'}
[43.565581] (msgs) StdoutLine: {'line': b'-- Up-to-date: /home/ngt/ZENS-Final-AUVC/install/msgs/include/msgs/msgs/msg/detail\n'}
[43.575997] (msgs) StdoutLine: {'line': b'-- Up-to-date: /home/ngt/ZENS-Final-AUVC/install/msgs/include/msgs/msgs/msg/detail/target_depth__traits.hpp\n'}
[43.582795] (msgs) StdoutLine: {'line': b'-- Up-to-date: /home/ngt/ZENS-Final-AUVC/install/msgs/include/msgs/msgs/msg/detail/target_depth__type_support.hpp\n'}
[43.584164] (msgs) StdoutLine: {'line': b'-- Up-to-date: /home/ngt/ZENS-Final-AUVC/install/msgs/include/msgs/msgs/msg/detail/target_depth__builder.hpp\n'}
[43.592609] (msgs) StdoutLine: {'line': b'-- Up-to-date: /home/ngt/ZENS-Final-AUVC/install/msgs/include/msgs/msgs/msg/detail/target_depth__struct.hpp\n'}
[43.593248] (msgs) StdoutLine: {'line': b'-- Up-to-date: /home/ngt/ZENS-Final-AUVC/install/msgs/include/msgs/msgs/msg/target_depth.hpp\n'}
[43.593955] (msgs) StdoutLine: {'line': b'-- Up-to-date: /home/ngt/ZENS-Final-AUVC/install/msgs/include/msgs/msgs\n'}
[43.594609] (msgs) StdoutLine: {'line': b'-- Up-to-date: /home/ngt/ZENS-Final-AUVC/install/msgs/include/msgs/msgs/msg\n'}
[43.602210] (msgs) StdoutLine: {'line': b'-- Up-to-date: /home/ngt/ZENS-Final-AUVC/install/msgs/include/msgs/msgs/msg/rosidl_typesupport_fastrtps_cpp__visibility_control.h\n'}
[43.605498] (msgs) StdoutLine: {'line': b'-- Up-to-date: /home/ngt/ZENS-Final-AUVC/install/msgs/include/msgs/msgs/msg/detail\n'}
[43.608076] (msgs) StdoutLine: {'line': b'-- Up-to-date: /home/ngt/ZENS-Final-AUVC/install/msgs/include/msgs/msgs/msg/detail/dds_fastrtps\n'}
[43.608792] (msgs) StdoutLine: {'line': b'-- Up-to-date: /home/ngt/ZENS-Final-AUVC/install/msgs/include/msgs/msgs/msg/detail/target_depth__rosidl_typesupport_fastrtps_cpp.hpp\n'}
[43.609417] (msgs) StdoutLine: {'line': b'-- Up-to-date: /home/ngt/ZENS-Final-AUVC/install/msgs/lib/libmsgs__rosidl_typesupport_fastrtps_cpp.so\n'}
[43.614814] (msgs) StdoutLine: {'line': b'-- Up-to-date: /home/ngt/ZENS-Final-AUVC/install/msgs/include/msgs/msgs\n'}
[43.618210] (msgs) StdoutLine: {'line': b'-- Up-to-date: /home/ngt/ZENS-Final-AUVC/install/msgs/include/msgs/msgs/msg\n'}
[43.620669] (msgs) StdoutLine: {'line': b'-- Up-to-date: /home/ngt/ZENS-Final-AUVC/install/msgs/include/msgs/msgs/msg/rosidl_typesupport_introspection_c__visibility_control.h\n'}
[43.621904] (msgs) StdoutLine: {'line': b'-- Up-to-date: /home/ngt/ZENS-Final-AUVC/install/msgs/include/msgs/msgs/msg/detail\n'}
[43.622626] (msgs) StdoutLine: {'line': b'-- Installing: /home/ngt/ZENS-Final-AUVC/install/msgs/include/msgs/msgs/msg/detail/target_depth__type_support.c\n'}
[43.628296] (msgs) StdoutLine: {'line': b'-- Up-to-date: /home/ngt/ZENS-Final-AUVC/install/msgs/include/msgs/msgs/msg/detail/target_depth__rosidl_typesupport_introspection_c.h\n'}
[43.629039] (msgs) StdoutLine: {'line': b'-- Up-to-date: /home/ngt/ZENS-Final-AUVC/install/msgs/lib/libmsgs__rosidl_typesupport_introspection_c.so\n'}
[43.634965] (msgs) StdoutLine: {'line': b'-- Up-to-date: /home/ngt/ZENS-Final-AUVC/install/msgs/lib/libmsgs__rosidl_typesupport_c.so\n'}
[43.636304] (msgs) StdoutLine: {'line': b'-- Up-to-date: /home/ngt/ZENS-Final-AUVC/install/msgs/include/msgs/msgs\n'}
[43.640332] (msgs) StdoutLine: {'line': b'-- Up-to-date: /home/ngt/ZENS-Final-AUVC/install/msgs/include/msgs/msgs/msg\n'}
[43.644637] (-) TimerEvent: {}
[43.648319] (msgs) StdoutLine: {'line': b'-- Up-to-date: /home/ngt/ZENS-Final-AUVC/install/msgs/include/msgs/msgs/msg/detail\n'}
[43.649132] (msgs) StdoutLine: {'line': b'-- Up-to-date: /home/ngt/ZENS-Final-AUVC/install/msgs/include/msgs/msgs/msg/detail/target_depth__rosidl_typesupport_introspection_cpp.hpp\n'}
[43.649679] (msgs) StdoutLine: {'line': b'-- Up-to-date: /home/ngt/ZENS-Final-AUVC/install/msgs/include/msgs/msgs/msg/detail/target_depth__type_support.cpp\n'}
[43.654410] (msgs) StdoutLine: {'line': b'-- Up-to-date: /home/ngt/ZENS-Final-AUVC/install/msgs/lib/libmsgs__rosidl_typesupport_introspection_cpp.so\n'}
[43.655158] (msgs) StdoutLine: {'line': b'-- Up-to-date: /home/ngt/ZENS-Final-AUVC/install/msgs/lib/libmsgs__rosidl_typesupport_cpp.so\n'}
[43.662335] (msgs) StdoutLine: {'line': b'-- Up-to-date: /home/ngt/ZENS-Final-AUVC/install/msgs/share/msgs/environment/pythonpath.sh\n'}
[43.663132] (msgs) StdoutLine: {'line': b'-- Up-to-date: /home/ngt/ZENS-Final-AUVC/install/msgs/share/msgs/environment/pythonpath.dsv\n'}
[43.663705] (msgs) StdoutLine: {'line': b'-- Up-to-date: /home/ngt/ZENS-Final-AUVC/install/msgs/lib/python3.12/site-packages/msgs-0.0.0-py3.12.egg-info\n'}
[43.664374] (msgs) StdoutLine: {'line': b'-- Installing: /home/ngt/ZENS-Final-AUVC/install/msgs/lib/python3.12/site-packages/msgs-0.0.0-py3.12.egg-info/SOURCES.txt\n'}
[43.672378] (msgs) StdoutLine: {'line': b'-- Installing: /home/ngt/ZENS-Final-AUVC/install/msgs/lib/python3.12/site-packages/msgs-0.0.0-py3.12.egg-info/top_level.txt\n'}
[43.673405] (msgs) StdoutLine: {'line': b'-- Installing: /home/ngt/ZENS-Final-AUVC/install/msgs/lib/python3.12/site-packages/msgs-0.0.0-py3.12.egg-info/dependency_links.txt\n'}
[43.674134] (msgs) StdoutLine: {'line': b'-- Installing: /home/ngt/ZENS-Final-AUVC/install/msgs/lib/python3.12/site-packages/msgs-0.0.0-py3.12.egg-info/PKG-INFO\n'}
[43.678238] (msgs) StdoutLine: {'line': b'-- Up-to-date: /home/ngt/ZENS-Final-AUVC/install/msgs/lib/python3.12/site-packages/msgs\n'}
[43.679892] (msgs) StdoutLine: {'line': b'-- Up-to-date: /home/ngt/ZENS-Final-AUVC/install/msgs/lib/python3.12/site-packages/msgs/msgs_s__rosidl_typesupport_fastrtps_c.so\n'}
[43.680668] (msgs) StdoutLine: {'line': b'-- Up-to-date: /home/ngt/ZENS-Final-AUVC/install/msgs/lib/python3.12/site-packages/msgs/msgs_s__rosidl_typesupport_c.so\n'}
[43.687061] (msgs) StdoutLine: {'line': b'-- Up-to-date: /home/ngt/ZENS-Final-AUVC/install/msgs/lib/python3.12/site-packages/msgs/msg\n'}
[43.687931] (msgs) StdoutLine: {'line': b'-- Up-to-date: /home/ngt/ZENS-Final-AUVC/install/msgs/lib/python3.12/site-packages/msgs/msg/_target_depth.py\n'}
[43.688627] (msgs) StdoutLine: {'line': b'-- Up-to-date: /home/ngt/ZENS-Final-AUVC/install/msgs/lib/python3.12/site-packages/msgs/msg/_target_depth_s.c\n'}
[43.689406] (msgs) StdoutLine: {'line': b'-- Up-to-date: /home/ngt/ZENS-Final-AUVC/install/msgs/lib/python3.12/site-packages/msgs/msg/__init__.py\n'}
[43.696154] (msgs) StdoutLine: {'line': b'-- Up-to-date: /home/ngt/ZENS-Final-AUVC/install/msgs/lib/python3.12/site-packages/msgs/_msgs_s.ep.rosidl_typesupport_introspection_c.c\n'}
[43.697762] (msgs) StdoutLine: {'line': b'-- Up-to-date: /home/ngt/ZENS-Final-AUVC/install/msgs/lib/python3.12/site-packages/msgs/_msgs_s.ep.rosidl_typesupport_fastrtps_c.c\n'}
[43.700168] (msgs) StdoutLine: {'line': b'-- Up-to-date: /home/ngt/ZENS-Final-AUVC/install/msgs/lib/python3.12/site-packages/msgs/msgs_s__rosidl_typesupport_introspection_c.so\n'}
[43.701009] (msgs) StdoutLine: {'line': b'-- Up-to-date: /home/ngt/ZENS-Final-AUVC/install/msgs/lib/python3.12/site-packages/msgs/_msgs_s.ep.rosidl_typesupport_c.c\n'}
[43.701555] (msgs) StdoutLine: {'line': b'-- Up-to-date: /home/ngt/ZENS-Final-AUVC/install/msgs/lib/python3.12/site-packages/msgs/__init__.py\n'}
[43.747870] (-) TimerEvent: {}
[43.848675] (-) TimerEvent: {}
[43.956927] (-) TimerEvent: {}
[44.057849] (-) TimerEvent: {}
[44.164913] (-) TimerEvent: {}
[44.265803] (-) TimerEvent: {}
[44.302700] (msgs) StdoutLine: {'line': b"Listing '/home/ngt/ZENS-Final-AUVC/install/msgs/lib/python3.12/site-packages/msgs'...\n"}
[44.304292] (msgs) StdoutLine: {'line': b"Listing '/home/ngt/ZENS-Final-AUVC/install/msgs/lib/python3.12/site-packages/msgs/msg'...\n"}
[44.370654] (-) TimerEvent: {}
[44.422476] (msgs) StdoutLine: {'line': b'-- Up-to-date: /home/ngt/ZENS-Final-AUVC/install/msgs/lib/python3.12/site-packages/msgs/msgs_s__rosidl_typesupport_fastrtps_c.so\n'}
[44.443239] (msgs) StdoutLine: {'line': b'-- Up-to-date: /home/ngt/ZENS-Final-AUVC/install/msgs/lib/python3.12/site-packages/msgs/msgs_s__rosidl_typesupport_introspection_c.so\n'}
[44.463944] (msgs) StdoutLine: {'line': b'-- Up-to-date: /home/ngt/ZENS-Final-AUVC/install/msgs/lib/python3.12/site-packages/msgs/msgs_s__rosidl_typesupport_c.so\n'}
[44.465373] (msgs) StdoutLine: {'line': b'-- Up-to-date: /home/ngt/ZENS-Final-AUVC/install/msgs/lib/libmsgs__rosidl_generator_py.so\n'}
[44.482315] (msgs) StdoutLine: {'line': b'-- Up-to-date: /home/ngt/ZENS-Final-AUVC/install/msgs/share/ament_index/resource_index/rust_packages/msgs\n'}
[44.483551] (-) TimerEvent: {}
[44.484175] (msgs) StdoutLine: {'line': b'-- Up-to-date: /home/ngt/ZENS-Final-AUVC/install/msgs/share/msgs/rust\n'}
[44.494989] (msgs) StdoutLine: {'line': b'-- Up-to-date: /home/ngt/ZENS-Final-AUVC/install/msgs/share/msgs/rust/build.rs\n'}
[44.496390] (msgs) StdoutLine: {'line': b'-- Up-to-date: /home/ngt/ZENS-Final-AUVC/install/msgs/share/msgs/rust/Cargo.toml\n'}
[44.501828] (msgs) StdoutLine: {'line': b'-- Up-to-date: /home/ngt/ZENS-Final-AUVC/install/msgs/share/msgs/rust/src\n'}
[44.506433] (msgs) StdoutLine: {'line': b'-- Up-to-date: /home/ngt/ZENS-Final-AUVC/install/msgs/share/msgs/rust/src/lib.rs\n'}
[44.516619] (msgs) StdoutLine: {'line': b'-- Up-to-date: /home/ngt/ZENS-Final-AUVC/install/msgs/share/msgs/rust/src/msg.rs\n'}
[44.523511] (msgs) StdoutLine: {'line': b'-- Up-to-date: /home/ngt/ZENS-Final-AUVC/install/msgs/share/msgs/rust/src/msg\n'}
[44.530595] (msgs) StdoutLine: {'line': b'-- Up-to-date: /home/ngt/ZENS-Final-AUVC/install/msgs/share/msgs/rust/src/msg/rmw.rs\n'}
[44.540232] (msgs) StdoutLine: {'line': b'-- Up-to-date: /home/ngt/ZENS-Final-AUVC/install/msgs/share/msgs/msg/TargetDepth.idl\n'}
[44.541351] (msgs) StdoutLine: {'line': b'-- Up-to-date: /home/ngt/ZENS-Final-AUVC/install/msgs/share/msgs/msg/TargetDepth.msg\n'}
[44.555573] (msgs) StdoutLine: {'line': b'-- Up-to-date: /home/ngt/ZENS-Final-AUVC/install/msgs/share/ament_index/resource_index/package_run_dependencies/msgs\n'}
[44.563994] (msgs) StdoutLine: {'line': b'-- Up-to-date: /home/ngt/ZENS-Final-AUVC/install/msgs/share/ament_index/resource_index/parent_prefix_path/msgs\n'}
[44.564827] (msgs) StdoutLine: {'line': b'-- Up-to-date: /home/ngt/ZENS-Final-AUVC/install/msgs/share/msgs/environment/ament_prefix_path.sh\n'}
[44.565604] (msgs) StdoutLine: {'line': b'-- Up-to-date: /home/ngt/ZENS-Final-AUVC/install/msgs/share/msgs/environment/ament_prefix_path.dsv\n'}
[44.566681] (msgs) StdoutLine: {'line': b'-- Up-to-date: /home/ngt/ZENS-Final-AUVC/install/msgs/share/msgs/environment/path.sh\n'}
[44.578129] (msgs) StdoutLine: {'line': b'-- Up-to-date: /home/ngt/ZENS-Final-AUVC/install/msgs/share/msgs/environment/path.dsv\n'}
[44.589030] (-) TimerEvent: {}
[44.589911] (msgs) StdoutLine: {'line': b'-- Up-to-date: /home/ngt/ZENS-Final-AUVC/install/msgs/share/msgs/local_setup.bash\n'}
[44.598956] (msgs) StdoutLine: {'line': b'-- Up-to-date: /home/ngt/ZENS-Final-AUVC/install/msgs/share/msgs/local_setup.sh\n'}
[44.599687] (msgs) StdoutLine: {'line': b'-- Up-to-date: /home/ngt/ZENS-Final-AUVC/install/msgs/share/msgs/local_setup.zsh\n'}
[44.600507] (msgs) StdoutLine: {'line': b'-- Up-to-date: /home/ngt/ZENS-Final-AUVC/install/msgs/share/msgs/local_setup.dsv\n'}
[44.601314] (msgs) StdoutLine: {'line': b'-- Installing: /home/ngt/ZENS-Final-AUVC/install/msgs/share/msgs/package.dsv\n'}
[44.610243] (msgs) StdoutLine: {'line': b'-- Up-to-date: /home/ngt/ZENS-Final-AUVC/install/msgs/share/ament_index/resource_index/packages/msgs\n'}
[44.611876] (msgs) StdoutLine: {'line': b'-- Up-to-date: /home/ngt/ZENS-Final-AUVC/install/msgs/share/msgs/cmake/export_msgs__rosidl_generator_cExport.cmake\n'}
[44.616939] (msgs) StdoutLine: {'line': b'-- Up-to-date: /home/ngt/ZENS-Final-AUVC/install/msgs/share/msgs/cmake/export_msgs__rosidl_generator_cExport-noconfig.cmake\n'}
[44.618327] (msgs) StdoutLine: {'line': b'-- Up-to-date: /home/ngt/ZENS-Final-AUVC/install/msgs/share/msgs/cmake/export_msgs__rosidl_typesupport_fastrtps_cExport.cmake\n'}
[44.626271] (msgs) StdoutLine: {'line': b'-- Up-to-date: /home/ngt/ZENS-Final-AUVC/install/msgs/share/msgs/cmake/export_msgs__rosidl_typesupport_fastrtps_cExport-noconfig.cmake\n'}
[44.627098] (msgs) StdoutLine: {'line': b'-- Up-to-date: /home/ngt/ZENS-Final-AUVC/install/msgs/share/msgs/cmake/export_msgs__rosidl_generator_cppExport.cmake\n'}
[44.638693] (msgs) StdoutLine: {'line': b'-- Up-to-date: /home/ngt/ZENS-Final-AUVC/install/msgs/share/msgs/cmake/export_msgs__rosidl_typesupport_fastrtps_cppExport.cmake\n'}
[44.639950] (msgs) StdoutLine: {'line': b'-- Up-to-date: /home/ngt/ZENS-Final-AUVC/install/msgs/share/msgs/cmake/export_msgs__rosidl_typesupport_fastrtps_cppExport-noconfig.cmake\n'}
[44.650664] (msgs) StdoutLine: {'line': b'-- Up-to-date: /home/ngt/ZENS-Final-AUVC/install/msgs/share/msgs/cmake/msgs__rosidl_typesupport_introspection_cExport.cmake\n'}
[44.651451] (msgs) StdoutLine: {'line': b'-- Up-to-date: /home/ngt/ZENS-Final-AUVC/install/msgs/share/msgs/cmake/msgs__rosidl_typesupport_introspection_cExport-noconfig.cmake\n'}
[44.652215] (msgs) StdoutLine: {'line': b'-- Up-to-date: /home/ngt/ZENS-Final-AUVC/install/msgs/share/msgs/cmake/msgs__rosidl_typesupport_cExport.cmake\n'}
[44.660475] (msgs) StdoutLine: {'line': b'-- Up-to-date: /home/ngt/ZENS-Final-AUVC/install/msgs/share/msgs/cmake/msgs__rosidl_typesupport_cExport-noconfig.cmake\n'}
[44.677013] (msgs) StdoutLine: {'line': b'-- Up-to-date: /home/ngt/ZENS-Final-AUVC/install/msgs/share/msgs/cmake/msgs__rosidl_typesupport_introspection_cppExport.cmake\n'}
[44.678680] (msgs) StdoutLine: {'line': b'-- Up-to-date: /home/ngt/ZENS-Final-AUVC/install/msgs/share/msgs/cmake/msgs__rosidl_typesupport_introspection_cppExport-noconfig.cmake\n'}
[44.679580] (msgs) StdoutLine: {'line': b'-- Up-to-date: /home/ngt/ZENS-Final-AUVC/install/msgs/share/msgs/cmake/msgs__rosidl_typesupport_cppExport.cmake\n'}
[44.687072] (msgs) StdoutLine: {'line': b'-- Up-to-date: /home/ngt/ZENS-Final-AUVC/install/msgs/share/msgs/cmake/msgs__rosidl_typesupport_cppExport-noconfig.cmake\n'}
[44.688873] (msgs) StdoutLine: {'line': b'-- Up-to-date: /home/ngt/ZENS-Final-AUVC/install/msgs/share/msgs/cmake/export_msgs__rosidl_generator_pyExport.cmake\n'}
[44.689953] (-) TimerEvent: {}
[44.696198] (msgs) StdoutLine: {'line': b'-- Up-to-date: /home/ngt/ZENS-Final-AUVC/install/msgs/share/msgs/cmake/export_msgs__rosidl_generator_pyExport-noconfig.cmake\n'}
[44.705408] (msgs) StdoutLine: {'line': b'-- Up-to-date: /home/ngt/ZENS-Final-AUVC/install/msgs/share/msgs/cmake/rosidl_cmake-extras.cmake\n'}
[44.706343] (msgs) StdoutLine: {'line': b'-- Up-to-date: /home/ngt/ZENS-Final-AUVC/install/msgs/share/msgs/cmake/ament_cmake_export_dependencies-extras.cmake\n'}
[44.707180] (msgs) StdoutLine: {'line': b'-- Up-to-date: /home/ngt/ZENS-Final-AUVC/install/msgs/share/msgs/cmake/ament_cmake_export_include_directories-extras.cmake\n'}
[44.713986] (msgs) StdoutLine: {'line': b'-- Up-to-date: /home/ngt/ZENS-Final-AUVC/install/msgs/share/msgs/cmake/ament_cmake_export_libraries-extras.cmake\n'}
[44.714863] (msgs) StdoutLine: {'line': b'-- Up-to-date: /home/ngt/ZENS-Final-AUVC/install/msgs/share/msgs/cmake/ament_cmake_export_targets-extras.cmake\n'}
[44.715576] (msgs) StdoutLine: {'line': b'-- Up-to-date: /home/ngt/ZENS-Final-AUVC/install/msgs/share/msgs/cmake/rosidl_cmake_export_typesupport_targets-extras.cmake\n'}
[44.716387] (msgs) StdoutLine: {'line': b'-- Up-to-date: /home/ngt/ZENS-Final-AUVC/install/msgs/share/msgs/cmake/rosidl_cmake_export_typesupport_libraries-extras.cmake\n'}
[44.728302] (msgs) StdoutLine: {'line': b'-- Up-to-date: /home/ngt/ZENS-Final-AUVC/install/msgs/share/msgs/cmake/rosidl_cmake_aggregate_target-extras.cmake\n'}
[44.729304] (msgs) StdoutLine: {'line': b'-- Up-to-date: /home/ngt/ZENS-Final-AUVC/install/msgs/share/msgs/cmake/msgsConfig.cmake\n'}
[44.745951] (msgs) StdoutLine: {'line': b'-- Up-to-date: /home/ngt/ZENS-Final-AUVC/install/msgs/share/msgs/cmake/msgsConfig-version.cmake\n'}
[44.746584] (msgs) StdoutLine: {'line': b'-- Up-to-date: /home/ngt/ZENS-Final-AUVC/install/msgs/share/msgs/package.xml\n'}
[44.747387] (msgs) CommandEnded: {'returncode': 0}
[44.799001] (-) TimerEvent: {}
[44.901091] (-) TimerEvent: {}
[45.005959] (-) TimerEvent: {}
[45.022929] (msgs) JobEnded: {'identifier': 'msgs', 'rc': 0}
[45.031241] (-) EventReactorShutdown: {}
