[0.000000] (-) TimerEvent: {}
[0.001019] (bringup) JobQueued: {'identifier': 'bringup', 'dependencies': OrderedDict()}
[0.002078] (control) JobQueued: {'identifier': 'control', 'dependencies': OrderedDict()}
[0.002608] (cv) JobQueued: {'identifier': 'cv', 'dependencies': OrderedDict()}
[0.002692] (flashing) JobQueued: {'identifier': 'flashing', 'dependencies': OrderedDict()}
[0.003446] (hardware) JobQueued: {'identifier': 'hardware', 'dependencies': OrderedDict()}
[0.003587] (msgs) JobQueued: {'identifier': 'msgs', 'dependencies': OrderedDict()}
[0.003664] (bringup) JobStarted: {'identifier': 'bringup'}
[0.058612] (control) JobStarted: {'identifier': 'control'}
[0.099514] (-) TimerEvent: {}
[0.104812] (cv) JobStarted: {'identifier': 'cv'}
[0.152088] (flashing) JobStarted: {'identifier': 'flashing'}
[0.199689] (-) TimerEvent: {}
[0.300839] (-) TimerEvent: {}
[0.401624] (-) TimerEvent: {}
[0.502371] (-) TimerEvent: {}
[0.603086] (-) TimerEvent: {}
[0.703808] (-) TimerEvent: {}
[0.804523] (-) TimerEvent: {}
[0.905227] (-) TimerEvent: {}
[1.005915] (-) TimerEvent: {}
[1.106661] (-) TimerEvent: {}
[1.207385] (-) TimerEvent: {}
[1.308098] (-) TimerEvent: {}
[1.408882] (-) TimerEvent: {}
[1.509647] (-) TimerEvent: {}
[1.610460] (-) TimerEvent: {}
[1.712087] (-) TimerEvent: {}
[1.813870] (-) TimerEvent: {}
[1.915622] (-) TimerEvent: {}
[2.016311] (-) TimerEvent: {}
[2.117441] (-) TimerEvent: {}
[2.218956] (-) TimerEvent: {}
[2.319742] (-) TimerEvent: {}
[2.420472] (-) TimerEvent: {}
[2.521186] (-) TimerEvent: {}
[2.621837] (-) TimerEvent: {}
[2.722627] (-) TimerEvent: {}
[2.823732] (-) TimerEvent: {}
[2.924857] (-) TimerEvent: {}
[3.025753] (-) TimerEvent: {}
[3.126916] (-) TimerEvent: {}
[3.227860] (-) TimerEvent: {}
[3.330178] (-) TimerEvent: {}
[3.430829] (-) TimerEvent: {}
[3.531563] (-) TimerEvent: {}
[3.632256] (-) TimerEvent: {}
[3.733103] (-) TimerEvent: {}
[3.834005] (-) TimerEvent: {}
[3.934778] (-) TimerEvent: {}
[4.035559] (-) TimerEvent: {}
[4.138262] (-) TimerEvent: {}
[4.239098] (-) TimerEvent: {}
[4.339828] (-) TimerEvent: {}
[4.440884] (-) TimerEvent: {}
[4.541565] (-) TimerEvent: {}
[4.642281] (-) TimerEvent: {}
[4.743014] (-) TimerEvent: {}
[4.843967] (-) TimerEvent: {}
[4.945750] (-) TimerEvent: {}
[5.046608] (-) TimerEvent: {}
[5.147496] (-) TimerEvent: {}
[5.248452] (-) TimerEvent: {}
[5.349214] (-) TimerEvent: {}
[5.449942] (-) TimerEvent: {}
[5.550766] (-) TimerEvent: {}
[5.651866] (-) TimerEvent: {}
[5.752555] (-) TimerEvent: {}
[5.853248] (-) TimerEvent: {}
[5.953935] (-) TimerEvent: {}
[6.054787] (-) TimerEvent: {}
[6.155455] (-) TimerEvent: {}
[6.256132] (-) TimerEvent: {}
[6.356876] (-) TimerEvent: {}
[6.459321] (-) TimerEvent: {}
[6.560239] (-) TimerEvent: {}
[6.664631] (-) TimerEvent: {}
[6.765819] (-) TimerEvent: {}
[6.866809] (-) TimerEvent: {}
[6.970206] (-) TimerEvent: {}
[7.071112] (-) TimerEvent: {}
[7.173279] (-) TimerEvent: {}
[7.276208] (-) TimerEvent: {}
[7.377101] (-) TimerEvent: {}
[7.482432] (-) TimerEvent: {}
[7.584139] (-) TimerEvent: {}
[7.688496] (-) TimerEvent: {}
[7.790896] (-) TimerEvent: {}
[7.894179] (-) TimerEvent: {}
[7.995076] (-) TimerEvent: {}
[8.098176] (-) TimerEvent: {}
[8.201181] (-) TimerEvent: {}
[8.302113] (-) TimerEvent: {}
[8.405185] (-) TimerEvent: {}
[8.509179] (-) TimerEvent: {}
[8.610081] (-) TimerEvent: {}
[8.714500] (-) TimerEvent: {}
[8.815296] (-) TimerEvent: {}
[8.916138] (-) TimerEvent: {}
[9.020074] (-) TimerEvent: {}
[9.126186] (-) TimerEvent: {}
[9.227095] (-) TimerEvent: {}
[9.328174] (-) TimerEvent: {}
[9.431500] (-) TimerEvent: {}
[9.532390] (-) TimerEvent: {}
[9.634483] (-) TimerEvent: {}
[9.736706] (-) TimerEvent: {}
[9.839473] (-) TimerEvent: {}
[9.943197] (-) TimerEvent: {}
[10.044156] (-) TimerEvent: {}
[10.145142] (-) TimerEvent: {}
[10.247802] (-) TimerEvent: {}
[10.350601] (-) TimerEvent: {}
[10.454104] (-) TimerEvent: {}
[10.556289] (-) TimerEvent: {}
[10.657547] (-) TimerEvent: {}
[10.763511] (-) TimerEvent: {}
[10.864223] (-) TimerEvent: {}
[10.967203] (-) TimerEvent: {}
[11.072227] (-) TimerEvent: {}
[11.173118] (-) TimerEvent: {}
[11.274213] (-) TimerEvent: {}
[11.377500] (-) TimerEvent: {}
[11.480473] (-) TimerEvent: {}
[11.584265] (-) TimerEvent: {}
[11.687648] (-) TimerEvent: {}
[11.792189] (-) TimerEvent: {}
[11.893341] (-) TimerEvent: {}
[11.999519] (-) TimerEvent: {}
[12.100303] (-) TimerEvent: {}
[12.207191] (-) TimerEvent: {}
[12.308207] (-) TimerEvent: {}
[12.409221] (-) TimerEvent: {}
[12.515194] (-) TimerEvent: {}
[12.618176] (-) TimerEvent: {}
[12.718941] (-) TimerEvent: {}
[12.819969] (-) TimerEvent: {}
[12.923309] (-) TimerEvent: {}
[13.029015] (-) TimerEvent: {}
[13.130294] (-) TimerEvent: {}
[13.145227] (control) Command: {'cmd': ['/usr/bin/python3', '-W', 'ignore:setup.py install is deprecated', '-W', 'ignore:easy_install command is deprecated', 'setup.py', 'egg_info', '--egg-base', '../../build/control', 'build', '--build-base', '/home/ngt/ZENS-Final-AUVC/ros_ws/build/control/build', 'install', '--record', '/home/ngt/ZENS-Final-AUVC/ros_ws/build/control/install.log', '--install-scripts', '$base/lib/control', '--single-version-externally-managed', 'install_data'], 'cwd': '/home/ngt/ZENS-Final-AUVC/ros_ws/src/control', 'env': {'PYTHON_BASIC_REPL': '1', 'VIRTUALENVWRAPPER_WORKON_CD': '1', 'USER': 'ngt', 'SSH_CLIENT': '192.168.3.1 64577 22', 'WORKON_HOME': '/home/ngt/.virtualenvs', 'GZ_SIM_RESOURCE_PATH': '/opt/ros/jazzy/share', 'GZ_CONFIG_PATH': '/opt/ros/jazzy/opt/gz_sim_vendor/share/gz:/opt/ros/jazzy/opt/sdformat_vendor/share/gz:/opt/ros/jazzy/opt/gz_gui_vendor/share/gz:/opt/ros/jazzy/opt/gz_transport_vendor/share/gz:/opt/ros/jazzy/opt/gz_rendering_vendor/share/gz:/opt/ros/jazzy/opt/gz_plugin_vendor/share/gz:/opt/ros/jazzy/opt/gz_fuel_tools_vendor/share/gz:/opt/ros/jazzy/opt/gz_msgs_vendor/share/gz:/opt/ros/jazzy/opt/gz_common_vendor/share/gz', 'XDG_SESSION_TYPE': 'tty', 'GIT_ASKPASS': '/home/ngt/.vscode-server/cli/servers/Stable-e4c7e7b1d6d060162f4aa7f8225271b67ce1df75/server/extensions/git/dist/askpass.sh', 'SHLVL': '1', 'BROWSER': '/home/ngt/.vscode-server/cli/servers/Stable-e4c7e7b1d6d060162f4aa7f8225271b67ce1df75/server/bin/helpers/browser.sh', 'LD_LIBRARY_PATH': '/home/ngt/ZENS-Final-AUVC/ros_ws/install/msgs/lib:/home/ngt/auvc_ws/install/example_custom_srv/lib:/home/ngt/pid_ws/install/target_depth_msgs/lib:/opt/ros/jazzy/opt/gz_sim_vendor/lib:/opt/ros/jazzy/opt/gz_sensors_vendor/lib:/opt/ros/jazzy/opt/gz_physics_vendor/lib:/opt/ros/jazzy/opt/sdformat_vendor/lib:/opt/ros/jazzy/opt/rviz_ogre_vendor/lib:/opt/ros/jazzy/lib/aarch64-linux-gnu:/opt/ros/jazzy/opt/gz_gui_vendor/lib:/opt/ros/jazzy/opt/gz_transport_vendor/lib:/opt/ros/jazzy/opt/gz_rendering_vendor/lib:/opt/ros/jazzy/opt/gz_plugin_vendor/lib:/opt/ros/jazzy/opt/gz_fuel_tools_vendor/lib:/opt/ros/jazzy/opt/gz_msgs_vendor/lib:/opt/ros/jazzy/opt/gz_common_vendor/lib:/opt/ros/jazzy/opt/gz_math_vendor/lib:/opt/ros/jazzy/opt/gz_utils_vendor/lib:/opt/ros/jazzy/opt/gz_tools_vendor/lib:/opt/ros/jazzy/opt/gz_ogre_next_vendor/lib:/opt/ros/jazzy/opt/gz_dartsim_vendor/lib:/opt/ros/jazzy/opt/gz_cmake_vendor/lib:/opt/ros/jazzy/lib', 'GZ_TRANSPORT_ID': '192.168.3.1', 'HOME': '/home/ngt', 'OLDPWD': '/home/ngt/ZENS-Final-AUVC', 'LESS': '-R', 'VIRTUALENVWRAPPER_PYTHON': '/usr/bin/python3', 'TERM_PROGRAM_VERSION': '1.131.0', 'VSCODE_IPC_HOOK_CLI': '/run/user/1004/vscode-ipc-b1b26d6a-adaf-4eca-b716-08e1e08290ac.sock', 'ZSH': '/home/ngt/.oh-my-zsh', 'LSCOLORS': 'Gxfxcxdxbxegedabagacad', 'GZ_TRANSPORT_PUB_PORT': '11345', 'VSCODE_GIT_ASKPASS_MAIN': '/home/ngt/.vscode-server/cli/servers/Stable-e4c7e7b1d6d060162f4aa7f8225271b67ce1df75/server/extensions/git/dist/askpass-main.js', 'PAGER': 'less', 'ROS_PYTHON_VERSION': '3', 'PS1': '(ardusub) %(?:%{\x1b[01;32m%}%1{➜%} :%{\x1b[01;31m%}%1{➜%} ) %{\x1b[36m%}%c%{\x1b[00m%} $(git_prompt_info)', 'VSCODE_GIT_ASKPASS_NODE': '/home/ngt/.vscode-server/cli/servers/Stable-e4c7e7b1d6d060162f4aa7f8225271b67ce1df75/server/node', 'DBUS_SESSION_BUS_ADDRESS': 'unix:path=/run/user/1004/bus', 'PYDEVD_DISABLE_FILE_VALIDATION': '1', 'BUNDLED_DEBUGPY_PATH': '/home/ngt/.vscode-server/extensions/ms-python.debugpy-2026.6.0-linux-arm64/bundled/libs/debugpy', 'GZ_TRANSPORT_SUB_PORT': '11346', 'VSCODE_PYTHON_AUTOACTIVATE_GUARD': '1', 'COLORTERM': 'truecolor', 'ROS_DISTRO': 'jazzy', 'COLCON_PREFIX_PATH': '/home/ngt/ZENS-Final-AUVC/ros_ws/install:/home/ngt/auvc_ws/install:/home/ngt/cv_ws/install:/home/ngt/pid_ws/install:/home/ngt/auv_dancing/install', 'LOGNAME': 'ngt', '_': '/usr/bin/colcon', 'XDG_SESSION_CLASS': 'user', 'USER_ZDOTDIR': '/home/ngt', 'ROS_VERSION': '2', 'XDG_SESSION_ID': '1', 'TERM': 'xterm-256color', 'PATH': '/home/ngt/.virtualenvs/ardusub/bin:/home/ngt/.opencode/bin:/opt/ros/jazzy/opt/gz_msgs_vendor/bin:/opt/ros/jazzy/opt/gz_tools_vendor/bin:/opt/ros/jazzy/opt/gz_ogre_next_vendor/bin:/opt/ros/jazzy/bin:/usr/lib/ccache:/home/ngt/.vscode-server/data/User/globalStorage/github.copilot-chat/debugCommand:/home/ngt/.vscode-server/data/User/globalStorage/github.copilot-chat/copilotCli:/home/ngt/.vscode-server/cli/servers/Stable-e4c7e7b1d6d060162f4aa7f8225271b67ce1df75/server/bin/remote-cli:/usr/local/sbin:/usr/local/bin:/usr/sbin:/usr/bin:/sbin:/bin:/usr/games:/usr/local/games:/snap/bin:/home/ngt/.vscode-server/extensions/ms-python.debugpy-2026.6.0-linux-arm64/bundled/scripts/noConfigScripts:/home/ngt/.local/bin:/home/ngt/ardupilot/Tools/autotest', 'XDG_RUNTIME_DIR': '/run/user/1004', 'GZ_PARTITION': 'my_sim', 'LANG': 'en_US.UTF-8', 'VSCODE_DEBUGPY_ADAPTER_ENDPOINTS': '/home/ngt/.vscode-server/extensions/ms-python.debugpy-2026.6.0-linux-arm64/.noConfigDebugAdapterEndpoints/endpoint-c18b4b5d63521f01.txt', 'PYTHONSTARTUP': '/home/ngt/.vscode-server/data/User/workspaceStorage/ebe247280dad30c76e3d7235d970e14f/ms-python.python/pythonrc.py', 'VSCODE_INJECTION': '1', 'VIRTUAL_ENV_PROMPT': 'ardusub', 'TERM_PROGRAM': 'vscode', 'VSCODE_GIT_IPC_HANDLE': '/run/user/1004/vscode-git-75828e3940.sock', 'LS_COLORS': 'rs=0:di=01;34:ln=01;36:mh=00:pi=40;33:so=01;35:do=01;35:bd=40;33;01:cd=40;33;01:or=40;31;01:mi=00:su=37;41:sg=30;43:ca=00:tw=30;42:ow=34;42:st=37;44:ex=01;32:*.tar=01;31:*.tgz=01;31:*.arc=01;31:*.arj=01;31:*.taz=01;31:*.lha=01;31:*.lz4=01;31:*.lzh=01;31:*.lzma=01;31:*.tlz=01;31:*.txz=01;31:*.tzo=01;31:*.t7z=01;31:*.zip=01;31:*.z=01;31:*.dz=01;31:*.gz=01;31:*.lrz=01;31:*.lz=01;31:*.lzo=01;31:*.xz=01;31:*.zst=01;31:*.tzst=01;31:*.bz2=01;31:*.bz=01;31:*.tbz=01;31:*.tbz2=01;31:*.tz=01;31:*.deb=01;31:*.rpm=01;31:*.jar=01;31:*.war=01;31:*.ear=01;31:*.sar=01;31:*.rar=01;31:*.alz=01;31:*.ace=01;31:*.zoo=01;31:*.cpio=01;31:*.7z=01;31:*.rz=01;31:*.cab=01;31:*.wim=01;31:*.swm=01;31:*.dwm=01;31:*.esd=01;31:*.avif=01;35:*.jpg=01;35:*.jpeg=01;35:*.mjpg=01;35:*.mjpeg=01;35:*.gif=01;35:*.bmp=01;35:*.pbm=01;35:*.pgm=01;35:*.ppm=01;35:*.tga=01;35:*.xbm=01;35:*.xpm=01;35:*.tif=01;35:*.tiff=01;35:*.png=01;35:*.svg=01;35:*.svgz=01;35:*.mng=01;35:*.pcx=01;35:*.mov=01;35:*.mpg=01;35:*.mpeg=01;35:*.m2v=01;35:*.mkv=01;35:*.webm=01;35:*.webp=01;35:*.ogm=01;35:*.mp4=01;35:*.m4v=01;35:*.mp4v=01;35:*.vob=01;35:*.qt=01;35:*.nuv=01;35:*.wmv=01;35:*.asf=01;35:*.rm=01;35:*.rmvb=01;35:*.flc=01;35:*.avi=01;35:*.fli=01;35:*.flv=01;35:*.gl=01;35:*.dl=01;35:*.xcf=01;35:*.xwd=01;35:*.yuv=01;35:*.cgm=01;35:*.emf=01;35:*.ogv=01;35:*.ogx=01;35:*.aac=00;36:*.au=00;36:*.flac=00;36:*.m4a=00;36:*.mid=00;36:*.midi=00;36:*.mka=00;36:*.mp3=00;36:*.mpc=00;36:*.ogg=00;36:*.ra=00;36:*.wav=00;36:*.oga=00;36:*.opus=00;36:*.spx=00;36:*.xspf=00;36:*~=00;90:*#=00;90:*.bak=00;90:*.crdownload=00;90:*.dpkg-dist=00;90:*.dpkg-new=00;90:*.dpkg-old=00;90:*.dpkg-tmp=00;90:*.old=00;90:*.orig=00;90:*.part=00;90:*.rej=00;90:*.rpmnew=00;90:*.rpmorig=00;90:*.rpmsave=00;90:*.swp=00;90:*.tmp=00;90:*.ucf-dist=00;90:*.ucf-new=00;90:*.ucf-old=00;90:', 'AMENT_PREFIX_PATH': '/home/ngt/ZENS-Final-AUVC/ros_ws/install/msgs:/home/ngt/ZENS-Final-AUVC/ros_ws/install/hardware:/home/ngt/ZENS-Final-AUVC/ros_ws/install/flashing:/home/ngt/ZENS-Final-AUVC/ros_ws/install/cv:/home/ngt/ZENS-Final-AUVC/ros_ws/install/control:/home/ngt/ZENS-Final-AUVC/ros_ws/install/bringup:/home/ngt/auvc_ws/install/tutorial_virtualenvs:/home/ngt/auvc_ws/install/tutorial_pid:/home/ngt/auvc_ws/install/tutorial_ardusub:/home/ngt/auvc_ws/install/tutorial:/home/ngt/auvc_ws/install/rosmav:/home/ngt/auvc_ws/install/example_custom_srv:/home/ngt/cv_ws/install/cv:/home/ngt/pid_ws/install/target_depth_msgs:/home/ngt/pid_ws/install/pid:/home/ngt/auv_dancing/install/tutorial:/opt/ros/jazzy', 'SHELL': '/usr/bin/zsh', 'VIRTUALENVWRAPPER_PROJECT_FILENAME': '.project', 'VIRTUALENVWRAPPER_HOOK_DIR': '/home/ngt/.virtualenvs', 'VSCODE_GIT_ASKPASS_EXTRA_ARGS': '', 'VIRTUALENVWRAPPER_SCRIPT': '/usr/share/virtualenvwrapper/virtualenvwrapper.sh', 'ROS_AUTOMATIC_DISCOVERY_RANGE': 'SUBNET', 'VIRTUAL_ENV': '/home/ngt/.virtualenvs/ardusub', 'LC_ALL': 'en_US.UTF-8', 'PWD': '/home/ngt/ZENS-Final-AUVC/ros_ws/build/control', 'SSH_CONNECTION': '192.168.3.1 64577 192.168.3.2 22', 'COPILOT_DEBUG_NONCE': 'ecfdf1043499788fb94714472659d404', 'ZDOTDIR': '/home/ngt', 'PYTHONPATH': '/home/ngt/ZENS-Final-AUVC/ros_ws/build/control/prefix_override:/usr/lib/python3/dist-packages/colcon_core/task/python/colcon_distutils_commands:/home/ngt/ZENS-Final-AUVC/ros_ws/install/control/lib/python3.12/site-packages:/home/ngt/ZENS-Final-AUVC/ros_ws/install/msgs/lib/python3.12/site-packages:/home/ngt/ZENS-Final-AUVC/ros_ws/install/hardware/lib/python3.12/site-packages:/home/ngt/ZENS-Final-AUVC/ros_ws/install/flashing/lib/python3.12/site-packages:/home/ngt/ZENS-Final-AUVC/ros_ws/install/cv/lib/python3.12/site-packages:/home/ngt/ZENS-Final-AUVC/ros_ws/install/control/lib/python3.12/site-packages:/home/ngt/ZENS-Final-AUVC/ros_ws/install/bringup/lib/python3.12/site-packages:/home/ngt/auvc_ws/install/tutorial_virtualenvs/lib/python3.12/site-packages:/home/ngt/auvc_ws/install/tutorial_pid/lib/python3.12/site-packages:/home/ngt/auvc_ws/install/tutorial_ardusub/lib/python3.12/site-packages:/home/ngt/auvc_ws/install/tutorial/lib/python3.12/site-packages:/home/ngt/auvc_ws/install/rosmav/lib/python3.12/site-packages:/home/ngt/auvc_ws/install/example_custom_srv/lib/python3.12/site-packages:/home/ngt/cv_ws/install/cv/lib/python3.12/site-packages:/home/ngt/pid_ws/install/target_depth_msgs/lib/python3.12/site-packages:/home/ngt/pid_ws/install/pid/lib/python3.12/site-packages:/home/ngt/auv_dancing/install/tutorial/lib/python3.12/site-packages:/opt/ros/jazzy/lib/python3.12/site-packages', 'COLCON': '1', 'CMAKE_PREFIX_PATH': '/home/ngt/ZENS-Final-AUVC/ros_ws/install/msgs:/home/ngt/auvc_ws/install/example_custom_srv:/home/ngt/pid_ws/install/target_depth_msgs:/opt/ros/jazzy/opt/gz_sim_vendor:/opt/ros/jazzy/opt/gz_sensors_vendor:/opt/ros/jazzy/opt/gz_physics_vendor:/opt/ros/jazzy/opt/sdformat_vendor:/opt/ros/jazzy/opt/gz_gui_vendor:/opt/ros/jazzy/opt/gz_transport_vendor:/opt/ros/jazzy/opt/gz_rendering_vendor:/opt/ros/jazzy/opt/gz_plugin_vendor:/opt/ros/jazzy/opt/gz_fuel_tools_vendor:/opt/ros/jazzy/opt/gz_msgs_vendor:/opt/ros/jazzy/opt/gz_common_vendor:/opt/ros/jazzy/opt/gz_math_vendor:/opt/ros/jazzy/opt/gz_utils_vendor:/opt/ros/jazzy/opt/gz_tools_vendor:/opt/ros/jazzy/opt/gz_ogre_next_vendor:/opt/ros/jazzy/opt/gz_dartsim_vendor:/opt/ros/jazzy/opt/gz_cmake_vendor'}, 'shell': False}
[13.235315] (-) TimerEvent: {}
[13.341215] (-) TimerEvent: {}
[13.445253] (-) TimerEvent: {}
[13.546661] (-) TimerEvent: {}
[13.557841] (cv) Command: {'cmd': ['/usr/bin/python3', '-W', 'ignore:setup.py install is deprecated', '-W', 'ignore:easy_install command is deprecated', 'setup.py', 'egg_info', '--egg-base', '../../build/cv', 'build', '--build-base', '/home/ngt/ZENS-Final-AUVC/ros_ws/build/cv/build', 'install', '--record', '/home/ngt/ZENS-Final-AUVC/ros_ws/build/cv/install.log', '--install-scripts', '$base/lib/cv', '--single-version-externally-managed', 'install_data'], 'cwd': '/home/ngt/ZENS-Final-AUVC/ros_ws/src/cv', 'env': {'PYTHON_BASIC_REPL': '1', 'VIRTUALENVWRAPPER_WORKON_CD': '1', 'USER': 'ngt', 'SSH_CLIENT': '192.168.3.1 64577 22', 'WORKON_HOME': '/home/ngt/.virtualenvs', 'GZ_SIM_RESOURCE_PATH': '/opt/ros/jazzy/share', 'GZ_CONFIG_PATH': '/opt/ros/jazzy/opt/gz_sim_vendor/share/gz:/opt/ros/jazzy/opt/sdformat_vendor/share/gz:/opt/ros/jazzy/opt/gz_gui_vendor/share/gz:/opt/ros/jazzy/opt/gz_transport_vendor/share/gz:/opt/ros/jazzy/opt/gz_rendering_vendor/share/gz:/opt/ros/jazzy/opt/gz_plugin_vendor/share/gz:/opt/ros/jazzy/opt/gz_fuel_tools_vendor/share/gz:/opt/ros/jazzy/opt/gz_msgs_vendor/share/gz:/opt/ros/jazzy/opt/gz_common_vendor/share/gz', 'XDG_SESSION_TYPE': 'tty', 'GIT_ASKPASS': '/home/ngt/.vscode-server/cli/servers/Stable-e4c7e7b1d6d060162f4aa7f8225271b67ce1df75/server/extensions/git/dist/askpass.sh', 'SHLVL': '1', 'BROWSER': '/home/ngt/.vscode-server/cli/servers/Stable-e4c7e7b1d6d060162f4aa7f8225271b67ce1df75/server/bin/helpers/browser.sh', 'LD_LIBRARY_PATH': '/home/ngt/ZENS-Final-AUVC/ros_ws/install/msgs/lib:/home/ngt/auvc_ws/install/example_custom_srv/lib:/home/ngt/pid_ws/install/target_depth_msgs/lib:/opt/ros/jazzy/opt/gz_sim_vendor/lib:/opt/ros/jazzy/opt/gz_sensors_vendor/lib:/opt/ros/jazzy/opt/gz_physics_vendor/lib:/opt/ros/jazzy/opt/sdformat_vendor/lib:/opt/ros/jazzy/opt/rviz_ogre_vendor/lib:/opt/ros/jazzy/lib/aarch64-linux-gnu:/opt/ros/jazzy/opt/gz_gui_vendor/lib:/opt/ros/jazzy/opt/gz_transport_vendor/lib:/opt/ros/jazzy/opt/gz_rendering_vendor/lib:/opt/ros/jazzy/opt/gz_plugin_vendor/lib:/opt/ros/jazzy/opt/gz_fuel_tools_vendor/lib:/opt/ros/jazzy/opt/gz_msgs_vendor/lib:/opt/ros/jazzy/opt/gz_common_vendor/lib:/opt/ros/jazzy/opt/gz_math_vendor/lib:/opt/ros/jazzy/opt/gz_utils_vendor/lib:/opt/ros/jazzy/opt/gz_tools_vendor/lib:/opt/ros/jazzy/opt/gz_ogre_next_vendor/lib:/opt/ros/jazzy/opt/gz_dartsim_vendor/lib:/opt/ros/jazzy/opt/gz_cmake_vendor/lib:/opt/ros/jazzy/lib', 'GZ_TRANSPORT_ID': '192.168.3.1', 'HOME': '/home/ngt', 'OLDPWD': '/home/ngt/ZENS-Final-AUVC', 'LESS': '-R', 'VIRTUALENVWRAPPER_PYTHON': '/usr/bin/python3', 'TERM_PROGRAM_VERSION': '1.131.0', 'VSCODE_IPC_HOOK_CLI': '/run/user/1004/vscode-ipc-b1b26d6a-adaf-4eca-b716-08e1e08290ac.sock', 'ZSH': '/home/ngt/.oh-my-zsh', 'LSCOLORS': 'Gxfxcxdxbxegedabagacad', 'GZ_TRANSPORT_PUB_PORT': '11345', 'VSCODE_GIT_ASKPASS_MAIN': '/home/ngt/.vscode-server/cli/servers/Stable-e4c7e7b1d6d060162f4aa7f8225271b67ce1df75/server/extensions/git/dist/askpass-main.js', 'PAGER': 'less', 'ROS_PYTHON_VERSION': '3', 'PS1': '(ardusub) %(?:%{\x1b[01;32m%}%1{➜%} :%{\x1b[01;31m%}%1{➜%} ) %{\x1b[36m%}%c%{\x1b[00m%} $(git_prompt_info)', 'VSCODE_GIT_ASKPASS_NODE': '/home/ngt/.vscode-server/cli/servers/Stable-e4c7e7b1d6d060162f4aa7f8225271b67ce1df75/server/node', 'DBUS_SESSION_BUS_ADDRESS': 'unix:path=/run/user/1004/bus', 'PYDEVD_DISABLE_FILE_VALIDATION': '1', 'BUNDLED_DEBUGPY_PATH': '/home/ngt/.vscode-server/extensions/ms-python.debugpy-2026.6.0-linux-arm64/bundled/libs/debugpy', 'GZ_TRANSPORT_SUB_PORT': '11346', 'VSCODE_PYTHON_AUTOACTIVATE_GUARD': '1', 'COLORTERM': 'truecolor', 'ROS_DISTRO': 'jazzy', 'COLCON_PREFIX_PATH': '/home/ngt/ZENS-Final-AUVC/ros_ws/install:/home/ngt/auvc_ws/install:/home/ngt/cv_ws/install:/home/ngt/pid_ws/install:/home/ngt/auv_dancing/install', 'LOGNAME': 'ngt', '_': '/usr/bin/colcon', 'XDG_SESSION_CLASS': 'user', 'USER_ZDOTDIR': '/home/ngt', 'ROS_VERSION': '2', 'XDG_SESSION_ID': '1', 'TERM': 'xterm-256color', 'PATH': '/home/ngt/.virtualenvs/ardusub/bin:/home/ngt/.opencode/bin:/opt/ros/jazzy/opt/gz_msgs_vendor/bin:/opt/ros/jazzy/opt/gz_tools_vendor/bin:/opt/ros/jazzy/opt/gz_ogre_next_vendor/bin:/opt/ros/jazzy/bin:/usr/lib/ccache:/home/ngt/.vscode-server/data/User/globalStorage/github.copilot-chat/debugCommand:/home/ngt/.vscode-server/data/User/globalStorage/github.copilot-chat/copilotCli:/home/ngt/.vscode-server/cli/servers/Stable-e4c7e7b1d6d060162f4aa7f8225271b67ce1df75/server/bin/remote-cli:/usr/local/sbin:/usr/local/bin:/usr/sbin:/usr/bin:/sbin:/bin:/usr/games:/usr/local/games:/snap/bin:/home/ngt/.vscode-server/extensions/ms-python.debugpy-2026.6.0-linux-arm64/bundled/scripts/noConfigScripts:/home/ngt/.local/bin:/home/ngt/ardupilot/Tools/autotest', 'XDG_RUNTIME_DIR': '/run/user/1004', 'GZ_PARTITION': 'my_sim', 'LANG': 'en_US.UTF-8', 'VSCODE_DEBUGPY_ADAPTER_ENDPOINTS': '/home/ngt/.vscode-server/extensions/ms-python.debugpy-2026.6.0-linux-arm64/.noConfigDebugAdapterEndpoints/endpoint-c18b4b5d63521f01.txt', 'PYTHONSTARTUP': '/home/ngt/.vscode-server/data/User/workspaceStorage/ebe247280dad30c76e3d7235d970e14f/ms-python.python/pythonrc.py', 'VSCODE_INJECTION': '1', 'VIRTUAL_ENV_PROMPT': 'ardusub', 'TERM_PROGRAM': 'vscode', 'VSCODE_GIT_IPC_HANDLE': '/run/user/1004/vscode-git-75828e3940.sock', 'LS_COLORS': 'rs=0:di=01;34:ln=01;36:mh=00:pi=40;33:so=01;35:do=01;35:bd=40;33;01:cd=40;33;01:or=40;31;01:mi=00:su=37;41:sg=30;43:ca=00:tw=30;42:ow=34;42:st=37;44:ex=01;32:*.tar=01;31:*.tgz=01;31:*.arc=01;31:*.arj=01;31:*.taz=01;31:*.lha=01;31:*.lz4=01;31:*.lzh=01;31:*.lzma=01;31:*.tlz=01;31:*.txz=01;31:*.tzo=01;31:*.t7z=01;31:*.zip=01;31:*.z=01;31:*.dz=01;31:*.gz=01;31:*.lrz=01;31:*.lz=01;31:*.lzo=01;31:*.xz=01;31:*.zst=01;31:*.tzst=01;31:*.bz2=01;31:*.bz=01;31:*.tbz=01;31:*.tbz2=01;31:*.tz=01;31:*.deb=01;31:*.rpm=01;31:*.jar=01;31:*.war=01;31:*.ear=01;31:*.sar=01;31:*.rar=01;31:*.alz=01;31:*.ace=01;31:*.zoo=01;31:*.cpio=01;31:*.7z=01;31:*.rz=01;31:*.cab=01;31:*.wim=01;31:*.swm=01;31:*.dwm=01;31:*.esd=01;31:*.avif=01;35:*.jpg=01;35:*.jpeg=01;35:*.mjpg=01;35:*.mjpeg=01;35:*.gif=01;35:*.bmp=01;35:*.pbm=01;35:*.pgm=01;35:*.ppm=01;35:*.tga=01;35:*.xbm=01;35:*.xpm=01;35:*.tif=01;35:*.tiff=01;35:*.png=01;35:*.svg=01;35:*.svgz=01;35:*.mng=01;35:*.pcx=01;35:*.mov=01;35:*.mpg=01;35:*.mpeg=01;35:*.m2v=01;35:*.mkv=01;35:*.webm=01;35:*.webp=01;35:*.ogm=01;35:*.mp4=01;35:*.m4v=01;35:*.mp4v=01;35:*.vob=01;35:*.qt=01;35:*.nuv=01;35:*.wmv=01;35:*.asf=01;35:*.rm=01;35:*.rmvb=01;35:*.flc=01;35:*.avi=01;35:*.fli=01;35:*.flv=01;35:*.gl=01;35:*.dl=01;35:*.xcf=01;35:*.xwd=01;35:*.yuv=01;35:*.cgm=01;35:*.emf=01;35:*.ogv=01;35:*.ogx=01;35:*.aac=00;36:*.au=00;36:*.flac=00;36:*.m4a=00;36:*.mid=00;36:*.midi=00;36:*.mka=00;36:*.mp3=00;36:*.mpc=00;36:*.ogg=00;36:*.ra=00;36:*.wav=00;36:*.oga=00;36:*.opus=00;36:*.spx=00;36:*.xspf=00;36:*~=00;90:*#=00;90:*.bak=00;90:*.crdownload=00;90:*.dpkg-dist=00;90:*.dpkg-new=00;90:*.dpkg-old=00;90:*.dpkg-tmp=00;90:*.old=00;90:*.orig=00;90:*.part=00;90:*.rej=00;90:*.rpmnew=00;90:*.rpmorig=00;90:*.rpmsave=00;90:*.swp=00;90:*.tmp=00;90:*.ucf-dist=00;90:*.ucf-new=00;90:*.ucf-old=00;90:', 'AMENT_PREFIX_PATH': '/home/ngt/ZENS-Final-AUVC/ros_ws/install/msgs:/home/ngt/ZENS-Final-AUVC/ros_ws/install/hardware:/home/ngt/ZENS-Final-AUVC/ros_ws/install/flashing:/home/ngt/ZENS-Final-AUVC/ros_ws/install/cv:/home/ngt/ZENS-Final-AUVC/ros_ws/install/control:/home/ngt/ZENS-Final-AUVC/ros_ws/install/bringup:/home/ngt/auvc_ws/install/tutorial_virtualenvs:/home/ngt/auvc_ws/install/tutorial_pid:/home/ngt/auvc_ws/install/tutorial_ardusub:/home/ngt/auvc_ws/install/tutorial:/home/ngt/auvc_ws/install/rosmav:/home/ngt/auvc_ws/install/example_custom_srv:/home/ngt/cv_ws/install/cv:/home/ngt/pid_ws/install/target_depth_msgs:/home/ngt/pid_ws/install/pid:/home/ngt/auv_dancing/install/tutorial:/opt/ros/jazzy', 'SHELL': '/usr/bin/zsh', 'VIRTUALENVWRAPPER_PROJECT_FILENAME': '.project', 'VIRTUALENVWRAPPER_HOOK_DIR': '/home/ngt/.virtualenvs', 'VSCODE_GIT_ASKPASS_EXTRA_ARGS': '', 'VIRTUALENVWRAPPER_SCRIPT': '/usr/share/virtualenvwrapper/virtualenvwrapper.sh', 'ROS_AUTOMATIC_DISCOVERY_RANGE': 'SUBNET', 'VIRTUAL_ENV': '/home/ngt/.virtualenvs/ardusub', 'LC_ALL': 'en_US.UTF-8', 'PWD': '/home/ngt/ZENS-Final-AUVC/ros_ws/build/cv', 'SSH_CONNECTION': '192.168.3.1 64577 192.168.3.2 22', 'COPILOT_DEBUG_NONCE': 'ecfdf1043499788fb94714472659d404', 'ZDOTDIR': '/home/ngt', 'PYTHONPATH': '/home/ngt/ZENS-Final-AUVC/ros_ws/build/cv/prefix_override:/usr/lib/python3/dist-packages/colcon_core/task/python/colcon_distutils_commands:/home/ngt/ZENS-Final-AUVC/ros_ws/install/cv/lib/python3.12/site-packages:/home/ngt/ZENS-Final-AUVC/ros_ws/install/msgs/lib/python3.12/site-packages:/home/ngt/ZENS-Final-AUVC/ros_ws/install/hardware/lib/python3.12/site-packages:/home/ngt/ZENS-Final-AUVC/ros_ws/install/flashing/lib/python3.12/site-packages:/home/ngt/ZENS-Final-AUVC/ros_ws/install/cv/lib/python3.12/site-packages:/home/ngt/ZENS-Final-AUVC/ros_ws/install/control/lib/python3.12/site-packages:/home/ngt/ZENS-Final-AUVC/ros_ws/install/bringup/lib/python3.12/site-packages:/home/ngt/auvc_ws/install/tutorial_virtualenvs/lib/python3.12/site-packages:/home/ngt/auvc_ws/install/tutorial_pid/lib/python3.12/site-packages:/home/ngt/auvc_ws/install/tutorial_ardusub/lib/python3.12/site-packages:/home/ngt/auvc_ws/install/tutorial/lib/python3.12/site-packages:/home/ngt/auvc_ws/install/rosmav/lib/python3.12/site-packages:/home/ngt/auvc_ws/install/example_custom_srv/lib/python3.12/site-packages:/home/ngt/cv_ws/install/cv/lib/python3.12/site-packages:/home/ngt/pid_ws/install/target_depth_msgs/lib/python3.12/site-packages:/home/ngt/pid_ws/install/pid/lib/python3.12/site-packages:/home/ngt/auv_dancing/install/tutorial/lib/python3.12/site-packages:/opt/ros/jazzy/lib/python3.12/site-packages', 'COLCON': '1', 'CMAKE_PREFIX_PATH': '/home/ngt/ZENS-Final-AUVC/ros_ws/install/msgs:/home/ngt/auvc_ws/install/example_custom_srv:/home/ngt/pid_ws/install/target_depth_msgs:/opt/ros/jazzy/opt/gz_sim_vendor:/opt/ros/jazzy/opt/gz_sensors_vendor:/opt/ros/jazzy/opt/gz_physics_vendor:/opt/ros/jazzy/opt/sdformat_vendor:/opt/ros/jazzy/opt/gz_gui_vendor:/opt/ros/jazzy/opt/gz_transport_vendor:/opt/ros/jazzy/opt/gz_rendering_vendor:/opt/ros/jazzy/opt/gz_plugin_vendor:/opt/ros/jazzy/opt/gz_fuel_tools_vendor:/opt/ros/jazzy/opt/gz_msgs_vendor:/opt/ros/jazzy/opt/gz_common_vendor:/opt/ros/jazzy/opt/gz_math_vendor:/opt/ros/jazzy/opt/gz_utils_vendor:/opt/ros/jazzy/opt/gz_tools_vendor:/opt/ros/jazzy/opt/gz_ogre_next_vendor:/opt/ros/jazzy/opt/gz_dartsim_vendor:/opt/ros/jazzy/opt/gz_cmake_vendor'}, 'shell': False}
[13.651200] (-) TimerEvent: {}
[13.751986] (-) TimerEvent: {}
[13.853107] (-) TimerEvent: {}
[13.959382] (-) TimerEvent: {}
[14.063431] (-) TimerEvent: {}
[14.170226] (-) TimerEvent: {}
[14.214922] (bringup) Command: {'cmd': ['/usr/bin/python3', '-W', 'ignore:setup.py install is deprecated', '-W', 'ignore:easy_install command is deprecated', 'setup.py', 'egg_info', '--egg-base', '../../build/bringup', 'build', '--build-base', '/home/ngt/ZENS-Final-AUVC/ros_ws/build/bringup/build', 'install', '--record', '/home/ngt/ZENS-Final-AUVC/ros_ws/build/bringup/install.log', '--install-scripts', '$base/lib/bringup', '--single-version-externally-managed', 'install_data'], 'cwd': '/home/ngt/ZENS-Final-AUVC/ros_ws/src/bringup', 'env': {'PYTHON_BASIC_REPL': '1', 'VIRTUALENVWRAPPER_WORKON_CD': '1', 'USER': 'ngt', 'SSH_CLIENT': '192.168.3.1 64577 22', 'WORKON_HOME': '/home/ngt/.virtualenvs', 'GZ_SIM_RESOURCE_PATH': '/opt/ros/jazzy/share', 'GZ_CONFIG_PATH': '/opt/ros/jazzy/opt/gz_sim_vendor/share/gz:/opt/ros/jazzy/opt/sdformat_vendor/share/gz:/opt/ros/jazzy/opt/gz_gui_vendor/share/gz:/opt/ros/jazzy/opt/gz_transport_vendor/share/gz:/opt/ros/jazzy/opt/gz_rendering_vendor/share/gz:/opt/ros/jazzy/opt/gz_plugin_vendor/share/gz:/opt/ros/jazzy/opt/gz_fuel_tools_vendor/share/gz:/opt/ros/jazzy/opt/gz_msgs_vendor/share/gz:/opt/ros/jazzy/opt/gz_common_vendor/share/gz', 'XDG_SESSION_TYPE': 'tty', 'GIT_ASKPASS': '/home/ngt/.vscode-server/cli/servers/Stable-e4c7e7b1d6d060162f4aa7f8225271b67ce1df75/server/extensions/git/dist/askpass.sh', 'SHLVL': '1', 'BROWSER': '/home/ngt/.vscode-server/cli/servers/Stable-e4c7e7b1d6d060162f4aa7f8225271b67ce1df75/server/bin/helpers/browser.sh', 'LD_LIBRARY_PATH': '/home/ngt/ZENS-Final-AUVC/ros_ws/install/msgs/lib:/home/ngt/auvc_ws/install/example_custom_srv/lib:/home/ngt/pid_ws/install/target_depth_msgs/lib:/opt/ros/jazzy/opt/gz_sim_vendor/lib:/opt/ros/jazzy/opt/gz_sensors_vendor/lib:/opt/ros/jazzy/opt/gz_physics_vendor/lib:/opt/ros/jazzy/opt/sdformat_vendor/lib:/opt/ros/jazzy/opt/rviz_ogre_vendor/lib:/opt/ros/jazzy/lib/aarch64-linux-gnu:/opt/ros/jazzy/opt/gz_gui_vendor/lib:/opt/ros/jazzy/opt/gz_transport_vendor/lib:/opt/ros/jazzy/opt/gz_rendering_vendor/lib:/opt/ros/jazzy/opt/gz_plugin_vendor/lib:/opt/ros/jazzy/opt/gz_fuel_tools_vendor/lib:/opt/ros/jazzy/opt/gz_msgs_vendor/lib:/opt/ros/jazzy/opt/gz_common_vendor/lib:/opt/ros/jazzy/opt/gz_math_vendor/lib:/opt/ros/jazzy/opt/gz_utils_vendor/lib:/opt/ros/jazzy/opt/gz_tools_vendor/lib:/opt/ros/jazzy/opt/gz_ogre_next_vendor/lib:/opt/ros/jazzy/opt/gz_dartsim_vendor/lib:/opt/ros/jazzy/opt/gz_cmake_vendor/lib:/opt/ros/jazzy/lib', 'GZ_TRANSPORT_ID': '192.168.3.1', 'HOME': '/home/ngt', 'OLDPWD': '/home/ngt/ZENS-Final-AUVC', 'LESS': '-R', 'VIRTUALENVWRAPPER_PYTHON': '/usr/bin/python3', 'TERM_PROGRAM_VERSION': '1.131.0', 'VSCODE_IPC_HOOK_CLI': '/run/user/1004/vscode-ipc-b1b26d6a-adaf-4eca-b716-08e1e08290ac.sock', 'ZSH': '/home/ngt/.oh-my-zsh', 'LSCOLORS': 'Gxfxcxdxbxegedabagacad', 'GZ_TRANSPORT_PUB_PORT': '11345', 'VSCODE_GIT_ASKPASS_MAIN': '/home/ngt/.vscode-server/cli/servers/Stable-e4c7e7b1d6d060162f4aa7f8225271b67ce1df75/server/extensions/git/dist/askpass-main.js', 'PAGER': 'less', 'ROS_PYTHON_VERSION': '3', 'PS1': '(ardusub) %(?:%{\x1b[01;32m%}%1{➜%} :%{\x1b[01;31m%}%1{➜%} ) %{\x1b[36m%}%c%{\x1b[00m%} $(git_prompt_info)', 'VSCODE_GIT_ASKPASS_NODE': '/home/ngt/.vscode-server/cli/servers/Stable-e4c7e7b1d6d060162f4aa7f8225271b67ce1df75/server/node', 'DBUS_SESSION_BUS_ADDRESS': 'unix:path=/run/user/1004/bus', 'PYDEVD_DISABLE_FILE_VALIDATION': '1', 'BUNDLED_DEBUGPY_PATH': '/home/ngt/.vscode-server/extensions/ms-python.debugpy-2026.6.0-linux-arm64/bundled/libs/debugpy', 'GZ_TRANSPORT_SUB_PORT': '11346', 'VSCODE_PYTHON_AUTOACTIVATE_GUARD': '1', 'COLORTERM': 'truecolor', 'ROS_DISTRO': 'jazzy', 'COLCON_PREFIX_PATH': '/home/ngt/ZENS-Final-AUVC/ros_ws/install:/home/ngt/auvc_ws/install:/home/ngt/cv_ws/install:/home/ngt/pid_ws/install:/home/ngt/auv_dancing/install', 'LOGNAME': 'ngt', '_': '/usr/bin/colcon', 'XDG_SESSION_CLASS': 'user', 'USER_ZDOTDIR': '/home/ngt', 'ROS_VERSION': '2', 'XDG_SESSION_ID': '1', 'TERM': 'xterm-256color', 'PATH': '/home/ngt/.virtualenvs/ardusub/bin:/home/ngt/.opencode/bin:/opt/ros/jazzy/opt/gz_msgs_vendor/bin:/opt/ros/jazzy/opt/gz_tools_vendor/bin:/opt/ros/jazzy/opt/gz_ogre_next_vendor/bin:/opt/ros/jazzy/bin:/usr/lib/ccache:/home/ngt/.vscode-server/data/User/globalStorage/github.copilot-chat/debugCommand:/home/ngt/.vscode-server/data/User/globalStorage/github.copilot-chat/copilotCli:/home/ngt/.vscode-server/cli/servers/Stable-e4c7e7b1d6d060162f4aa7f8225271b67ce1df75/server/bin/remote-cli:/usr/local/sbin:/usr/local/bin:/usr/sbin:/usr/bin:/sbin:/bin:/usr/games:/usr/local/games:/snap/bin:/home/ngt/.vscode-server/extensions/ms-python.debugpy-2026.6.0-linux-arm64/bundled/scripts/noConfigScripts:/home/ngt/.local/bin:/home/ngt/ardupilot/Tools/autotest', 'XDG_RUNTIME_DIR': '/run/user/1004', 'GZ_PARTITION': 'my_sim', 'LANG': 'en_US.UTF-8', 'VSCODE_DEBUGPY_ADAPTER_ENDPOINTS': '/home/ngt/.vscode-server/extensions/ms-python.debugpy-2026.6.0-linux-arm64/.noConfigDebugAdapterEndpoints/endpoint-c18b4b5d63521f01.txt', 'PYTHONSTARTUP': '/home/ngt/.vscode-server/data/User/workspaceStorage/ebe247280dad30c76e3d7235d970e14f/ms-python.python/pythonrc.py', 'VSCODE_INJECTION': '1', 'VIRTUAL_ENV_PROMPT': 'ardusub', 'TERM_PROGRAM': 'vscode', 'VSCODE_GIT_IPC_HANDLE': '/run/user/1004/vscode-git-75828e3940.sock', 'LS_COLORS': 'rs=0:di=01;34:ln=01;36:mh=00:pi=40;33:so=01;35:do=01;35:bd=40;33;01:cd=40;33;01:or=40;31;01:mi=00:su=37;41:sg=30;43:ca=00:tw=30;42:ow=34;42:st=37;44:ex=01;32:*.tar=01;31:*.tgz=01;31:*.arc=01;31:*.arj=01;31:*.taz=01;31:*.lha=01;31:*.lz4=01;31:*.lzh=01;31:*.lzma=01;31:*.tlz=01;31:*.txz=01;31:*.tzo=01;31:*.t7z=01;31:*.zip=01;31:*.z=01;31:*.dz=01;31:*.gz=01;31:*.lrz=01;31:*.lz=01;31:*.lzo=01;31:*.xz=01;31:*.zst=01;31:*.tzst=01;31:*.bz2=01;31:*.bz=01;31:*.tbz=01;31:*.tbz2=01;31:*.tz=01;31:*.deb=01;31:*.rpm=01;31:*.jar=01;31:*.war=01;31:*.ear=01;31:*.sar=01;31:*.rar=01;31:*.alz=01;31:*.ace=01;31:*.zoo=01;31:*.cpio=01;31:*.7z=01;31:*.rz=01;31:*.cab=01;31:*.wim=01;31:*.swm=01;31:*.dwm=01;31:*.esd=01;31:*.avif=01;35:*.jpg=01;35:*.jpeg=01;35:*.mjpg=01;35:*.mjpeg=01;35:*.gif=01;35:*.bmp=01;35:*.pbm=01;35:*.pgm=01;35:*.ppm=01;35:*.tga=01;35:*.xbm=01;35:*.xpm=01;35:*.tif=01;35:*.tiff=01;35:*.png=01;35:*.svg=01;35:*.svgz=01;35:*.mng=01;35:*.pcx=01;35:*.mov=01;35:*.mpg=01;35:*.mpeg=01;35:*.m2v=01;35:*.mkv=01;35:*.webm=01;35:*.webp=01;35:*.ogm=01;35:*.mp4=01;35:*.m4v=01;35:*.mp4v=01;35:*.vob=01;35:*.qt=01;35:*.nuv=01;35:*.wmv=01;35:*.asf=01;35:*.rm=01;35:*.rmvb=01;35:*.flc=01;35:*.avi=01;35:*.fli=01;35:*.flv=01;35:*.gl=01;35:*.dl=01;35:*.xcf=01;35:*.xwd=01;35:*.yuv=01;35:*.cgm=01;35:*.emf=01;35:*.ogv=01;35:*.ogx=01;35:*.aac=00;36:*.au=00;36:*.flac=00;36:*.m4a=00;36:*.mid=00;36:*.midi=00;36:*.mka=00;36:*.mp3=00;36:*.mpc=00;36:*.ogg=00;36:*.ra=00;36:*.wav=00;36:*.oga=00;36:*.opus=00;36:*.spx=00;36:*.xspf=00;36:*~=00;90:*#=00;90:*.bak=00;90:*.crdownload=00;90:*.dpkg-dist=00;90:*.dpkg-new=00;90:*.dpkg-old=00;90:*.dpkg-tmp=00;90:*.old=00;90:*.orig=00;90:*.part=00;90:*.rej=00;90:*.rpmnew=00;90:*.rpmorig=00;90:*.rpmsave=00;90:*.swp=00;90:*.tmp=00;90:*.ucf-dist=00;90:*.ucf-new=00;90:*.ucf-old=00;90:', 'AMENT_PREFIX_PATH': '/home/ngt/ZENS-Final-AUVC/ros_ws/install/msgs:/home/ngt/ZENS-Final-AUVC/ros_ws/install/hardware:/home/ngt/ZENS-Final-AUVC/ros_ws/install/flashing:/home/ngt/ZENS-Final-AUVC/ros_ws/install/cv:/home/ngt/ZENS-Final-AUVC/ros_ws/install/control:/home/ngt/ZENS-Final-AUVC/ros_ws/install/bringup:/home/ngt/auvc_ws/install/tutorial_virtualenvs:/home/ngt/auvc_ws/install/tutorial_pid:/home/ngt/auvc_ws/install/tutorial_ardusub:/home/ngt/auvc_ws/install/tutorial:/home/ngt/auvc_ws/install/rosmav:/home/ngt/auvc_ws/install/example_custom_srv:/home/ngt/cv_ws/install/cv:/home/ngt/pid_ws/install/target_depth_msgs:/home/ngt/pid_ws/install/pid:/home/ngt/auv_dancing/install/tutorial:/opt/ros/jazzy', 'SHELL': '/usr/bin/zsh', 'VIRTUALENVWRAPPER_PROJECT_FILENAME': '.project', 'VIRTUALENVWRAPPER_HOOK_DIR': '/home/ngt/.virtualenvs', 'VSCODE_GIT_ASKPASS_EXTRA_ARGS': '', 'VIRTUALENVWRAPPER_SCRIPT': '/usr/share/virtualenvwrapper/virtualenvwrapper.sh', 'ROS_AUTOMATIC_DISCOVERY_RANGE': 'SUBNET', 'VIRTUAL_ENV': '/home/ngt/.virtualenvs/ardusub', 'LC_ALL': 'en_US.UTF-8', 'PWD': '/home/ngt/ZENS-Final-AUVC/ros_ws/build/bringup', 'SSH_CONNECTION': '192.168.3.1 64577 192.168.3.2 22', 'COPILOT_DEBUG_NONCE': 'ecfdf1043499788fb94714472659d404', 'ZDOTDIR': '/home/ngt', 'PYTHONPATH': '/home/ngt/ZENS-Final-AUVC/ros_ws/build/bringup/prefix_override:/usr/lib/python3/dist-packages/colcon_core/task/python/colcon_distutils_commands:/home/ngt/ZENS-Final-AUVC/ros_ws/install/bringup/lib/python3.12/site-packages:/home/ngt/ZENS-Final-AUVC/ros_ws/install/msgs/lib/python3.12/site-packages:/home/ngt/ZENS-Final-AUVC/ros_ws/install/hardware/lib/python3.12/site-packages:/home/ngt/ZENS-Final-AUVC/ros_ws/install/flashing/lib/python3.12/site-packages:/home/ngt/ZENS-Final-AUVC/ros_ws/install/cv/lib/python3.12/site-packages:/home/ngt/ZENS-Final-AUVC/ros_ws/install/control/lib/python3.12/site-packages:/home/ngt/ZENS-Final-AUVC/ros_ws/install/bringup/lib/python3.12/site-packages:/home/ngt/auvc_ws/install/tutorial_virtualenvs/lib/python3.12/site-packages:/home/ngt/auvc_ws/install/tutorial_pid/lib/python3.12/site-packages:/home/ngt/auvc_ws/install/tutorial_ardusub/lib/python3.12/site-packages:/home/ngt/auvc_ws/install/tutorial/lib/python3.12/site-packages:/home/ngt/auvc_ws/install/rosmav/lib/python3.12/site-packages:/home/ngt/auvc_ws/install/example_custom_srv/lib/python3.12/site-packages:/home/ngt/cv_ws/install/cv/lib/python3.12/site-packages:/home/ngt/pid_ws/install/target_depth_msgs/lib/python3.12/site-packages:/home/ngt/pid_ws/install/pid/lib/python3.12/site-packages:/home/ngt/auv_dancing/install/tutorial/lib/python3.12/site-packages:/opt/ros/jazzy/lib/python3.12/site-packages', 'COLCON': '1', 'CMAKE_PREFIX_PATH': '/home/ngt/ZENS-Final-AUVC/ros_ws/install/msgs:/home/ngt/auvc_ws/install/example_custom_srv:/home/ngt/pid_ws/install/target_depth_msgs:/opt/ros/jazzy/opt/gz_sim_vendor:/opt/ros/jazzy/opt/gz_sensors_vendor:/opt/ros/jazzy/opt/gz_physics_vendor:/opt/ros/jazzy/opt/sdformat_vendor:/opt/ros/jazzy/opt/gz_gui_vendor:/opt/ros/jazzy/opt/gz_transport_vendor:/opt/ros/jazzy/opt/gz_rendering_vendor:/opt/ros/jazzy/opt/gz_plugin_vendor:/opt/ros/jazzy/opt/gz_fuel_tools_vendor:/opt/ros/jazzy/opt/gz_msgs_vendor:/opt/ros/jazzy/opt/gz_common_vendor:/opt/ros/jazzy/opt/gz_math_vendor:/opt/ros/jazzy/opt/gz_utils_vendor:/opt/ros/jazzy/opt/gz_tools_vendor:/opt/ros/jazzy/opt/gz_ogre_next_vendor:/opt/ros/jazzy/opt/gz_dartsim_vendor:/opt/ros/jazzy/opt/gz_cmake_vendor'}, 'shell': False}
[14.274530] (-) TimerEvent: {}
[14.378192] (-) TimerEvent: {}
[14.480198] (-) TimerEvent: {}
[14.583194] (-) TimerEvent: {}
[14.684590] (-) TimerEvent: {}
[14.789199] (-) TimerEvent: {}
[14.890438] (-) TimerEvent: {}
[14.993248] (-) TimerEvent: {}
[15.099180] (-) TimerEvent: {}
[15.199978] (-) TimerEvent: {}
[15.301528] (-) TimerEvent: {}
[15.404562] (-) TimerEvent: {}
[15.509375] (-) TimerEvent: {}
[15.611219] (flashing) Command: {'cmd': ['/usr/bin/python3', '-W', 'ignore:setup.py install is deprecated', '-W', 'ignore:easy_install command is deprecated', 'setup.py', 'egg_info', '--egg-base', '../../build/flashing', 'build', '--build-base', '/home/ngt/ZENS-Final-AUVC/ros_ws/build/flashing/build', 'install', '--record', '/home/ngt/ZENS-Final-AUVC/ros_ws/build/flashing/install.log', '--install-scripts', '$base/lib/flashing', '--single-version-externally-managed', 'install_data'], 'cwd': '/home/ngt/ZENS-Final-AUVC/ros_ws/src/flashing', 'env': {'PYTHON_BASIC_REPL': '1', 'VIRTUALENVWRAPPER_WORKON_CD': '1', 'USER': 'ngt', 'SSH_CLIENT': '192.168.3.1 64577 22', 'WORKON_HOME': '/home/ngt/.virtualenvs', 'GZ_SIM_RESOURCE_PATH': '/opt/ros/jazzy/share', 'GZ_CONFIG_PATH': '/opt/ros/jazzy/opt/gz_sim_vendor/share/gz:/opt/ros/jazzy/opt/sdformat_vendor/share/gz:/opt/ros/jazzy/opt/gz_gui_vendor/share/gz:/opt/ros/jazzy/opt/gz_transport_vendor/share/gz:/opt/ros/jazzy/opt/gz_rendering_vendor/share/gz:/opt/ros/jazzy/opt/gz_plugin_vendor/share/gz:/opt/ros/jazzy/opt/gz_fuel_tools_vendor/share/gz:/opt/ros/jazzy/opt/gz_msgs_vendor/share/gz:/opt/ros/jazzy/opt/gz_common_vendor/share/gz', 'XDG_SESSION_TYPE': 'tty', 'GIT_ASKPASS': '/home/ngt/.vscode-server/cli/servers/Stable-e4c7e7b1d6d060162f4aa7f8225271b67ce1df75/server/extensions/git/dist/askpass.sh', 'SHLVL': '1', 'BROWSER': '/home/ngt/.vscode-server/cli/servers/Stable-e4c7e7b1d6d060162f4aa7f8225271b67ce1df75/server/bin/helpers/browser.sh', 'LD_LIBRARY_PATH': '/home/ngt/ZENS-Final-AUVC/ros_ws/install/msgs/lib:/home/ngt/auvc_ws/install/example_custom_srv/lib:/home/ngt/pid_ws/install/target_depth_msgs/lib:/opt/ros/jazzy/opt/gz_sim_vendor/lib:/opt/ros/jazzy/opt/gz_sensors_vendor/lib:/opt/ros/jazzy/opt/gz_physics_vendor/lib:/opt/ros/jazzy/opt/sdformat_vendor/lib:/opt/ros/jazzy/opt/rviz_ogre_vendor/lib:/opt/ros/jazzy/lib/aarch64-linux-gnu:/opt/ros/jazzy/opt/gz_gui_vendor/lib:/opt/ros/jazzy/opt/gz_transport_vendor/lib:/opt/ros/jazzy/opt/gz_rendering_vendor/lib:/opt/ros/jazzy/opt/gz_plugin_vendor/lib:/opt/ros/jazzy/opt/gz_fuel_tools_vendor/lib:/opt/ros/jazzy/opt/gz_msgs_vendor/lib:/opt/ros/jazzy/opt/gz_common_vendor/lib:/opt/ros/jazzy/opt/gz_math_vendor/lib:/opt/ros/jazzy/opt/gz_utils_vendor/lib:/opt/ros/jazzy/opt/gz_tools_vendor/lib:/opt/ros/jazzy/opt/gz_ogre_next_vendor/lib:/opt/ros/jazzy/opt/gz_dartsim_vendor/lib:/opt/ros/jazzy/opt/gz_cmake_vendor/lib:/opt/ros/jazzy/lib', 'GZ_TRANSPORT_ID': '192.168.3.1', 'HOME': '/home/ngt', 'OLDPWD': '/home/ngt/ZENS-Final-AUVC', 'LESS': '-R', 'VIRTUALENVWRAPPER_PYTHON': '/usr/bin/python3', 'TERM_PROGRAM_VERSION': '1.131.0', 'VSCODE_IPC_HOOK_CLI': '/run/user/1004/vscode-ipc-b1b26d6a-adaf-4eca-b716-08e1e08290ac.sock', 'ZSH': '/home/ngt/.oh-my-zsh', 'LSCOLORS': 'Gxfxcxdxbxegedabagacad', 'GZ_TRANSPORT_PUB_PORT': '11345', 'VSCODE_GIT_ASKPASS_MAIN': '/home/ngt/.vscode-server/cli/servers/Stable-e4c7e7b1d6d060162f4aa7f8225271b67ce1df75/server/extensions/git/dist/askpass-main.js', 'PAGER': 'less', 'ROS_PYTHON_VERSION': '3', 'PS1': '(ardusub) %(?:%{\x1b[01;32m%}%1{➜%} :%{\x1b[01;31m%}%1{➜%} ) %{\x1b[36m%}%c%{\x1b[00m%} $(git_prompt_info)', 'VSCODE_GIT_ASKPASS_NODE': '/home/ngt/.vscode-server/cli/servers/Stable-e4c7e7b1d6d060162f4aa7f8225271b67ce1df75/server/node', 'DBUS_SESSION_BUS_ADDRESS': 'unix:path=/run/user/1004/bus', 'PYDEVD_DISABLE_FILE_VALIDATION': '1', 'BUNDLED_DEBUGPY_PATH': '/home/ngt/.vscode-server/extensions/ms-python.debugpy-2026.6.0-linux-arm64/bundled/libs/debugpy', 'GZ_TRANSPORT_SUB_PORT': '11346', 'VSCODE_PYTHON_AUTOACTIVATE_GUARD': '1', 'COLORTERM': 'truecolor', 'ROS_DISTRO': 'jazzy', 'COLCON_PREFIX_PATH': '/home/ngt/ZENS-Final-AUVC/ros_ws/install:/home/ngt/auvc_ws/install:/home/ngt/cv_ws/install:/home/ngt/pid_ws/install:/home/ngt/auv_dancing/install', 'LOGNAME': 'ngt', '_': '/usr/bin/colcon', 'XDG_SESSION_CLASS': 'user', 'USER_ZDOTDIR': '/home/ngt', 'ROS_VERSION': '2', 'XDG_SESSION_ID': '1', 'TERM': 'xterm-256color', 'PATH': '/home/ngt/.virtualenvs/ardusub/bin:/home/ngt/.opencode/bin:/opt/ros/jazzy/opt/gz_msgs_vendor/bin:/opt/ros/jazzy/opt/gz_tools_vendor/bin:/opt/ros/jazzy/opt/gz_ogre_next_vendor/bin:/opt/ros/jazzy/bin:/usr/lib/ccache:/home/ngt/.vscode-server/data/User/globalStorage/github.copilot-chat/debugCommand:/home/ngt/.vscode-server/data/User/globalStorage/github.copilot-chat/copilotCli:/home/ngt/.vscode-server/cli/servers/Stable-e4c7e7b1d6d060162f4aa7f8225271b67ce1df75/server/bin/remote-cli:/usr/local/sbin:/usr/local/bin:/usr/sbin:/usr/bin:/sbin:/bin:/usr/games:/usr/local/games:/snap/bin:/home/ngt/.vscode-server/extensions/ms-python.debugpy-2026.6.0-linux-arm64/bundled/scripts/noConfigScripts:/home/ngt/.local/bin:/home/ngt/ardupilot/Tools/autotest', 'XDG_RUNTIME_DIR': '/run/user/1004', 'GZ_PARTITION': 'my_sim', 'LANG': 'en_US.UTF-8', 'VSCODE_DEBUGPY_ADAPTER_ENDPOINTS': '/home/ngt/.vscode-server/extensions/ms-python.debugpy-2026.6.0-linux-arm64/.noConfigDebugAdapterEndpoints/endpoint-c18b4b5d63521f01.txt', 'PYTHONSTARTUP': '/home/ngt/.vscode-server/data/User/workspaceStorage/ebe247280dad30c76e3d7235d970e14f/ms-python.python/pythonrc.py', 'VSCODE_INJECTION': '1', 'VIRTUAL_ENV_PROMPT': 'ardusub', 'TERM_PROGRAM': 'vscode', 'VSCODE_GIT_IPC_HANDLE': '/run/user/1004/vscode-git-75828e3940.sock', 'LS_COLORS': 'rs=0:di=01;34:ln=01;36:mh=00:pi=40;33:so=01;35:do=01;35:bd=40;33;01:cd=40;33;01:or=40;31;01:mi=00:su=37;41:sg=30;43:ca=00:tw=30;42:ow=34;42:st=37;44:ex=01;32:*.tar=01;31:*.tgz=01;31:*.arc=01;31:*.arj=01;31:*.taz=01;31:*.lha=01;31:*.lz4=01;31:*.lzh=01;31:*.lzma=01;31:*.tlz=01;31:*.txz=01;31:*.tzo=01;31:*.t7z=01;31:*.zip=01;31:*.z=01;31:*.dz=01;31:*.gz=01;31:*.lrz=01;31:*.lz=01;31:*.lzo=01;31:*.xz=01;31:*.zst=01;31:*.tzst=01;31:*.bz2=01;31:*.bz=01;31:*.tbz=01;31:*.tbz2=01;31:*.tz=01;31:*.deb=01;31:*.rpm=01;31:*.jar=01;31:*.war=01;31:*.ear=01;31:*.sar=01;31:*.rar=01;31:*.alz=01;31:*.ace=01;31:*.zoo=01;31:*.cpio=01;31:*.7z=01;31:*.rz=01;31:*.cab=01;31:*.wim=01;31:*.swm=01;31:*.dwm=01;31:*.esd=01;31:*.avif=01;35:*.jpg=01;35:*.jpeg=01;35:*.mjpg=01;35:*.mjpeg=01;35:*.gif=01;35:*.bmp=01;35:*.pbm=01;35:*.pgm=01;35:*.ppm=01;35:*.tga=01;35:*.xbm=01;35:*.xpm=01;35:*.tif=01;35:*.tiff=01;35:*.png=01;35:*.svg=01;35:*.svgz=01;35:*.mng=01;35:*.pcx=01;35:*.mov=01;35:*.mpg=01;35:*.mpeg=01;35:*.m2v=01;35:*.mkv=01;35:*.webm=01;35:*.webp=01;35:*.ogm=01;35:*.mp4=01;35:*.m4v=01;35:*.mp4v=01;35:*.vob=01;35:*.qt=01;35:*.nuv=01;35:*.wmv=01;35:*.asf=01;35:*.rm=01;35:*.rmvb=01;35:*.flc=01;35:*.avi=01;35:*.fli=01;35:*.flv=01;35:*.gl=01;35:*.dl=01;35:*.xcf=01;35:*.xwd=01;35:*.yuv=01;35:*.cgm=01;35:*.emf=01;35:*.ogv=01;35:*.ogx=01;35:*.aac=00;36:*.au=00;36:*.flac=00;36:*.m4a=00;36:*.mid=00;36:*.midi=00;36:*.mka=00;36:*.mp3=00;36:*.mpc=00;36:*.ogg=00;36:*.ra=00;36:*.wav=00;36:*.oga=00;36:*.opus=00;36:*.spx=00;36:*.xspf=00;36:*~=00;90:*#=00;90:*.bak=00;90:*.crdownload=00;90:*.dpkg-dist=00;90:*.dpkg-new=00;90:*.dpkg-old=00;90:*.dpkg-tmp=00;90:*.old=00;90:*.orig=00;90:*.part=00;90:*.rej=00;90:*.rpmnew=00;90:*.rpmorig=00;90:*.rpmsave=00;90:*.swp=00;90:*.tmp=00;90:*.ucf-dist=00;90:*.ucf-new=00;90:*.ucf-old=00;90:', 'AMENT_PREFIX_PATH': '/home/ngt/ZENS-Final-AUVC/ros_ws/install/msgs:/home/ngt/ZENS-Final-AUVC/ros_ws/install/hardware:/home/ngt/ZENS-Final-AUVC/ros_ws/install/flashing:/home/ngt/ZENS-Final-AUVC/ros_ws/install/cv:/home/ngt/ZENS-Final-AUVC/ros_ws/install/control:/home/ngt/ZENS-Final-AUVC/ros_ws/install/bringup:/home/ngt/auvc_ws/install/tutorial_virtualenvs:/home/ngt/auvc_ws/install/tutorial_pid:/home/ngt/auvc_ws/install/tutorial_ardusub:/home/ngt/auvc_ws/install/tutorial:/home/ngt/auvc_ws/install/rosmav:/home/ngt/auvc_ws/install/example_custom_srv:/home/ngt/cv_ws/install/cv:/home/ngt/pid_ws/install/target_depth_msgs:/home/ngt/pid_ws/install/pid:/home/ngt/auv_dancing/install/tutorial:/opt/ros/jazzy', 'SHELL': '/usr/bin/zsh', 'VIRTUALENVWRAPPER_PROJECT_FILENAME': '.project', 'VIRTUALENVWRAPPER_HOOK_DIR': '/home/ngt/.virtualenvs', 'VSCODE_GIT_ASKPASS_EXTRA_ARGS': '', 'VIRTUALENVWRAPPER_SCRIPT': '/usr/share/virtualenvwrapper/virtualenvwrapper.sh', 'ROS_AUTOMATIC_DISCOVERY_RANGE': 'SUBNET', 'VIRTUAL_ENV': '/home/ngt/.virtualenvs/ardusub', 'LC_ALL': 'en_US.UTF-8', 'PWD': '/home/ngt/ZENS-Final-AUVC/ros_ws/build/flashing', 'SSH_CONNECTION': '192.168.3.1 64577 192.168.3.2 22', 'COPILOT_DEBUG_NONCE': 'ecfdf1043499788fb94714472659d404', 'ZDOTDIR': '/home/ngt', 'PYTHONPATH': '/home/ngt/ZENS-Final-AUVC/ros_ws/build/flashing/prefix_override:/usr/lib/python3/dist-packages/colcon_core/task/python/colcon_distutils_commands:/home/ngt/ZENS-Final-AUVC/ros_ws/install/flashing/lib/python3.12/site-packages:/home/ngt/ZENS-Final-AUVC/ros_ws/install/msgs/lib/python3.12/site-packages:/home/ngt/ZENS-Final-AUVC/ros_ws/install/hardware/lib/python3.12/site-packages:/home/ngt/ZENS-Final-AUVC/ros_ws/install/flashing/lib/python3.12/site-packages:/home/ngt/ZENS-Final-AUVC/ros_ws/install/cv/lib/python3.12/site-packages:/home/ngt/ZENS-Final-AUVC/ros_ws/install/control/lib/python3.12/site-packages:/home/ngt/ZENS-Final-AUVC/ros_ws/install/bringup/lib/python3.12/site-packages:/home/ngt/auvc_ws/install/tutorial_virtualenvs/lib/python3.12/site-packages:/home/ngt/auvc_ws/install/tutorial_pid/lib/python3.12/site-packages:/home/ngt/auvc_ws/install/tutorial_ardusub/lib/python3.12/site-packages:/home/ngt/auvc_ws/install/tutorial/lib/python3.12/site-packages:/home/ngt/auvc_ws/install/rosmav/lib/python3.12/site-packages:/home/ngt/auvc_ws/install/example_custom_srv/lib/python3.12/site-packages:/home/ngt/cv_ws/install/cv/lib/python3.12/site-packages:/home/ngt/pid_ws/install/target_depth_msgs/lib/python3.12/site-packages:/home/ngt/pid_ws/install/pid/lib/python3.12/site-packages:/home/ngt/auv_dancing/install/tutorial/lib/python3.12/site-packages:/opt/ros/jazzy/lib/python3.12/site-packages', 'COLCON': '1', 'CMAKE_PREFIX_PATH': '/home/ngt/ZENS-Final-AUVC/ros_ws/install/msgs:/home/ngt/auvc_ws/install/example_custom_srv:/home/ngt/pid_ws/install/target_depth_msgs:/opt/ros/jazzy/opt/gz_sim_vendor:/opt/ros/jazzy/opt/gz_sensors_vendor:/opt/ros/jazzy/opt/gz_physics_vendor:/opt/ros/jazzy/opt/sdformat_vendor:/opt/ros/jazzy/opt/gz_gui_vendor:/opt/ros/jazzy/opt/gz_transport_vendor:/opt/ros/jazzy/opt/gz_rendering_vendor:/opt/ros/jazzy/opt/gz_plugin_vendor:/opt/ros/jazzy/opt/gz_fuel_tools_vendor:/opt/ros/jazzy/opt/gz_msgs_vendor:/opt/ros/jazzy/opt/gz_common_vendor:/opt/ros/jazzy/opt/gz_math_vendor:/opt/ros/jazzy/opt/gz_utils_vendor:/opt/ros/jazzy/opt/gz_tools_vendor:/opt/ros/jazzy/opt/gz_ogre_next_vendor:/opt/ros/jazzy/opt/gz_dartsim_vendor:/opt/ros/jazzy/opt/gz_cmake_vendor'}, 'shell': False}
[15.628167] (-) TimerEvent: {}
[15.737111] (-) TimerEvent: {}
[15.838302] (-) TimerEvent: {}
[15.943207] (-) TimerEvent: {}
[16.044190] (-) TimerEvent: {}
[16.149945] (-) TimerEvent: {}
[16.251179] (-) TimerEvent: {}
[16.354546] (-) TimerEvent: {}
[16.455362] (-) TimerEvent: {}
[16.559664] (-) TimerEvent: {}
[16.660515] (-) TimerEvent: {}
[16.762331] (-) TimerEvent: {}
[16.866560] (-) TimerEvent: {}
[16.893121] (control) StdoutLine: {'line': b'running egg_info\n'}
[16.973180] (-) TimerEvent: {}
[17.066305] (cv) StdoutLine: {'line': b'running egg_info\n'}
[17.073404] (-) TimerEvent: {}
[17.168351] (control) StdoutLine: {'line': b'writing ../../build/control/control.egg-info/PKG-INFO\n'}
[17.172978] (control) StdoutLine: {'line': b'writing dependency_links to ../../build/control/control.egg-info/dependency_links.txt\n'}
[17.173710] (-) TimerEvent: {}
[17.177422] (control) StdoutLine: {'line': b'writing entry points to ../../build/control/control.egg-info/entry_points.txt\n'}
[17.180920] (control) StdoutLine: {'line': b'writing requirements to ../../build/control/control.egg-info/requires.txt\n'}
[17.182603] (control) StdoutLine: {'line': b'writing top-level names to ../../build/control/control.egg-info/top_level.txt\n'}
[17.273983] (-) TimerEvent: {}
[17.308172] (cv) StdoutLine: {'line': b'writing ../../build/cv/cv.egg-info/PKG-INFO\n'}
[17.314145] (cv) StdoutLine: {'line': b'writing dependency_links to ../../build/cv/cv.egg-info/dependency_links.txt\n'}
[17.320285] (cv) StdoutLine: {'line': b'writing entry points to ../../build/cv/cv.egg-info/entry_points.txt\n'}
[17.322790] (cv) StdoutLine: {'line': b'writing requirements to ../../build/cv/cv.egg-info/requires.txt\n'}
[17.327249] (cv) StdoutLine: {'line': b'writing top-level names to ../../build/cv/cv.egg-info/top_level.txt\n'}
[17.377196] (-) TimerEvent: {}
[17.478107] (-) TimerEvent: {}
[17.578825] (-) TimerEvent: {}
[17.610412] (bringup) StdoutLine: {'line': b'running egg_info\n'}
[17.679082] (-) TimerEvent: {}
[17.781793] (-) TimerEvent: {}
[17.856125] (bringup) StdoutLine: {'line': b'writing ../../build/bringup/bringup.egg-info/PKG-INFO\n'}
[17.862190] (bringup) StdoutLine: {'line': b'writing dependency_links to ../../build/bringup/bringup.egg-info/dependency_links.txt\n'}
[17.863021] (bringup) StdoutLine: {'line': b'writing requirements to ../../build/bringup/bringup.egg-info/requires.txt\n'}
[17.863903] (bringup) StdoutLine: {'line': b'writing top-level names to ../../build/bringup/bringup.egg-info/top_level.txt\n'}
[17.884232] (-) TimerEvent: {}
[17.985140] (-) TimerEvent: {}
[18.085895] (-) TimerEvent: {}
[18.188197] (-) TimerEvent: {}
[18.292186] (-) TimerEvent: {}
[18.392926] (-) TimerEvent: {}
[18.496170] (-) TimerEvent: {}
[18.596893] (-) TimerEvent: {}
[18.700499] (-) TimerEvent: {}
[18.803181] (-) TimerEvent: {}
[18.880875] (control) StdoutLine: {'line': b"reading manifest file '../../build/control/control.egg-info/SOURCES.txt'\n"}
[18.887184] (control) StdoutLine: {'line': b"writing manifest file '../../build/control/control.egg-info/SOURCES.txt'\n"}
[18.891173] (control) StdoutLine: {'line': b'running build\n'}
[18.891848] (control) StdoutLine: {'line': b'running build_py\n'}
[18.896168] (control) StdoutLine: {'line': b'running install\n'}
[18.906221] (-) TimerEvent: {}
[18.936430] (control) StdoutLine: {'line': b'running install_lib\n'}
[18.974367] (flashing) StdoutLine: {'line': b'running egg_info\n'}
[19.006412] (-) TimerEvent: {}
[19.107259] (-) TimerEvent: {}
[19.187186] (control) StdoutLine: {'line': b'running install_data\n'}
[19.194165] (control) StdoutLine: {'line': b'running install_egg_info\n'}
[19.207424] (-) TimerEvent: {}
[19.216730] (flashing) StdoutLine: {'line': b'writing ../../build/flashing/flashing.egg-info/PKG-INFO\n'}
[19.217646] (flashing) StdoutLine: {'line': b'writing dependency_links to ../../build/flashing/flashing.egg-info/dependency_links.txt\n'}
[19.223178] (flashing) StdoutLine: {'line': b'writing entry points to ../../build/flashing/flashing.egg-info/entry_points.txt\n'}
[19.223914] (flashing) StdoutLine: {'line': b'writing requirements to ../../build/flashing/flashing.egg-info/requires.txt\n'}
[19.225798] (flashing) StdoutLine: {'line': b'writing top-level names to ../../build/flashing/flashing.egg-info/top_level.txt\n'}
[19.284168] (cv) StdoutLine: {'line': b"reading manifest file '../../build/cv/cv.egg-info/SOURCES.txt'\n"}
[19.289540] (cv) StdoutLine: {'line': b"writing manifest file '../../build/cv/cv.egg-info/SOURCES.txt'\n"}
[19.291884] (cv) StdoutLine: {'line': b'running build\n'}
[19.295624] (cv) StdoutLine: {'line': b'running build_py\n'}
[19.296479] (cv) StdoutLine: {'line': b'copying cv/yolo_detection.py -> /home/ngt/ZENS-Final-AUVC/ros_ws/build/cv/build/lib/cv\n'}
[19.311173] (-) TimerEvent: {}
[19.315167] (cv) StdoutLine: {'line': b'running install\n'}
[19.378165] (cv) StdoutLine: {'line': b'running install_lib\n'}
[19.411410] (-) TimerEvent: {}
[19.467307] (control) StdoutLine: {'line': b"removing '/home/ngt/ZENS-Final-AUVC/ros_ws/install/control/lib/python3.12/site-packages/control-0.0.0-py3.12.egg-info' (and everything under it)\n"}
[19.473283] (control) StdoutLine: {'line': b'Copying ../../build/control/control.egg-info to /home/ngt/ZENS-Final-AUVC/ros_ws/install/control/lib/python3.12/site-packages/control-0.0.0-py3.12.egg-info\n'}
[19.488285] (control) StdoutLine: {'line': b'running install_scripts\n'}
[19.511685] (-) TimerEvent: {}
[19.554342] (bringup) StdoutLine: {'line': b"reading manifest file '../../build/bringup/bringup.egg-info/SOURCES.txt'\n"}
[19.557666] (bringup) StdoutLine: {'line': b"writing manifest file '../../build/bringup/bringup.egg-info/SOURCES.txt'\n"}
[19.559716] (bringup) StdoutLine: {'line': b'running build\n'}
[19.562960] (bringup) StdoutLine: {'line': b'running build_py\n'}
[19.563889] (bringup) StdoutLine: {'line': b'running install\n'}
[19.601074] (bringup) StdoutLine: {'line': b'running install_lib\n'}
[19.614174] (-) TimerEvent: {}
[19.715000] (-) TimerEvent: {}
[19.815926] (-) TimerEvent: {}
[19.822364] (cv) StdoutLine: {'line': b'copying /home/ngt/ZENS-Final-AUVC/ros_ws/build/cv/build/lib/cv/yolo_detection.py -> /home/ngt/ZENS-Final-AUVC/ros_ws/install/cv/lib/python3.12/site-packages/cv\n'}
[19.837017] (cv) StdoutLine: {'line': b'byte-compiling /home/ngt/ZENS-Final-AUVC/ros_ws/install/cv/lib/python3.12/site-packages/cv/yolo_detection.py to yolo_detection.cpython-312.pyc\n'}
[19.852709] (bringup) StdoutLine: {'line': b'running install_data\n'}
[19.854101] (cv) StdoutLine: {'line': b'running install_data\n'}
[19.856339] (cv) StdoutLine: {'line': b'running install_egg_info\n'}
[19.861906] (bringup) StdoutLine: {'line': b'running install_egg_info\n'}
[19.916443] (-) TimerEvent: {}
[20.020626] (-) TimerEvent: {}
[20.088270] (bringup) StdoutLine: {'line': b"removing '/home/ngt/ZENS-Final-AUVC/ros_ws/install/bringup/lib/python3.12/site-packages/bringup-0.0.0-py3.12.egg-info' (and everything under it)\n"}
[20.089374] (control) StdoutLine: {'line': b'Installing depth_pid script to /home/ngt/ZENS-Final-AUVC/ros_ws/install/control/lib/control\n'}
[20.091225] (control) StdoutLine: {'line': b'Installing heading_pid script to /home/ngt/ZENS-Final-AUVC/ros_ws/install/control/lib/control\n'}
[20.092381] (control) StdoutLine: {'line': b'Installing self_arm script to /home/ngt/ZENS-Final-AUVC/ros_ws/install/control/lib/control\n'}
[20.095998] (bringup) StdoutLine: {'line': b'Copying ../../build/bringup/bringup.egg-info to /home/ngt/ZENS-Final-AUVC/ros_ws/install/bringup/lib/python3.12/site-packages/bringup-0.0.0-py3.12.egg-info\n'}
[20.098222] (control) StdoutLine: {'line': b'Installing self_disarm script to /home/ngt/ZENS-Final-AUVC/ros_ws/install/control/lib/control\n'}
[20.100177] (control) StdoutLine: {'line': b"writing list of installed files to '/home/ngt/ZENS-Final-AUVC/ros_ws/build/control/install.log'\n"}
[20.113240] (bringup) StdoutLine: {'line': b'running install_scripts\n'}
[20.121000] (-) TimerEvent: {}
[20.224268] (-) TimerEvent: {}
[20.274139] (cv) StdoutLine: {'line': b"removing '/home/ngt/ZENS-Final-AUVC/ros_ws/install/cv/lib/python3.12/site-packages/cv-0.0.0-py3.12.egg-info' (and everything under it)\n"}
[20.281700] (cv) StdoutLine: {'line': b'Copying ../../build/cv/cv.egg-info to /home/ngt/ZENS-Final-AUVC/ros_ws/install/cv/lib/python3.12/site-packages/cv-0.0.0-py3.12.egg-info\n'}
[20.309243] (cv) StdoutLine: {'line': b'running install_scripts\n'}
[20.324478] (-) TimerEvent: {}
[20.360240] (control) CommandEnded: {'returncode': 0}
[20.427172] (-) TimerEvent: {}
[20.436725] (control) JobEnded: {'identifier': 'control', 'rc': 0}
[20.441352] (hardware) JobStarted: {'identifier': 'hardware'}
[20.528696] (-) TimerEvent: {}
[20.632400] (-) TimerEvent: {}
[20.733475] (-) TimerEvent: {}
[20.842204] (-) TimerEvent: {}
[20.943170] (-) TimerEvent: {}
[21.002658] (bringup) StdoutLine: {'line': b"writing list of installed files to '/home/ngt/ZENS-Final-AUVC/ros_ws/build/bringup/install.log'\n"}
[21.044250] (-) TimerEvent: {}
[21.148540] (-) TimerEvent: {}
[21.222867] (cv) StdoutLine: {'line': b'Installing calibrate_camera script to /home/ngt/ZENS-Final-AUVC/ros_ws/install/cv/lib/cv\n'}
[21.228541] (cv) StdoutLine: {'line': b'Installing detect_from_image script to /home/ngt/ZENS-Final-AUVC/ros_ws/install/cv/lib/cv\n'}
[21.230248] (cv) StdoutLine: {'line': b'Installing detection_node script to /home/ngt/ZENS-Final-AUVC/ros_ws/install/cv/lib/cv\n'}
[21.236207] (cv) StdoutLine: {'line': b'Installing fake_camera_node script to /home/ngt/ZENS-Final-AUVC/ros_ws/install/cv/lib/cv\n'}
[21.241195] (cv) StdoutLine: {'line': b'Installing image_saver_node script to /home/ngt/ZENS-Final-AUVC/ros_ws/install/cv/lib/cv\n'}
[21.248566] (cv) StdoutLine: {'line': b'Installing tag_heading_node script to /home/ngt/ZENS-Final-AUVC/ros_ws/install/cv/lib/cv\n'}
[21.249518] (-) TimerEvent: {}
[21.255359] (cv) StdoutLine: {'line': b'Installing web_streamer_node script to /home/ngt/ZENS-Final-AUVC/ros_ws/install/cv/lib/cv\n'}
[21.260839] (cv) StdoutLine: {'line': b"writing list of installed files to '/home/ngt/ZENS-Final-AUVC/ros_ws/build/cv/install.log'\n"}
[21.351301] (-) TimerEvent: {}
[21.454737] (-) TimerEvent: {}
[21.472311] (flashing) StdoutLine: {'line': b"reading manifest file '../../build/flashing/flashing.egg-info/SOURCES.txt'\n"}
[21.476251] (flashing) StdoutLine: {'line': b"writing manifest file '../../build/flashing/flashing.egg-info/SOURCES.txt'\n"}
[21.478160] (flashing) StdoutLine: {'line': b'running build\n'}
[21.487909] (flashing) StdoutLine: {'line': b'running build_py\n'}
[21.496793] (flashing) StdoutLine: {'line': b'running install\n'}
[21.522667] (flashing) StdoutLine: {'line': b'running install_lib\n'}
[21.555181] (-) TimerEvent: {}
[21.660192] (-) TimerEvent: {}
[21.763264] (-) TimerEvent: {}
[21.864264] (-) TimerEvent: {}
[21.911381] (flashing) StdoutLine: {'line': b'running install_data\n'}
[21.912471] (flashing) StdoutLine: {'line': b'running install_egg_info\n'}
[21.965664] (-) TimerEvent: {}
[22.067559] (-) TimerEvent: {}
[22.171676] (-) TimerEvent: {}
[22.208231] (flashing) StdoutLine: {'line': b"removing '/home/ngt/ZENS-Final-AUVC/ros_ws/install/flashing/lib/python3.12/site-packages/flashing-0.0.0-py3.12.egg-info' (and everything under it)\n"}
[22.209890] (flashing) StdoutLine: {'line': b'Copying ../../build/flashing/flashing.egg-info to /home/ngt/ZENS-Final-AUVC/ros_ws/install/flashing/lib/python3.12/site-packages/flashing-0.0.0-py3.12.egg-info\n'}
[22.220179] (flashing) StdoutLine: {'line': b'running install_scripts\n'}
[22.279258] (-) TimerEvent: {}
[22.380402] (-) TimerEvent: {}
[22.482714] (-) TimerEvent: {}
[22.587650] (-) TimerEvent: {}
[22.689499] (-) TimerEvent: {}
[22.793646] (-) TimerEvent: {}
[22.897555] (-) TimerEvent: {}
[22.999082] (-) TimerEvent: {}
[23.014830] (flashing) StdoutLine: {'line': b'Installing flashing_node script to /home/ngt/ZENS-Final-AUVC/ros_ws/install/flashing/lib/flashing\n'}
[23.016687] (flashing) StdoutLine: {'line': b"writing list of installed files to '/home/ngt/ZENS-Final-AUVC/ros_ws/build/flashing/install.log'\n"}
[23.099330] (-) TimerEvent: {}
[23.201225] (-) TimerEvent: {}
[23.308965] (-) TimerEvent: {}
[23.409916] (-) TimerEvent: {}
[23.511145] (-) TimerEvent: {}
[23.545445] (bringup) CommandEnded: {'returncode': 0}
[23.588133] (bringup) JobEnded: {'identifier': 'bringup', 'rc': 0}
[23.591235] (cv) CommandEnded: {'returncode': 0}
[23.612174] (-) TimerEvent: {}
[23.625724] (cv) JobEnded: {'identifier': 'cv', 'rc': 0}
[23.628343] (flashing) CommandEnded: {'returncode': 0}
[23.664695] (flashing) JobEnded: {'identifier': 'flashing', 'rc': 0}
[23.669026] (msgs) JobStarted: {'identifier': 'msgs'}
[23.712352] (-) TimerEvent: {}
[23.720529] (msgs) JobProgress: {'identifier': 'msgs', 'progress': 'cmake'}
[23.724360] (msgs) JobProgress: {'identifier': 'msgs', 'progress': 'build'}
[23.729870] (msgs) Command: {'cmd': ['/usr/bin/cmake', '--build', '/home/ngt/ZENS-Final-AUVC/ros_ws/build/msgs', '--', '-j4', '-l4'], 'cwd': '/home/ngt/ZENS-Final-AUVC/ros_ws/build/msgs', 'env': OrderedDict({'PYTHON_BASIC_REPL': '1', 'VIRTUALENVWRAPPER_WORKON_CD': '1', 'USER': 'ngt', 'SSH_CLIENT': '192.168.3.1 64577 22', 'WORKON_HOME': '/home/ngt/.virtualenvs', 'GZ_SIM_RESOURCE_PATH': '/opt/ros/jazzy/share', 'GZ_CONFIG_PATH': '/opt/ros/jazzy/opt/gz_sim_vendor/share/gz:/opt/ros/jazzy/opt/sdformat_vendor/share/gz:/opt/ros/jazzy/opt/gz_gui_vendor/share/gz:/opt/ros/jazzy/opt/gz_transport_vendor/share/gz:/opt/ros/jazzy/opt/gz_rendering_vendor/share/gz:/opt/ros/jazzy/opt/gz_plugin_vendor/share/gz:/opt/ros/jazzy/opt/gz_fuel_tools_vendor/share/gz:/opt/ros/jazzy/opt/gz_msgs_vendor/share/gz:/opt/ros/jazzy/opt/gz_common_vendor/share/gz', 'XDG_SESSION_TYPE': 'tty', 'GIT_ASKPASS': '/home/ngt/.vscode-server/cli/servers/Stable-e4c7e7b1d6d060162f4aa7f8225271b67ce1df75/server/extensions/git/dist/askpass.sh', 'SHLVL': '1', 'BROWSER': '/home/ngt/.vscode-server/cli/servers/Stable-e4c7e7b1d6d060162f4aa7f8225271b67ce1df75/server/bin/helpers/browser.sh', 'LD_LIBRARY_PATH': '/home/ngt/ZENS-Final-AUVC/ros_ws/install/msgs/lib:/home/ngt/auvc_ws/install/example_custom_srv/lib:/home/ngt/pid_ws/install/target_depth_msgs/lib:/opt/ros/jazzy/opt/gz_sim_vendor/lib:/opt/ros/jazzy/opt/gz_sensors_vendor/lib:/opt/ros/jazzy/opt/gz_physics_vendor/lib:/opt/ros/jazzy/opt/sdformat_vendor/lib:/opt/ros/jazzy/opt/rviz_ogre_vendor/lib:/opt/ros/jazzy/lib/aarch64-linux-gnu:/opt/ros/jazzy/opt/gz_gui_vendor/lib:/opt/ros/jazzy/opt/gz_transport_vendor/lib:/opt/ros/jazzy/opt/gz_rendering_vendor/lib:/opt/ros/jazzy/opt/gz_plugin_vendor/lib:/opt/ros/jazzy/opt/gz_fuel_tools_vendor/lib:/opt/ros/jazzy/opt/gz_msgs_vendor/lib:/opt/ros/jazzy/opt/gz_common_vendor/lib:/opt/ros/jazzy/opt/gz_math_vendor/lib:/opt/ros/jazzy/opt/gz_utils_vendor/lib:/opt/ros/jazzy/opt/gz_tools_vendor/lib:/opt/ros/jazzy/opt/gz_ogre_next_vendor/lib:/opt/ros/jazzy/opt/gz_dartsim_vendor/lib:/opt/ros/jazzy/opt/gz_cmake_vendor/lib:/opt/ros/jazzy/lib', 'GZ_TRANSPORT_ID': '192.168.3.1', 'HOME': '/home/ngt', 'OLDPWD': '/home/ngt/ZENS-Final-AUVC', 'LESS': '-R', 'VIRTUALENVWRAPPER_PYTHON': '/usr/bin/python3', 'TERM_PROGRAM_VERSION': '1.131.0', 'VSCODE_IPC_HOOK_CLI': '/run/user/1004/vscode-ipc-b1b26d6a-adaf-4eca-b716-08e1e08290ac.sock', 'ZSH': '/home/ngt/.oh-my-zsh', 'LSCOLORS': 'Gxfxcxdxbxegedabagacad', 'GZ_TRANSPORT_PUB_PORT': '11345', 'VSCODE_GIT_ASKPASS_MAIN': '/home/ngt/.vscode-server/cli/servers/Stable-e4c7e7b1d6d060162f4aa7f8225271b67ce1df75/server/extensions/git/dist/askpass-main.js', 'PAGER': 'less', 'ROS_PYTHON_VERSION': '3', 'PS1': '(ardusub) %(?:%{\x1b[01;32m%}%1{➜%} :%{\x1b[01;31m%}%1{➜%} ) %{\x1b[36m%}%c%{\x1b[00m%} $(git_prompt_info)', 'VSCODE_GIT_ASKPASS_NODE': '/home/ngt/.vscode-server/cli/servers/Stable-e4c7e7b1d6d060162f4aa7f8225271b67ce1df75/server/node', 'DBUS_SESSION_BUS_ADDRESS': 'unix:path=/run/user/1004/bus', 'PYDEVD_DISABLE_FILE_VALIDATION': '1', 'BUNDLED_DEBUGPY_PATH': '/home/ngt/.vscode-server/extensions/ms-python.debugpy-2026.6.0-linux-arm64/bundled/libs/debugpy', 'GZ_TRANSPORT_SUB_PORT': '11346', 'VSCODE_PYTHON_AUTOACTIVATE_GUARD': '1', 'COLORTERM': 'truecolor', 'ROS_DISTRO': 'jazzy', 'COLCON_PREFIX_PATH': '/home/ngt/ZENS-Final-AUVC/ros_ws/install:/home/ngt/auvc_ws/install:/home/ngt/cv_ws/install:/home/ngt/pid_ws/install:/home/ngt/auv_dancing/install', 'LOGNAME': 'ngt', '_': '/usr/bin/colcon', 'XDG_SESSION_CLASS': 'user', 'USER_ZDOTDIR': '/home/ngt', 'ROS_VERSION': '2', 'XDG_SESSION_ID': '1', 'TERM': 'xterm-256color', 'PATH': '/home/ngt/.virtualenvs/ardusub/bin:/home/ngt/.opencode/bin:/opt/ros/jazzy/opt/gz_msgs_vendor/bin:/opt/ros/jazzy/opt/gz_tools_vendor/bin:/opt/ros/jazzy/opt/gz_ogre_next_vendor/bin:/opt/ros/jazzy/bin:/usr/lib/ccache:/home/ngt/.vscode-server/data/User/globalStorage/github.copilot-chat/debugCommand:/home/ngt/.vscode-server/data/User/globalStorage/github.copilot-chat/copilotCli:/home/ngt/.vscode-server/cli/servers/Stable-e4c7e7b1d6d060162f4aa7f8225271b67ce1df75/server/bin/remote-cli:/usr/local/sbin:/usr/local/bin:/usr/sbin:/usr/bin:/sbin:/bin:/usr/games:/usr/local/games:/snap/bin:/home/ngt/.vscode-server/extensions/ms-python.debugpy-2026.6.0-linux-arm64/bundled/scripts/noConfigScripts:/home/ngt/.local/bin:/home/ngt/ardupilot/Tools/autotest', 'XDG_RUNTIME_DIR': '/run/user/1004', 'GZ_PARTITION': 'my_sim', 'LANG': 'en_US.UTF-8', 'VSCODE_DEBUGPY_ADAPTER_ENDPOINTS': '/home/ngt/.vscode-server/extensions/ms-python.debugpy-2026.6.0-linux-arm64/.noConfigDebugAdapterEndpoints/endpoint-c18b4b5d63521f01.txt', 'PYTHONSTARTUP': '/home/ngt/.vscode-server/data/User/workspaceStorage/ebe247280dad30c76e3d7235d970e14f/ms-python.python/pythonrc.py', 'VSCODE_INJECTION': '1', 'VIRTUAL_ENV_PROMPT': 'ardusub', 'TERM_PROGRAM': 'vscode', 'VSCODE_GIT_IPC_HANDLE': '/run/user/1004/vscode-git-75828e3940.sock', 'LS_COLORS': 'rs=0:di=01;34:ln=01;36:mh=00:pi=40;33:so=01;35:do=01;35:bd=40;33;01:cd=40;33;01:or=40;31;01:mi=00:su=37;41:sg=30;43:ca=00:tw=30;42:ow=34;42:st=37;44:ex=01;32:*.tar=01;31:*.tgz=01;31:*.arc=01;31:*.arj=01;31:*.taz=01;31:*.lha=01;31:*.lz4=01;31:*.lzh=01;31:*.lzma=01;31:*.tlz=01;31:*.txz=01;31:*.tzo=01;31:*.t7z=01;31:*.zip=01;31:*.z=01;31:*.dz=01;31:*.gz=01;31:*.lrz=01;31:*.lz=01;31:*.lzo=01;31:*.xz=01;31:*.zst=01;31:*.tzst=01;31:*.bz2=01;31:*.bz=01;31:*.tbz=01;31:*.tbz2=01;31:*.tz=01;31:*.deb=01;31:*.rpm=01;31:*.jar=01;31:*.war=01;31:*.ear=01;31:*.sar=01;31:*.rar=01;31:*.alz=01;31:*.ace=01;31:*.zoo=01;31:*.cpio=01;31:*.7z=01;31:*.rz=01;31:*.cab=01;31:*.wim=01;31:*.swm=01;31:*.dwm=01;31:*.esd=01;31:*.avif=01;35:*.jpg=01;35:*.jpeg=01;35:*.mjpg=01;35:*.mjpeg=01;35:*.gif=01;35:*.bmp=01;35:*.pbm=01;35:*.pgm=01;35:*.ppm=01;35:*.tga=01;35:*.xbm=01;35:*.xpm=01;35:*.tif=01;35:*.tiff=01;35:*.png=01;35:*.svg=01;35:*.svgz=01;35:*.mng=01;35:*.pcx=01;35:*.mov=01;35:*.mpg=01;35:*.mpeg=01;35:*.m2v=01;35:*.mkv=01;35:*.webm=01;35:*.webp=01;35:*.ogm=01;35:*.mp4=01;35:*.m4v=01;35:*.mp4v=01;35:*.vob=01;35:*.qt=01;35:*.nuv=01;35:*.wmv=01;35:*.asf=01;35:*.rm=01;35:*.rmvb=01;35:*.flc=01;35:*.avi=01;35:*.fli=01;35:*.flv=01;35:*.gl=01;35:*.dl=01;35:*.xcf=01;35:*.xwd=01;35:*.yuv=01;35:*.cgm=01;35:*.emf=01;35:*.ogv=01;35:*.ogx=01;35:*.aac=00;36:*.au=00;36:*.flac=00;36:*.m4a=00;36:*.mid=00;36:*.midi=00;36:*.mka=00;36:*.mp3=00;36:*.mpc=00;36:*.ogg=00;36:*.ra=00;36:*.wav=00;36:*.oga=00;36:*.opus=00;36:*.spx=00;36:*.xspf=00;36:*~=00;90:*#=00;90:*.bak=00;90:*.crdownload=00;90:*.dpkg-dist=00;90:*.dpkg-new=00;90:*.dpkg-old=00;90:*.dpkg-tmp=00;90:*.old=00;90:*.orig=00;90:*.part=00;90:*.rej=00;90:*.rpmnew=00;90:*.rpmorig=00;90:*.rpmsave=00;90:*.swp=00;90:*.tmp=00;90:*.ucf-dist=00;90:*.ucf-new=00;90:*.ucf-old=00;90:', 'AMENT_PREFIX_PATH': '/home/ngt/ZENS-Final-AUVC/ros_ws/install/msgs:/home/ngt/ZENS-Final-AUVC/ros_ws/install/hardware:/home/ngt/ZENS-Final-AUVC/ros_ws/install/flashing:/home/ngt/ZENS-Final-AUVC/ros_ws/install/cv:/home/ngt/ZENS-Final-AUVC/ros_ws/install/control:/home/ngt/ZENS-Final-AUVC/ros_ws/install/bringup:/home/ngt/auvc_ws/install/tutorial_virtualenvs:/home/ngt/auvc_ws/install/tutorial_pid:/home/ngt/auvc_ws/install/tutorial_ardusub:/home/ngt/auvc_ws/install/tutorial:/home/ngt/auvc_ws/install/rosmav:/home/ngt/auvc_ws/install/example_custom_srv:/home/ngt/cv_ws/install/cv:/home/ngt/pid_ws/install/target_depth_msgs:/home/ngt/pid_ws/install/pid:/home/ngt/auv_dancing/install/tutorial:/opt/ros/jazzy', 'SHELL': '/usr/bin/zsh', 'VIRTUALENVWRAPPER_PROJECT_FILENAME': '.project', 'VIRTUALENVWRAPPER_HOOK_DIR': '/home/ngt/.virtualenvs', 'VSCODE_GIT_ASKPASS_EXTRA_ARGS': '', 'VIRTUALENVWRAPPER_SCRIPT': '/usr/share/virtualenvwrapper/virtualenvwrapper.sh', 'ROS_AUTOMATIC_DISCOVERY_RANGE': 'SUBNET', 'VIRTUAL_ENV': '/home/ngt/.virtualenvs/ardusub', 'LC_ALL': 'en_US.UTF-8', 'PWD': '/home/ngt/ZENS-Final-AUVC/ros_ws/build/msgs', 'SSH_CONNECTION': '192.168.3.1 64577 192.168.3.2 22', 'COPILOT_DEBUG_NONCE': 'ecfdf1043499788fb94714472659d404', 'ZDOTDIR': '/home/ngt', 'PYTHONPATH': '/home/ngt/ZENS-Final-AUVC/ros_ws/install/msgs/lib/python3.12/site-packages:/home/ngt/ZENS-Final-AUVC/ros_ws/install/hardware/lib/python3.12/site-packages:/home/ngt/ZENS-Final-AUVC/ros_ws/install/flashing/lib/python3.12/site-packages:/home/ngt/ZENS-Final-AUVC/ros_ws/install/cv/lib/python3.12/site-packages:/home/ngt/ZENS-Final-AUVC/ros_ws/install/control/lib/python3.12/site-packages:/home/ngt/ZENS-Final-AUVC/ros_ws/install/bringup/lib/python3.12/site-packages:/home/ngt/auvc_ws/install/tutorial_virtualenvs/lib/python3.12/site-packages:/home/ngt/auvc_ws/install/tutorial_pid/lib/python3.12/site-packages:/home/ngt/auvc_ws/install/tutorial_ardusub/lib/python3.12/site-packages:/home/ngt/auvc_ws/install/tutorial/lib/python3.12/site-packages:/home/ngt/auvc_ws/install/rosmav/lib/python3.12/site-packages:/home/ngt/auvc_ws/install/example_custom_srv/lib/python3.12/site-packages:/home/ngt/cv_ws/install/cv/lib/python3.12/site-packages:/home/ngt/pid_ws/install/target_depth_msgs/lib/python3.12/site-packages:/home/ngt/pid_ws/install/pid/lib/python3.12/site-packages:/home/ngt/auv_dancing/install/tutorial/lib/python3.12/site-packages:/opt/ros/jazzy/lib/python3.12/site-packages', 'COLCON': '1', 'CMAKE_PREFIX_PATH': '/home/ngt/ZENS-Final-AUVC/ros_ws/install/msgs:/home/ngt/auvc_ws/install/example_custom_srv:/home/ngt/pid_ws/install/target_depth_msgs:/opt/ros/jazzy/opt/gz_sim_vendor:/opt/ros/jazzy/opt/gz_sensors_vendor:/opt/ros/jazzy/opt/gz_physics_vendor:/opt/ros/jazzy/opt/sdformat_vendor:/opt/ros/jazzy/opt/gz_gui_vendor:/opt/ros/jazzy/opt/gz_transport_vendor:/opt/ros/jazzy/opt/gz_rendering_vendor:/opt/ros/jazzy/opt/gz_plugin_vendor:/opt/ros/jazzy/opt/gz_fuel_tools_vendor:/opt/ros/jazzy/opt/gz_msgs_vendor:/opt/ros/jazzy/opt/gz_common_vendor:/opt/ros/jazzy/opt/gz_math_vendor:/opt/ros/jazzy/opt/gz_utils_vendor:/opt/ros/jazzy/opt/gz_tools_vendor:/opt/ros/jazzy/opt/gz_ogre_next_vendor:/opt/ros/jazzy/opt/gz_dartsim_vendor:/opt/ros/jazzy/opt/gz_cmake_vendor:/home/ngt/ZENS-Final-AUVC/ros_ws/install/hardware:/home/ngt/ZENS-Final-AUVC/ros_ws/install/flashing:/home/ngt/ZENS-Final-AUVC/ros_ws/install/cv:/home/ngt/ZENS-Final-AUVC/ros_ws/install/control:/home/ngt/ZENS-Final-AUVC/ros_ws/install/bringup:/home/ngt/auvc_ws/install/tutorial_virtualenvs:/home/ngt/auvc_ws/install/tutorial_pid:/home/ngt/auvc_ws/install/tutorial_ardusub:/home/ngt/auvc_ws/install/tutorial:/home/ngt/auvc_ws/install/rosmav:/home/ngt/cv_ws/install/cv:/home/ngt/pid_ws/install/pid:/home/ngt/auv_dancing/install/tutorial:/opt/ros/jazzy'}), 'shell': False}
[23.812552] (-) TimerEvent: {}
[23.914438] (-) TimerEvent: {}
[24.018209] (-) TimerEvent: {}
[24.118981] (-) TimerEvent: {}
[24.221303] (-) TimerEvent: {}
[24.322339] (-) TimerEvent: {}
[24.393405] (msgs) StdoutLine: {'line': b'[  2%] Built target msgs__rs\n'}
[24.394726] (msgs) StdoutLine: {'line': b'[  5%] Built target msgs__rosidl_generator_type_description\n'}
[24.425531] (-) TimerEvent: {}
[24.467540] (msgs) StdoutLine: {'line': b'[  5%] Built target ament_cmake_python_copy_msgs\n'}
[24.525923] (-) TimerEvent: {}
[24.629403] (-) TimerEvent: {}
[24.665659] (msgs) StdoutLine: {'line': b'[  8%] Built target msgs__cpp\n'}
[24.726242] (msgs) StdoutLine: {'line': b'[ 22%] Built target msgs__rosidl_generator_c\n'}
[24.729667] (-) TimerEvent: {}
[24.834318] (-) TimerEvent: {}
[24.935141] (-) TimerEvent: {}
[25.024186] (msgs) StdoutLine: {'line': b'[ 31%] Built target msgs__rosidl_typesupport_fastrtps_c\n'}
[25.037955] (-) TimerEvent: {}
[25.144194] (msgs) StdoutLine: {'line': b'[ 40%] Built target msgs__rosidl_typesupport_fastrtps_cpp\n'}
[25.145268] (-) TimerEvent: {}
[25.182216] (msgs) StdoutLine: {'line': b'[ 48%] Built target msgs__rosidl_typesupport_introspection_c\n'}
[25.247234] (-) TimerEvent: {}
[25.349544] (-) TimerEvent: {}
[25.352734] (msgs) StdoutLine: {'line': b'[ 57%] Built target msgs__rosidl_typesupport_c\n'}
[25.436203] (msgs) StdoutLine: {'line': b'[ 65%] Built target msgs__rosidl_typesupport_cpp\n'}
[25.449732] (-) TimerEvent: {}
[25.451632] (msgs) StdoutLine: {'line': b'[ 74%] Built target msgs__rosidl_typesupport_introspection_cpp\n'}
[25.552209] (-) TimerEvent: {}
[25.655422] (-) TimerEvent: {}
[25.679219] (msgs) StdoutLine: {'line': b'[ 74%] Built target msgs\n'}
[25.755613] (-) TimerEvent: {}
[25.859466] (-) TimerEvent: {}
[25.871717] (msgs) StdoutLine: {'line': b'[ 77%] Built target msgs__py\n'}
[25.960214] (-) TimerEvent: {}
[26.063430] (-) TimerEvent: {}
[26.075333] (msgs) StdoutLine: {'line': b'[ 82%] Built target msgs__rosidl_generator_py\n'}
[26.165252] (-) TimerEvent: {}
[26.268375] (-) TimerEvent: {}
[26.345233] (msgs) StdoutLine: {'line': b'[ 88%] Built target msgs_s__rosidl_typesupport_fastrtps_c\n'}
[26.368580] (-) TimerEvent: {}
[26.407337] (msgs) StdoutLine: {'line': b'[ 94%] Built target msgs_s__rosidl_typesupport_c\n'}
[26.432838] (msgs) StdoutLine: {'line': b'[100%] Built target msgs_s__rosidl_typesupport_introspection_c\n'}
[26.468878] (-) TimerEvent: {}
[26.569863] (-) TimerEvent: {}
[26.670636] (-) TimerEvent: {}
[26.751624] (msgs) StdoutLine: {'line': b'running egg_info\n'}
[26.770808] (-) TimerEvent: {}
[26.872652] (-) TimerEvent: {}
[26.929386] (msgs) StdoutLine: {'line': b'writing msgs.egg-info/PKG-INFO\n'}
[26.930198] (msgs) StdoutLine: {'line': b'writing dependency_links to msgs.egg-info/dependency_links.txt\n'}
[26.930812] (msgs) StdoutLine: {'line': b'writing top-level names to msgs.egg-info/top_level.txt\n'}
[26.974177] (-) TimerEvent: {}
[27.074880] (-) TimerEvent: {}
[27.178210] (-) TimerEvent: {}
[27.278931] (-) TimerEvent: {}
[27.379637] (-) TimerEvent: {}
[27.480426] (-) TimerEvent: {}
[27.581618] (-) TimerEvent: {}
[27.682434] (-) TimerEvent: {}
[27.784163] (-) TimerEvent: {}
[27.884817] (-) TimerEvent: {}
[27.985503] (-) TimerEvent: {}
[28.086201] (-) TimerEvent: {}
[28.187803] (-) TimerEvent: {}
[28.289337] (-) TimerEvent: {}
[28.291234] (msgs) StdoutLine: {'line': b"reading manifest file 'msgs.egg-info/SOURCES.txt'\n"}
[28.294071] (msgs) StdoutLine: {'line': b"writing manifest file 'msgs.egg-info/SOURCES.txt'\n"}
[28.389675] (-) TimerEvent: {}
[28.491382] (-) TimerEvent: {}
[28.537930] (msgs) StdoutLine: {'line': b'[100%] Built target ament_cmake_python_build_msgs_egg\n'}
[28.591759] (-) TimerEvent: {}
[28.630469] (msgs) CommandEnded: {'returncode': 0}
[28.632964] (msgs) JobProgress: {'identifier': 'msgs', 'progress': 'install'}
[28.691939] (-) TimerEvent: {}
[28.711678] (msgs) Command: {'cmd': ['/usr/bin/cmake', '--install', '/home/ngt/ZENS-Final-AUVC/ros_ws/build/msgs'], 'cwd': '/home/ngt/ZENS-Final-AUVC/ros_ws/build/msgs', 'env': OrderedDict({'PYTHON_BASIC_REPL': '1', 'VIRTUALENVWRAPPER_WORKON_CD': '1', 'USER': 'ngt', 'SSH_CLIENT': '192.168.3.1 64577 22', 'WORKON_HOME': '/home/ngt/.virtualenvs', 'GZ_SIM_RESOURCE_PATH': '/opt/ros/jazzy/share', 'GZ_CONFIG_PATH': '/opt/ros/jazzy/opt/gz_sim_vendor/share/gz:/opt/ros/jazzy/opt/sdformat_vendor/share/gz:/opt/ros/jazzy/opt/gz_gui_vendor/share/gz:/opt/ros/jazzy/opt/gz_transport_vendor/share/gz:/opt/ros/jazzy/opt/gz_rendering_vendor/share/gz:/opt/ros/jazzy/opt/gz_plugin_vendor/share/gz:/opt/ros/jazzy/opt/gz_fuel_tools_vendor/share/gz:/opt/ros/jazzy/opt/gz_msgs_vendor/share/gz:/opt/ros/jazzy/opt/gz_common_vendor/share/gz', 'XDG_SESSION_TYPE': 'tty', 'GIT_ASKPASS': '/home/ngt/.vscode-server/cli/servers/Stable-e4c7e7b1d6d060162f4aa7f8225271b67ce1df75/server/extensions/git/dist/askpass.sh', 'SHLVL': '1', 'BROWSER': '/home/ngt/.vscode-server/cli/servers/Stable-e4c7e7b1d6d060162f4aa7f8225271b67ce1df75/server/bin/helpers/browser.sh', 'LD_LIBRARY_PATH': '/home/ngt/ZENS-Final-AUVC/ros_ws/install/msgs/lib:/home/ngt/auvc_ws/install/example_custom_srv/lib:/home/ngt/pid_ws/install/target_depth_msgs/lib:/opt/ros/jazzy/opt/gz_sim_vendor/lib:/opt/ros/jazzy/opt/gz_sensors_vendor/lib:/opt/ros/jazzy/opt/gz_physics_vendor/lib:/opt/ros/jazzy/opt/sdformat_vendor/lib:/opt/ros/jazzy/opt/rviz_ogre_vendor/lib:/opt/ros/jazzy/lib/aarch64-linux-gnu:/opt/ros/jazzy/opt/gz_gui_vendor/lib:/opt/ros/jazzy/opt/gz_transport_vendor/lib:/opt/ros/jazzy/opt/gz_rendering_vendor/lib:/opt/ros/jazzy/opt/gz_plugin_vendor/lib:/opt/ros/jazzy/opt/gz_fuel_tools_vendor/lib:/opt/ros/jazzy/opt/gz_msgs_vendor/lib:/opt/ros/jazzy/opt/gz_common_vendor/lib:/opt/ros/jazzy/opt/gz_math_vendor/lib:/opt/ros/jazzy/opt/gz_utils_vendor/lib:/opt/ros/jazzy/opt/gz_tools_vendor/lib:/opt/ros/jazzy/opt/gz_ogre_next_vendor/lib:/opt/ros/jazzy/opt/gz_dartsim_vendor/lib:/opt/ros/jazzy/opt/gz_cmake_vendor/lib:/opt/ros/jazzy/lib', 'GZ_TRANSPORT_ID': '192.168.3.1', 'HOME': '/home/ngt', 'OLDPWD': '/home/ngt/ZENS-Final-AUVC', 'LESS': '-R', 'VIRTUALENVWRAPPER_PYTHON': '/usr/bin/python3', 'TERM_PROGRAM_VERSION': '1.131.0', 'VSCODE_IPC_HOOK_CLI': '/run/user/1004/vscode-ipc-b1b26d6a-adaf-4eca-b716-08e1e08290ac.sock', 'ZSH': '/home/ngt/.oh-my-zsh', 'LSCOLORS': 'Gxfxcxdxbxegedabagacad', 'GZ_TRANSPORT_PUB_PORT': '11345', 'VSCODE_GIT_ASKPASS_MAIN': '/home/ngt/.vscode-server/cli/servers/Stable-e4c7e7b1d6d060162f4aa7f8225271b67ce1df75/server/extensions/git/dist/askpass-main.js', 'PAGER': 'less', 'ROS_PYTHON_VERSION': '3', 'PS1': '(ardusub) %(?:%{\x1b[01;32m%}%1{➜%} :%{\x1b[01;31m%}%1{➜%} ) %{\x1b[36m%}%c%{\x1b[00m%} $(git_prompt_info)', 'VSCODE_GIT_ASKPASS_NODE': '/home/ngt/.vscode-server/cli/servers/Stable-e4c7e7b1d6d060162f4aa7f8225271b67ce1df75/server/node', 'DBUS_SESSION_BUS_ADDRESS': 'unix:path=/run/user/1004/bus', 'PYDEVD_DISABLE_FILE_VALIDATION': '1', 'BUNDLED_DEBUGPY_PATH': '/home/ngt/.vscode-server/extensions/ms-python.debugpy-2026.6.0-linux-arm64/bundled/libs/debugpy', 'GZ_TRANSPORT_SUB_PORT': '11346', 'VSCODE_PYTHON_AUTOACTIVATE_GUARD': '1', 'COLORTERM': 'truecolor', 'ROS_DISTRO': 'jazzy', 'COLCON_PREFIX_PATH': '/home/ngt/ZENS-Final-AUVC/ros_ws/install:/home/ngt/auvc_ws/install:/home/ngt/cv_ws/install:/home/ngt/pid_ws/install:/home/ngt/auv_dancing/install', 'LOGNAME': 'ngt', '_': '/usr/bin/colcon', 'XDG_SESSION_CLASS': 'user', 'USER_ZDOTDIR': '/home/ngt', 'ROS_VERSION': '2', 'XDG_SESSION_ID': '1', 'TERM': 'xterm-256color', 'PATH': '/home/ngt/.virtualenvs/ardusub/bin:/home/ngt/.opencode/bin:/opt/ros/jazzy/opt/gz_msgs_vendor/bin:/opt/ros/jazzy/opt/gz_tools_vendor/bin:/opt/ros/jazzy/opt/gz_ogre_next_vendor/bin:/opt/ros/jazzy/bin:/usr/lib/ccache:/home/ngt/.vscode-server/data/User/globalStorage/github.copilot-chat/debugCommand:/home/ngt/.vscode-server/data/User/globalStorage/github.copilot-chat/copilotCli:/home/ngt/.vscode-server/cli/servers/Stable-e4c7e7b1d6d060162f4aa7f8225271b67ce1df75/server/bin/remote-cli:/usr/local/sbin:/usr/local/bin:/usr/sbin:/usr/bin:/sbin:/bin:/usr/games:/usr/local/games:/snap/bin:/home/ngt/.vscode-server/extensions/ms-python.debugpy-2026.6.0-linux-arm64/bundled/scripts/noConfigScripts:/home/ngt/.local/bin:/home/ngt/ardupilot/Tools/autotest', 'XDG_RUNTIME_DIR': '/run/user/1004', 'GZ_PARTITION': 'my_sim', 'LANG': 'en_US.UTF-8', 'VSCODE_DEBUGPY_ADAPTER_ENDPOINTS': '/home/ngt/.vscode-server/extensions/ms-python.debugpy-2026.6.0-linux-arm64/.noConfigDebugAdapterEndpoints/endpoint-c18b4b5d63521f01.txt', 'PYTHONSTARTUP': '/home/ngt/.vscode-server/data/User/workspaceStorage/ebe247280dad30c76e3d7235d970e14f/ms-python.python/pythonrc.py', 'VSCODE_INJECTION': '1', 'VIRTUAL_ENV_PROMPT': 'ardusub', 'TERM_PROGRAM': 'vscode', 'VSCODE_GIT_IPC_HANDLE': '/run/user/1004/vscode-git-75828e3940.sock', 'LS_COLORS': 'rs=0:di=01;34:ln=01;36:mh=00:pi=40;33:so=01;35:do=01;35:bd=40;33;01:cd=40;33;01:or=40;31;01:mi=00:su=37;41:sg=30;43:ca=00:tw=30;42:ow=34;42:st=37;44:ex=01;32:*.tar=01;31:*.tgz=01;31:*.arc=01;31:*.arj=01;31:*.taz=01;31:*.lha=01;31:*.lz4=01;31:*.lzh=01;31:*.lzma=01;31:*.tlz=01;31:*.txz=01;31:*.tzo=01;31:*.t7z=01;31:*.zip=01;31:*.z=01;31:*.dz=01;31:*.gz=01;31:*.lrz=01;31:*.lz=01;31:*.lzo=01;31:*.xz=01;31:*.zst=01;31:*.tzst=01;31:*.bz2=01;31:*.bz=01;31:*.tbz=01;31:*.tbz2=01;31:*.tz=01;31:*.deb=01;31:*.rpm=01;31:*.jar=01;31:*.war=01;31:*.ear=01;31:*.sar=01;31:*.rar=01;31:*.alz=01;31:*.ace=01;31:*.zoo=01;31:*.cpio=01;31:*.7z=01;31:*.rz=01;31:*.cab=01;31:*.wim=01;31:*.swm=01;31:*.dwm=01;31:*.esd=01;31:*.avif=01;35:*.jpg=01;35:*.jpeg=01;35:*.mjpg=01;35:*.mjpeg=01;35:*.gif=01;35:*.bmp=01;35:*.pbm=01;35:*.pgm=01;35:*.ppm=01;35:*.tga=01;35:*.xbm=01;35:*.xpm=01;35:*.tif=01;35:*.tiff=01;35:*.png=01;35:*.svg=01;35:*.svgz=01;35:*.mng=01;35:*.pcx=01;35:*.mov=01;35:*.mpg=01;35:*.mpeg=01;35:*.m2v=01;35:*.mkv=01;35:*.webm=01;35:*.webp=01;35:*.ogm=01;35:*.mp4=01;35:*.m4v=01;35:*.mp4v=01;35:*.vob=01;35:*.qt=01;35:*.nuv=01;35:*.wmv=01;35:*.asf=01;35:*.rm=01;35:*.rmvb=01;35:*.flc=01;35:*.avi=01;35:*.fli=01;35:*.flv=01;35:*.gl=01;35:*.dl=01;35:*.xcf=01;35:*.xwd=01;35:*.yuv=01;35:*.cgm=01;35:*.emf=01;35:*.ogv=01;35:*.ogx=01;35:*.aac=00;36:*.au=00;36:*.flac=00;36:*.m4a=00;36:*.mid=00;36:*.midi=00;36:*.mka=00;36:*.mp3=00;36:*.mpc=00;36:*.ogg=00;36:*.ra=00;36:*.wav=00;36:*.oga=00;36:*.opus=00;36:*.spx=00;36:*.xspf=00;36:*~=00;90:*#=00;90:*.bak=00;90:*.crdownload=00;90:*.dpkg-dist=00;90:*.dpkg-new=00;90:*.dpkg-old=00;90:*.dpkg-tmp=00;90:*.old=00;90:*.orig=00;90:*.part=00;90:*.rej=00;90:*.rpmnew=00;90:*.rpmorig=00;90:*.rpmsave=00;90:*.swp=00;90:*.tmp=00;90:*.ucf-dist=00;90:*.ucf-new=00;90:*.ucf-old=00;90:', 'AMENT_PREFIX_PATH': '/home/ngt/ZENS-Final-AUVC/ros_ws/install/msgs:/home/ngt/ZENS-Final-AUVC/ros_ws/install/hardware:/home/ngt/ZENS-Final-AUVC/ros_ws/install/flashing:/home/ngt/ZENS-Final-AUVC/ros_ws/install/cv:/home/ngt/ZENS-Final-AUVC/ros_ws/install/control:/home/ngt/ZENS-Final-AUVC/ros_ws/install/bringup:/home/ngt/auvc_ws/install/tutorial_virtualenvs:/home/ngt/auvc_ws/install/tutorial_pid:/home/ngt/auvc_ws/install/tutorial_ardusub:/home/ngt/auvc_ws/install/tutorial:/home/ngt/auvc_ws/install/rosmav:/home/ngt/auvc_ws/install/example_custom_srv:/home/ngt/cv_ws/install/cv:/home/ngt/pid_ws/install/target_depth_msgs:/home/ngt/pid_ws/install/pid:/home/ngt/auv_dancing/install/tutorial:/opt/ros/jazzy', 'SHELL': '/usr/bin/zsh', 'VIRTUALENVWRAPPER_PROJECT_FILENAME': '.project', 'VIRTUALENVWRAPPER_HOOK_DIR': '/home/ngt/.virtualenvs', 'VSCODE_GIT_ASKPASS_EXTRA_ARGS': '', 'VIRTUALENVWRAPPER_SCRIPT': '/usr/share/virtualenvwrapper/virtualenvwrapper.sh', 'ROS_AUTOMATIC_DISCOVERY_RANGE': 'SUBNET', 'VIRTUAL_ENV': '/home/ngt/.virtualenvs/ardusub', 'LC_ALL': 'en_US.UTF-8', 'PWD': '/home/ngt/ZENS-Final-AUVC/ros_ws/build/msgs', 'SSH_CONNECTION': '192.168.3.1 64577 192.168.3.2 22', 'COPILOT_DEBUG_NONCE': 'ecfdf1043499788fb94714472659d404', 'ZDOTDIR': '/home/ngt', 'PYTHONPATH': '/home/ngt/ZENS-Final-AUVC/ros_ws/install/msgs/lib/python3.12/site-packages:/home/ngt/ZENS-Final-AUVC/ros_ws/install/hardware/lib/python3.12/site-packages:/home/ngt/ZENS-Final-AUVC/ros_ws/install/flashing/lib/python3.12/site-packages:/home/ngt/ZENS-Final-AUVC/ros_ws/install/cv/lib/python3.12/site-packages:/home/ngt/ZENS-Final-AUVC/ros_ws/install/control/lib/python3.12/site-packages:/home/ngt/ZENS-Final-AUVC/ros_ws/install/bringup/lib/python3.12/site-packages:/home/ngt/auvc_ws/install/tutorial_virtualenvs/lib/python3.12/site-packages:/home/ngt/auvc_ws/install/tutorial_pid/lib/python3.12/site-packages:/home/ngt/auvc_ws/install/tutorial_ardusub/lib/python3.12/site-packages:/home/ngt/auvc_ws/install/tutorial/lib/python3.12/site-packages:/home/ngt/auvc_ws/install/rosmav/lib/python3.12/site-packages:/home/ngt/auvc_ws/install/example_custom_srv/lib/python3.12/site-packages:/home/ngt/cv_ws/install/cv/lib/python3.12/site-packages:/home/ngt/pid_ws/install/target_depth_msgs/lib/python3.12/site-packages:/home/ngt/pid_ws/install/pid/lib/python3.12/site-packages:/home/ngt/auv_dancing/install/tutorial/lib/python3.12/site-packages:/opt/ros/jazzy/lib/python3.12/site-packages', 'COLCON': '1', 'CMAKE_PREFIX_PATH': '/home/ngt/ZENS-Final-AUVC/ros_ws/install/msgs:/home/ngt/auvc_ws/install/example_custom_srv:/home/ngt/pid_ws/install/target_depth_msgs:/opt/ros/jazzy/opt/gz_sim_vendor:/opt/ros/jazzy/opt/gz_sensors_vendor:/opt/ros/jazzy/opt/gz_physics_vendor:/opt/ros/jazzy/opt/sdformat_vendor:/opt/ros/jazzy/opt/gz_gui_vendor:/opt/ros/jazzy/opt/gz_transport_vendor:/opt/ros/jazzy/opt/gz_rendering_vendor:/opt/ros/jazzy/opt/gz_plugin_vendor:/opt/ros/jazzy/opt/gz_fuel_tools_vendor:/opt/ros/jazzy/opt/gz_msgs_vendor:/opt/ros/jazzy/opt/gz_common_vendor:/opt/ros/jazzy/opt/gz_math_vendor:/opt/ros/jazzy/opt/gz_utils_vendor:/opt/ros/jazzy/opt/gz_tools_vendor:/opt/ros/jazzy/opt/gz_ogre_next_vendor:/opt/ros/jazzy/opt/gz_dartsim_vendor:/opt/ros/jazzy/opt/gz_cmake_vendor:/home/ngt/ZENS-Final-AUVC/ros_ws/install/hardware:/home/ngt/ZENS-Final-AUVC/ros_ws/install/flashing:/home/ngt/ZENS-Final-AUVC/ros_ws/install/cv:/home/ngt/ZENS-Final-AUVC/ros_ws/install/control:/home/ngt/ZENS-Final-AUVC/ros_ws/install/bringup:/home/ngt/auvc_ws/install/tutorial_virtualenvs:/home/ngt/auvc_ws/install/tutorial_pid:/home/ngt/auvc_ws/install/tutorial_ardusub:/home/ngt/auvc_ws/install/tutorial:/home/ngt/auvc_ws/install/rosmav:/home/ngt/cv_ws/install/cv:/home/ngt/pid_ws/install/pid:/home/ngt/auv_dancing/install/tutorial:/opt/ros/jazzy'}), 'shell': False}
[28.789607] (msgs) StdoutLine: {'line': b'-- Install configuration: ""\n'}
[28.791680] (msgs) StdoutLine: {'line': b'-- Up-to-date: /home/ngt/ZENS-Final-AUVC/ros_ws/install/msgs/share/ament_index/resource_index/rosidl_interfaces/msgs\n'}
[28.792606] (-) TimerEvent: {}
[28.796017] (msgs) StdoutLine: {'line': b'-- Up-to-date: /home/ngt/ZENS-Final-AUVC/ros_ws/install/msgs/share/msgs/msg/TargetDepth.json\n'}
[28.796852] (msgs) StdoutLine: {'line': b'-- Up-to-date: /home/ngt/ZENS-Final-AUVC/ros_ws/install/msgs/include/msgs/msgs\n'}
[28.797861] (msgs) StdoutLine: {'line': b'-- Up-to-date: /home/ngt/ZENS-Final-AUVC/ros_ws/install/msgs/include/msgs/msgs/msg\n'}
[28.798665] (msgs) StdoutLine: {'line': b'-- Up-to-date: /home/ngt/ZENS-Final-AUVC/ros_ws/install/msgs/include/msgs/msgs/msg/detail\n'}
[28.799367] (msgs) StdoutLine: {'line': b'-- Up-to-date: /home/ngt/ZENS-Final-AUVC/ros_ws/install/msgs/include/msgs/msgs/msg/detail/target_depth__struct.h\n'}
[28.800605] (msgs) StdoutLine: {'line': b'-- Installing: /home/ngt/ZENS-Final-AUVC/ros_ws/install/msgs/include/msgs/msgs/msg/detail/target_depth__type_support.c\n'}
[28.802549] (msgs) StdoutLine: {'line': b'-- Up-to-date: /home/ngt/ZENS-Final-AUVC/ros_ws/install/msgs/include/msgs/msgs/msg/detail/target_depth__functions.c\n'}
[28.804232] (msgs) StdoutLine: {'line': b'-- Up-to-date: /home/ngt/ZENS-Final-AUVC/ros_ws/install/msgs/include/msgs/msgs/msg/detail/target_depth__functions.h\n'}
[28.804888] (msgs) StdoutLine: {'line': b'-- Up-to-date: /home/ngt/ZENS-Final-AUVC/ros_ws/install/msgs/include/msgs/msgs/msg/detail/target_depth__description.c\n'}
[28.805831] (msgs) StdoutLine: {'line': b'-- Up-to-date: /home/ngt/ZENS-Final-AUVC/ros_ws/install/msgs/include/msgs/msgs/msg/detail/target_depth__type_support.h\n'}
[28.806796] (msgs) StdoutLine: {'line': b'-- Up-to-date: /home/ngt/ZENS-Final-AUVC/ros_ws/install/msgs/include/msgs/msgs/msg/target_depth.h\n'}
[28.807538] (msgs) StdoutLine: {'line': b'-- Up-to-date: /home/ngt/ZENS-Final-AUVC/ros_ws/install/msgs/include/msgs/msgs/msg/rosidl_generator_c__visibility_control.h\n'}
[28.808019] (msgs) StdoutLine: {'line': b'-- Up-to-date: /home/ngt/ZENS-Final-AUVC/ros_ws/install/msgs/share/msgs/environment/library_path.sh\n'}
[28.809167] (msgs) StdoutLine: {'line': b'-- Up-to-date: /home/ngt/ZENS-Final-AUVC/ros_ws/install/msgs/share/msgs/environment/library_path.dsv\n'}
[28.809719] (msgs) StdoutLine: {'line': b'-- Up-to-date: /home/ngt/ZENS-Final-AUVC/ros_ws/install/msgs/lib/libmsgs__rosidl_generator_c.so\n'}
[28.810702] (msgs) StdoutLine: {'line': b'-- Up-to-date: /home/ngt/ZENS-Final-AUVC/ros_ws/install/msgs/include/msgs/msgs\n'}
[28.811726] (msgs) StdoutLine: {'line': b'-- Up-to-date: /home/ngt/ZENS-Final-AUVC/ros_ws/install/msgs/include/msgs/msgs/msg\n'}
[28.812519] (msgs) StdoutLine: {'line': b'-- Up-to-date: /home/ngt/ZENS-Final-AUVC/ros_ws/install/msgs/include/msgs/msgs/msg/rosidl_typesupport_fastrtps_c__visibility_control.h\n'}
[28.813063] (msgs) StdoutLine: {'line': b'-- Up-to-date: /home/ngt/ZENS-Final-AUVC/ros_ws/install/msgs/include/msgs/msgs/msg/detail\n'}
[28.814288] (msgs) StdoutLine: {'line': b'-- Up-to-date: /home/ngt/ZENS-Final-AUVC/ros_ws/install/msgs/include/msgs/msgs/msg/detail/target_depth__rosidl_typesupport_fastrtps_c.h\n'}
[28.814794] (msgs) StdoutLine: {'line': b'-- Up-to-date: /home/ngt/ZENS-Final-AUVC/ros_ws/install/msgs/lib/libmsgs__rosidl_typesupport_fastrtps_c.so\n'}
[28.815564] (msgs) StdoutLine: {'line': b'-- Up-to-date: /home/ngt/ZENS-Final-AUVC/ros_ws/install/msgs/include/msgs/msgs\n'}
[28.816293] (msgs) StdoutLine: {'line': b'-- Up-to-date: /home/ngt/ZENS-Final-AUVC/ros_ws/install/msgs/include/msgs/msgs/msg\n'}
[28.819252] (msgs) StdoutLine: {'line': b'-- Up-to-date: /home/ngt/ZENS-Final-AUVC/ros_ws/install/msgs/include/msgs/msgs/msg/rosidl_generator_cpp__visibility_control.hpp\n'}
[28.819933] (msgs) StdoutLine: {'line': b'-- Up-to-date: /home/ngt/ZENS-Final-AUVC/ros_ws/install/msgs/include/msgs/msgs/msg/detail\n'}
[28.820561] (msgs) StdoutLine: {'line': b'-- Up-to-date: /home/ngt/ZENS-Final-AUVC/ros_ws/install/msgs/include/msgs/msgs/msg/detail/target_depth__traits.hpp\n'}
[28.821174] (msgs) StdoutLine: {'line': b'-- Up-to-date: /home/ngt/ZENS-Final-AUVC/ros_ws/install/msgs/include/msgs/msgs/msg/detail/target_depth__type_support.hpp\n'}
[28.821768] (msgs) StdoutLine: {'line': b'-- Up-to-date: /home/ngt/ZENS-Final-AUVC/ros_ws/install/msgs/include/msgs/msgs/msg/detail/target_depth__builder.hpp\n'}
[28.826135] (msgs) StdoutLine: {'line': b'-- Up-to-date: /home/ngt/ZENS-Final-AUVC/ros_ws/install/msgs/include/msgs/msgs/msg/detail/target_depth__struct.hpp\n'}
[28.827632] (msgs) StdoutLine: {'line': b'-- Up-to-date: /home/ngt/ZENS-Final-AUVC/ros_ws/install/msgs/include/msgs/msgs/msg/target_depth.hpp\n'}
[28.828823] (msgs) StdoutLine: {'line': b'-- Up-to-date: /home/ngt/ZENS-Final-AUVC/ros_ws/install/msgs/include/msgs/msgs\n'}
[28.830554] (msgs) StdoutLine: {'line': b'-- Up-to-date: /home/ngt/ZENS-Final-AUVC/ros_ws/install/msgs/include/msgs/msgs/msg\n'}
[28.831093] (msgs) StdoutLine: {'line': b'-- Up-to-date: /home/ngt/ZENS-Final-AUVC/ros_ws/install/msgs/include/msgs/msgs/msg/rosidl_typesupport_fastrtps_cpp__visibility_control.h\n'}
[28.831686] (msgs) StdoutLine: {'line': b'-- Up-to-date: /home/ngt/ZENS-Final-AUVC/ros_ws/install/msgs/include/msgs/msgs/msg/detail\n'}
[28.832241] (msgs) StdoutLine: {'line': b'-- Up-to-date: /home/ngt/ZENS-Final-AUVC/ros_ws/install/msgs/include/msgs/msgs/msg/detail/dds_fastrtps\n'}
[28.832767] (msgs) StdoutLine: {'line': b'-- Up-to-date: /home/ngt/ZENS-Final-AUVC/ros_ws/install/msgs/include/msgs/msgs/msg/detail/target_depth__rosidl_typesupport_fastrtps_cpp.hpp\n'}
[28.835567] (msgs) StdoutLine: {'line': b'-- Up-to-date: /home/ngt/ZENS-Final-AUVC/ros_ws/install/msgs/lib/libmsgs__rosidl_typesupport_fastrtps_cpp.so\n'}
[28.836389] (msgs) StdoutLine: {'line': b'-- Up-to-date: /home/ngt/ZENS-Final-AUVC/ros_ws/install/msgs/include/msgs/msgs\n'}
[28.838162] (msgs) StdoutLine: {'line': b'-- Up-to-date: /home/ngt/ZENS-Final-AUVC/ros_ws/install/msgs/include/msgs/msgs/msg\n'}
[28.840524] (msgs) StdoutLine: {'line': b'-- Up-to-date: /home/ngt/ZENS-Final-AUVC/ros_ws/install/msgs/include/msgs/msgs/msg/rosidl_typesupport_introspection_c__visibility_control.h\n'}
[28.841138] (msgs) StdoutLine: {'line': b'-- Up-to-date: /home/ngt/ZENS-Final-AUVC/ros_ws/install/msgs/include/msgs/msgs/msg/detail\n'}
[28.841671] (msgs) StdoutLine: {'line': b'-- Installing: /home/ngt/ZENS-Final-AUVC/ros_ws/install/msgs/include/msgs/msgs/msg/detail/target_depth__type_support.c\n'}
[28.842102] (msgs) StdoutLine: {'line': b'-- Up-to-date: /home/ngt/ZENS-Final-AUVC/ros_ws/install/msgs/include/msgs/msgs/msg/detail/target_depth__rosidl_typesupport_introspection_c.h\n'}
[28.846404] (msgs) StdoutLine: {'line': b'-- Up-to-date: /home/ngt/ZENS-Final-AUVC/ros_ws/install/msgs/lib/libmsgs__rosidl_typesupport_introspection_c.so\n'}
[28.846893] (msgs) StdoutLine: {'line': b'-- Up-to-date: /home/ngt/ZENS-Final-AUVC/ros_ws/install/msgs/lib/libmsgs__rosidl_typesupport_c.so\n'}
[28.847400] (msgs) StdoutLine: {'line': b'-- Up-to-date: /home/ngt/ZENS-Final-AUVC/ros_ws/install/msgs/include/msgs/msgs\n'}
[28.850071] (msgs) StdoutLine: {'line': b'-- Up-to-date: /home/ngt/ZENS-Final-AUVC/ros_ws/install/msgs/include/msgs/msgs/msg\n'}
[28.852157] (msgs) StdoutLine: {'line': b'-- Up-to-date: /home/ngt/ZENS-Final-AUVC/ros_ws/install/msgs/include/msgs/msgs/msg/detail\n'}
[28.852820] (msgs) StdoutLine: {'line': b'-- Up-to-date: /home/ngt/ZENS-Final-AUVC/ros_ws/install/msgs/include/msgs/msgs/msg/detail/target_depth__rosidl_typesupport_introspection_cpp.hpp\n'}
[28.853400] (msgs) StdoutLine: {'line': b'-- Up-to-date: /home/ngt/ZENS-Final-AUVC/ros_ws/install/msgs/include/msgs/msgs/msg/detail/target_depth__type_support.cpp\n'}
[28.853835] (msgs) StdoutLine: {'line': b'-- Up-to-date: /home/ngt/ZENS-Final-AUVC/ros_ws/install/msgs/lib/libmsgs__rosidl_typesupport_introspection_cpp.so\n'}
[28.854398] (msgs) StdoutLine: {'line': b'-- Up-to-date: /home/ngt/ZENS-Final-AUVC/ros_ws/install/msgs/lib/libmsgs__rosidl_typesupport_cpp.so\n'}
[28.854890] (msgs) StdoutLine: {'line': b'-- Up-to-date: /home/ngt/ZENS-Final-AUVC/ros_ws/install/msgs/share/msgs/environment/pythonpath.sh\n'}
[28.856682] (msgs) StdoutLine: {'line': b'-- Up-to-date: /home/ngt/ZENS-Final-AUVC/ros_ws/install/msgs/share/msgs/environment/pythonpath.dsv\n'}
[28.857154] (msgs) StdoutLine: {'line': b'-- Up-to-date: /home/ngt/ZENS-Final-AUVC/ros_ws/install/msgs/lib/python3.12/site-packages/msgs-0.0.0-py3.12.egg-info\n'}
[28.857567] (msgs) StdoutLine: {'line': b'-- Installing: /home/ngt/ZENS-Final-AUVC/ros_ws/install/msgs/lib/python3.12/site-packages/msgs-0.0.0-py3.12.egg-info/SOURCES.txt\n'}
[28.857984] (msgs) StdoutLine: {'line': b'-- Installing: /home/ngt/ZENS-Final-AUVC/ros_ws/install/msgs/lib/python3.12/site-packages/msgs-0.0.0-py3.12.egg-info/top_level.txt\n'}
[28.858466] (msgs) StdoutLine: {'line': b'-- Installing: /home/ngt/ZENS-Final-AUVC/ros_ws/install/msgs/lib/python3.12/site-packages/msgs-0.0.0-py3.12.egg-info/dependency_links.txt\n'}
[28.858927] (msgs) StdoutLine: {'line': b'-- Installing: /home/ngt/ZENS-Final-AUVC/ros_ws/install/msgs/lib/python3.12/site-packages/msgs-0.0.0-py3.12.egg-info/PKG-INFO\n'}
[28.859505] (msgs) StdoutLine: {'line': b'-- Up-to-date: /home/ngt/ZENS-Final-AUVC/ros_ws/install/msgs/lib/python3.12/site-packages/msgs\n'}
[28.860006] (msgs) StdoutLine: {'line': b'-- Up-to-date: /home/ngt/ZENS-Final-AUVC/ros_ws/install/msgs/lib/python3.12/site-packages/msgs/msgs_s__rosidl_typesupport_fastrtps_c.so\n'}
[28.860549] (msgs) StdoutLine: {'line': b'-- Up-to-date: /home/ngt/ZENS-Final-AUVC/ros_ws/install/msgs/lib/python3.12/site-packages/msgs/msgs_s__rosidl_typesupport_c.so\n'}
[28.862287] (msgs) StdoutLine: {'line': b'-- Up-to-date: /home/ngt/ZENS-Final-AUVC/ros_ws/install/msgs/lib/python3.12/site-packages/msgs/msg\n'}
[28.863160] (msgs) StdoutLine: {'line': b'-- Up-to-date: /home/ngt/ZENS-Final-AUVC/ros_ws/install/msgs/lib/python3.12/site-packages/msgs/msg/_target_depth.py\n'}
[28.863711] (msgs) StdoutLine: {'line': b'-- Up-to-date: /home/ngt/ZENS-Final-AUVC/ros_ws/install/msgs/lib/python3.12/site-packages/msgs/msg/_target_depth_s.c\n'}
[28.864386] (msgs) StdoutLine: {'line': b'-- Up-to-date: /home/ngt/ZENS-Final-AUVC/ros_ws/install/msgs/lib/python3.12/site-packages/msgs/msg/__init__.py\n'}
[28.865100] (msgs) StdoutLine: {'line': b'-- Up-to-date: /home/ngt/ZENS-Final-AUVC/ros_ws/install/msgs/lib/python3.12/site-packages/msgs/_msgs_s.ep.rosidl_typesupport_introspection_c.c\n'}
[28.865605] (msgs) StdoutLine: {'line': b'-- Up-to-date: /home/ngt/ZENS-Final-AUVC/ros_ws/install/msgs/lib/python3.12/site-packages/msgs/_msgs_s.ep.rosidl_typesupport_fastrtps_c.c\n'}
[28.866054] (msgs) StdoutLine: {'line': b'-- Up-to-date: /home/ngt/ZENS-Final-AUVC/ros_ws/install/msgs/lib/python3.12/site-packages/msgs/msgs_s__rosidl_typesupport_introspection_c.so\n'}
[28.866539] (msgs) StdoutLine: {'line': b'-- Up-to-date: /home/ngt/ZENS-Final-AUVC/ros_ws/install/msgs/lib/python3.12/site-packages/msgs/_msgs_s.ep.rosidl_typesupport_c.c\n'}
[28.866957] (msgs) StdoutLine: {'line': b'-- Up-to-date: /home/ngt/ZENS-Final-AUVC/ros_ws/install/msgs/lib/python3.12/site-packages/msgs/__init__.py\n'}
[28.892789] (-) TimerEvent: {}
[28.993898] (-) TimerEvent: {}
[29.094831] (-) TimerEvent: {}
[29.121340] (msgs) StdoutLine: {'line': b"Listing '/home/ngt/ZENS-Final-AUVC/ros_ws/install/msgs/lib/python3.12/site-packages/msgs'...\n"}
[29.123283] (msgs) StdoutLine: {'line': b"Listing '/home/ngt/ZENS-Final-AUVC/ros_ws/install/msgs/lib/python3.12/site-packages/msgs/msg'...\n"}
[29.166486] (msgs) StdoutLine: {'line': b'-- Up-to-date: /home/ngt/ZENS-Final-AUVC/ros_ws/install/msgs/lib/python3.12/site-packages/msgs/msgs_s__rosidl_typesupport_fastrtps_c.so\n'}
[29.167339] (msgs) StdoutLine: {'line': b'-- Up-to-date: /home/ngt/ZENS-Final-AUVC/ros_ws/install/msgs/lib/python3.12/site-packages/msgs/msgs_s__rosidl_typesupport_introspection_c.so\n'}
[29.171272] (msgs) StdoutLine: {'line': b'-- Up-to-date: /home/ngt/ZENS-Final-AUVC/ros_ws/install/msgs/lib/python3.12/site-packages/msgs/msgs_s__rosidl_typesupport_c.so\n'}
[29.173880] (msgs) StdoutLine: {'line': b'-- Up-to-date: /home/ngt/ZENS-Final-AUVC/ros_ws/install/msgs/lib/libmsgs__rosidl_generator_py.so\n'}
[29.176916] (msgs) StdoutLine: {'line': b'-- Up-to-date: /home/ngt/ZENS-Final-AUVC/ros_ws/install/msgs/share/ament_index/resource_index/rust_packages/msgs\n'}
[29.178609] (msgs) StdoutLine: {'line': b'-- Up-to-date: /home/ngt/ZENS-Final-AUVC/ros_ws/install/msgs/share/msgs/rust\n'}
[29.179432] (msgs) StdoutLine: {'line': b'-- Up-to-date: /home/ngt/ZENS-Final-AUVC/ros_ws/install/msgs/share/msgs/rust/build.rs\n'}
[29.180869] (msgs) StdoutLine: {'line': b'-- Up-to-date: /home/ngt/ZENS-Final-AUVC/ros_ws/install/msgs/share/msgs/rust/Cargo.toml\n'}
[29.182443] (msgs) StdoutLine: {'line': b'-- Up-to-date: /home/ngt/ZENS-Final-AUVC/ros_ws/install/msgs/share/msgs/rust/src\n'}
[29.183778] (msgs) StdoutLine: {'line': b'-- Up-to-date: /home/ngt/ZENS-Final-AUVC/ros_ws/install/msgs/share/msgs/rust/src/lib.rs\n'}
[29.184399] (msgs) StdoutLine: {'line': b'-- Up-to-date: /home/ngt/ZENS-Final-AUVC/ros_ws/install/msgs/share/msgs/rust/src/msg.rs\n'}
[29.184881] (msgs) StdoutLine: {'line': b'-- Up-to-date: /home/ngt/ZENS-Final-AUVC/ros_ws/install/msgs/share/msgs/rust/src/msg\n'}
[29.190617] (msgs) StdoutLine: {'line': b'-- Up-to-date: /home/ngt/ZENS-Final-AUVC/ros_ws/install/msgs/share/msgs/rust/src/msg/rmw.rs\n'}
[29.194004] (msgs) StdoutLine: {'line': b'-- Up-to-date: /home/ngt/ZENS-Final-AUVC/ros_ws/install/msgs/share/msgs/msg/TargetDepth.idl\n'}
[29.196551] (-) TimerEvent: {}
[29.197755] (msgs) StdoutLine: {'line': b'-- Up-to-date: /home/ngt/ZENS-Final-AUVC/ros_ws/install/msgs/share/msgs/msg/TargetDepth.msg\n'}
[29.198541] (msgs) StdoutLine: {'line': b'-- Up-to-date: /home/ngt/ZENS-Final-AUVC/ros_ws/install/msgs/share/ament_index/resource_index/package_run_dependencies/msgs\n'}
[29.199797] (msgs) StdoutLine: {'line': b'-- Up-to-date: /home/ngt/ZENS-Final-AUVC/ros_ws/install/msgs/share/ament_index/resource_index/parent_prefix_path/msgs\n'}
[29.200501] (msgs) StdoutLine: {'line': b'-- Up-to-date: /home/ngt/ZENS-Final-AUVC/ros_ws/install/msgs/share/msgs/environment/ament_prefix_path.sh\n'}
[29.203100] (msgs) StdoutLine: {'line': b'-- Up-to-date: /home/ngt/ZENS-Final-AUVC/ros_ws/install/msgs/share/msgs/environment/ament_prefix_path.dsv\n'}
[29.206336] (msgs) StdoutLine: {'line': b'-- Up-to-date: /home/ngt/ZENS-Final-AUVC/ros_ws/install/msgs/share/msgs/environment/path.sh\n'}
[29.207073] (msgs) StdoutLine: {'line': b'-- Up-to-date: /home/ngt/ZENS-Final-AUVC/ros_ws/install/msgs/share/msgs/environment/path.dsv\n'}
[29.207712] (msgs) StdoutLine: {'line': b'-- Up-to-date: /home/ngt/ZENS-Final-AUVC/ros_ws/install/msgs/share/msgs/local_setup.bash\n'}
[29.210254] (msgs) StdoutLine: {'line': b'-- Up-to-date: /home/ngt/ZENS-Final-AUVC/ros_ws/install/msgs/share/msgs/local_setup.sh\n'}
[29.211433] (msgs) StdoutLine: {'line': b'-- Up-to-date: /home/ngt/ZENS-Final-AUVC/ros_ws/install/msgs/share/msgs/local_setup.zsh\n'}
[29.212951] (msgs) StdoutLine: {'line': b'-- Up-to-date: /home/ngt/ZENS-Final-AUVC/ros_ws/install/msgs/share/msgs/local_setup.dsv\n'}
[29.215393] (msgs) StdoutLine: {'line': b'-- Installing: /home/ngt/ZENS-Final-AUVC/ros_ws/install/msgs/share/msgs/package.dsv\n'}
[29.220682] (msgs) StdoutLine: {'line': b'-- Up-to-date: /home/ngt/ZENS-Final-AUVC/ros_ws/install/msgs/share/ament_index/resource_index/packages/msgs\n'}
[29.221538] (msgs) StdoutLine: {'line': b'-- Up-to-date: /home/ngt/ZENS-Final-AUVC/ros_ws/install/msgs/share/msgs/cmake/export_msgs__rosidl_generator_cExport.cmake\n'}
[29.222993] (msgs) StdoutLine: {'line': b'-- Up-to-date: /home/ngt/ZENS-Final-AUVC/ros_ws/install/msgs/share/msgs/cmake/export_msgs__rosidl_generator_cExport-noconfig.cmake\n'}
[29.225915] (msgs) StdoutLine: {'line': b'-- Up-to-date: /home/ngt/ZENS-Final-AUVC/ros_ws/install/msgs/share/msgs/cmake/export_msgs__rosidl_typesupport_fastrtps_cExport.cmake\n'}
[29.226696] (msgs) StdoutLine: {'line': b'-- Up-to-date: /home/ngt/ZENS-Final-AUVC/ros_ws/install/msgs/share/msgs/cmake/export_msgs__rosidl_typesupport_fastrtps_cExport-noconfig.cmake\n'}
[29.227358] (msgs) StdoutLine: {'line': b'-- Up-to-date: /home/ngt/ZENS-Final-AUVC/ros_ws/install/msgs/share/msgs/cmake/export_msgs__rosidl_generator_cppExport.cmake\n'}
[29.227845] (msgs) StdoutLine: {'line': b'-- Up-to-date: /home/ngt/ZENS-Final-AUVC/ros_ws/install/msgs/share/msgs/cmake/export_msgs__rosidl_typesupport_fastrtps_cppExport.cmake\n'}
[29.232764] (msgs) StdoutLine: {'line': b'-- Up-to-date: /home/ngt/ZENS-Final-AUVC/ros_ws/install/msgs/share/msgs/cmake/export_msgs__rosidl_typesupport_fastrtps_cppExport-noconfig.cmake\n'}
[29.233543] (msgs) StdoutLine: {'line': b'-- Up-to-date: /home/ngt/ZENS-Final-AUVC/ros_ws/install/msgs/share/msgs/cmake/msgs__rosidl_typesupport_introspection_cExport.cmake\n'}
[29.234161] (msgs) StdoutLine: {'line': b'-- Up-to-date: /home/ngt/ZENS-Final-AUVC/ros_ws/install/msgs/share/msgs/cmake/msgs__rosidl_typesupport_introspection_cExport-noconfig.cmake\n'}
[29.234704] (msgs) StdoutLine: {'line': b'-- Up-to-date: /home/ngt/ZENS-Final-AUVC/ros_ws/install/msgs/share/msgs/cmake/msgs__rosidl_typesupport_cExport.cmake\n'}
[29.238810] (msgs) StdoutLine: {'line': b'-- Up-to-date: /home/ngt/ZENS-Final-AUVC/ros_ws/install/msgs/share/msgs/cmake/msgs__rosidl_typesupport_cExport-noconfig.cmake\n'}
[29.240596] (msgs) StdoutLine: {'line': b'-- Up-to-date: /home/ngt/ZENS-Final-AUVC/ros_ws/install/msgs/share/msgs/cmake/msgs__rosidl_typesupport_introspection_cppExport.cmake\n'}
[29.245722] (msgs) StdoutLine: {'line': b'-- Up-to-date: /home/ngt/ZENS-Final-AUVC/ros_ws/install/msgs/share/msgs/cmake/msgs__rosidl_typesupport_introspection_cppExport-noconfig.cmake\n'}
[29.246394] (msgs) StdoutLine: {'line': b'-- Up-to-date: /home/ngt/ZENS-Final-AUVC/ros_ws/install/msgs/share/msgs/cmake/msgs__rosidl_typesupport_cppExport.cmake\n'}
[29.247281] (msgs) StdoutLine: {'line': b'-- Up-to-date: /home/ngt/ZENS-Final-AUVC/ros_ws/install/msgs/share/msgs/cmake/msgs__rosidl_typesupport_cppExport-noconfig.cmake\n'}
[29.253600] (msgs) StdoutLine: {'line': b'-- Up-to-date: /home/ngt/ZENS-Final-AUVC/ros_ws/install/msgs/share/msgs/cmake/export_msgs__rosidl_generator_pyExport.cmake\n'}
[29.254494] (msgs) StdoutLine: {'line': b'-- Up-to-date: /home/ngt/ZENS-Final-AUVC/ros_ws/install/msgs/share/msgs/cmake/export_msgs__rosidl_generator_pyExport-noconfig.cmake\n'}
[29.255124] (msgs) StdoutLine: {'line': b'-- Up-to-date: /home/ngt/ZENS-Final-AUVC/ros_ws/install/msgs/share/msgs/cmake/rosidl_cmake-extras.cmake\n'}
[29.255697] (msgs) StdoutLine: {'line': b'-- Up-to-date: /home/ngt/ZENS-Final-AUVC/ros_ws/install/msgs/share/msgs/cmake/ament_cmake_export_dependencies-extras.cmake\n'}
[29.256232] (msgs) StdoutLine: {'line': b'-- Up-to-date: /home/ngt/ZENS-Final-AUVC/ros_ws/install/msgs/share/msgs/cmake/ament_cmake_export_include_directories-extras.cmake\n'}
[29.256765] (msgs) StdoutLine: {'line': b'-- Up-to-date: /home/ngt/ZENS-Final-AUVC/ros_ws/install/msgs/share/msgs/cmake/ament_cmake_export_libraries-extras.cmake\n'}
[29.257364] (msgs) StdoutLine: {'line': b'-- Up-to-date: /home/ngt/ZENS-Final-AUVC/ros_ws/install/msgs/share/msgs/cmake/ament_cmake_export_targets-extras.cmake\n'}
[29.257826] (msgs) StdoutLine: {'line': b'-- Up-to-date: /home/ngt/ZENS-Final-AUVC/ros_ws/install/msgs/share/msgs/cmake/rosidl_cmake_export_typesupport_targets-extras.cmake\n'}
[29.258349] (msgs) StdoutLine: {'line': b'-- Up-to-date: /home/ngt/ZENS-Final-AUVC/ros_ws/install/msgs/share/msgs/cmake/rosidl_cmake_export_typesupport_libraries-extras.cmake\n'}
[29.258834] (msgs) StdoutLine: {'line': b'-- Up-to-date: /home/ngt/ZENS-Final-AUVC/ros_ws/install/msgs/share/msgs/cmake/rosidl_cmake_aggregate_target-extras.cmake\n'}
[29.264162] (msgs) StdoutLine: {'line': b'-- Up-to-date: /home/ngt/ZENS-Final-AUVC/ros_ws/install/msgs/share/msgs/cmake/msgsConfig.cmake\n'}
[29.264920] (msgs) StdoutLine: {'line': b'-- Up-to-date: /home/ngt/ZENS-Final-AUVC/ros_ws/install/msgs/share/msgs/cmake/msgsConfig-version.cmake\n'}
[29.265540] (msgs) StdoutLine: {'line': b'-- Up-to-date: /home/ngt/ZENS-Final-AUVC/ros_ws/install/msgs/share/msgs/package.xml\n'}
[29.265986] (msgs) CommandEnded: {'returncode': 0}
[29.298858] (-) TimerEvent: {}
[29.383854] (msgs) JobEnded: {'identifier': 'msgs', 'rc': 0}
[29.403154] (-) TimerEvent: {}
[29.504016] (-) TimerEvent: {}
[29.604912] (-) TimerEvent: {}
[29.708404] (-) TimerEvent: {}
[29.815170] (-) TimerEvent: {}
[29.883923] (hardware) Command: {'cmd': ['/usr/bin/python3', '-W', 'ignore:setup.py install is deprecated', '-W', 'ignore:easy_install command is deprecated', 'setup.py', 'egg_info', '--egg-base', '../../build/hardware', 'build', '--build-base', '/home/ngt/ZENS-Final-AUVC/ros_ws/build/hardware/build', 'install', '--record', '/home/ngt/ZENS-Final-AUVC/ros_ws/build/hardware/install.log', '--install-scripts', '$base/lib/hardware', '--single-version-externally-managed', 'install_data'], 'cwd': '/home/ngt/ZENS-Final-AUVC/ros_ws/src/hardware', 'env': {'PYTHON_BASIC_REPL': '1', 'VIRTUALENVWRAPPER_WORKON_CD': '1', 'USER': 'ngt', 'SSH_CLIENT': '192.168.3.1 64577 22', 'WORKON_HOME': '/home/ngt/.virtualenvs', 'GZ_SIM_RESOURCE_PATH': '/opt/ros/jazzy/share', 'GZ_CONFIG_PATH': '/opt/ros/jazzy/opt/gz_sim_vendor/share/gz:/opt/ros/jazzy/opt/sdformat_vendor/share/gz:/opt/ros/jazzy/opt/gz_gui_vendor/share/gz:/opt/ros/jazzy/opt/gz_transport_vendor/share/gz:/opt/ros/jazzy/opt/gz_rendering_vendor/share/gz:/opt/ros/jazzy/opt/gz_plugin_vendor/share/gz:/opt/ros/jazzy/opt/gz_fuel_tools_vendor/share/gz:/opt/ros/jazzy/opt/gz_msgs_vendor/share/gz:/opt/ros/jazzy/opt/gz_common_vendor/share/gz', 'XDG_SESSION_TYPE': 'tty', 'GIT_ASKPASS': '/home/ngt/.vscode-server/cli/servers/Stable-e4c7e7b1d6d060162f4aa7f8225271b67ce1df75/server/extensions/git/dist/askpass.sh', 'SHLVL': '1', 'BROWSER': '/home/ngt/.vscode-server/cli/servers/Stable-e4c7e7b1d6d060162f4aa7f8225271b67ce1df75/server/bin/helpers/browser.sh', 'LD_LIBRARY_PATH': '/home/ngt/ZENS-Final-AUVC/ros_ws/install/msgs/lib:/home/ngt/auvc_ws/install/example_custom_srv/lib:/home/ngt/pid_ws/install/target_depth_msgs/lib:/opt/ros/jazzy/opt/gz_sim_vendor/lib:/opt/ros/jazzy/opt/gz_sensors_vendor/lib:/opt/ros/jazzy/opt/gz_physics_vendor/lib:/opt/ros/jazzy/opt/sdformat_vendor/lib:/opt/ros/jazzy/opt/rviz_ogre_vendor/lib:/opt/ros/jazzy/lib/aarch64-linux-gnu:/opt/ros/jazzy/opt/gz_gui_vendor/lib:/opt/ros/jazzy/opt/gz_transport_vendor/lib:/opt/ros/jazzy/opt/gz_rendering_vendor/lib:/opt/ros/jazzy/opt/gz_plugin_vendor/lib:/opt/ros/jazzy/opt/gz_fuel_tools_vendor/lib:/opt/ros/jazzy/opt/gz_msgs_vendor/lib:/opt/ros/jazzy/opt/gz_common_vendor/lib:/opt/ros/jazzy/opt/gz_math_vendor/lib:/opt/ros/jazzy/opt/gz_utils_vendor/lib:/opt/ros/jazzy/opt/gz_tools_vendor/lib:/opt/ros/jazzy/opt/gz_ogre_next_vendor/lib:/opt/ros/jazzy/opt/gz_dartsim_vendor/lib:/opt/ros/jazzy/opt/gz_cmake_vendor/lib:/opt/ros/jazzy/lib', 'GZ_TRANSPORT_ID': '192.168.3.1', 'HOME': '/home/ngt', 'OLDPWD': '/home/ngt/ZENS-Final-AUVC', 'LESS': '-R', 'VIRTUALENVWRAPPER_PYTHON': '/usr/bin/python3', 'TERM_PROGRAM_VERSION': '1.131.0', 'VSCODE_IPC_HOOK_CLI': '/run/user/1004/vscode-ipc-b1b26d6a-adaf-4eca-b716-08e1e08290ac.sock', 'ZSH': '/home/ngt/.oh-my-zsh', 'LSCOLORS': 'Gxfxcxdxbxegedabagacad', 'GZ_TRANSPORT_PUB_PORT': '11345', 'VSCODE_GIT_ASKPASS_MAIN': '/home/ngt/.vscode-server/cli/servers/Stable-e4c7e7b1d6d060162f4aa7f8225271b67ce1df75/server/extensions/git/dist/askpass-main.js', 'PAGER': 'less', 'ROS_PYTHON_VERSION': '3', 'PS1': '(ardusub) %(?:%{\x1b[01;32m%}%1{➜%} :%{\x1b[01;31m%}%1{➜%} ) %{\x1b[36m%}%c%{\x1b[00m%} $(git_prompt_info)', 'VSCODE_GIT_ASKPASS_NODE': '/home/ngt/.vscode-server/cli/servers/Stable-e4c7e7b1d6d060162f4aa7f8225271b67ce1df75/server/node', 'DBUS_SESSION_BUS_ADDRESS': 'unix:path=/run/user/1004/bus', 'PYDEVD_DISABLE_FILE_VALIDATION': '1', 'BUNDLED_DEBUGPY_PATH': '/home/ngt/.vscode-server/extensions/ms-python.debugpy-2026.6.0-linux-arm64/bundled/libs/debugpy', 'GZ_TRANSPORT_SUB_PORT': '11346', 'VSCODE_PYTHON_AUTOACTIVATE_GUARD': '1', 'COLORTERM': 'truecolor', 'ROS_DISTRO': 'jazzy', 'COLCON_PREFIX_PATH': '/home/ngt/ZENS-Final-AUVC/ros_ws/install:/home/ngt/auvc_ws/install:/home/ngt/cv_ws/install:/home/ngt/pid_ws/install:/home/ngt/auv_dancing/install', 'LOGNAME': 'ngt', '_': '/usr/bin/colcon', 'XDG_SESSION_CLASS': 'user', 'USER_ZDOTDIR': '/home/ngt', 'ROS_VERSION': '2', 'XDG_SESSION_ID': '1', 'TERM': 'xterm-256color', 'PATH': '/home/ngt/.virtualenvs/ardusub/bin:/home/ngt/.opencode/bin:/opt/ros/jazzy/opt/gz_msgs_vendor/bin:/opt/ros/jazzy/opt/gz_tools_vendor/bin:/opt/ros/jazzy/opt/gz_ogre_next_vendor/bin:/opt/ros/jazzy/bin:/usr/lib/ccache:/home/ngt/.vscode-server/data/User/globalStorage/github.copilot-chat/debugCommand:/home/ngt/.vscode-server/data/User/globalStorage/github.copilot-chat/copilotCli:/home/ngt/.vscode-server/cli/servers/Stable-e4c7e7b1d6d060162f4aa7f8225271b67ce1df75/server/bin/remote-cli:/usr/local/sbin:/usr/local/bin:/usr/sbin:/usr/bin:/sbin:/bin:/usr/games:/usr/local/games:/snap/bin:/home/ngt/.vscode-server/extensions/ms-python.debugpy-2026.6.0-linux-arm64/bundled/scripts/noConfigScripts:/home/ngt/.local/bin:/home/ngt/ardupilot/Tools/autotest', 'XDG_RUNTIME_DIR': '/run/user/1004', 'GZ_PARTITION': 'my_sim', 'LANG': 'en_US.UTF-8', 'VSCODE_DEBUGPY_ADAPTER_ENDPOINTS': '/home/ngt/.vscode-server/extensions/ms-python.debugpy-2026.6.0-linux-arm64/.noConfigDebugAdapterEndpoints/endpoint-c18b4b5d63521f01.txt', 'PYTHONSTARTUP': '/home/ngt/.vscode-server/data/User/workspaceStorage/ebe247280dad30c76e3d7235d970e14f/ms-python.python/pythonrc.py', 'VSCODE_INJECTION': '1', 'VIRTUAL_ENV_PROMPT': 'ardusub', 'TERM_PROGRAM': 'vscode', 'VSCODE_GIT_IPC_HANDLE': '/run/user/1004/vscode-git-75828e3940.sock', 'LS_COLORS': 'rs=0:di=01;34:ln=01;36:mh=00:pi=40;33:so=01;35:do=01;35:bd=40;33;01:cd=40;33;01:or=40;31;01:mi=00:su=37;41:sg=30;43:ca=00:tw=30;42:ow=34;42:st=37;44:ex=01;32:*.tar=01;31:*.tgz=01;31:*.arc=01;31:*.arj=01;31:*.taz=01;31:*.lha=01;31:*.lz4=01;31:*.lzh=01;31:*.lzma=01;31:*.tlz=01;31:*.txz=01;31:*.tzo=01;31:*.t7z=01;31:*.zip=01;31:*.z=01;31:*.dz=01;31:*.gz=01;31:*.lrz=01;31:*.lz=01;31:*.lzo=01;31:*.xz=01;31:*.zst=01;31:*.tzst=01;31:*.bz2=01;31:*.bz=01;31:*.tbz=01;31:*.tbz2=01;31:*.tz=01;31:*.deb=01;31:*.rpm=01;31:*.jar=01;31:*.war=01;31:*.ear=01;31:*.sar=01;31:*.rar=01;31:*.alz=01;31:*.ace=01;31:*.zoo=01;31:*.cpio=01;31:*.7z=01;31:*.rz=01;31:*.cab=01;31:*.wim=01;31:*.swm=01;31:*.dwm=01;31:*.esd=01;31:*.avif=01;35:*.jpg=01;35:*.jpeg=01;35:*.mjpg=01;35:*.mjpeg=01;35:*.gif=01;35:*.bmp=01;35:*.pbm=01;35:*.pgm=01;35:*.ppm=01;35:*.tga=01;35:*.xbm=01;35:*.xpm=01;35:*.tif=01;35:*.tiff=01;35:*.png=01;35:*.svg=01;35:*.svgz=01;35:*.mng=01;35:*.pcx=01;35:*.mov=01;35:*.mpg=01;35:*.mpeg=01;35:*.m2v=01;35:*.mkv=01;35:*.webm=01;35:*.webp=01;35:*.ogm=01;35:*.mp4=01;35:*.m4v=01;35:*.mp4v=01;35:*.vob=01;35:*.qt=01;35:*.nuv=01;35:*.wmv=01;35:*.asf=01;35:*.rm=01;35:*.rmvb=01;35:*.flc=01;35:*.avi=01;35:*.fli=01;35:*.flv=01;35:*.gl=01;35:*.dl=01;35:*.xcf=01;35:*.xwd=01;35:*.yuv=01;35:*.cgm=01;35:*.emf=01;35:*.ogv=01;35:*.ogx=01;35:*.aac=00;36:*.au=00;36:*.flac=00;36:*.m4a=00;36:*.mid=00;36:*.midi=00;36:*.mka=00;36:*.mp3=00;36:*.mpc=00;36:*.ogg=00;36:*.ra=00;36:*.wav=00;36:*.oga=00;36:*.opus=00;36:*.spx=00;36:*.xspf=00;36:*~=00;90:*#=00;90:*.bak=00;90:*.crdownload=00;90:*.dpkg-dist=00;90:*.dpkg-new=00;90:*.dpkg-old=00;90:*.dpkg-tmp=00;90:*.old=00;90:*.orig=00;90:*.part=00;90:*.rej=00;90:*.rpmnew=00;90:*.rpmorig=00;90:*.rpmsave=00;90:*.swp=00;90:*.tmp=00;90:*.ucf-dist=00;90:*.ucf-new=00;90:*.ucf-old=00;90:', 'AMENT_PREFIX_PATH': '/home/ngt/ZENS-Final-AUVC/ros_ws/install/msgs:/home/ngt/ZENS-Final-AUVC/ros_ws/install/hardware:/home/ngt/ZENS-Final-AUVC/ros_ws/install/flashing:/home/ngt/ZENS-Final-AUVC/ros_ws/install/cv:/home/ngt/ZENS-Final-AUVC/ros_ws/install/control:/home/ngt/ZENS-Final-AUVC/ros_ws/install/bringup:/home/ngt/auvc_ws/install/tutorial_virtualenvs:/home/ngt/auvc_ws/install/tutorial_pid:/home/ngt/auvc_ws/install/tutorial_ardusub:/home/ngt/auvc_ws/install/tutorial:/home/ngt/auvc_ws/install/rosmav:/home/ngt/auvc_ws/install/example_custom_srv:/home/ngt/cv_ws/install/cv:/home/ngt/pid_ws/install/target_depth_msgs:/home/ngt/pid_ws/install/pid:/home/ngt/auv_dancing/install/tutorial:/opt/ros/jazzy', 'SHELL': '/usr/bin/zsh', 'VIRTUALENVWRAPPER_PROJECT_FILENAME': '.project', 'VIRTUALENVWRAPPER_HOOK_DIR': '/home/ngt/.virtualenvs', 'VSCODE_GIT_ASKPASS_EXTRA_ARGS': '', 'VIRTUALENVWRAPPER_SCRIPT': '/usr/share/virtualenvwrapper/virtualenvwrapper.sh', 'ROS_AUTOMATIC_DISCOVERY_RANGE': 'SUBNET', 'VIRTUAL_ENV': '/home/ngt/.virtualenvs/ardusub', 'LC_ALL': 'en_US.UTF-8', 'PWD': '/home/ngt/ZENS-Final-AUVC/ros_ws/build/hardware', 'SSH_CONNECTION': '192.168.3.1 64577 192.168.3.2 22', 'COPILOT_DEBUG_NONCE': 'ecfdf1043499788fb94714472659d404', 'ZDOTDIR': '/home/ngt', 'PYTHONPATH': '/home/ngt/ZENS-Final-AUVC/ros_ws/build/hardware/prefix_override:/usr/lib/python3/dist-packages/colcon_core/task/python/colcon_distutils_commands:/home/ngt/ZENS-Final-AUVC/ros_ws/install/hardware/lib/python3.12/site-packages:/home/ngt/ZENS-Final-AUVC/ros_ws/install/msgs/lib/python3.12/site-packages:/home/ngt/ZENS-Final-AUVC/ros_ws/install/hardware/lib/python3.12/site-packages:/home/ngt/ZENS-Final-AUVC/ros_ws/install/flashing/lib/python3.12/site-packages:/home/ngt/ZENS-Final-AUVC/ros_ws/install/cv/lib/python3.12/site-packages:/home/ngt/ZENS-Final-AUVC/ros_ws/install/control/lib/python3.12/site-packages:/home/ngt/ZENS-Final-AUVC/ros_ws/install/bringup/lib/python3.12/site-packages:/home/ngt/auvc_ws/install/tutorial_virtualenvs/lib/python3.12/site-packages:/home/ngt/auvc_ws/install/tutorial_pid/lib/python3.12/site-packages:/home/ngt/auvc_ws/install/tutorial_ardusub/lib/python3.12/site-packages:/home/ngt/auvc_ws/install/tutorial/lib/python3.12/site-packages:/home/ngt/auvc_ws/install/rosmav/lib/python3.12/site-packages:/home/ngt/auvc_ws/install/example_custom_srv/lib/python3.12/site-packages:/home/ngt/cv_ws/install/cv/lib/python3.12/site-packages:/home/ngt/pid_ws/install/target_depth_msgs/lib/python3.12/site-packages:/home/ngt/pid_ws/install/pid/lib/python3.12/site-packages:/home/ngt/auv_dancing/install/tutorial/lib/python3.12/site-packages:/opt/ros/jazzy/lib/python3.12/site-packages', 'COLCON': '1', 'CMAKE_PREFIX_PATH': '/home/ngt/ZENS-Final-AUVC/ros_ws/install/msgs:/home/ngt/auvc_ws/install/example_custom_srv:/home/ngt/pid_ws/install/target_depth_msgs:/opt/ros/jazzy/opt/gz_sim_vendor:/opt/ros/jazzy/opt/gz_sensors_vendor:/opt/ros/jazzy/opt/gz_physics_vendor:/opt/ros/jazzy/opt/sdformat_vendor:/opt/ros/jazzy/opt/gz_gui_vendor:/opt/ros/jazzy/opt/gz_transport_vendor:/opt/ros/jazzy/opt/gz_rendering_vendor:/opt/ros/jazzy/opt/gz_plugin_vendor:/opt/ros/jazzy/opt/gz_fuel_tools_vendor:/opt/ros/jazzy/opt/gz_msgs_vendor:/opt/ros/jazzy/opt/gz_common_vendor:/opt/ros/jazzy/opt/gz_math_vendor:/opt/ros/jazzy/opt/gz_utils_vendor:/opt/ros/jazzy/opt/gz_tools_vendor:/opt/ros/jazzy/opt/gz_ogre_next_vendor:/opt/ros/jazzy/opt/gz_dartsim_vendor:/opt/ros/jazzy/opt/gz_cmake_vendor'}, 'shell': False}
[29.915341] (-) TimerEvent: {}
[30.019224] (-) TimerEvent: {}
[30.119987] (-) TimerEvent: {}
[30.221170] (-) TimerEvent: {}
[30.324241] (-) TimerEvent: {}
[30.424950] (-) TimerEvent: {}
[30.525936] (-) TimerEvent: {}
[30.626725] (-) TimerEvent: {}
[30.727812] (-) TimerEvent: {}
[30.828642] (-) TimerEvent: {}
[30.929620] (-) TimerEvent: {}
[31.032460] (-) TimerEvent: {}
[31.134419] (-) TimerEvent: {}
[31.236455] (-) TimerEvent: {}
[31.337213] (-) TimerEvent: {}
[31.439260] (-) TimerEvent: {}
[31.540377] (-) TimerEvent: {}
[31.645412] (-) TimerEvent: {}
[31.749212] (-) TimerEvent: {}
[31.853323] (-) TimerEvent: {}
[31.954193] (-) TimerEvent: {}
[32.055960] (-) TimerEvent: {}
[32.159481] (-) TimerEvent: {}
[32.264585] (-) TimerEvent: {}
[32.365524] (-) TimerEvent: {}
[32.467576] (-) TimerEvent: {}
[32.572172] (-) TimerEvent: {}
[32.676238] (-) TimerEvent: {}
[32.780321] (-) TimerEvent: {}
[32.887179] (-) TimerEvent: {}
[32.988025] (-) TimerEvent: {}
[33.033057] (hardware) StdoutLine: {'line': b'running egg_info\n'}
[33.093962] (-) TimerEvent: {}
[33.198300] (-) TimerEvent: {}
[33.303181] (-) TimerEvent: {}
[33.403951] (-) TimerEvent: {}
[33.446578] (hardware) StdoutLine: {'line': b'writing ../../build/hardware/hardware.egg-info/PKG-INFO\n'}
[33.450545] (hardware) StdoutLine: {'line': b'writing dependency_links to ../../build/hardware/hardware.egg-info/dependency_links.txt\n'}
[33.453307] (hardware) StdoutLine: {'line': b'writing entry points to ../../build/hardware/hardware.egg-info/entry_points.txt\n'}
[33.455738] (hardware) StdoutLine: {'line': b'writing requirements to ../../build/hardware/hardware.egg-info/requires.txt\n'}
[33.457596] (hardware) StdoutLine: {'line': b'writing top-level names to ../../build/hardware/hardware.egg-info/top_level.txt\n'}
[33.507231] (-) TimerEvent: {}
[33.610218] (-) TimerEvent: {}
[33.711269] (-) TimerEvent: {}
[33.813677] (-) TimerEvent: {}
[33.916238] (-) TimerEvent: {}
[34.017395] (-) TimerEvent: {}
[34.118304] (-) TimerEvent: {}
[34.222216] (-) TimerEvent: {}
[34.322939] (-) TimerEvent: {}
[34.424156] (-) TimerEvent: {}
[34.526100] (-) TimerEvent: {}
[34.628223] (-) TimerEvent: {}
[34.729336] (-) TimerEvent: {}
[34.831752] (-) TimerEvent: {}
[34.932815] (-) TimerEvent: {}
[35.033928] (-) TimerEvent: {}
[35.136208] (-) TimerEvent: {}
[35.239180] (-) TimerEvent: {}
[35.251740] (hardware) StdoutLine: {'line': b"reading manifest file '../../build/hardware/hardware.egg-info/SOURCES.txt'\n"}
[35.257254] (hardware) StdoutLine: {'line': b"writing manifest file '../../build/hardware/hardware.egg-info/SOURCES.txt'\n"}
[35.258759] (hardware) StdoutLine: {'line': b'running build\n'}
[35.259334] (hardware) StdoutLine: {'line': b'running build_py\n'}
[35.261418] (hardware) StdoutLine: {'line': b'running install\n'}
[35.294464] (hardware) StdoutLine: {'line': b'running install_lib\n'}
[35.339726] (-) TimerEvent: {}
[35.443956] (-) TimerEvent: {}
[35.547117] (-) TimerEvent: {}
[35.601562] (hardware) StdoutLine: {'line': b'running install_data\n'}
[35.603405] (hardware) StdoutLine: {'line': b'running install_egg_info\n'}
[35.647252] (-) TimerEvent: {}
[35.748977] (-) TimerEvent: {}
[35.850682] (-) TimerEvent: {}
[35.900295] (hardware) StdoutLine: {'line': b"removing '/home/ngt/ZENS-Final-AUVC/ros_ws/install/hardware/lib/python3.12/site-packages/hardware-0.0.0-py3.12.egg-info' (and everything under it)\n"}
[35.916239] (hardware) StdoutLine: {'line': b'Copying ../../build/hardware/hardware.egg-info to /home/ngt/ZENS-Final-AUVC/ros_ws/install/hardware/lib/python3.12/site-packages/hardware-0.0.0-py3.12.egg-info\n'}
[35.922706] (hardware) StdoutLine: {'line': b'running install_scripts\n'}
[35.950873] (-) TimerEvent: {}
[36.051624] (-) TimerEvent: {}
[36.153476] (-) TimerEvent: {}
[36.254801] (-) TimerEvent: {}
[36.356363] (-) TimerEvent: {}
[36.457993] (-) TimerEvent: {}
[36.560552] (-) TimerEvent: {}
[36.590376] (hardware) StdoutLine: {'line': b'Installing bluerov2_camera_interface script to /home/ngt/ZENS-Final-AUVC/ros_ws/install/hardware/lib/hardware\n'}
[36.591300] (hardware) StdoutLine: {'line': b'Installing bluerov2_hardware_interface script to /home/ngt/ZENS-Final-AUVC/ros_ws/install/hardware/lib/hardware\n'}
[36.595579] (hardware) StdoutLine: {'line': b'Installing bluerov2_simulation_interface script to /home/ngt/ZENS-Final-AUVC/ros_ws/install/hardware/lib/hardware\n'}
[36.603743] (hardware) StdoutLine: {'line': b"writing list of installed files to '/home/ngt/ZENS-Final-AUVC/ros_ws/build/hardware/install.log'\n"}
[36.662330] (-) TimerEvent: {}
[36.767582] (-) TimerEvent: {}
[36.827377] (hardware) CommandEnded: {'returncode': 0}
[36.868805] (-) TimerEvent: {}
[36.892305] (hardware) JobEnded: {'identifier': 'hardware', 'rc': 0}
[36.899730] (-) EventReactorShutdown: {}
