[0.000000] (-) TimerEvent: {}
[0.002649] (bringup) JobQueued: {'identifier': 'bringup', 'dependencies': OrderedDict()}
[0.002916] (control) JobQueued: {'identifier': 'control', 'dependencies': OrderedDict()}
[0.003022] (cv) JobQueued: {'identifier': 'cv', 'dependencies': OrderedDict()}
[0.003094] (flashing) JobQueued: {'identifier': 'flashing', 'dependencies': OrderedDict()}
[0.003162] (hardware) JobQueued: {'identifier': 'hardware', 'dependencies': OrderedDict()}
[0.003231] (msgs) JobQueued: {'identifier': 'msgs', 'dependencies': OrderedDict()}
[0.007095] (bringup) JobStarted: {'identifier': 'bringup'}
[0.105595] (-) TimerEvent: {}
[0.166601] (control) JobStarted: {'identifier': 'control'}
[0.205786] (-) TimerEvent: {}
[0.261767] (cv) JobStarted: {'identifier': 'cv'}
[0.308216] (-) TimerEvent: {}
[0.335648] (flashing) JobStarted: {'identifier': 'flashing'}
[0.408479] (-) TimerEvent: {}
[0.509315] (-) TimerEvent: {}
[0.612494] (-) TimerEvent: {}
[0.716489] (-) TimerEvent: {}
[0.822740] (-) TimerEvent: {}
[0.923800] (-) TimerEvent: {}
[1.029339] (-) TimerEvent: {}
[1.133761] (-) TimerEvent: {}
[1.240057] (-) TimerEvent: {}
[1.344910] (-) TimerEvent: {}
[1.450560] (-) TimerEvent: {}
[1.551234] (-) TimerEvent: {}
[1.656643] (-) TimerEvent: {}
[1.760599] (-) TimerEvent: {}
[1.863589] (-) TimerEvent: {}
[1.964802] (-) TimerEvent: {}
[2.066599] (-) TimerEvent: {}
[2.172220] (-) TimerEvent: {}
[2.275069] (-) TimerEvent: {}
[2.378935] (-) TimerEvent: {}
[2.481482] (-) TimerEvent: {}
[2.587963] (-) TimerEvent: {}
[2.689119] (-) TimerEvent: {}
[2.794655] (-) TimerEvent: {}
[2.895635] (-) TimerEvent: {}
[3.001640] (-) TimerEvent: {}
[3.102766] (-) TimerEvent: {}
[3.205964] (-) TimerEvent: {}
[3.315620] (-) TimerEvent: {}
[3.417551] (-) TimerEvent: {}
[3.520587] (-) TimerEvent: {}
[3.621659] (-) TimerEvent: {}
[3.726597] (-) TimerEvent: {}
[3.830552] (-) TimerEvent: {}
[3.933645] (-) TimerEvent: {}
[4.039679] (-) TimerEvent: {}
[4.145607] (-) TimerEvent: {}
[4.246464] (-) TimerEvent: {}
[4.354671] (-) TimerEvent: {}
[4.457624] (-) TimerEvent: {}
[4.558693] (-) TimerEvent: {}
[4.662910] (-) TimerEvent: {}
[4.772095] (-) TimerEvent: {}
[4.877897] (-) TimerEvent: {}
[4.985649] (-) TimerEvent: {}
[5.086986] (-) TimerEvent: {}
[5.201676] (-) TimerEvent: {}
[5.309633] (-) TimerEvent: {}
[5.416605] (-) TimerEvent: {}
[5.524808] (-) TimerEvent: {}
[5.636629] (-) TimerEvent: {}
[5.739626] (-) TimerEvent: {}
[5.846861] (-) TimerEvent: {}
[5.949595] (-) TimerEvent: {}
[6.054553] (-) TimerEvent: {}
[6.156833] (-) TimerEvent: {}
[6.263721] (-) TimerEvent: {}
[6.370970] (-) TimerEvent: {}
[6.475598] (-) TimerEvent: {}
[6.576504] (-) TimerEvent: {}
[6.677375] (-) TimerEvent: {}
[6.780787] (-) TimerEvent: {}
[6.881568] (-) TimerEvent: {}
[6.984611] (-) TimerEvent: {}
[7.085634] (-) TimerEvent: {}
[7.186513] (-) TimerEvent: {}
[7.289611] (-) TimerEvent: {}
[7.390481] (-) TimerEvent: {}
[7.491249] (-) TimerEvent: {}
[7.593620] (-) TimerEvent: {}
[7.696600] (-) TimerEvent: {}
[7.797502] (-) TimerEvent: {}
[7.898344] (-) TimerEvent: {}
[8.001569] (-) TimerEvent: {}
[8.103811] (-) TimerEvent: {}
[8.208650] (-) TimerEvent: {}
[8.312748] (-) TimerEvent: {}
[8.416631] (-) TimerEvent: {}
[8.524578] (-) TimerEvent: {}
[8.625394] (-) TimerEvent: {}
[8.729720] (-) TimerEvent: {}
[8.831345] (-) TimerEvent: {}
[8.933576] (-) TimerEvent: {}
[9.036661] (-) TimerEvent: {}
[9.137570] (-) TimerEvent: {}
[9.242581] (-) TimerEvent: {}
[9.343323] (-) TimerEvent: {}
[9.444268] (-) TimerEvent: {}
[9.551598] (-) TimerEvent: {}
[9.655594] (-) TimerEvent: {}
[9.756397] (-) TimerEvent: {}
[9.858793] (-) TimerEvent: {}
[9.962637] (-) TimerEvent: {}
[10.064995] (-) TimerEvent: {}
[10.167664] (-) TimerEvent: {}
[10.268522] (-) TimerEvent: {}
[10.369325] (-) TimerEvent: {}
[10.473152] (-) TimerEvent: {}
[10.578601] (-) TimerEvent: {}
[10.679530] (-) TimerEvent: {}
[10.780601] (-) TimerEvent: {}
[10.881590] (-) TimerEvent: {}
[10.985127] (-) TimerEvent: {}
[11.086498] (-) TimerEvent: {}
[11.190089] (-) TimerEvent: {}
[11.291007] (-) TimerEvent: {}
[11.394793] (-) TimerEvent: {}
[11.498608] (-) TimerEvent: {}
[11.601629] (-) TimerEvent: {}
[11.702508] (-) TimerEvent: {}
[11.810629] (-) TimerEvent: {}
[11.911478] (-) TimerEvent: {}
[12.014586] (-) TimerEvent: {}
[12.117582] (-) TimerEvent: {}
[12.220633] (-) TimerEvent: {}
[12.323593] (-) TimerEvent: {}
[12.428631] (-) TimerEvent: {}
[12.529510] (-) TimerEvent: {}
[12.632580] (-) TimerEvent: {}
[12.738688] (-) TimerEvent: {}
[12.839675] (-) TimerEvent: {}
[12.945324] (-) TimerEvent: {}
[13.048659] (-) TimerEvent: {}
[13.150569] (-) TimerEvent: {}
[13.254942] (-) TimerEvent: {}
[13.358990] (-) TimerEvent: {}
[13.462718] (-) TimerEvent: {}
[13.565671] (-) TimerEvent: {}
[13.671022] (-) TimerEvent: {}
[13.774542] (-) TimerEvent: {}
[13.875282] (-) TimerEvent: {}
[13.976587] (-) TimerEvent: {}
[14.078583] (-) TimerEvent: {}
[14.182824] (-) TimerEvent: {}
[14.285623] (-) TimerEvent: {}
[14.387586] (-) TimerEvent: {}
[14.488690] (-) TimerEvent: {}
[14.592613] (-) TimerEvent: {}
[14.693557] (-) TimerEvent: {}
[14.794640] (-) TimerEvent: {}
[14.896532] (-) TimerEvent: {}
[14.998601] (-) TimerEvent: {}
[15.099328] (-) TimerEvent: {}
[15.200265] (-) TimerEvent: {}
[15.304246] (-) TimerEvent: {}
[15.405170] (-) TimerEvent: {}
[15.508566] (-) TimerEvent: {}
[15.609340] (-) TimerEvent: {}
[15.710272] (-) TimerEvent: {}
[15.811196] (-) TimerEvent: {}
[15.914594] (-) TimerEvent: {}
[16.016930] (-) TimerEvent: {}
[16.117756] (-) TimerEvent: {}
[16.223718] (-) TimerEvent: {}
[16.325846] (-) TimerEvent: {}
[16.441785] (-) TimerEvent: {}
[16.543000] (-) TimerEvent: {}
[16.645045] (-) TimerEvent: {}
[16.749941] (-) TimerEvent: {}
[16.851476] (-) TimerEvent: {}
[16.956296] (-) TimerEvent: {}
[17.062597] (-) TimerEvent: {}
[17.163521] (-) TimerEvent: {}
[17.264293] (-) TimerEvent: {}
[17.369020] (-) TimerEvent: {}
[17.469944] (-) TimerEvent: {}
[17.570834] (-) TimerEvent: {}
[17.674613] (-) TimerEvent: {}
[17.775480] (-) TimerEvent: {}
[17.878670] (-) TimerEvent: {}
[17.985148] (-) TimerEvent: {}
[18.086503] (-) TimerEvent: {}
[18.188580] (-) TimerEvent: {}
[18.293616] (-) TimerEvent: {}
[18.396637] (-) TimerEvent: {}
[18.502974] (-) TimerEvent: {}
[18.605871] (-) TimerEvent: {}
[18.710934] (-) TimerEvent: {}
[18.815618] (-) TimerEvent: {}
[18.918567] (-) TimerEvent: {}
[19.024392] (-) TimerEvent: {}
[19.126769] (-) TimerEvent: {}
[19.229816] (-) TimerEvent: {}
[19.335960] (-) TimerEvent: {}
[19.442585] (-) TimerEvent: {}
[19.543501] (-) TimerEvent: {}
[19.647617] (-) TimerEvent: {}
[19.760591] (-) TimerEvent: {}
[19.861537] (-) TimerEvent: {}
[19.968589] (-) TimerEvent: {}
[20.072578] (-) TimerEvent: {}
[20.173351] (-) TimerEvent: {}
[20.274227] (-) TimerEvent: {}
[20.385199] (-) TimerEvent: {}
[20.486046] (-) TimerEvent: {}
[20.592511] (-) TimerEvent: {}
[20.698832] (-) TimerEvent: {}
[20.800134] (-) TimerEvent: {}
[20.904695] (-) TimerEvent: {}
[21.008709] (-) TimerEvent: {}
[21.115588] (-) TimerEvent: {}
[21.218698] (-) TimerEvent: {}
[21.320595] (-) TimerEvent: {}
[21.429591] (-) TimerEvent: {}
[21.534607] (-) TimerEvent: {}
[21.635634] (-) TimerEvent: {}
[21.740606] (-) TimerEvent: {}
[21.850885] (-) TimerEvent: {}
[21.952279] (-) TimerEvent: {}
[22.058582] (-) TimerEvent: {}
[22.161574] (-) TimerEvent: {}
[22.262363] (-) TimerEvent: {}
[22.368141] (-) TimerEvent: {}
[22.471573] (-) TimerEvent: {}
[22.574547] (-) TimerEvent: {}
[22.676165] (-) TimerEvent: {}
[22.783598] (-) TimerEvent: {}
[22.888571] (-) TimerEvent: {}
[22.990989] (-) TimerEvent: {}
[23.095491] (-) TimerEvent: {}
[23.199780] (-) TimerEvent: {}
[23.300540] (-) TimerEvent: {}
[23.404651] (-) TimerEvent: {}
[23.505742] (-) TimerEvent: {}
[23.609792] (-) TimerEvent: {}
[23.712581] (-) TimerEvent: {}
[23.815576] (-) TimerEvent: {}
[23.916403] (-) TimerEvent: {}
[24.019571] (-) TimerEvent: {}
[24.121605] (-) TimerEvent: {}
[24.222502] (-) TimerEvent: {}
[24.326990] (-) TimerEvent: {}
[24.431612] (-) TimerEvent: {}
[24.533772] (-) TimerEvent: {}
[24.635254] (-) TimerEvent: {}
[24.740588] (-) TimerEvent: {}
[24.841521] (-) TimerEvent: {}
[24.945877] (-) TimerEvent: {}
[25.047817] (-) TimerEvent: {}
[25.149036] (-) TimerEvent: {}
[25.252074] (-) TimerEvent: {}
[25.354192] (-) TimerEvent: {}
[25.458195] (-) TimerEvent: {}
[25.559965] (-) TimerEvent: {}
[25.666389] (-) TimerEvent: {}
[25.769643] (-) TimerEvent: {}
[25.876693] (-) TimerEvent: {}
[25.982591] (-) TimerEvent: {}
[26.089580] (-) TimerEvent: {}
[26.193685] (-) TimerEvent: {}
[26.296606] (-) TimerEvent: {}
[26.398758] (-) TimerEvent: {}
[26.501251] (-) TimerEvent: {}
[26.605936] (-) TimerEvent: {}
[26.712593] (-) TimerEvent: {}
[26.820671] (-) TimerEvent: {}
[26.922569] (-) TimerEvent: {}
[27.025613] (-) TimerEvent: {}
[27.130376] (-) TimerEvent: {}
[27.238575] (-) TimerEvent: {}
[27.342659] (-) TimerEvent: {}
[27.451623] (-) TimerEvent: {}
[27.556608] (-) TimerEvent: {}
[27.663591] (-) TimerEvent: {}
[27.767403] (-) TimerEvent: {}
[27.873591] (-) TimerEvent: {}
[27.974392] (-) TimerEvent: {}
[28.079640] (-) TimerEvent: {}
[28.187214] (-) TimerEvent: {}
[28.294597] (-) TimerEvent: {}
[28.400570] (-) TimerEvent: {}
[28.506585] (-) TimerEvent: {}
[28.614589] (-) TimerEvent: {}
[28.717574] (-) TimerEvent: {}
[28.824581] (-) TimerEvent: {}
[28.933917] (-) TimerEvent: {}
[29.037606] (-) TimerEvent: {}
[29.140148] (-) TimerEvent: {}
[29.255615] (-) TimerEvent: {}
[29.358030] (-) TimerEvent: {}
[29.466618] (-) TimerEvent: {}
[29.571574] (-) TimerEvent: {}
[29.672336] (-) TimerEvent: {}
[29.780588] (-) TimerEvent: {}
[29.888593] (-) TimerEvent: {}
[29.996609] (-) TimerEvent: {}
[30.099608] (-) TimerEvent: {}
[30.203832] (-) TimerEvent: {}
[30.311371] (-) TimerEvent: {}
[30.418752] (-) TimerEvent: {}
[30.519521] (-) TimerEvent: {}
[30.624469] (-) TimerEvent: {}
[30.725859] (-) TimerEvent: {}
[30.830593] (-) TimerEvent: {}
[30.934820] (-) TimerEvent: {}
[31.049568] (-) TimerEvent: {}
[31.165582] (-) TimerEvent: {}
[31.272245] (-) TimerEvent: {}
[31.380563] (-) TimerEvent: {}
[31.497566] (-) TimerEvent: {}
[31.598544] (-) TimerEvent: {}
[31.722233] (-) TimerEvent: {}
[31.825562] (-) TimerEvent: {}
[31.936583] (-) TimerEvent: {}
[32.039740] (-) TimerEvent: {}
[32.146899] (-) TimerEvent: {}
[32.265575] (-) TimerEvent: {}
[32.373580] (-) TimerEvent: {}
[32.488560] (-) TimerEvent: {}
[32.595562] (-) TimerEvent: {}
[32.709089] (-) TimerEvent: {}
[32.809935] (-) TimerEvent: {}
[32.916720] (-) TimerEvent: {}
[33.022632] (-) TimerEvent: {}
[33.125277] (-) TimerEvent: {}
[33.234239] (-) TimerEvent: {}
[33.339595] (-) TimerEvent: {}
[33.442852] (-) TimerEvent: {}
[33.570579] (-) TimerEvent: {}
[33.671543] (-) TimerEvent: {}
[33.777587] (-) TimerEvent: {}
[33.893575] (-) TimerEvent: {}
[33.997047] (-) TimerEvent: {}
[34.115763] (-) TimerEvent: {}
[34.222759] (-) TimerEvent: {}
[34.328346] (-) TimerEvent: {}
[34.429179] (-) TimerEvent: {}
[34.548584] (-) TimerEvent: {}
[34.661653] (-) TimerEvent: {}
[34.766653] (-) TimerEvent: {}
[34.877315] (-) TimerEvent: {}
[34.982614] (-) TimerEvent: {}
[35.086370] (-) TimerEvent: {}
[35.196058] (-) TimerEvent: {}
[35.303976] (-) TimerEvent: {}
[35.407586] (-) TimerEvent: {}
[35.510768] (-) TimerEvent: {}
[35.613299] (-) TimerEvent: {}
[35.718583] (-) TimerEvent: {}
[35.821457] (-) TimerEvent: {}
[35.925630] (-) TimerEvent: {}
[36.030116] (-) TimerEvent: {}
[36.132587] (-) TimerEvent: {}
[36.235406] (-) TimerEvent: {}
[36.343969] (-) TimerEvent: {}
[36.445586] (-) TimerEvent: {}
[36.552595] (-) TimerEvent: {}
[36.653733] (-) TimerEvent: {}
[36.762529] (-) TimerEvent: {}
[36.872592] (-) TimerEvent: {}
[36.976590] (-) TimerEvent: {}
[37.083623] (-) TimerEvent: {}
[37.189668] (-) TimerEvent: {}
[37.294319] (-) TimerEvent: {}
[37.409576] (-) TimerEvent: {}
[37.517581] (-) TimerEvent: {}
[37.622578] (-) TimerEvent: {}
[37.730641] (-) TimerEvent: {}
[37.831526] (-) TimerEvent: {}
[37.940579] (-) TimerEvent: {}
[38.044280] (-) TimerEvent: {}
[38.152569] (-) TimerEvent: {}
[38.261584] (-) TimerEvent: {}
[38.362385] (-) TimerEvent: {}
[38.468577] (-) TimerEvent: {}
[38.574625] (-) TimerEvent: {}
[38.693631] (cv) Command: {'cmd': ['/usr/bin/python3', '-W', 'ignore:setup.py install is deprecated', '-W', 'ignore:easy_install command is deprecated', 'setup.py', 'egg_info', '--egg-base', '../../build/cv', 'build', '--build-base', '/home/ngt/ZENS-Final-AUVC/ros_ws/build/cv/build', 'install', '--record', '/home/ngt/ZENS-Final-AUVC/ros_ws/build/cv/install.log', '--install-scripts', '$base/lib/cv', '--single-version-externally-managed', 'install_data'], 'cwd': '/home/ngt/ZENS-Final-AUVC/ros_ws/src/cv', 'env': {'PYTHON_BASIC_REPL': '1', 'VIRTUALENVWRAPPER_WORKON_CD': '1', 'USER': 'ngt', 'SSH_CLIENT': '192.168.3.1 64577 22', 'WORKON_HOME': '/home/ngt/.virtualenvs', 'GZ_SIM_RESOURCE_PATH': '/opt/ros/jazzy/share', 'GZ_CONFIG_PATH': '/opt/ros/jazzy/opt/gz_sim_vendor/share/gz:/opt/ros/jazzy/opt/sdformat_vendor/share/gz:/opt/ros/jazzy/opt/gz_gui_vendor/share/gz:/opt/ros/jazzy/opt/gz_transport_vendor/share/gz:/opt/ros/jazzy/opt/gz_rendering_vendor/share/gz:/opt/ros/jazzy/opt/gz_plugin_vendor/share/gz:/opt/ros/jazzy/opt/gz_fuel_tools_vendor/share/gz:/opt/ros/jazzy/opt/gz_msgs_vendor/share/gz:/opt/ros/jazzy/opt/gz_common_vendor/share/gz', 'XDG_SESSION_TYPE': 'tty', 'GIT_ASKPASS': '/home/ngt/.vscode-server/cli/servers/Stable-e4c7e7b1d6d060162f4aa7f8225271b67ce1df75/server/extensions/git/dist/askpass.sh', 'SHLVL': '1', 'BROWSER': '/home/ngt/.vscode-server/cli/servers/Stable-e4c7e7b1d6d060162f4aa7f8225271b67ce1df75/server/bin/helpers/browser.sh', 'LD_LIBRARY_PATH': '/home/ngt/ZENS-Final-AUVC/ros_ws/install/msgs/lib:/home/ngt/auvc_ws/install/example_custom_srv/lib:/home/ngt/pid_ws/install/target_depth_msgs/lib:/opt/ros/jazzy/opt/gz_sim_vendor/lib:/opt/ros/jazzy/opt/gz_sensors_vendor/lib:/opt/ros/jazzy/opt/gz_physics_vendor/lib:/opt/ros/jazzy/opt/sdformat_vendor/lib:/opt/ros/jazzy/opt/rviz_ogre_vendor/lib:/opt/ros/jazzy/lib/aarch64-linux-gnu:/opt/ros/jazzy/opt/gz_gui_vendor/lib:/opt/ros/jazzy/opt/gz_transport_vendor/lib:/opt/ros/jazzy/opt/gz_rendering_vendor/lib:/opt/ros/jazzy/opt/gz_plugin_vendor/lib:/opt/ros/jazzy/opt/gz_fuel_tools_vendor/lib:/opt/ros/jazzy/opt/gz_msgs_vendor/lib:/opt/ros/jazzy/opt/gz_common_vendor/lib:/opt/ros/jazzy/opt/gz_math_vendor/lib:/opt/ros/jazzy/opt/gz_utils_vendor/lib:/opt/ros/jazzy/opt/gz_tools_vendor/lib:/opt/ros/jazzy/opt/gz_ogre_next_vendor/lib:/opt/ros/jazzy/opt/gz_dartsim_vendor/lib:/opt/ros/jazzy/opt/gz_cmake_vendor/lib:/opt/ros/jazzy/lib', 'GZ_TRANSPORT_ID': '192.168.3.1', 'HOME': '/home/ngt', 'OLDPWD': '/home/ngt/ZENS-Final-AUVC', 'LESS': '-R', 'VIRTUALENVWRAPPER_PYTHON': '/usr/bin/python3', 'TERM_PROGRAM_VERSION': '1.131.0', 'VSCODE_IPC_HOOK_CLI': '/run/user/1004/vscode-ipc-b1b26d6a-adaf-4eca-b716-08e1e08290ac.sock', 'ZSH': '/home/ngt/.oh-my-zsh', 'LSCOLORS': 'Gxfxcxdxbxegedabagacad', 'GZ_TRANSPORT_PUB_PORT': '11345', 'VSCODE_GIT_ASKPASS_MAIN': '/home/ngt/.vscode-server/cli/servers/Stable-e4c7e7b1d6d060162f4aa7f8225271b67ce1df75/server/extensions/git/dist/askpass-main.js', 'PAGER': 'less', 'ROS_PYTHON_VERSION': '3', 'PS1': '(ardusub) %(?:%{\x1b[01;32m%}%1{➜%} :%{\x1b[01;31m%}%1{➜%} ) %{\x1b[36m%}%c%{\x1b[00m%} $(git_prompt_info)', 'VSCODE_GIT_ASKPASS_NODE': '/home/ngt/.vscode-server/cli/servers/Stable-e4c7e7b1d6d060162f4aa7f8225271b67ce1df75/server/node', 'DBUS_SESSION_BUS_ADDRESS': 'unix:path=/run/user/1004/bus', 'PYDEVD_DISABLE_FILE_VALIDATION': '1', 'BUNDLED_DEBUGPY_PATH': '/home/ngt/.vscode-server/extensions/ms-python.debugpy-2026.6.0-linux-arm64/bundled/libs/debugpy', 'GZ_TRANSPORT_SUB_PORT': '11346', 'VSCODE_PYTHON_AUTOACTIVATE_GUARD': '1', 'COLORTERM': 'truecolor', 'ROS_DISTRO': 'jazzy', 'COLCON_PREFIX_PATH': '/home/ngt/ZENS-Final-AUVC/ros_ws/install:/home/ngt/auvc_ws/install:/home/ngt/cv_ws/install:/home/ngt/pid_ws/install:/home/ngt/auv_dancing/install', 'LOGNAME': 'ngt', '_': '/usr/bin/colcon', 'XDG_SESSION_CLASS': 'user', 'USER_ZDOTDIR': '/home/ngt', 'ROS_VERSION': '2', 'XDG_SESSION_ID': '1', 'TERM': 'xterm-256color', 'PATH': '/home/ngt/.virtualenvs/ardusub/bin:/home/ngt/.opencode/bin:/opt/ros/jazzy/opt/gz_msgs_vendor/bin:/opt/ros/jazzy/opt/gz_tools_vendor/bin:/opt/ros/jazzy/opt/gz_ogre_next_vendor/bin:/opt/ros/jazzy/bin:/usr/lib/ccache:/home/ngt/.vscode-server/data/User/globalStorage/github.copilot-chat/debugCommand:/home/ngt/.vscode-server/data/User/globalStorage/github.copilot-chat/copilotCli:/home/ngt/.vscode-server/cli/servers/Stable-e4c7e7b1d6d060162f4aa7f8225271b67ce1df75/server/bin/remote-cli:/usr/local/sbin:/usr/local/bin:/usr/sbin:/usr/bin:/sbin:/bin:/usr/games:/usr/local/games:/snap/bin:/home/ngt/.vscode-server/extensions/ms-python.debugpy-2026.6.0-linux-arm64/bundled/scripts/noConfigScripts:/home/ngt/.local/bin:/home/ngt/ardupilot/Tools/autotest', 'XDG_RUNTIME_DIR': '/run/user/1004', 'GZ_PARTITION': 'my_sim', 'LANG': 'en_US.UTF-8', 'VSCODE_DEBUGPY_ADAPTER_ENDPOINTS': '/home/ngt/.vscode-server/extensions/ms-python.debugpy-2026.6.0-linux-arm64/.noConfigDebugAdapterEndpoints/endpoint-c18b4b5d63521f01.txt', 'PYTHONSTARTUP': '/home/ngt/.vscode-server/data/User/workspaceStorage/ebe247280dad30c76e3d7235d970e14f/ms-python.python/pythonrc.py', 'VSCODE_INJECTION': '1', 'VIRTUAL_ENV_PROMPT': 'ardusub', 'TERM_PROGRAM': 'vscode', 'VSCODE_GIT_IPC_HANDLE': '/run/user/1004/vscode-git-75828e3940.sock', 'LS_COLORS': 'rs=0:di=01;34:ln=01;36:mh=00:pi=40;33:so=01;35:do=01;35:bd=40;33;01:cd=40;33;01:or=40;31;01:mi=00:su=37;41:sg=30;43:ca=00:tw=30;42:ow=34;42:st=37;44:ex=01;32:*.tar=01;31:*.tgz=01;31:*.arc=01;31:*.arj=01;31:*.taz=01;31:*.lha=01;31:*.lz4=01;31:*.lzh=01;31:*.lzma=01;31:*.tlz=01;31:*.txz=01;31:*.tzo=01;31:*.t7z=01;31:*.zip=01;31:*.z=01;31:*.dz=01;31:*.gz=01;31:*.lrz=01;31:*.lz=01;31:*.lzo=01;31:*.xz=01;31:*.zst=01;31:*.tzst=01;31:*.bz2=01;31:*.bz=01;31:*.tbz=01;31:*.tbz2=01;31:*.tz=01;31:*.deb=01;31:*.rpm=01;31:*.jar=01;31:*.war=01;31:*.ear=01;31:*.sar=01;31:*.rar=01;31:*.alz=01;31:*.ace=01;31:*.zoo=01;31:*.cpio=01;31:*.7z=01;31:*.rz=01;31:*.cab=01;31:*.wim=01;31:*.swm=01;31:*.dwm=01;31:*.esd=01;31:*.avif=01;35:*.jpg=01;35:*.jpeg=01;35:*.mjpg=01;35:*.mjpeg=01;35:*.gif=01;35:*.bmp=01;35:*.pbm=01;35:*.pgm=01;35:*.ppm=01;35:*.tga=01;35:*.xbm=01;35:*.xpm=01;35:*.tif=01;35:*.tiff=01;35:*.png=01;35:*.svg=01;35:*.svgz=01;35:*.mng=01;35:*.pcx=01;35:*.mov=01;35:*.mpg=01;35:*.mpeg=01;35:*.m2v=01;35:*.mkv=01;35:*.webm=01;35:*.webp=01;35:*.ogm=01;35:*.mp4=01;35:*.m4v=01;35:*.mp4v=01;35:*.vob=01;35:*.qt=01;35:*.nuv=01;35:*.wmv=01;35:*.asf=01;35:*.rm=01;35:*.rmvb=01;35:*.flc=01;35:*.avi=01;35:*.fli=01;35:*.flv=01;35:*.gl=01;35:*.dl=01;35:*.xcf=01;35:*.xwd=01;35:*.yuv=01;35:*.cgm=01;35:*.emf=01;35:*.ogv=01;35:*.ogx=01;35:*.aac=00;36:*.au=00;36:*.flac=00;36:*.m4a=00;36:*.mid=00;36:*.midi=00;36:*.mka=00;36:*.mp3=00;36:*.mpc=00;36:*.ogg=00;36:*.ra=00;36:*.wav=00;36:*.oga=00;36:*.opus=00;36:*.spx=00;36:*.xspf=00;36:*~=00;90:*#=00;90:*.bak=00;90:*.crdownload=00;90:*.dpkg-dist=00;90:*.dpkg-new=00;90:*.dpkg-old=00;90:*.dpkg-tmp=00;90:*.old=00;90:*.orig=00;90:*.part=00;90:*.rej=00;90:*.rpmnew=00;90:*.rpmorig=00;90:*.rpmsave=00;90:*.swp=00;90:*.tmp=00;90:*.ucf-dist=00;90:*.ucf-new=00;90:*.ucf-old=00;90:', 'AMENT_PREFIX_PATH': '/home/ngt/ZENS-Final-AUVC/ros_ws/install/msgs:/home/ngt/ZENS-Final-AUVC/ros_ws/install/hardware:/home/ngt/ZENS-Final-AUVC/ros_ws/install/flashing:/home/ngt/ZENS-Final-AUVC/ros_ws/install/cv:/home/ngt/ZENS-Final-AUVC/ros_ws/install/control:/home/ngt/ZENS-Final-AUVC/ros_ws/install/bringup:/home/ngt/auvc_ws/install/tutorial_virtualenvs:/home/ngt/auvc_ws/install/tutorial_pid:/home/ngt/auvc_ws/install/tutorial_ardusub:/home/ngt/auvc_ws/install/tutorial:/home/ngt/auvc_ws/install/rosmav:/home/ngt/auvc_ws/install/example_custom_srv:/home/ngt/cv_ws/install/cv:/home/ngt/pid_ws/install/target_depth_msgs:/home/ngt/pid_ws/install/pid:/home/ngt/auv_dancing/install/tutorial:/opt/ros/jazzy', 'SHELL': '/usr/bin/zsh', 'VIRTUALENVWRAPPER_PROJECT_FILENAME': '.project', 'VIRTUALENVWRAPPER_HOOK_DIR': '/home/ngt/.virtualenvs', 'VSCODE_GIT_ASKPASS_EXTRA_ARGS': '', 'VIRTUALENVWRAPPER_SCRIPT': '/usr/share/virtualenvwrapper/virtualenvwrapper.sh', 'ROS_AUTOMATIC_DISCOVERY_RANGE': 'SUBNET', 'VIRTUAL_ENV': '/home/ngt/.virtualenvs/ardusub', 'LC_ALL': 'en_US.UTF-8', 'PWD': '/home/ngt/ZENS-Final-AUVC/ros_ws/build/cv', 'SSH_CONNECTION': '192.168.3.1 64577 192.168.3.2 22', 'COPILOT_DEBUG_NONCE': 'ecfdf1043499788fb94714472659d404', 'ZDOTDIR': '/home/ngt', 'PYTHONPATH': '/home/ngt/ZENS-Final-AUVC/ros_ws/build/cv/prefix_override:/usr/lib/python3/dist-packages/colcon_core/task/python/colcon_distutils_commands:/home/ngt/ZENS-Final-AUVC/ros_ws/install/cv/lib/python3.12/site-packages:/home/ngt/ZENS-Final-AUVC/ros_ws/install/msgs/lib/python3.12/site-packages:/home/ngt/ZENS-Final-AUVC/ros_ws/install/hardware/lib/python3.12/site-packages:/home/ngt/ZENS-Final-AUVC/ros_ws/install/flashing/lib/python3.12/site-packages:/home/ngt/ZENS-Final-AUVC/ros_ws/install/cv/lib/python3.12/site-packages:/home/ngt/ZENS-Final-AUVC/ros_ws/install/control/lib/python3.12/site-packages:/home/ngt/ZENS-Final-AUVC/ros_ws/install/bringup/lib/python3.12/site-packages:/home/ngt/auvc_ws/install/tutorial_virtualenvs/lib/python3.12/site-packages:/home/ngt/auvc_ws/install/tutorial_pid/lib/python3.12/site-packages:/home/ngt/auvc_ws/install/tutorial_ardusub/lib/python3.12/site-packages:/home/ngt/auvc_ws/install/tutorial/lib/python3.12/site-packages:/home/ngt/auvc_ws/install/rosmav/lib/python3.12/site-packages:/home/ngt/auvc_ws/install/example_custom_srv/lib/python3.12/site-packages:/home/ngt/cv_ws/install/cv/lib/python3.12/site-packages:/home/ngt/pid_ws/install/target_depth_msgs/lib/python3.12/site-packages:/home/ngt/pid_ws/install/pid/lib/python3.12/site-packages:/home/ngt/auv_dancing/install/tutorial/lib/python3.12/site-packages:/opt/ros/jazzy/lib/python3.12/site-packages', 'COLCON': '1', 'CMAKE_PREFIX_PATH': '/home/ngt/ZENS-Final-AUVC/ros_ws/install/msgs:/home/ngt/auvc_ws/install/example_custom_srv:/home/ngt/pid_ws/install/target_depth_msgs:/opt/ros/jazzy/opt/gz_sim_vendor:/opt/ros/jazzy/opt/gz_sensors_vendor:/opt/ros/jazzy/opt/gz_physics_vendor:/opt/ros/jazzy/opt/sdformat_vendor:/opt/ros/jazzy/opt/gz_gui_vendor:/opt/ros/jazzy/opt/gz_transport_vendor:/opt/ros/jazzy/opt/gz_rendering_vendor:/opt/ros/jazzy/opt/gz_plugin_vendor:/opt/ros/jazzy/opt/gz_fuel_tools_vendor:/opt/ros/jazzy/opt/gz_msgs_vendor:/opt/ros/jazzy/opt/gz_common_vendor:/opt/ros/jazzy/opt/gz_math_vendor:/opt/ros/jazzy/opt/gz_utils_vendor:/opt/ros/jazzy/opt/gz_tools_vendor:/opt/ros/jazzy/opt/gz_ogre_next_vendor:/opt/ros/jazzy/opt/gz_dartsim_vendor:/opt/ros/jazzy/opt/gz_cmake_vendor'}, 'shell': False}
[38.736027] (-) TimerEvent: {}
[38.858163] (control) Command: {'cmd': ['/usr/bin/python3', '-W', 'ignore:setup.py install is deprecated', '-W', 'ignore:easy_install command is deprecated', 'setup.py', 'egg_info', '--egg-base', '../../build/control', 'build', '--build-base', '/home/ngt/ZENS-Final-AUVC/ros_ws/build/control/build', 'install', '--record', '/home/ngt/ZENS-Final-AUVC/ros_ws/build/control/install.log', '--install-scripts', '$base/lib/control', '--single-version-externally-managed', 'install_data'], 'cwd': '/home/ngt/ZENS-Final-AUVC/ros_ws/src/control', 'env': {'PYTHON_BASIC_REPL': '1', 'VIRTUALENVWRAPPER_WORKON_CD': '1', 'USER': 'ngt', 'SSH_CLIENT': '192.168.3.1 64577 22', 'WORKON_HOME': '/home/ngt/.virtualenvs', 'GZ_SIM_RESOURCE_PATH': '/opt/ros/jazzy/share', 'GZ_CONFIG_PATH': '/opt/ros/jazzy/opt/gz_sim_vendor/share/gz:/opt/ros/jazzy/opt/sdformat_vendor/share/gz:/opt/ros/jazzy/opt/gz_gui_vendor/share/gz:/opt/ros/jazzy/opt/gz_transport_vendor/share/gz:/opt/ros/jazzy/opt/gz_rendering_vendor/share/gz:/opt/ros/jazzy/opt/gz_plugin_vendor/share/gz:/opt/ros/jazzy/opt/gz_fuel_tools_vendor/share/gz:/opt/ros/jazzy/opt/gz_msgs_vendor/share/gz:/opt/ros/jazzy/opt/gz_common_vendor/share/gz', 'XDG_SESSION_TYPE': 'tty', 'GIT_ASKPASS': '/home/ngt/.vscode-server/cli/servers/Stable-e4c7e7b1d6d060162f4aa7f8225271b67ce1df75/server/extensions/git/dist/askpass.sh', 'SHLVL': '1', 'BROWSER': '/home/ngt/.vscode-server/cli/servers/Stable-e4c7e7b1d6d060162f4aa7f8225271b67ce1df75/server/bin/helpers/browser.sh', 'LD_LIBRARY_PATH': '/home/ngt/ZENS-Final-AUVC/ros_ws/install/msgs/lib:/home/ngt/auvc_ws/install/example_custom_srv/lib:/home/ngt/pid_ws/install/target_depth_msgs/lib:/opt/ros/jazzy/opt/gz_sim_vendor/lib:/opt/ros/jazzy/opt/gz_sensors_vendor/lib:/opt/ros/jazzy/opt/gz_physics_vendor/lib:/opt/ros/jazzy/opt/sdformat_vendor/lib:/opt/ros/jazzy/opt/rviz_ogre_vendor/lib:/opt/ros/jazzy/lib/aarch64-linux-gnu:/opt/ros/jazzy/opt/gz_gui_vendor/lib:/opt/ros/jazzy/opt/gz_transport_vendor/lib:/opt/ros/jazzy/opt/gz_rendering_vendor/lib:/opt/ros/jazzy/opt/gz_plugin_vendor/lib:/opt/ros/jazzy/opt/gz_fuel_tools_vendor/lib:/opt/ros/jazzy/opt/gz_msgs_vendor/lib:/opt/ros/jazzy/opt/gz_common_vendor/lib:/opt/ros/jazzy/opt/gz_math_vendor/lib:/opt/ros/jazzy/opt/gz_utils_vendor/lib:/opt/ros/jazzy/opt/gz_tools_vendor/lib:/opt/ros/jazzy/opt/gz_ogre_next_vendor/lib:/opt/ros/jazzy/opt/gz_dartsim_vendor/lib:/opt/ros/jazzy/opt/gz_cmake_vendor/lib:/opt/ros/jazzy/lib', 'GZ_TRANSPORT_ID': '192.168.3.1', 'HOME': '/home/ngt', 'OLDPWD': '/home/ngt/ZENS-Final-AUVC', 'LESS': '-R', 'VIRTUALENVWRAPPER_PYTHON': '/usr/bin/python3', 'TERM_PROGRAM_VERSION': '1.131.0', 'VSCODE_IPC_HOOK_CLI': '/run/user/1004/vscode-ipc-b1b26d6a-adaf-4eca-b716-08e1e08290ac.sock', 'ZSH': '/home/ngt/.oh-my-zsh', 'LSCOLORS': 'Gxfxcxdxbxegedabagacad', 'GZ_TRANSPORT_PUB_PORT': '11345', 'VSCODE_GIT_ASKPASS_MAIN': '/home/ngt/.vscode-server/cli/servers/Stable-e4c7e7b1d6d060162f4aa7f8225271b67ce1df75/server/extensions/git/dist/askpass-main.js', 'PAGER': 'less', 'ROS_PYTHON_VERSION': '3', 'PS1': '(ardusub) %(?:%{\x1b[01;32m%}%1{➜%} :%{\x1b[01;31m%}%1{➜%} ) %{\x1b[36m%}%c%{\x1b[00m%} $(git_prompt_info)', 'VSCODE_GIT_ASKPASS_NODE': '/home/ngt/.vscode-server/cli/servers/Stable-e4c7e7b1d6d060162f4aa7f8225271b67ce1df75/server/node', 'DBUS_SESSION_BUS_ADDRESS': 'unix:path=/run/user/1004/bus', 'PYDEVD_DISABLE_FILE_VALIDATION': '1', 'BUNDLED_DEBUGPY_PATH': '/home/ngt/.vscode-server/extensions/ms-python.debugpy-2026.6.0-linux-arm64/bundled/libs/debugpy', 'GZ_TRANSPORT_SUB_PORT': '11346', 'VSCODE_PYTHON_AUTOACTIVATE_GUARD': '1', 'COLORTERM': 'truecolor', 'ROS_DISTRO': 'jazzy', 'COLCON_PREFIX_PATH': '/home/ngt/ZENS-Final-AUVC/ros_ws/install:/home/ngt/auvc_ws/install:/home/ngt/cv_ws/install:/home/ngt/pid_ws/install:/home/ngt/auv_dancing/install', 'LOGNAME': 'ngt', '_': '/usr/bin/colcon', 'XDG_SESSION_CLASS': 'user', 'USER_ZDOTDIR': '/home/ngt', 'ROS_VERSION': '2', 'XDG_SESSION_ID': '1', 'TERM': 'xterm-256color', 'PATH': '/home/ngt/.virtualenvs/ardusub/bin:/home/ngt/.opencode/bin:/opt/ros/jazzy/opt/gz_msgs_vendor/bin:/opt/ros/jazzy/opt/gz_tools_vendor/bin:/opt/ros/jazzy/opt/gz_ogre_next_vendor/bin:/opt/ros/jazzy/bin:/usr/lib/ccache:/home/ngt/.vscode-server/data/User/globalStorage/github.copilot-chat/debugCommand:/home/ngt/.vscode-server/data/User/globalStorage/github.copilot-chat/copilotCli:/home/ngt/.vscode-server/cli/servers/Stable-e4c7e7b1d6d060162f4aa7f8225271b67ce1df75/server/bin/remote-cli:/usr/local/sbin:/usr/local/bin:/usr/sbin:/usr/bin:/sbin:/bin:/usr/games:/usr/local/games:/snap/bin:/home/ngt/.vscode-server/extensions/ms-python.debugpy-2026.6.0-linux-arm64/bundled/scripts/noConfigScripts:/home/ngt/.local/bin:/home/ngt/ardupilot/Tools/autotest', 'XDG_RUNTIME_DIR': '/run/user/1004', 'GZ_PARTITION': 'my_sim', 'LANG': 'en_US.UTF-8', 'VSCODE_DEBUGPY_ADAPTER_ENDPOINTS': '/home/ngt/.vscode-server/extensions/ms-python.debugpy-2026.6.0-linux-arm64/.noConfigDebugAdapterEndpoints/endpoint-c18b4b5d63521f01.txt', 'PYTHONSTARTUP': '/home/ngt/.vscode-server/data/User/workspaceStorage/ebe247280dad30c76e3d7235d970e14f/ms-python.python/pythonrc.py', 'VSCODE_INJECTION': '1', 'VIRTUAL_ENV_PROMPT': 'ardusub', 'TERM_PROGRAM': 'vscode', 'VSCODE_GIT_IPC_HANDLE': '/run/user/1004/vscode-git-75828e3940.sock', 'LS_COLORS': 'rs=0:di=01;34:ln=01;36:mh=00:pi=40;33:so=01;35:do=01;35:bd=40;33;01:cd=40;33;01:or=40;31;01:mi=00:su=37;41:sg=30;43:ca=00:tw=30;42:ow=34;42:st=37;44:ex=01;32:*.tar=01;31:*.tgz=01;31:*.arc=01;31:*.arj=01;31:*.taz=01;31:*.lha=01;31:*.lz4=01;31:*.lzh=01;31:*.lzma=01;31:*.tlz=01;31:*.txz=01;31:*.tzo=01;31:*.t7z=01;31:*.zip=01;31:*.z=01;31:*.dz=01;31:*.gz=01;31:*.lrz=01;31:*.lz=01;31:*.lzo=01;31:*.xz=01;31:*.zst=01;31:*.tzst=01;31:*.bz2=01;31:*.bz=01;31:*.tbz=01;31:*.tbz2=01;31:*.tz=01;31:*.deb=01;31:*.rpm=01;31:*.jar=01;31:*.war=01;31:*.ear=01;31:*.sar=01;31:*.rar=01;31:*.alz=01;31:*.ace=01;31:*.zoo=01;31:*.cpio=01;31:*.7z=01;31:*.rz=01;31:*.cab=01;31:*.wim=01;31:*.swm=01;31:*.dwm=01;31:*.esd=01;31:*.avif=01;35:*.jpg=01;35:*.jpeg=01;35:*.mjpg=01;35:*.mjpeg=01;35:*.gif=01;35:*.bmp=01;35:*.pbm=01;35:*.pgm=01;35:*.ppm=01;35:*.tga=01;35:*.xbm=01;35:*.xpm=01;35:*.tif=01;35:*.tiff=01;35:*.png=01;35:*.svg=01;35:*.svgz=01;35:*.mng=01;35:*.pcx=01;35:*.mov=01;35:*.mpg=01;35:*.mpeg=01;35:*.m2v=01;35:*.mkv=01;35:*.webm=01;35:*.webp=01;35:*.ogm=01;35:*.mp4=01;35:*.m4v=01;35:*.mp4v=01;35:*.vob=01;35:*.qt=01;35:*.nuv=01;35:*.wmv=01;35:*.asf=01;35:*.rm=01;35:*.rmvb=01;35:*.flc=01;35:*.avi=01;35:*.fli=01;35:*.flv=01;35:*.gl=01;35:*.dl=01;35:*.xcf=01;35:*.xwd=01;35:*.yuv=01;35:*.cgm=01;35:*.emf=01;35:*.ogv=01;35:*.ogx=01;35:*.aac=00;36:*.au=00;36:*.flac=00;36:*.m4a=00;36:*.mid=00;36:*.midi=00;36:*.mka=00;36:*.mp3=00;36:*.mpc=00;36:*.ogg=00;36:*.ra=00;36:*.wav=00;36:*.oga=00;36:*.opus=00;36:*.spx=00;36:*.xspf=00;36:*~=00;90:*#=00;90:*.bak=00;90:*.crdownload=00;90:*.dpkg-dist=00;90:*.dpkg-new=00;90:*.dpkg-old=00;90:*.dpkg-tmp=00;90:*.old=00;90:*.orig=00;90:*.part=00;90:*.rej=00;90:*.rpmnew=00;90:*.rpmorig=00;90:*.rpmsave=00;90:*.swp=00;90:*.tmp=00;90:*.ucf-dist=00;90:*.ucf-new=00;90:*.ucf-old=00;90:', 'AMENT_PREFIX_PATH': '/home/ngt/ZENS-Final-AUVC/ros_ws/install/msgs:/home/ngt/ZENS-Final-AUVC/ros_ws/install/hardware:/home/ngt/ZENS-Final-AUVC/ros_ws/install/flashing:/home/ngt/ZENS-Final-AUVC/ros_ws/install/cv:/home/ngt/ZENS-Final-AUVC/ros_ws/install/control:/home/ngt/ZENS-Final-AUVC/ros_ws/install/bringup:/home/ngt/auvc_ws/install/tutorial_virtualenvs:/home/ngt/auvc_ws/install/tutorial_pid:/home/ngt/auvc_ws/install/tutorial_ardusub:/home/ngt/auvc_ws/install/tutorial:/home/ngt/auvc_ws/install/rosmav:/home/ngt/auvc_ws/install/example_custom_srv:/home/ngt/cv_ws/install/cv:/home/ngt/pid_ws/install/target_depth_msgs:/home/ngt/pid_ws/install/pid:/home/ngt/auv_dancing/install/tutorial:/opt/ros/jazzy', 'SHELL': '/usr/bin/zsh', 'VIRTUALENVWRAPPER_PROJECT_FILENAME': '.project', 'VIRTUALENVWRAPPER_HOOK_DIR': '/home/ngt/.virtualenvs', 'VSCODE_GIT_ASKPASS_EXTRA_ARGS': '', 'VIRTUALENVWRAPPER_SCRIPT': '/usr/share/virtualenvwrapper/virtualenvwrapper.sh', 'ROS_AUTOMATIC_DISCOVERY_RANGE': 'SUBNET', 'VIRTUAL_ENV': '/home/ngt/.virtualenvs/ardusub', 'LC_ALL': 'en_US.UTF-8', 'PWD': '/home/ngt/ZENS-Final-AUVC/ros_ws/build/control', 'SSH_CONNECTION': '192.168.3.1 64577 192.168.3.2 22', 'COPILOT_DEBUG_NONCE': 'ecfdf1043499788fb94714472659d404', 'ZDOTDIR': '/home/ngt', 'PYTHONPATH': '/home/ngt/ZENS-Final-AUVC/ros_ws/build/control/prefix_override:/usr/lib/python3/dist-packages/colcon_core/task/python/colcon_distutils_commands:/home/ngt/ZENS-Final-AUVC/ros_ws/install/control/lib/python3.12/site-packages:/home/ngt/ZENS-Final-AUVC/ros_ws/install/msgs/lib/python3.12/site-packages:/home/ngt/ZENS-Final-AUVC/ros_ws/install/hardware/lib/python3.12/site-packages:/home/ngt/ZENS-Final-AUVC/ros_ws/install/flashing/lib/python3.12/site-packages:/home/ngt/ZENS-Final-AUVC/ros_ws/install/cv/lib/python3.12/site-packages:/home/ngt/ZENS-Final-AUVC/ros_ws/install/control/lib/python3.12/site-packages:/home/ngt/ZENS-Final-AUVC/ros_ws/install/bringup/lib/python3.12/site-packages:/home/ngt/auvc_ws/install/tutorial_virtualenvs/lib/python3.12/site-packages:/home/ngt/auvc_ws/install/tutorial_pid/lib/python3.12/site-packages:/home/ngt/auvc_ws/install/tutorial_ardusub/lib/python3.12/site-packages:/home/ngt/auvc_ws/install/tutorial/lib/python3.12/site-packages:/home/ngt/auvc_ws/install/rosmav/lib/python3.12/site-packages:/home/ngt/auvc_ws/install/example_custom_srv/lib/python3.12/site-packages:/home/ngt/cv_ws/install/cv/lib/python3.12/site-packages:/home/ngt/pid_ws/install/target_depth_msgs/lib/python3.12/site-packages:/home/ngt/pid_ws/install/pid/lib/python3.12/site-packages:/home/ngt/auv_dancing/install/tutorial/lib/python3.12/site-packages:/opt/ros/jazzy/lib/python3.12/site-packages', 'COLCON': '1', 'CMAKE_PREFIX_PATH': '/home/ngt/ZENS-Final-AUVC/ros_ws/install/msgs:/home/ngt/auvc_ws/install/example_custom_srv:/home/ngt/pid_ws/install/target_depth_msgs:/opt/ros/jazzy/opt/gz_sim_vendor:/opt/ros/jazzy/opt/gz_sensors_vendor:/opt/ros/jazzy/opt/gz_physics_vendor:/opt/ros/jazzy/opt/sdformat_vendor:/opt/ros/jazzy/opt/gz_gui_vendor:/opt/ros/jazzy/opt/gz_transport_vendor:/opt/ros/jazzy/opt/gz_rendering_vendor:/opt/ros/jazzy/opt/gz_plugin_vendor:/opt/ros/jazzy/opt/gz_fuel_tools_vendor:/opt/ros/jazzy/opt/gz_msgs_vendor:/opt/ros/jazzy/opt/gz_common_vendor:/opt/ros/jazzy/opt/gz_math_vendor:/opt/ros/jazzy/opt/gz_utils_vendor:/opt/ros/jazzy/opt/gz_tools_vendor:/opt/ros/jazzy/opt/gz_ogre_next_vendor:/opt/ros/jazzy/opt/gz_dartsim_vendor:/opt/ros/jazzy/opt/gz_cmake_vendor'}, 'shell': False}
[38.877054] (-) TimerEvent: {}
[38.993194] (-) TimerEvent: {}
[39.100594] (-) TimerEvent: {}
[39.205624] (-) TimerEvent: {}
[39.314591] (-) TimerEvent: {}
[39.415537] (-) TimerEvent: {}
[39.523586] (-) TimerEvent: {}
[39.627653] (-) TimerEvent: {}
[39.738648] (-) TimerEvent: {}
[39.842675] (-) TimerEvent: {}
[39.948992] (-) TimerEvent: {}
[40.059576] (-) TimerEvent: {}
[40.162665] (-) TimerEvent: {}
[40.264634] (-) TimerEvent: {}
[40.369047] (-) TimerEvent: {}
[40.481871] (-) TimerEvent: {}
[40.589617] (-) TimerEvent: {}
[40.699664] (-) TimerEvent: {}
[40.806568] (-) TimerEvent: {}
[40.909578] (-) TimerEvent: {}
[41.011300] (-) TimerEvent: {}
[41.120313] (-) TimerEvent: {}
[41.238571] (bringup) Command: {'cmd': ['/usr/bin/python3', '-W', 'ignore:setup.py install is deprecated', '-W', 'ignore:easy_install command is deprecated', 'setup.py', 'egg_info', '--egg-base', '../../build/bringup', 'build', '--build-base', '/home/ngt/ZENS-Final-AUVC/ros_ws/build/bringup/build', 'install', '--record', '/home/ngt/ZENS-Final-AUVC/ros_ws/build/bringup/install.log', '--install-scripts', '$base/lib/bringup', '--single-version-externally-managed', 'install_data'], 'cwd': '/home/ngt/ZENS-Final-AUVC/ros_ws/src/bringup', 'env': {'PYTHON_BASIC_REPL': '1', 'VIRTUALENVWRAPPER_WORKON_CD': '1', 'USER': 'ngt', 'SSH_CLIENT': '192.168.3.1 64577 22', 'WORKON_HOME': '/home/ngt/.virtualenvs', 'GZ_SIM_RESOURCE_PATH': '/opt/ros/jazzy/share', 'GZ_CONFIG_PATH': '/opt/ros/jazzy/opt/gz_sim_vendor/share/gz:/opt/ros/jazzy/opt/sdformat_vendor/share/gz:/opt/ros/jazzy/opt/gz_gui_vendor/share/gz:/opt/ros/jazzy/opt/gz_transport_vendor/share/gz:/opt/ros/jazzy/opt/gz_rendering_vendor/share/gz:/opt/ros/jazzy/opt/gz_plugin_vendor/share/gz:/opt/ros/jazzy/opt/gz_fuel_tools_vendor/share/gz:/opt/ros/jazzy/opt/gz_msgs_vendor/share/gz:/opt/ros/jazzy/opt/gz_common_vendor/share/gz', 'XDG_SESSION_TYPE': 'tty', 'GIT_ASKPASS': '/home/ngt/.vscode-server/cli/servers/Stable-e4c7e7b1d6d060162f4aa7f8225271b67ce1df75/server/extensions/git/dist/askpass.sh', 'SHLVL': '1', 'BROWSER': '/home/ngt/.vscode-server/cli/servers/Stable-e4c7e7b1d6d060162f4aa7f8225271b67ce1df75/server/bin/helpers/browser.sh', 'LD_LIBRARY_PATH': '/home/ngt/ZENS-Final-AUVC/ros_ws/install/msgs/lib:/home/ngt/auvc_ws/install/example_custom_srv/lib:/home/ngt/pid_ws/install/target_depth_msgs/lib:/opt/ros/jazzy/opt/gz_sim_vendor/lib:/opt/ros/jazzy/opt/gz_sensors_vendor/lib:/opt/ros/jazzy/opt/gz_physics_vendor/lib:/opt/ros/jazzy/opt/sdformat_vendor/lib:/opt/ros/jazzy/opt/rviz_ogre_vendor/lib:/opt/ros/jazzy/lib/aarch64-linux-gnu:/opt/ros/jazzy/opt/gz_gui_vendor/lib:/opt/ros/jazzy/opt/gz_transport_vendor/lib:/opt/ros/jazzy/opt/gz_rendering_vendor/lib:/opt/ros/jazzy/opt/gz_plugin_vendor/lib:/opt/ros/jazzy/opt/gz_fuel_tools_vendor/lib:/opt/ros/jazzy/opt/gz_msgs_vendor/lib:/opt/ros/jazzy/opt/gz_common_vendor/lib:/opt/ros/jazzy/opt/gz_math_vendor/lib:/opt/ros/jazzy/opt/gz_utils_vendor/lib:/opt/ros/jazzy/opt/gz_tools_vendor/lib:/opt/ros/jazzy/opt/gz_ogre_next_vendor/lib:/opt/ros/jazzy/opt/gz_dartsim_vendor/lib:/opt/ros/jazzy/opt/gz_cmake_vendor/lib:/opt/ros/jazzy/lib', 'GZ_TRANSPORT_ID': '192.168.3.1', 'HOME': '/home/ngt', 'OLDPWD': '/home/ngt/ZENS-Final-AUVC', 'LESS': '-R', 'VIRTUALENVWRAPPER_PYTHON': '/usr/bin/python3', 'TERM_PROGRAM_VERSION': '1.131.0', 'VSCODE_IPC_HOOK_CLI': '/run/user/1004/vscode-ipc-b1b26d6a-adaf-4eca-b716-08e1e08290ac.sock', 'ZSH': '/home/ngt/.oh-my-zsh', 'LSCOLORS': 'Gxfxcxdxbxegedabagacad', 'GZ_TRANSPORT_PUB_PORT': '11345', 'VSCODE_GIT_ASKPASS_MAIN': '/home/ngt/.vscode-server/cli/servers/Stable-e4c7e7b1d6d060162f4aa7f8225271b67ce1df75/server/extensions/git/dist/askpass-main.js', 'PAGER': 'less', 'ROS_PYTHON_VERSION': '3', 'PS1': '(ardusub) %(?:%{\x1b[01;32m%}%1{➜%} :%{\x1b[01;31m%}%1{➜%} ) %{\x1b[36m%}%c%{\x1b[00m%} $(git_prompt_info)', 'VSCODE_GIT_ASKPASS_NODE': '/home/ngt/.vscode-server/cli/servers/Stable-e4c7e7b1d6d060162f4aa7f8225271b67ce1df75/server/node', 'DBUS_SESSION_BUS_ADDRESS': 'unix:path=/run/user/1004/bus', 'PYDEVD_DISABLE_FILE_VALIDATION': '1', 'BUNDLED_DEBUGPY_PATH': '/home/ngt/.vscode-server/extensions/ms-python.debugpy-2026.6.0-linux-arm64/bundled/libs/debugpy', 'GZ_TRANSPORT_SUB_PORT': '11346', 'VSCODE_PYTHON_AUTOACTIVATE_GUARD': '1', 'COLORTERM': 'truecolor', 'ROS_DISTRO': 'jazzy', 'COLCON_PREFIX_PATH': '/home/ngt/ZENS-Final-AUVC/ros_ws/install:/home/ngt/auvc_ws/install:/home/ngt/cv_ws/install:/home/ngt/pid_ws/install:/home/ngt/auv_dancing/install', 'LOGNAME': 'ngt', '_': '/usr/bin/colcon', 'XDG_SESSION_CLASS': 'user', 'USER_ZDOTDIR': '/home/ngt', 'ROS_VERSION': '2', 'XDG_SESSION_ID': '1', 'TERM': 'xterm-256color', 'PATH': '/home/ngt/.virtualenvs/ardusub/bin:/home/ngt/.opencode/bin:/opt/ros/jazzy/opt/gz_msgs_vendor/bin:/opt/ros/jazzy/opt/gz_tools_vendor/bin:/opt/ros/jazzy/opt/gz_ogre_next_vendor/bin:/opt/ros/jazzy/bin:/usr/lib/ccache:/home/ngt/.vscode-server/data/User/globalStorage/github.copilot-chat/debugCommand:/home/ngt/.vscode-server/data/User/globalStorage/github.copilot-chat/copilotCli:/home/ngt/.vscode-server/cli/servers/Stable-e4c7e7b1d6d060162f4aa7f8225271b67ce1df75/server/bin/remote-cli:/usr/local/sbin:/usr/local/bin:/usr/sbin:/usr/bin:/sbin:/bin:/usr/games:/usr/local/games:/snap/bin:/home/ngt/.vscode-server/extensions/ms-python.debugpy-2026.6.0-linux-arm64/bundled/scripts/noConfigScripts:/home/ngt/.local/bin:/home/ngt/ardupilot/Tools/autotest', 'XDG_RUNTIME_DIR': '/run/user/1004', 'GZ_PARTITION': 'my_sim', 'LANG': 'en_US.UTF-8', 'VSCODE_DEBUGPY_ADAPTER_ENDPOINTS': '/home/ngt/.vscode-server/extensions/ms-python.debugpy-2026.6.0-linux-arm64/.noConfigDebugAdapterEndpoints/endpoint-c18b4b5d63521f01.txt', 'PYTHONSTARTUP': '/home/ngt/.vscode-server/data/User/workspaceStorage/ebe247280dad30c76e3d7235d970e14f/ms-python.python/pythonrc.py', 'VSCODE_INJECTION': '1', 'VIRTUAL_ENV_PROMPT': 'ardusub', 'TERM_PROGRAM': 'vscode', 'VSCODE_GIT_IPC_HANDLE': '/run/user/1004/vscode-git-75828e3940.sock', 'LS_COLORS': 'rs=0:di=01;34:ln=01;36:mh=00:pi=40;33:so=01;35:do=01;35:bd=40;33;01:cd=40;33;01:or=40;31;01:mi=00:su=37;41:sg=30;43:ca=00:tw=30;42:ow=34;42:st=37;44:ex=01;32:*.tar=01;31:*.tgz=01;31:*.arc=01;31:*.arj=01;31:*.taz=01;31:*.lha=01;31:*.lz4=01;31:*.lzh=01;31:*.lzma=01;31:*.tlz=01;31:*.txz=01;31:*.tzo=01;31:*.t7z=01;31:*.zip=01;31:*.z=01;31:*.dz=01;31:*.gz=01;31:*.lrz=01;31:*.lz=01;31:*.lzo=01;31:*.xz=01;31:*.zst=01;31:*.tzst=01;31:*.bz2=01;31:*.bz=01;31:*.tbz=01;31:*.tbz2=01;31:*.tz=01;31:*.deb=01;31:*.rpm=01;31:*.jar=01;31:*.war=01;31:*.ear=01;31:*.sar=01;31:*.rar=01;31:*.alz=01;31:*.ace=01;31:*.zoo=01;31:*.cpio=01;31:*.7z=01;31:*.rz=01;31:*.cab=01;31:*.wim=01;31:*.swm=01;31:*.dwm=01;31:*.esd=01;31:*.avif=01;35:*.jpg=01;35:*.jpeg=01;35:*.mjpg=01;35:*.mjpeg=01;35:*.gif=01;35:*.bmp=01;35:*.pbm=01;35:*.pgm=01;35:*.ppm=01;35:*.tga=01;35:*.xbm=01;35:*.xpm=01;35:*.tif=01;35:*.tiff=01;35:*.png=01;35:*.svg=01;35:*.svgz=01;35:*.mng=01;35:*.pcx=01;35:*.mov=01;35:*.mpg=01;35:*.mpeg=01;35:*.m2v=01;35:*.mkv=01;35:*.webm=01;35:*.webp=01;35:*.ogm=01;35:*.mp4=01;35:*.m4v=01;35:*.mp4v=01;35:*.vob=01;35:*.qt=01;35:*.nuv=01;35:*.wmv=01;35:*.asf=01;35:*.rm=01;35:*.rmvb=01;35:*.flc=01;35:*.avi=01;35:*.fli=01;35:*.flv=01;35:*.gl=01;35:*.dl=01;35:*.xcf=01;35:*.xwd=01;35:*.yuv=01;35:*.cgm=01;35:*.emf=01;35:*.ogv=01;35:*.ogx=01;35:*.aac=00;36:*.au=00;36:*.flac=00;36:*.m4a=00;36:*.mid=00;36:*.midi=00;36:*.mka=00;36:*.mp3=00;36:*.mpc=00;36:*.ogg=00;36:*.ra=00;36:*.wav=00;36:*.oga=00;36:*.opus=00;36:*.spx=00;36:*.xspf=00;36:*~=00;90:*#=00;90:*.bak=00;90:*.crdownload=00;90:*.dpkg-dist=00;90:*.dpkg-new=00;90:*.dpkg-old=00;90:*.dpkg-tmp=00;90:*.old=00;90:*.orig=00;90:*.part=00;90:*.rej=00;90:*.rpmnew=00;90:*.rpmorig=00;90:*.rpmsave=00;90:*.swp=00;90:*.tmp=00;90:*.ucf-dist=00;90:*.ucf-new=00;90:*.ucf-old=00;90:', 'AMENT_PREFIX_PATH': '/home/ngt/ZENS-Final-AUVC/ros_ws/install/msgs:/home/ngt/ZENS-Final-AUVC/ros_ws/install/hardware:/home/ngt/ZENS-Final-AUVC/ros_ws/install/flashing:/home/ngt/ZENS-Final-AUVC/ros_ws/install/cv:/home/ngt/ZENS-Final-AUVC/ros_ws/install/control:/home/ngt/ZENS-Final-AUVC/ros_ws/install/bringup:/home/ngt/auvc_ws/install/tutorial_virtualenvs:/home/ngt/auvc_ws/install/tutorial_pid:/home/ngt/auvc_ws/install/tutorial_ardusub:/home/ngt/auvc_ws/install/tutorial:/home/ngt/auvc_ws/install/rosmav:/home/ngt/auvc_ws/install/example_custom_srv:/home/ngt/cv_ws/install/cv:/home/ngt/pid_ws/install/target_depth_msgs:/home/ngt/pid_ws/install/pid:/home/ngt/auv_dancing/install/tutorial:/opt/ros/jazzy', 'SHELL': '/usr/bin/zsh', 'VIRTUALENVWRAPPER_PROJECT_FILENAME': '.project', 'VIRTUALENVWRAPPER_HOOK_DIR': '/home/ngt/.virtualenvs', 'VSCODE_GIT_ASKPASS_EXTRA_ARGS': '', 'VIRTUALENVWRAPPER_SCRIPT': '/usr/share/virtualenvwrapper/virtualenvwrapper.sh', 'ROS_AUTOMATIC_DISCOVERY_RANGE': 'SUBNET', 'VIRTUAL_ENV': '/home/ngt/.virtualenvs/ardusub', 'LC_ALL': 'en_US.UTF-8', 'PWD': '/home/ngt/ZENS-Final-AUVC/ros_ws/build/bringup', 'SSH_CONNECTION': '192.168.3.1 64577 192.168.3.2 22', 'COPILOT_DEBUG_NONCE': 'ecfdf1043499788fb94714472659d404', 'ZDOTDIR': '/home/ngt', 'PYTHONPATH': '/home/ngt/ZENS-Final-AUVC/ros_ws/build/bringup/prefix_override:/usr/lib/python3/dist-packages/colcon_core/task/python/colcon_distutils_commands:/home/ngt/ZENS-Final-AUVC/ros_ws/install/bringup/lib/python3.12/site-packages:/home/ngt/ZENS-Final-AUVC/ros_ws/install/msgs/lib/python3.12/site-packages:/home/ngt/ZENS-Final-AUVC/ros_ws/install/hardware/lib/python3.12/site-packages:/home/ngt/ZENS-Final-AUVC/ros_ws/install/flashing/lib/python3.12/site-packages:/home/ngt/ZENS-Final-AUVC/ros_ws/install/cv/lib/python3.12/site-packages:/home/ngt/ZENS-Final-AUVC/ros_ws/install/control/lib/python3.12/site-packages:/home/ngt/ZENS-Final-AUVC/ros_ws/install/bringup/lib/python3.12/site-packages:/home/ngt/auvc_ws/install/tutorial_virtualenvs/lib/python3.12/site-packages:/home/ngt/auvc_ws/install/tutorial_pid/lib/python3.12/site-packages:/home/ngt/auvc_ws/install/tutorial_ardusub/lib/python3.12/site-packages:/home/ngt/auvc_ws/install/tutorial/lib/python3.12/site-packages:/home/ngt/auvc_ws/install/rosmav/lib/python3.12/site-packages:/home/ngt/auvc_ws/install/example_custom_srv/lib/python3.12/site-packages:/home/ngt/cv_ws/install/cv/lib/python3.12/site-packages:/home/ngt/pid_ws/install/target_depth_msgs/lib/python3.12/site-packages:/home/ngt/pid_ws/install/pid/lib/python3.12/site-packages:/home/ngt/auv_dancing/install/tutorial/lib/python3.12/site-packages:/opt/ros/jazzy/lib/python3.12/site-packages', 'COLCON': '1', 'CMAKE_PREFIX_PATH': '/home/ngt/ZENS-Final-AUVC/ros_ws/install/msgs:/home/ngt/auvc_ws/install/example_custom_srv:/home/ngt/pid_ws/install/target_depth_msgs:/opt/ros/jazzy/opt/gz_sim_vendor:/opt/ros/jazzy/opt/gz_sensors_vendor:/opt/ros/jazzy/opt/gz_physics_vendor:/opt/ros/jazzy/opt/sdformat_vendor:/opt/ros/jazzy/opt/gz_gui_vendor:/opt/ros/jazzy/opt/gz_transport_vendor:/opt/ros/jazzy/opt/gz_rendering_vendor:/opt/ros/jazzy/opt/gz_plugin_vendor:/opt/ros/jazzy/opt/gz_fuel_tools_vendor:/opt/ros/jazzy/opt/gz_msgs_vendor:/opt/ros/jazzy/opt/gz_common_vendor:/opt/ros/jazzy/opt/gz_math_vendor:/opt/ros/jazzy/opt/gz_utils_vendor:/opt/ros/jazzy/opt/gz_tools_vendor:/opt/ros/jazzy/opt/gz_ogre_next_vendor:/opt/ros/jazzy/opt/gz_dartsim_vendor:/opt/ros/jazzy/opt/gz_cmake_vendor'}, 'shell': False}
[41.253599] (-) TimerEvent: {}
[41.329510] (flashing) Command: {'cmd': ['/usr/bin/python3', '-W', 'ignore:setup.py install is deprecated', '-W', 'ignore:easy_install command is deprecated', 'setup.py', 'egg_info', '--egg-base', '../../build/flashing', 'build', '--build-base', '/home/ngt/ZENS-Final-AUVC/ros_ws/build/flashing/build', 'install', '--record', '/home/ngt/ZENS-Final-AUVC/ros_ws/build/flashing/install.log', '--install-scripts', '$base/lib/flashing', '--single-version-externally-managed', 'install_data'], 'cwd': '/home/ngt/ZENS-Final-AUVC/ros_ws/src/flashing', 'env': {'PYTHON_BASIC_REPL': '1', 'VIRTUALENVWRAPPER_WORKON_CD': '1', 'USER': 'ngt', 'SSH_CLIENT': '192.168.3.1 64577 22', 'WORKON_HOME': '/home/ngt/.virtualenvs', 'GZ_SIM_RESOURCE_PATH': '/opt/ros/jazzy/share', 'GZ_CONFIG_PATH': '/opt/ros/jazzy/opt/gz_sim_vendor/share/gz:/opt/ros/jazzy/opt/sdformat_vendor/share/gz:/opt/ros/jazzy/opt/gz_gui_vendor/share/gz:/opt/ros/jazzy/opt/gz_transport_vendor/share/gz:/opt/ros/jazzy/opt/gz_rendering_vendor/share/gz:/opt/ros/jazzy/opt/gz_plugin_vendor/share/gz:/opt/ros/jazzy/opt/gz_fuel_tools_vendor/share/gz:/opt/ros/jazzy/opt/gz_msgs_vendor/share/gz:/opt/ros/jazzy/opt/gz_common_vendor/share/gz', 'XDG_SESSION_TYPE': 'tty', 'GIT_ASKPASS': '/home/ngt/.vscode-server/cli/servers/Stable-e4c7e7b1d6d060162f4aa7f8225271b67ce1df75/server/extensions/git/dist/askpass.sh', 'SHLVL': '1', 'BROWSER': '/home/ngt/.vscode-server/cli/servers/Stable-e4c7e7b1d6d060162f4aa7f8225271b67ce1df75/server/bin/helpers/browser.sh', 'LD_LIBRARY_PATH': '/home/ngt/ZENS-Final-AUVC/ros_ws/install/msgs/lib:/home/ngt/auvc_ws/install/example_custom_srv/lib:/home/ngt/pid_ws/install/target_depth_msgs/lib:/opt/ros/jazzy/opt/gz_sim_vendor/lib:/opt/ros/jazzy/opt/gz_sensors_vendor/lib:/opt/ros/jazzy/opt/gz_physics_vendor/lib:/opt/ros/jazzy/opt/sdformat_vendor/lib:/opt/ros/jazzy/opt/rviz_ogre_vendor/lib:/opt/ros/jazzy/lib/aarch64-linux-gnu:/opt/ros/jazzy/opt/gz_gui_vendor/lib:/opt/ros/jazzy/opt/gz_transport_vendor/lib:/opt/ros/jazzy/opt/gz_rendering_vendor/lib:/opt/ros/jazzy/opt/gz_plugin_vendor/lib:/opt/ros/jazzy/opt/gz_fuel_tools_vendor/lib:/opt/ros/jazzy/opt/gz_msgs_vendor/lib:/opt/ros/jazzy/opt/gz_common_vendor/lib:/opt/ros/jazzy/opt/gz_math_vendor/lib:/opt/ros/jazzy/opt/gz_utils_vendor/lib:/opt/ros/jazzy/opt/gz_tools_vendor/lib:/opt/ros/jazzy/opt/gz_ogre_next_vendor/lib:/opt/ros/jazzy/opt/gz_dartsim_vendor/lib:/opt/ros/jazzy/opt/gz_cmake_vendor/lib:/opt/ros/jazzy/lib', 'GZ_TRANSPORT_ID': '192.168.3.1', 'HOME': '/home/ngt', 'OLDPWD': '/home/ngt/ZENS-Final-AUVC', 'LESS': '-R', 'VIRTUALENVWRAPPER_PYTHON': '/usr/bin/python3', 'TERM_PROGRAM_VERSION': '1.131.0', 'VSCODE_IPC_HOOK_CLI': '/run/user/1004/vscode-ipc-b1b26d6a-adaf-4eca-b716-08e1e08290ac.sock', 'ZSH': '/home/ngt/.oh-my-zsh', 'LSCOLORS': 'Gxfxcxdxbxegedabagacad', 'GZ_TRANSPORT_PUB_PORT': '11345', 'VSCODE_GIT_ASKPASS_MAIN': '/home/ngt/.vscode-server/cli/servers/Stable-e4c7e7b1d6d060162f4aa7f8225271b67ce1df75/server/extensions/git/dist/askpass-main.js', 'PAGER': 'less', 'ROS_PYTHON_VERSION': '3', 'PS1': '(ardusub) %(?:%{\x1b[01;32m%}%1{➜%} :%{\x1b[01;31m%}%1{➜%} ) %{\x1b[36m%}%c%{\x1b[00m%} $(git_prompt_info)', 'VSCODE_GIT_ASKPASS_NODE': '/home/ngt/.vscode-server/cli/servers/Stable-e4c7e7b1d6d060162f4aa7f8225271b67ce1df75/server/node', 'DBUS_SESSION_BUS_ADDRESS': 'unix:path=/run/user/1004/bus', 'PYDEVD_DISABLE_FILE_VALIDATION': '1', 'BUNDLED_DEBUGPY_PATH': '/home/ngt/.vscode-server/extensions/ms-python.debugpy-2026.6.0-linux-arm64/bundled/libs/debugpy', 'GZ_TRANSPORT_SUB_PORT': '11346', 'VSCODE_PYTHON_AUTOACTIVATE_GUARD': '1', 'COLORTERM': 'truecolor', 'ROS_DISTRO': 'jazzy', 'COLCON_PREFIX_PATH': '/home/ngt/ZENS-Final-AUVC/ros_ws/install:/home/ngt/auvc_ws/install:/home/ngt/cv_ws/install:/home/ngt/pid_ws/install:/home/ngt/auv_dancing/install', 'LOGNAME': 'ngt', '_': '/usr/bin/colcon', 'XDG_SESSION_CLASS': 'user', 'USER_ZDOTDIR': '/home/ngt', 'ROS_VERSION': '2', 'XDG_SESSION_ID': '1', 'TERM': 'xterm-256color', 'PATH': '/home/ngt/.virtualenvs/ardusub/bin:/home/ngt/.opencode/bin:/opt/ros/jazzy/opt/gz_msgs_vendor/bin:/opt/ros/jazzy/opt/gz_tools_vendor/bin:/opt/ros/jazzy/opt/gz_ogre_next_vendor/bin:/opt/ros/jazzy/bin:/usr/lib/ccache:/home/ngt/.vscode-server/data/User/globalStorage/github.copilot-chat/debugCommand:/home/ngt/.vscode-server/data/User/globalStorage/github.copilot-chat/copilotCli:/home/ngt/.vscode-server/cli/servers/Stable-e4c7e7b1d6d060162f4aa7f8225271b67ce1df75/server/bin/remote-cli:/usr/local/sbin:/usr/local/bin:/usr/sbin:/usr/bin:/sbin:/bin:/usr/games:/usr/local/games:/snap/bin:/home/ngt/.vscode-server/extensions/ms-python.debugpy-2026.6.0-linux-arm64/bundled/scripts/noConfigScripts:/home/ngt/.local/bin:/home/ngt/ardupilot/Tools/autotest', 'XDG_RUNTIME_DIR': '/run/user/1004', 'GZ_PARTITION': 'my_sim', 'LANG': 'en_US.UTF-8', 'VSCODE_DEBUGPY_ADAPTER_ENDPOINTS': '/home/ngt/.vscode-server/extensions/ms-python.debugpy-2026.6.0-linux-arm64/.noConfigDebugAdapterEndpoints/endpoint-c18b4b5d63521f01.txt', 'PYTHONSTARTUP': '/home/ngt/.vscode-server/data/User/workspaceStorage/ebe247280dad30c76e3d7235d970e14f/ms-python.python/pythonrc.py', 'VSCODE_INJECTION': '1', 'VIRTUAL_ENV_PROMPT': 'ardusub', 'TERM_PROGRAM': 'vscode', 'VSCODE_GIT_IPC_HANDLE': '/run/user/1004/vscode-git-75828e3940.sock', 'LS_COLORS': 'rs=0:di=01;34:ln=01;36:mh=00:pi=40;33:so=01;35:do=01;35:bd=40;33;01:cd=40;33;01:or=40;31;01:mi=00:su=37;41:sg=30;43:ca=00:tw=30;42:ow=34;42:st=37;44:ex=01;32:*.tar=01;31:*.tgz=01;31:*.arc=01;31:*.arj=01;31:*.taz=01;31:*.lha=01;31:*.lz4=01;31:*.lzh=01;31:*.lzma=01;31:*.tlz=01;31:*.txz=01;31:*.tzo=01;31:*.t7z=01;31:*.zip=01;31:*.z=01;31:*.dz=01;31:*.gz=01;31:*.lrz=01;31:*.lz=01;31:*.lzo=01;31:*.xz=01;31:*.zst=01;31:*.tzst=01;31:*.bz2=01;31:*.bz=01;31:*.tbz=01;31:*.tbz2=01;31:*.tz=01;31:*.deb=01;31:*.rpm=01;31:*.jar=01;31:*.war=01;31:*.ear=01;31:*.sar=01;31:*.rar=01;31:*.alz=01;31:*.ace=01;31:*.zoo=01;31:*.cpio=01;31:*.7z=01;31:*.rz=01;31:*.cab=01;31:*.wim=01;31:*.swm=01;31:*.dwm=01;31:*.esd=01;31:*.avif=01;35:*.jpg=01;35:*.jpeg=01;35:*.mjpg=01;35:*.mjpeg=01;35:*.gif=01;35:*.bmp=01;35:*.pbm=01;35:*.pgm=01;35:*.ppm=01;35:*.tga=01;35:*.xbm=01;35:*.xpm=01;35:*.tif=01;35:*.tiff=01;35:*.png=01;35:*.svg=01;35:*.svgz=01;35:*.mng=01;35:*.pcx=01;35:*.mov=01;35:*.mpg=01;35:*.mpeg=01;35:*.m2v=01;35:*.mkv=01;35:*.webm=01;35:*.webp=01;35:*.ogm=01;35:*.mp4=01;35:*.m4v=01;35:*.mp4v=01;35:*.vob=01;35:*.qt=01;35:*.nuv=01;35:*.wmv=01;35:*.asf=01;35:*.rm=01;35:*.rmvb=01;35:*.flc=01;35:*.avi=01;35:*.fli=01;35:*.flv=01;35:*.gl=01;35:*.dl=01;35:*.xcf=01;35:*.xwd=01;35:*.yuv=01;35:*.cgm=01;35:*.emf=01;35:*.ogv=01;35:*.ogx=01;35:*.aac=00;36:*.au=00;36:*.flac=00;36:*.m4a=00;36:*.mid=00;36:*.midi=00;36:*.mka=00;36:*.mp3=00;36:*.mpc=00;36:*.ogg=00;36:*.ra=00;36:*.wav=00;36:*.oga=00;36:*.opus=00;36:*.spx=00;36:*.xspf=00;36:*~=00;90:*#=00;90:*.bak=00;90:*.crdownload=00;90:*.dpkg-dist=00;90:*.dpkg-new=00;90:*.dpkg-old=00;90:*.dpkg-tmp=00;90:*.old=00;90:*.orig=00;90:*.part=00;90:*.rej=00;90:*.rpmnew=00;90:*.rpmorig=00;90:*.rpmsave=00;90:*.swp=00;90:*.tmp=00;90:*.ucf-dist=00;90:*.ucf-new=00;90:*.ucf-old=00;90:', 'AMENT_PREFIX_PATH': '/home/ngt/ZENS-Final-AUVC/ros_ws/install/msgs:/home/ngt/ZENS-Final-AUVC/ros_ws/install/hardware:/home/ngt/ZENS-Final-AUVC/ros_ws/install/flashing:/home/ngt/ZENS-Final-AUVC/ros_ws/install/cv:/home/ngt/ZENS-Final-AUVC/ros_ws/install/control:/home/ngt/ZENS-Final-AUVC/ros_ws/install/bringup:/home/ngt/auvc_ws/install/tutorial_virtualenvs:/home/ngt/auvc_ws/install/tutorial_pid:/home/ngt/auvc_ws/install/tutorial_ardusub:/home/ngt/auvc_ws/install/tutorial:/home/ngt/auvc_ws/install/rosmav:/home/ngt/auvc_ws/install/example_custom_srv:/home/ngt/cv_ws/install/cv:/home/ngt/pid_ws/install/target_depth_msgs:/home/ngt/pid_ws/install/pid:/home/ngt/auv_dancing/install/tutorial:/opt/ros/jazzy', 'SHELL': '/usr/bin/zsh', 'VIRTUALENVWRAPPER_PROJECT_FILENAME': '.project', 'VIRTUALENVWRAPPER_HOOK_DIR': '/home/ngt/.virtualenvs', 'VSCODE_GIT_ASKPASS_EXTRA_ARGS': '', 'VIRTUALENVWRAPPER_SCRIPT': '/usr/share/virtualenvwrapper/virtualenvwrapper.sh', 'ROS_AUTOMATIC_DISCOVERY_RANGE': 'SUBNET', 'VIRTUAL_ENV': '/home/ngt/.virtualenvs/ardusub', 'LC_ALL': 'en_US.UTF-8', 'PWD': '/home/ngt/ZENS-Final-AUVC/ros_ws/build/flashing', 'SSH_CONNECTION': '192.168.3.1 64577 192.168.3.2 22', 'COPILOT_DEBUG_NONCE': 'ecfdf1043499788fb94714472659d404', 'ZDOTDIR': '/home/ngt', 'PYTHONPATH': '/home/ngt/ZENS-Final-AUVC/ros_ws/build/flashing/prefix_override:/usr/lib/python3/dist-packages/colcon_core/task/python/colcon_distutils_commands:/home/ngt/ZENS-Final-AUVC/ros_ws/install/flashing/lib/python3.12/site-packages:/home/ngt/ZENS-Final-AUVC/ros_ws/install/msgs/lib/python3.12/site-packages:/home/ngt/ZENS-Final-AUVC/ros_ws/install/hardware/lib/python3.12/site-packages:/home/ngt/ZENS-Final-AUVC/ros_ws/install/flashing/lib/python3.12/site-packages:/home/ngt/ZENS-Final-AUVC/ros_ws/install/cv/lib/python3.12/site-packages:/home/ngt/ZENS-Final-AUVC/ros_ws/install/control/lib/python3.12/site-packages:/home/ngt/ZENS-Final-AUVC/ros_ws/install/bringup/lib/python3.12/site-packages:/home/ngt/auvc_ws/install/tutorial_virtualenvs/lib/python3.12/site-packages:/home/ngt/auvc_ws/install/tutorial_pid/lib/python3.12/site-packages:/home/ngt/auvc_ws/install/tutorial_ardusub/lib/python3.12/site-packages:/home/ngt/auvc_ws/install/tutorial/lib/python3.12/site-packages:/home/ngt/auvc_ws/install/rosmav/lib/python3.12/site-packages:/home/ngt/auvc_ws/install/example_custom_srv/lib/python3.12/site-packages:/home/ngt/cv_ws/install/cv/lib/python3.12/site-packages:/home/ngt/pid_ws/install/target_depth_msgs/lib/python3.12/site-packages:/home/ngt/pid_ws/install/pid/lib/python3.12/site-packages:/home/ngt/auv_dancing/install/tutorial/lib/python3.12/site-packages:/opt/ros/jazzy/lib/python3.12/site-packages', 'COLCON': '1', 'CMAKE_PREFIX_PATH': '/home/ngt/ZENS-Final-AUVC/ros_ws/install/msgs:/home/ngt/auvc_ws/install/example_custom_srv:/home/ngt/pid_ws/install/target_depth_msgs:/opt/ros/jazzy/opt/gz_sim_vendor:/opt/ros/jazzy/opt/gz_sensors_vendor:/opt/ros/jazzy/opt/gz_physics_vendor:/opt/ros/jazzy/opt/sdformat_vendor:/opt/ros/jazzy/opt/gz_gui_vendor:/opt/ros/jazzy/opt/gz_transport_vendor:/opt/ros/jazzy/opt/gz_rendering_vendor:/opt/ros/jazzy/opt/gz_plugin_vendor:/opt/ros/jazzy/opt/gz_fuel_tools_vendor:/opt/ros/jazzy/opt/gz_msgs_vendor:/opt/ros/jazzy/opt/gz_common_vendor:/opt/ros/jazzy/opt/gz_math_vendor:/opt/ros/jazzy/opt/gz_utils_vendor:/opt/ros/jazzy/opt/gz_tools_vendor:/opt/ros/jazzy/opt/gz_ogre_next_vendor:/opt/ros/jazzy/opt/gz_dartsim_vendor:/opt/ros/jazzy/opt/gz_cmake_vendor'}, 'shell': False}
[41.374588] (-) TimerEvent: {}
[41.483018] (-) TimerEvent: {}
[41.589589] (-) TimerEvent: {}
[41.694576] (-) TimerEvent: {}
[41.801566] (-) TimerEvent: {}
[41.906657] (-) TimerEvent: {}
[42.016597] (-) TimerEvent: {}
[42.119571] (-) TimerEvent: {}
[42.226583] (-) TimerEvent: {}
[42.327575] (-) TimerEvent: {}
[42.437037] (-) TimerEvent: {}
[42.545644] (-) TimerEvent: {}
[42.656600] (-) TimerEvent: {}
[42.759591] (-) TimerEvent: {}
[42.862995] (-) TimerEvent: {}
[42.972516] (-) TimerEvent: {}
[43.083585] (-) TimerEvent: {}
[43.184537] (-) TimerEvent: {}
[43.297241] (-) TimerEvent: {}
[43.401572] (-) TimerEvent: {}
[43.507620] (-) TimerEvent: {}
[43.626578] (-) TimerEvent: {}
[43.727621] (-) TimerEvent: {}
[43.831917] (-) TimerEvent: {}
[43.940656] (-) TimerEvent: {}
[44.055000] (-) TimerEvent: {}
[44.156639] (-) TimerEvent: {}
[44.276838] (-) TimerEvent: {}
[44.378121] (-) TimerEvent: {}
[44.497580] (-) TimerEvent: {}
[44.602788] (-) TimerEvent: {}
[44.723557] (-) TimerEvent: {}
[44.824281] (-) TimerEvent: {}
[44.934977] (-) TimerEvent: {}
[45.035850] (-) TimerEvent: {}
[45.149777] (-) TimerEvent: {}
[45.253015] (-) TimerEvent: {}
[45.370577] (-) TimerEvent: {}
[45.472578] (-) TimerEvent: {}
[45.577584] (-) TimerEvent: {}
[45.690868] (-) TimerEvent: {}
[45.793025] (-) TimerEvent: {}
[45.904591] (-) TimerEvent: {}
[46.009580] (-) TimerEvent: {}
[46.118956] (-) TimerEvent: {}
[46.234607] (-) TimerEvent: {}
[46.343592] (-) TimerEvent: {}
[46.444507] (-) TimerEvent: {}
[46.551675] (-) TimerEvent: {}
[46.652566] (-) TimerEvent: {}
[46.762174] (-) TimerEvent: {}
[46.871587] (-) TimerEvent: {}
[46.972793] (-) TimerEvent: {}
[47.073585] (-) TimerEvent: {}
[47.181582] (-) TimerEvent: {}
[47.287618] (-) TimerEvent: {}
[47.393582] (-) TimerEvent: {}
[47.495973] (-) TimerEvent: {}
[47.599579] (-) TimerEvent: {}
[47.703578] (-) TimerEvent: {}
[47.809584] (-) TimerEvent: {}
[47.913616] (-) TimerEvent: {}
[48.018851] (-) TimerEvent: {}
[48.126557] (-) TimerEvent: {}
[48.234578] (-) TimerEvent: {}
[48.335795] (-) TimerEvent: {}
[48.444577] (-) TimerEvent: {}
[48.546621] (-) TimerEvent: {}
[48.631616] (control) StdoutLine: {'line': b'running egg_info\n'}
[48.646790] (-) TimerEvent: {}
[48.752578] (-) TimerEvent: {}
[48.857606] (-) TimerEvent: {}
[48.965619] (-) TimerEvent: {}
[49.071599] (-) TimerEvent: {}
[49.179602] (-) TimerEvent: {}
[49.280903] (-) TimerEvent: {}
[49.389614] (-) TimerEvent: {}
[49.496637] (-) TimerEvent: {}
[49.605595] (-) TimerEvent: {}
[49.706528] (-) TimerEvent: {}
[49.815580] (-) TimerEvent: {}
[49.920602] (-) TimerEvent: {}
[50.028606] (-) TimerEvent: {}
[50.134576] (-) TimerEvent: {}
[50.235504] (-) TimerEvent: {}
[50.249565] (control) StdoutLine: {'line': b'writing ../../build/control/control.egg-info/PKG-INFO\n'}
[50.268593] (control) StdoutLine: {'line': b'writing dependency_links to ../../build/control/control.egg-info/dependency_links.txt\n'}
[50.284122] (control) StdoutLine: {'line': b'writing entry points to ../../build/control/control.egg-info/entry_points.txt\n'}
[50.285047] (control) StdoutLine: {'line': b'writing requirements to ../../build/control/control.egg-info/requires.txt\n'}
[50.298602] (control) StdoutLine: {'line': b'writing top-level names to ../../build/control/control.egg-info/top_level.txt\n'}
[50.337090] (-) TimerEvent: {}
[50.440036] (-) TimerEvent: {}
[50.545584] (-) TimerEvent: {}
[50.652850] (-) TimerEvent: {}
[50.762585] (-) TimerEvent: {}
[50.863948] (-) TimerEvent: {}
[50.968561] (-) TimerEvent: {}
[51.076553] (-) TimerEvent: {}
[51.185593] (-) TimerEvent: {}
[51.286394] (-) TimerEvent: {}
[51.394211] (-) TimerEvent: {}
[51.503396] (-) TimerEvent: {}
[51.604302] (-) TimerEvent: {}
[51.711589] (-) TimerEvent: {}
[51.812536] (-) TimerEvent: {}
[51.913399] (-) TimerEvent: {}
[52.015893] (-) TimerEvent: {}
[52.119601] (-) TimerEvent: {}
[52.223092] (-) TimerEvent: {}
[52.324229] (-) TimerEvent: {}
[52.429028] (-) TimerEvent: {}
[52.531577] (-) TimerEvent: {}
[52.636592] (-) TimerEvent: {}
[52.739986] (-) TimerEvent: {}
[52.842596] (-) TimerEvent: {}
[52.946091] (-) TimerEvent: {}
[53.053929] (-) TimerEvent: {}
[53.154782] (-) TimerEvent: {}
[53.256026] (-) TimerEvent: {}
[53.362133] (-) TimerEvent: {}
[53.466048] (-) TimerEvent: {}
[53.571504] (-) TimerEvent: {}
[53.680850] (-) TimerEvent: {}
[53.787578] (-) TimerEvent: {}
[53.834571] (cv) StdoutLine: {'line': b'running egg_info\n'}
[53.889577] (-) TimerEvent: {}
[53.994743] (-) TimerEvent: {}
[54.100377] (-) TimerEvent: {}
[54.203571] (-) TimerEvent: {}
[54.306575] (-) TimerEvent: {}
[54.380687] (flashing) StdoutLine: {'line': b'running egg_info\n'}
[54.409605] (-) TimerEvent: {}
[54.510533] (-) TimerEvent: {}
[54.617227] (-) TimerEvent: {}
[54.718210] (-) TimerEvent: {}
[54.826581] (-) TimerEvent: {}
[54.929377] (-) TimerEvent: {}
[55.046704] (-) TimerEvent: {}
[55.149293] (-) TimerEvent: {}
[55.255572] (-) TimerEvent: {}
[55.272905] (cv) StdoutLine: {'line': b'writing ../../build/cv/cv.egg-info/PKG-INFO\n'}
[55.285627] (cv) StdoutLine: {'line': b'writing dependency_links to ../../build/cv/cv.egg-info/dependency_links.txt\n'}
[55.296582] (cv) StdoutLine: {'line': b'writing entry points to ../../build/cv/cv.egg-info/entry_points.txt\n'}
[55.297377] (cv) StdoutLine: {'line': b'writing requirements to ../../build/cv/cv.egg-info/requires.txt\n'}
[55.317873] (cv) StdoutLine: {'line': b'writing top-level names to ../../build/cv/cv.egg-info/top_level.txt\n'}
[55.362841] (-) TimerEvent: {}
[55.469575] (-) TimerEvent: {}
[55.576574] (-) TimerEvent: {}
[55.678367] (-) TimerEvent: {}
[55.799574] (-) TimerEvent: {}
[55.909610] (-) TimerEvent: {}
[55.948672] (flashing) StdoutLine: {'line': b'writing ../../build/flashing/flashing.egg-info/PKG-INFO\n'}
[55.960068] (flashing) StdoutLine: {'line': b'writing dependency_links to ../../build/flashing/flashing.egg-info/dependency_links.txt\n'}
[55.963569] (flashing) StdoutLine: {'line': b'writing entry points to ../../build/flashing/flashing.egg-info/entry_points.txt\n'}
[55.964514] (flashing) StdoutLine: {'line': b'writing requirements to ../../build/flashing/flashing.egg-info/requires.txt\n'}
[55.996891] (flashing) StdoutLine: {'line': b'writing top-level names to ../../build/flashing/flashing.egg-info/top_level.txt\n'}
[56.020017] (-) TimerEvent: {}
[56.127102] (-) TimerEvent: {}
[56.236658] (-) TimerEvent: {}
[56.345573] (-) TimerEvent: {}
[56.455589] (-) TimerEvent: {}
[56.561618] (-) TimerEvent: {}
[56.664619] (-) TimerEvent: {}
[56.769677] (-) TimerEvent: {}
[56.879580] (-) TimerEvent: {}
[56.980370] (-) TimerEvent: {}
[57.097615] (-) TimerEvent: {}
[57.203622] (-) TimerEvent: {}
[57.308583] (-) TimerEvent: {}
[57.413594] (-) TimerEvent: {}
[57.516592] (-) TimerEvent: {}
[57.623298] (-) TimerEvent: {}
[57.727556] (-) TimerEvent: {}
[57.839577] (-) TimerEvent: {}
[57.940321] (-) TimerEvent: {}
[58.051623] (-) TimerEvent: {}
[58.154586] (-) TimerEvent: {}
[58.263919] (-) TimerEvent: {}
[58.376089] (-) TimerEvent: {}
[58.478632] (-) TimerEvent: {}
[58.561575] (bringup) StdoutLine: {'line': b'running egg_info\n'}
[58.583590] (-) TimerEvent: {}
[58.690698] (-) TimerEvent: {}
[58.798797] (-) TimerEvent: {}
[58.899604] (-) TimerEvent: {}
[59.014810] (-) TimerEvent: {}
[59.123611] (-) TimerEvent: {}
[59.231606] (-) TimerEvent: {}
[59.335762] (-) TimerEvent: {}
[59.445207] (-) TimerEvent: {}
[59.550669] (-) TimerEvent: {}
[59.659650] (-) TimerEvent: {}
[59.764212] (-) TimerEvent: {}
[59.871883] (-) TimerEvent: {}
[59.986277] (-) TimerEvent: {}
[60.092778] (-) TimerEvent: {}
[60.196383] (-) TimerEvent: {}
[60.301785] (-) TimerEvent: {}
[60.392613] (bringup) StdoutLine: {'line': b'writing ../../build/bringup/bringup.egg-info/PKG-INFO\n'}
[60.393520] (bringup) StdoutLine: {'line': b'writing dependency_links to ../../build/bringup/bringup.egg-info/dependency_links.txt\n'}
[60.394228] (control) StdoutLine: {'line': b"reading manifest file '../../build/control/control.egg-info/SOURCES.txt'\n"}
[60.414162] (bringup) StdoutLine: {'line': b'writing requirements to ../../build/bringup/bringup.egg-info/requires.txt\n'}
[60.415307] (-) TimerEvent: {}
[60.437484] (bringup) StdoutLine: {'line': b'writing top-level names to ../../build/bringup/bringup.egg-info/top_level.txt\n'}
[60.450675] (control) StdoutLine: {'line': b"writing manifest file '../../build/control/control.egg-info/SOURCES.txt'\n"}
[60.452145] (control) StdoutLine: {'line': b'running build\n'}
[60.453391] (control) StdoutLine: {'line': b'running build_py\n'}
[60.472679] (control) StdoutLine: {'line': b'running install\n'}
[60.524137] (-) TimerEvent: {}
[60.633620] (-) TimerEvent: {}
[60.701575] (control) StdoutLine: {'line': b'running install_lib\n'}
[60.739798] (-) TimerEvent: {}
[60.843842] (-) TimerEvent: {}
[60.951298] (-) TimerEvent: {}
[61.058576] (-) TimerEvent: {}
[61.161100] (-) TimerEvent: {}
[61.264623] (-) TimerEvent: {}
[61.365587] (-) TimerEvent: {}
[61.468723] (-) TimerEvent: {}
[61.573602] (-) TimerEvent: {}
[61.678642] (-) TimerEvent: {}
[61.779609] (-) TimerEvent: {}
[61.882604] (-) TimerEvent: {}
[61.984599] (-) TimerEvent: {}
[62.093590] (-) TimerEvent: {}
[62.194600] (-) TimerEvent: {}
[62.295606] (-) TimerEvent: {}
[62.396489] (-) TimerEvent: {}
[62.445738] (control) StdoutLine: {'line': b'running install_data\n'}
[62.446708] (control) StdoutLine: {'line': b'running install_egg_info\n'}
[62.509624] (-) TimerEvent: {}
[62.614988] (-) TimerEvent: {}
[62.718715] (-) TimerEvent: {}
[62.822914] (-) TimerEvent: {}
[62.928580] (-) TimerEvent: {}
[63.033671] (-) TimerEvent: {}
[63.143605] (-) TimerEvent: {}
[63.244477] (-) TimerEvent: {}
[63.357630] (-) TimerEvent: {}
[63.465637] (-) TimerEvent: {}
[63.571577] (-) TimerEvent: {}
[63.675862] (-) TimerEvent: {}
[63.729960] (cv) StdoutLine: {'line': b"reading manifest file '../../build/cv/cv.egg-info/SOURCES.txt'\n"}
[63.739889] (cv) StdoutLine: {'line': b"writing manifest file '../../build/cv/cv.egg-info/SOURCES.txt'\n"}
[63.740655] (cv) StdoutLine: {'line': b'running build\n'}
[63.741198] (cv) StdoutLine: {'line': b'running build_py\n'}
[63.754572] (cv) StdoutLine: {'line': b'running install\n'}
[63.780577] (-) TimerEvent: {}
[63.786510] (cv) StdoutLine: {'line': b'running install_lib\n'}
[63.887575] (control) StdoutLine: {'line': b"removing '/home/ngt/ZENS-Final-AUVC/ros_ws/install/control/lib/python3.12/site-packages/control-0.0.0-py3.12.egg-info' (and everything under it)\n"}
[63.888685] (-) TimerEvent: {}
[63.893653] (control) StdoutLine: {'line': b'Copying ../../build/control/control.egg-info to /home/ngt/ZENS-Final-AUVC/ros_ws/install/control/lib/python3.12/site-packages/control-0.0.0-py3.12.egg-info\n'}
[63.953624] (control) StdoutLine: {'line': b'running install_scripts\n'}
[64.001964] (-) TimerEvent: {}
[64.107579] (-) TimerEvent: {}
[64.213615] (-) TimerEvent: {}
[64.316588] (-) TimerEvent: {}
[64.422606] (-) TimerEvent: {}
[64.536576] (-) TimerEvent: {}
[64.650624] (-) TimerEvent: {}
[64.773576] (-) TimerEvent: {}
[64.878678] (-) TimerEvent: {}
[64.992633] (-) TimerEvent: {}
[65.101612] (-) TimerEvent: {}
[65.204594] (-) TimerEvent: {}
[65.310585] (-) TimerEvent: {}
[65.347578] (cv) StdoutLine: {'line': b'running install_data\n'}
[65.388568] (cv) StdoutLine: {'line': b'running install_egg_info\n'}
[65.423615] (-) TimerEvent: {}
[65.525072] (-) TimerEvent: {}
[65.631580] (-) TimerEvent: {}
[65.745585] (-) TimerEvent: {}
[65.846489] (-) TimerEvent: {}
[65.951610] (-) TimerEvent: {}
[66.060585] (-) TimerEvent: {}
[66.163566] (-) TimerEvent: {}
[66.264360] (flashing) StdoutLine: {'line': b"reading manifest file '../../build/flashing/flashing.egg-info/SOURCES.txt'\n"}
[66.265386] (-) TimerEvent: {}
[66.271626] (flashing) StdoutLine: {'line': b"writing manifest file '../../build/flashing/flashing.egg-info/SOURCES.txt'\n"}
[66.272394] (flashing) StdoutLine: {'line': b'running build\n'}
[66.291752] (flashing) StdoutLine: {'line': b'running build_py\n'}
[66.292307] (flashing) StdoutLine: {'line': b'running install\n'}
[66.321498] (flashing) StdoutLine: {'line': b'running install_lib\n'}
[66.369625] (-) TimerEvent: {}
[66.477590] (-) TimerEvent: {}
[66.582602] (-) TimerEvent: {}
[66.683566] (-) TimerEvent: {}
[66.793912] (-) TimerEvent: {}
[66.907964] (-) TimerEvent: {}
[67.015130] (-) TimerEvent: {}
[67.128007] (-) TimerEvent: {}
[67.236845] (-) TimerEvent: {}
[67.341984] (-) TimerEvent: {}
[67.452479] (-) TimerEvent: {}
[67.519357] (cv) StdoutLine: {'line': b"removing '/home/ngt/ZENS-Final-AUVC/ros_ws/install/cv/lib/python3.12/site-packages/cv-0.0.0-py3.12.egg-info' (and everything under it)\n"}
[67.520194] (flashing) StdoutLine: {'line': b'running install_data\n'}
[67.520919] (flashing) StdoutLine: {'line': b'running install_egg_info\n'}
[67.545374] (cv) StdoutLine: {'line': b'Copying ../../build/cv/cv.egg-info to /home/ngt/ZENS-Final-AUVC/ros_ws/install/cv/lib/python3.12/site-packages/cv-0.0.0-py3.12.egg-info\n'}
[67.562593] (-) TimerEvent: {}
[67.657557] (cv) StdoutLine: {'line': b'running install_scripts\n'}
[67.675640] (-) TimerEvent: {}
[67.780599] (-) TimerEvent: {}
[67.881560] (-) TimerEvent: {}
[67.982593] (-) TimerEvent: {}
[68.086930] (-) TimerEvent: {}
[68.188081] (-) TimerEvent: {}
[68.289278] (-) TimerEvent: {}
[68.392956] (-) TimerEvent: {}
[68.497604] (-) TimerEvent: {}
[68.598468] (-) TimerEvent: {}
[68.699337] (-) TimerEvent: {}
[68.800175] (-) TimerEvent: {}
[68.903578] (-) TimerEvent: {}
[69.004529] (-) TimerEvent: {}
[69.105398] (-) TimerEvent: {}
[69.208608] (-) TimerEvent: {}
[69.312617] (-) TimerEvent: {}
[69.398179] (flashing) StdoutLine: {'line': b"removing '/home/ngt/ZENS-Final-AUVC/ros_ws/install/flashing/lib/python3.12/site-packages/flashing-0.0.0-py3.12.egg-info' (and everything under it)\n"}
[69.398992] (control) StdoutLine: {'line': b'Installing depth_pid script to /home/ngt/ZENS-Final-AUVC/ros_ws/install/control/lib/control\n'}
[69.427733] (control) StdoutLine: {'line': b'Installing heading_pid script to /home/ngt/ZENS-Final-AUVC/ros_ws/install/control/lib/control\n'}
[69.428414] (-) TimerEvent: {}
[69.432618] (flashing) StdoutLine: {'line': b'Copying ../../build/flashing/flashing.egg-info to /home/ngt/ZENS-Final-AUVC/ros_ws/install/flashing/lib/python3.12/site-packages/flashing-0.0.0-py3.12.egg-info\n'}
[69.467629] (control) StdoutLine: {'line': b'Installing self_arm script to /home/ngt/ZENS-Final-AUVC/ros_ws/install/control/lib/control\n'}
[69.468904] (control) StdoutLine: {'line': b'Installing self_disarm script to /home/ngt/ZENS-Final-AUVC/ros_ws/install/control/lib/control\n'}
[69.492373] (control) StdoutLine: {'line': b"writing list of installed files to '/home/ngt/ZENS-Final-AUVC/ros_ws/build/control/install.log'\n"}
[69.493759] (cv) StdoutLine: {'line': b'Installing calibrate_camera script to /home/ngt/ZENS-Final-AUVC/ros_ws/install/cv/lib/cv\n'}
[69.528186] (cv) StdoutLine: {'line': b'Installing detect_from_image script to /home/ngt/ZENS-Final-AUVC/ros_ws/install/cv/lib/cv\n'}
[69.529348] (-) TimerEvent: {}
[69.530156] (cv) StdoutLine: {'line': b'Installing detection_node script to /home/ngt/ZENS-Final-AUVC/ros_ws/install/cv/lib/cv\n'}
[69.562395] (cv) StdoutLine: {'line': b'Installing fake_camera_node script to /home/ngt/ZENS-Final-AUVC/ros_ws/install/cv/lib/cv\n'}
[69.563545] (cv) StdoutLine: {'line': b'Installing image_saver_node script to /home/ngt/ZENS-Final-AUVC/ros_ws/install/cv/lib/cv\n'}
[69.586165] (cv) StdoutLine: {'line': b'Installing tag_heading_node script to /home/ngt/ZENS-Final-AUVC/ros_ws/install/cv/lib/cv\n'}
[69.602621] (cv) StdoutLine: {'line': b'Installing web_streamer_node script to /home/ngt/ZENS-Final-AUVC/ros_ws/install/cv/lib/cv\n'}
[69.603326] (cv) StdoutLine: {'line': b"writing list of installed files to '/home/ngt/ZENS-Final-AUVC/ros_ws/build/cv/install.log'\n"}
[69.603995] (flashing) StdoutLine: {'line': b'running install_scripts\n'}
[69.637586] (-) TimerEvent: {}
[69.738800] (-) TimerEvent: {}
[69.845630] (-) TimerEvent: {}
[69.946579] (-) TimerEvent: {}
[70.051195] (-) TimerEvent: {}
[70.159156] (-) TimerEvent: {}
[70.221616] (bringup) StdoutLine: {'line': b"reading manifest file '../../build/bringup/bringup.egg-info/SOURCES.txt'\n"}
[70.233601] (bringup) StdoutLine: {'line': b"writing manifest file '../../build/bringup/bringup.egg-info/SOURCES.txt'\n"}
[70.234542] (bringup) StdoutLine: {'line': b'running build\n'}
[70.235319] (bringup) StdoutLine: {'line': b'running build_py\n'}
[70.236130] (bringup) StdoutLine: {'line': b'running install\n'}
[70.262649] (-) TimerEvent: {}
[70.274174] (bringup) StdoutLine: {'line': b'running install_lib\n'}
[70.372866] (-) TimerEvent: {}
[70.485951] (-) TimerEvent: {}
[70.591616] (-) TimerEvent: {}
[70.697591] (-) TimerEvent: {}
[70.804750] (-) TimerEvent: {}
[70.916253] (-) TimerEvent: {}
[71.020573] (-) TimerEvent: {}
[71.123662] (cv) CommandEnded: {'returncode': 0}
[71.125303] (-) TimerEvent: {}
[71.279678] (-) TimerEvent: {}
[71.410712] (-) TimerEvent: {}
[71.519192] (-) TimerEvent: {}
[71.625676] (cv) JobEnded: {'identifier': 'cv', 'rc': 0}
[71.632930] (-) TimerEvent: {}
[71.642655] (hardware) JobStarted: {'identifier': 'hardware'}
[71.643140] (bringup) StdoutLine: {'line': b'running install_data\n'}
[71.724589] (bringup) StdoutLine: {'line': b'running install_egg_info\n'}
[71.761776] (-) TimerEvent: {}
[71.876587] (-) TimerEvent: {}
[71.986684] (-) TimerEvent: {}
[72.090595] (-) TimerEvent: {}
[72.100070] (control) CommandEnded: {'returncode': 0}
[72.195582] (-) TimerEvent: {}
[72.298629] (-) TimerEvent: {}
[72.304646] (control) JobEnded: {'identifier': 'control', 'rc': 0}
[72.331947] (msgs) JobStarted: {'identifier': 'msgs'}
[72.417654] (-) TimerEvent: {}
[72.528585] (-) TimerEvent: {}
[72.645577] (-) TimerEvent: {}
[72.748588] (-) TimerEvent: {}
[72.854580] (-) TimerEvent: {}
[72.957588] (-) TimerEvent: {}
[73.060640] (-) TimerEvent: {}
[73.165655] (-) TimerEvent: {}
[73.171596] (flashing) StdoutLine: {'line': b'Installing flashing_node script to /home/ngt/ZENS-Final-AUVC/ros_ws/install/flashing/lib/flashing\n'}
[73.172713] (flashing) StdoutLine: {'line': b"writing list of installed files to '/home/ngt/ZENS-Final-AUVC/ros_ws/build/flashing/install.log'\n"}
[73.280586] (-) TimerEvent: {}
[73.326848] (bringup) StdoutLine: {'line': b"removing '/home/ngt/ZENS-Final-AUVC/ros_ws/install/bringup/lib/python3.12/site-packages/bringup-0.0.0-py3.12.egg-info' (and everything under it)\n"}
[73.341675] (bringup) StdoutLine: {'line': b'Copying ../../build/bringup/bringup.egg-info to /home/ngt/ZENS-Final-AUVC/ros_ws/install/bringup/lib/python3.12/site-packages/bringup-0.0.0-py3.12.egg-info\n'}
[73.367663] (bringup) StdoutLine: {'line': b'running install_scripts\n'}
[73.386173] (-) TimerEvent: {}
[73.497031] (-) TimerEvent: {}
[73.601165] (-) TimerEvent: {}
[73.706085] (-) TimerEvent: {}
[73.811998] (-) TimerEvent: {}
[73.917224] (-) TimerEvent: {}
[74.025582] (-) TimerEvent: {}
[74.130580] (-) TimerEvent: {}
[74.236635] (-) TimerEvent: {}
[74.341622] (-) TimerEvent: {}
[74.444836] (-) TimerEvent: {}
[74.550590] (-) TimerEvent: {}
[74.658708] (-) TimerEvent: {}
[74.766631] (-) TimerEvent: {}
[74.869969] (-) TimerEvent: {}
[74.977539] (-) TimerEvent: {}
[75.082359] (-) TimerEvent: {}
[75.194146] (-) TimerEvent: {}
[75.304560] (-) TimerEvent: {}
[75.405337] (-) TimerEvent: {}
[75.510580] (-) TimerEvent: {}
[75.616596] (-) TimerEvent: {}
[75.717618] (-) TimerEvent: {}
[75.819721] (-) TimerEvent: {}
[75.925301] (-) TimerEvent: {}
[76.038583] (-) TimerEvent: {}
[76.147580] (-) TimerEvent: {}
[76.249853] (-) TimerEvent: {}
[76.362940] (-) TimerEvent: {}
[76.466293] (-) TimerEvent: {}
[76.575328] (-) TimerEvent: {}
[76.678632] (-) TimerEvent: {}
[76.785055] (-) TimerEvent: {}
[76.890631] (-) TimerEvent: {}
[77.006344] (-) TimerEvent: {}
[77.112586] (-) TimerEvent: {}
[77.190611] (bringup) StdoutLine: {'line': b"writing list of installed files to '/home/ngt/ZENS-Final-AUVC/ros_ws/build/bringup/install.log'\n"}
[77.221564] (-) TimerEvent: {}
[77.330571] (-) TimerEvent: {}
[77.431499] (-) TimerEvent: {}
[77.537311] (-) TimerEvent: {}
[77.646576] (-) TimerEvent: {}
[77.749579] (-) TimerEvent: {}
[77.855126] (-) TimerEvent: {}
[77.965622] (-) TimerEvent: {}
[78.067105] (-) TimerEvent: {}
[78.170600] (-) TimerEvent: {}
[78.277643] (-) TimerEvent: {}
[78.381120] (-) TimerEvent: {}
[78.494467] (-) TimerEvent: {}
[78.600820] (-) TimerEvent: {}
[78.710650] (-) TimerEvent: {}
[78.811654] (-) TimerEvent: {}
[78.921602] (-) TimerEvent: {}
[79.025641] (-) TimerEvent: {}
[79.130496] (-) TimerEvent: {}
[79.236594] (-) TimerEvent: {}
[79.341642] (-) TimerEvent: {}
[79.447577] (-) TimerEvent: {}
[79.542227] (msgs) JobProgress: {'identifier': 'msgs', 'progress': 'cmake'}
[79.561337] (msgs) JobProgress: {'identifier': 'msgs', 'progress': 'build'}
[79.561609] (-) TimerEvent: {}
[79.579727] (msgs) Command: {'cmd': ['/usr/bin/cmake', '--build', '/home/ngt/ZENS-Final-AUVC/ros_ws/build/msgs', '--', '-j4', '-l4'], 'cwd': '/home/ngt/ZENS-Final-AUVC/ros_ws/build/msgs', 'env': OrderedDict({'PYTHON_BASIC_REPL': '1', 'VIRTUALENVWRAPPER_WORKON_CD': '1', 'USER': 'ngt', 'SSH_CLIENT': '192.168.3.1 64577 22', 'WORKON_HOME': '/home/ngt/.virtualenvs', 'GZ_SIM_RESOURCE_PATH': '/opt/ros/jazzy/share', 'GZ_CONFIG_PATH': '/opt/ros/jazzy/opt/gz_sim_vendor/share/gz:/opt/ros/jazzy/opt/sdformat_vendor/share/gz:/opt/ros/jazzy/opt/gz_gui_vendor/share/gz:/opt/ros/jazzy/opt/gz_transport_vendor/share/gz:/opt/ros/jazzy/opt/gz_rendering_vendor/share/gz:/opt/ros/jazzy/opt/gz_plugin_vendor/share/gz:/opt/ros/jazzy/opt/gz_fuel_tools_vendor/share/gz:/opt/ros/jazzy/opt/gz_msgs_vendor/share/gz:/opt/ros/jazzy/opt/gz_common_vendor/share/gz', 'XDG_SESSION_TYPE': 'tty', 'GIT_ASKPASS': '/home/ngt/.vscode-server/cli/servers/Stable-e4c7e7b1d6d060162f4aa7f8225271b67ce1df75/server/extensions/git/dist/askpass.sh', 'SHLVL': '1', 'BROWSER': '/home/ngt/.vscode-server/cli/servers/Stable-e4c7e7b1d6d060162f4aa7f8225271b67ce1df75/server/bin/helpers/browser.sh', 'LD_LIBRARY_PATH': '/home/ngt/ZENS-Final-AUVC/ros_ws/install/msgs/lib:/home/ngt/auvc_ws/install/example_custom_srv/lib:/home/ngt/pid_ws/install/target_depth_msgs/lib:/opt/ros/jazzy/opt/gz_sim_vendor/lib:/opt/ros/jazzy/opt/gz_sensors_vendor/lib:/opt/ros/jazzy/opt/gz_physics_vendor/lib:/opt/ros/jazzy/opt/sdformat_vendor/lib:/opt/ros/jazzy/opt/rviz_ogre_vendor/lib:/opt/ros/jazzy/lib/aarch64-linux-gnu:/opt/ros/jazzy/opt/gz_gui_vendor/lib:/opt/ros/jazzy/opt/gz_transport_vendor/lib:/opt/ros/jazzy/opt/gz_rendering_vendor/lib:/opt/ros/jazzy/opt/gz_plugin_vendor/lib:/opt/ros/jazzy/opt/gz_fuel_tools_vendor/lib:/opt/ros/jazzy/opt/gz_msgs_vendor/lib:/opt/ros/jazzy/opt/gz_common_vendor/lib:/opt/ros/jazzy/opt/gz_math_vendor/lib:/opt/ros/jazzy/opt/gz_utils_vendor/lib:/opt/ros/jazzy/opt/gz_tools_vendor/lib:/opt/ros/jazzy/opt/gz_ogre_next_vendor/lib:/opt/ros/jazzy/opt/gz_dartsim_vendor/lib:/opt/ros/jazzy/opt/gz_cmake_vendor/lib:/opt/ros/jazzy/lib', 'GZ_TRANSPORT_ID': '192.168.3.1', 'HOME': '/home/ngt', 'OLDPWD': '/home/ngt/ZENS-Final-AUVC', 'LESS': '-R', 'VIRTUALENVWRAPPER_PYTHON': '/usr/bin/python3', 'TERM_PROGRAM_VERSION': '1.131.0', 'VSCODE_IPC_HOOK_CLI': '/run/user/1004/vscode-ipc-b1b26d6a-adaf-4eca-b716-08e1e08290ac.sock', 'ZSH': '/home/ngt/.oh-my-zsh', 'LSCOLORS': 'Gxfxcxdxbxegedabagacad', 'GZ_TRANSPORT_PUB_PORT': '11345', 'VSCODE_GIT_ASKPASS_MAIN': '/home/ngt/.vscode-server/cli/servers/Stable-e4c7e7b1d6d060162f4aa7f8225271b67ce1df75/server/extensions/git/dist/askpass-main.js', 'PAGER': 'less', 'ROS_PYTHON_VERSION': '3', 'PS1': '(ardusub) %(?:%{\x1b[01;32m%}%1{➜%} :%{\x1b[01;31m%}%1{➜%} ) %{\x1b[36m%}%c%{\x1b[00m%} $(git_prompt_info)', 'VSCODE_GIT_ASKPASS_NODE': '/home/ngt/.vscode-server/cli/servers/Stable-e4c7e7b1d6d060162f4aa7f8225271b67ce1df75/server/node', 'DBUS_SESSION_BUS_ADDRESS': 'unix:path=/run/user/1004/bus', 'PYDEVD_DISABLE_FILE_VALIDATION': '1', 'BUNDLED_DEBUGPY_PATH': '/home/ngt/.vscode-server/extensions/ms-python.debugpy-2026.6.0-linux-arm64/bundled/libs/debugpy', 'GZ_TRANSPORT_SUB_PORT': '11346', 'VSCODE_PYTHON_AUTOACTIVATE_GUARD': '1', 'COLORTERM': 'truecolor', 'ROS_DISTRO': 'jazzy', 'COLCON_PREFIX_PATH': '/home/ngt/ZENS-Final-AUVC/ros_ws/install:/home/ngt/auvc_ws/install:/home/ngt/cv_ws/install:/home/ngt/pid_ws/install:/home/ngt/auv_dancing/install', 'LOGNAME': 'ngt', '_': '/usr/bin/colcon', 'XDG_SESSION_CLASS': 'user', 'USER_ZDOTDIR': '/home/ngt', 'ROS_VERSION': '2', 'XDG_SESSION_ID': '1', 'TERM': 'xterm-256color', 'PATH': '/home/ngt/.virtualenvs/ardusub/bin:/home/ngt/.opencode/bin:/opt/ros/jazzy/opt/gz_msgs_vendor/bin:/opt/ros/jazzy/opt/gz_tools_vendor/bin:/opt/ros/jazzy/opt/gz_ogre_next_vendor/bin:/opt/ros/jazzy/bin:/usr/lib/ccache:/home/ngt/.vscode-server/data/User/globalStorage/github.copilot-chat/debugCommand:/home/ngt/.vscode-server/data/User/globalStorage/github.copilot-chat/copilotCli:/home/ngt/.vscode-server/cli/servers/Stable-e4c7e7b1d6d060162f4aa7f8225271b67ce1df75/server/bin/remote-cli:/usr/local/sbin:/usr/local/bin:/usr/sbin:/usr/bin:/sbin:/bin:/usr/games:/usr/local/games:/snap/bin:/home/ngt/.vscode-server/extensions/ms-python.debugpy-2026.6.0-linux-arm64/bundled/scripts/noConfigScripts:/home/ngt/.local/bin:/home/ngt/ardupilot/Tools/autotest', 'XDG_RUNTIME_DIR': '/run/user/1004', 'GZ_PARTITION': 'my_sim', 'LANG': 'en_US.UTF-8', 'VSCODE_DEBUGPY_ADAPTER_ENDPOINTS': '/home/ngt/.vscode-server/extensions/ms-python.debugpy-2026.6.0-linux-arm64/.noConfigDebugAdapterEndpoints/endpoint-c18b4b5d63521f01.txt', 'PYTHONSTARTUP': '/home/ngt/.vscode-server/data/User/workspaceStorage/ebe247280dad30c76e3d7235d970e14f/ms-python.python/pythonrc.py', 'VSCODE_INJECTION': '1', 'VIRTUAL_ENV_PROMPT': 'ardusub', 'TERM_PROGRAM': 'vscode', 'VSCODE_GIT_IPC_HANDLE': '/run/user/1004/vscode-git-75828e3940.sock', 'LS_COLORS': 'rs=0:di=01;34:ln=01;36:mh=00:pi=40;33:so=01;35:do=01;35:bd=40;33;01:cd=40;33;01:or=40;31;01:mi=00:su=37;41:sg=30;43:ca=00:tw=30;42:ow=34;42:st=37;44:ex=01;32:*.tar=01;31:*.tgz=01;31:*.arc=01;31:*.arj=01;31:*.taz=01;31:*.lha=01;31:*.lz4=01;31:*.lzh=01;31:*.lzma=01;31:*.tlz=01;31:*.txz=01;31:*.tzo=01;31:*.t7z=01;31:*.zip=01;31:*.z=01;31:*.dz=01;31:*.gz=01;31:*.lrz=01;31:*.lz=01;31:*.lzo=01;31:*.xz=01;31:*.zst=01;31:*.tzst=01;31:*.bz2=01;31:*.bz=01;31:*.tbz=01;31:*.tbz2=01;31:*.tz=01;31:*.deb=01;31:*.rpm=01;31:*.jar=01;31:*.war=01;31:*.ear=01;31:*.sar=01;31:*.rar=01;31:*.alz=01;31:*.ace=01;31:*.zoo=01;31:*.cpio=01;31:*.7z=01;31:*.rz=01;31:*.cab=01;31:*.wim=01;31:*.swm=01;31:*.dwm=01;31:*.esd=01;31:*.avif=01;35:*.jpg=01;35:*.jpeg=01;35:*.mjpg=01;35:*.mjpeg=01;35:*.gif=01;35:*.bmp=01;35:*.pbm=01;35:*.pgm=01;35:*.ppm=01;35:*.tga=01;35:*.xbm=01;35:*.xpm=01;35:*.tif=01;35:*.tiff=01;35:*.png=01;35:*.svg=01;35:*.svgz=01;35:*.mng=01;35:*.pcx=01;35:*.mov=01;35:*.mpg=01;35:*.mpeg=01;35:*.m2v=01;35:*.mkv=01;35:*.webm=01;35:*.webp=01;35:*.ogm=01;35:*.mp4=01;35:*.m4v=01;35:*.mp4v=01;35:*.vob=01;35:*.qt=01;35:*.nuv=01;35:*.wmv=01;35:*.asf=01;35:*.rm=01;35:*.rmvb=01;35:*.flc=01;35:*.avi=01;35:*.fli=01;35:*.flv=01;35:*.gl=01;35:*.dl=01;35:*.xcf=01;35:*.xwd=01;35:*.yuv=01;35:*.cgm=01;35:*.emf=01;35:*.ogv=01;35:*.ogx=01;35:*.aac=00;36:*.au=00;36:*.flac=00;36:*.m4a=00;36:*.mid=00;36:*.midi=00;36:*.mka=00;36:*.mp3=00;36:*.mpc=00;36:*.ogg=00;36:*.ra=00;36:*.wav=00;36:*.oga=00;36:*.opus=00;36:*.spx=00;36:*.xspf=00;36:*~=00;90:*#=00;90:*.bak=00;90:*.crdownload=00;90:*.dpkg-dist=00;90:*.dpkg-new=00;90:*.dpkg-old=00;90:*.dpkg-tmp=00;90:*.old=00;90:*.orig=00;90:*.part=00;90:*.rej=00;90:*.rpmnew=00;90:*.rpmorig=00;90:*.rpmsave=00;90:*.swp=00;90:*.tmp=00;90:*.ucf-dist=00;90:*.ucf-new=00;90:*.ucf-old=00;90:', 'AMENT_PREFIX_PATH': '/home/ngt/ZENS-Final-AUVC/ros_ws/install/msgs:/home/ngt/ZENS-Final-AUVC/ros_ws/install/hardware:/home/ngt/ZENS-Final-AUVC/ros_ws/install/flashing:/home/ngt/ZENS-Final-AUVC/ros_ws/install/cv:/home/ngt/ZENS-Final-AUVC/ros_ws/install/control:/home/ngt/ZENS-Final-AUVC/ros_ws/install/bringup:/home/ngt/auvc_ws/install/tutorial_virtualenvs:/home/ngt/auvc_ws/install/tutorial_pid:/home/ngt/auvc_ws/install/tutorial_ardusub:/home/ngt/auvc_ws/install/tutorial:/home/ngt/auvc_ws/install/rosmav:/home/ngt/auvc_ws/install/example_custom_srv:/home/ngt/cv_ws/install/cv:/home/ngt/pid_ws/install/target_depth_msgs:/home/ngt/pid_ws/install/pid:/home/ngt/auv_dancing/install/tutorial:/opt/ros/jazzy', 'SHELL': '/usr/bin/zsh', 'VIRTUALENVWRAPPER_PROJECT_FILENAME': '.project', 'VIRTUALENVWRAPPER_HOOK_DIR': '/home/ngt/.virtualenvs', 'VSCODE_GIT_ASKPASS_EXTRA_ARGS': '', 'VIRTUALENVWRAPPER_SCRIPT': '/usr/share/virtualenvwrapper/virtualenvwrapper.sh', 'ROS_AUTOMATIC_DISCOVERY_RANGE': 'SUBNET', 'VIRTUAL_ENV': '/home/ngt/.virtualenvs/ardusub', 'LC_ALL': 'en_US.UTF-8', 'PWD': '/home/ngt/ZENS-Final-AUVC/ros_ws/build/msgs', 'SSH_CONNECTION': '192.168.3.1 64577 192.168.3.2 22', 'COPILOT_DEBUG_NONCE': 'ecfdf1043499788fb94714472659d404', 'ZDOTDIR': '/home/ngt', 'PYTHONPATH': '/home/ngt/ZENS-Final-AUVC/ros_ws/install/msgs/lib/python3.12/site-packages:/home/ngt/ZENS-Final-AUVC/ros_ws/install/hardware/lib/python3.12/site-packages:/home/ngt/ZENS-Final-AUVC/ros_ws/install/flashing/lib/python3.12/site-packages:/home/ngt/ZENS-Final-AUVC/ros_ws/install/cv/lib/python3.12/site-packages:/home/ngt/ZENS-Final-AUVC/ros_ws/install/control/lib/python3.12/site-packages:/home/ngt/ZENS-Final-AUVC/ros_ws/install/bringup/lib/python3.12/site-packages:/home/ngt/auvc_ws/install/tutorial_virtualenvs/lib/python3.12/site-packages:/home/ngt/auvc_ws/install/tutorial_pid/lib/python3.12/site-packages:/home/ngt/auvc_ws/install/tutorial_ardusub/lib/python3.12/site-packages:/home/ngt/auvc_ws/install/tutorial/lib/python3.12/site-packages:/home/ngt/auvc_ws/install/rosmav/lib/python3.12/site-packages:/home/ngt/auvc_ws/install/example_custom_srv/lib/python3.12/site-packages:/home/ngt/cv_ws/install/cv/lib/python3.12/site-packages:/home/ngt/pid_ws/install/target_depth_msgs/lib/python3.12/site-packages:/home/ngt/pid_ws/install/pid/lib/python3.12/site-packages:/home/ngt/auv_dancing/install/tutorial/lib/python3.12/site-packages:/opt/ros/jazzy/lib/python3.12/site-packages', 'COLCON': '1', 'CMAKE_PREFIX_PATH': '/home/ngt/ZENS-Final-AUVC/ros_ws/install/msgs:/home/ngt/auvc_ws/install/example_custom_srv:/home/ngt/pid_ws/install/target_depth_msgs:/opt/ros/jazzy/opt/gz_sim_vendor:/opt/ros/jazzy/opt/gz_sensors_vendor:/opt/ros/jazzy/opt/gz_physics_vendor:/opt/ros/jazzy/opt/sdformat_vendor:/opt/ros/jazzy/opt/gz_gui_vendor:/opt/ros/jazzy/opt/gz_transport_vendor:/opt/ros/jazzy/opt/gz_rendering_vendor:/opt/ros/jazzy/opt/gz_plugin_vendor:/opt/ros/jazzy/opt/gz_fuel_tools_vendor:/opt/ros/jazzy/opt/gz_msgs_vendor:/opt/ros/jazzy/opt/gz_common_vendor:/opt/ros/jazzy/opt/gz_math_vendor:/opt/ros/jazzy/opt/gz_utils_vendor:/opt/ros/jazzy/opt/gz_tools_vendor:/opt/ros/jazzy/opt/gz_ogre_next_vendor:/opt/ros/jazzy/opt/gz_dartsim_vendor:/opt/ros/jazzy/opt/gz_cmake_vendor:/home/ngt/ZENS-Final-AUVC/ros_ws/install/hardware:/home/ngt/ZENS-Final-AUVC/ros_ws/install/flashing:/home/ngt/ZENS-Final-AUVC/ros_ws/install/cv:/home/ngt/ZENS-Final-AUVC/ros_ws/install/control:/home/ngt/ZENS-Final-AUVC/ros_ws/install/bringup:/home/ngt/auvc_ws/install/tutorial_virtualenvs:/home/ngt/auvc_ws/install/tutorial_pid:/home/ngt/auvc_ws/install/tutorial_ardusub:/home/ngt/auvc_ws/install/tutorial:/home/ngt/auvc_ws/install/rosmav:/home/ngt/cv_ws/install/cv:/home/ngt/pid_ws/install/pid:/home/ngt/auv_dancing/install/tutorial:/opt/ros/jazzy'}), 'shell': False}
[79.648074] (flashing) CommandEnded: {'returncode': 0}
[79.664572] (-) TimerEvent: {}
[79.785575] (-) TimerEvent: {}
[79.890693] (flashing) JobEnded: {'identifier': 'flashing', 'rc': 0}
[79.892592] (-) TimerEvent: {}
[79.893104] (bringup) CommandEnded: {'returncode': 0}
[80.013991] (-) TimerEvent: {}
[80.114828] (-) TimerEvent: {}
[80.227710] (bringup) JobEnded: {'identifier': 'bringup', 'rc': 0}
[80.231361] (-) TimerEvent: {}
[80.359735] (-) TimerEvent: {}
[80.467627] (-) TimerEvent: {}
[80.574578] (-) TimerEvent: {}
[80.682648] (-) TimerEvent: {}
[80.783507] (-) TimerEvent: {}
[80.896597] (-) TimerEvent: {}
[81.001889] (-) TimerEvent: {}
[81.065747] (msgs) StdoutLine: {'line': b'[  2%] Built target msgs__rs\n'}
[81.113577] (-) TimerEvent: {}
[81.226583] (-) TimerEvent: {}
[81.327283] (-) TimerEvent: {}
[81.429023] (-) TimerEvent: {}
[81.553672] (-) TimerEvent: {}
[81.656579] (-) TimerEvent: {}
[81.767582] (-) TimerEvent: {}
[81.872135] (-) TimerEvent: {}
[81.977644] (-) TimerEvent: {}
[82.080592] (-) TimerEvent: {}
[82.188572] (-) TimerEvent: {}
[82.299629] (-) TimerEvent: {}
[82.306629] (msgs) StdoutLine: {'line': b'[  2%] Built target ament_cmake_python_copy_msgs\n'}
[82.412607] (-) TimerEvent: {}
[82.520389] (-) TimerEvent: {}
[82.554609] (msgs) StdoutLine: {'line': b'[  5%] Built target msgs__rosidl_generator_type_description\n'}
[82.624582] (-) TimerEvent: {}
[82.727591] (-) TimerEvent: {}
[82.835563] (-) TimerEvent: {}
[82.948580] (-) TimerEvent: {}
[83.050587] (-) TimerEvent: {}
[83.152644] (-) TimerEvent: {}
[83.259505] (-) TimerEvent: {}
[83.368591] (-) TimerEvent: {}
[83.478620] (-) TimerEvent: {}
[83.583598] (-) TimerEvent: {}
[83.686993] (-) TimerEvent: {}
[83.793587] (-) TimerEvent: {}
[83.901597] (-) TimerEvent: {}
[84.008657] (-) TimerEvent: {}
[84.111253] (-) TimerEvent: {}
[84.217620] (-) TimerEvent: {}
[84.326635] (-) TimerEvent: {}
[84.436241] (-) TimerEvent: {}
[84.539763] (-) TimerEvent: {}
[84.653593] (-) TimerEvent: {}
[84.758407] (-) TimerEvent: {}
[84.863571] (-) TimerEvent: {}
[84.964713] (-) TimerEvent: {}
[85.071991] (-) TimerEvent: {}
[85.179629] (-) TimerEvent: {}
[85.286626] (-) TimerEvent: {}
[85.392392] (-) TimerEvent: {}
[85.500902] (-) TimerEvent: {}
[85.608584] (-) TimerEvent: {}
[85.714614] (-) TimerEvent: {}
[85.821587] (-) TimerEvent: {}
[85.922466] (-) TimerEvent: {}
[86.029637] (-) TimerEvent: {}
[86.134586] (-) TimerEvent: {}
[86.238584] (-) TimerEvent: {}
[86.344595] (-) TimerEvent: {}
[86.448663] (-) TimerEvent: {}
[86.554935] (-) TimerEvent: {}
[86.659542] (-) TimerEvent: {}
[86.760311] (-) TimerEvent: {}
[86.866028] (-) TimerEvent: {}
[86.967394] (-) TimerEvent: {}
[87.070370] (-) TimerEvent: {}
[87.179607] (-) TimerEvent: {}
[87.280832] (-) TimerEvent: {}
[87.384588] (-) TimerEvent: {}
[87.488215] (-) TimerEvent: {}
[87.592538] (-) TimerEvent: {}
[87.694581] (-) TimerEvent: {}
[87.800265] (-) TimerEvent: {}
[87.901218] (-) TimerEvent: {}
[88.004589] (-) TimerEvent: {}
[88.105404] (-) TimerEvent: {}
[88.206862] (-) TimerEvent: {}
[88.311602] (-) TimerEvent: {}
[88.412482] (-) TimerEvent: {}
[88.517364] (-) TimerEvent: {}
[88.618920] (-) TimerEvent: {}
[88.720532] (-) TimerEvent: {}
[88.822932] (-) TimerEvent: {}
[88.926655] (-) TimerEvent: {}
[89.029676] (-) TimerEvent: {}
[89.131670] (-) TimerEvent: {}
[89.235833] (-) TimerEvent: {}
[89.343179] (-) TimerEvent: {}
[89.450686] (-) TimerEvent: {}
[89.557665] (-) TimerEvent: {}
[89.661061] (-) TimerEvent: {}
[89.771844] (-) TimerEvent: {}
[89.882581] (-) TimerEvent: {}
[89.987603] (-) TimerEvent: {}
[90.092384] (-) TimerEvent: {}
[90.196648] (-) TimerEvent: {}
[90.300566] (-) TimerEvent: {}
[90.401576] (-) TimerEvent: {}
[90.505604] (-) TimerEvent: {}
[90.609601] (-) TimerEvent: {}
[90.710369] (-) TimerEvent: {}
[90.816687] (-) TimerEvent: {}
[90.917953] (-) TimerEvent: {}
[91.021562] (-) TimerEvent: {}
[91.122379] (-) TimerEvent: {}
[91.223774] (-) TimerEvent: {}
[91.326921] (-) TimerEvent: {}
[91.430239] (-) TimerEvent: {}
[91.532461] (-) TimerEvent: {}
[91.635291] (-) TimerEvent: {}
[91.739280] (-) TimerEvent: {}
[91.841162] (-) TimerEvent: {}
[91.947600] (-) TimerEvent: {}
[92.036793] (msgs) StdoutLine: {'line': b'running egg_info\n'}
[92.054580] (-) TimerEvent: {}
[92.158058] (-) TimerEvent: {}
[92.264591] (-) TimerEvent: {}
[92.369570] (-) TimerEvent: {}
[92.472590] (-) TimerEvent: {}
[92.573601] (-) TimerEvent: {}
[92.674548] (-) TimerEvent: {}
[92.777963] (-) TimerEvent: {}
[92.881661] (-) TimerEvent: {}
[92.983569] (-) TimerEvent: {}
[93.093597] (-) TimerEvent: {}
[93.196576] (-) TimerEvent: {}
[93.297558] (-) TimerEvent: {}
[93.402152] (-) TimerEvent: {}
[93.511094] (-) TimerEvent: {}
[93.554116] (msgs) StdoutLine: {'line': b'writing msgs.egg-info/PKG-INFO\n'}
[93.556136] (msgs) StdoutLine: {'line': b'writing dependency_links to msgs.egg-info/dependency_links.txt\n'}
[93.585850] (msgs) StdoutLine: {'line': b'writing top-level names to msgs.egg-info/top_level.txt\n'}
[93.615610] (-) TimerEvent: {}
[93.724876] (-) TimerEvent: {}
[93.825764] (-) TimerEvent: {}
[93.932592] (-) TimerEvent: {}
[94.041586] (-) TimerEvent: {}
[94.142561] (-) TimerEvent: {}
[94.249684] (-) TimerEvent: {}
[94.358678] (-) TimerEvent: {}
[94.465575] (-) TimerEvent: {}
[94.576603] (-) TimerEvent: {}
[94.684667] (-) TimerEvent: {}
[94.789583] (-) TimerEvent: {}
[94.892688] (-) TimerEvent: {}
[95.002590] (-) TimerEvent: {}
[95.108589] (-) TimerEvent: {}
[95.210589] (-) TimerEvent: {}
[95.324596] (-) TimerEvent: {}
[95.427628] (-) TimerEvent: {}
[95.530595] (-) TimerEvent: {}
[95.641617] (-) TimerEvent: {}
[95.745581] (-) TimerEvent: {}
[95.848604] (-) TimerEvent: {}
[95.956684] (-) TimerEvent: {}
[96.060580] (-) TimerEvent: {}
[96.162739] (-) TimerEvent: {}
[96.268600] (-) TimerEvent: {}
[96.370670] (-) TimerEvent: {}
[96.479613] (-) TimerEvent: {}
[96.580610] (-) TimerEvent: {}
[96.689570] (-) TimerEvent: {}
[96.794597] (-) TimerEvent: {}
[96.895348] (-) TimerEvent: {}
[96.998571] (-) TimerEvent: {}
[97.101273] (-) TimerEvent: {}
[97.207575] (-) TimerEvent: {}
[97.308509] (-) TimerEvent: {}
[97.413588] (-) TimerEvent: {}
[97.515563] (-) TimerEvent: {}
[97.618577] (-) TimerEvent: {}
[97.719326] (-) TimerEvent: {}
[97.824593] (-) TimerEvent: {}
[97.928576] (-) TimerEvent: {}
[98.031587] (-) TimerEvent: {}
[98.132503] (-) TimerEvent: {}
[98.237587] (-) TimerEvent: {}
[98.338460] (-) TimerEvent: {}
[98.442559] (-) TimerEvent: {}
[98.545582] (-) TimerEvent: {}
[98.649827] (-) TimerEvent: {}
[98.756562] (-) TimerEvent: {}
[98.859573] (-) TimerEvent: {}
[98.960330] (-) TimerEvent: {}
[99.064171] (-) TimerEvent: {}
[99.165858] (-) TimerEvent: {}
[99.274559] (-) TimerEvent: {}
[99.381329] (-) TimerEvent: {}
[99.482065] (-) TimerEvent: {}
[99.586821] (-) TimerEvent: {}
[99.692582] (-) TimerEvent: {}
[99.801636] (-) TimerEvent: {}
[99.905171] (-) TimerEvent: {}
[100.007135] (-) TimerEvent: {}
[100.115728] (-) TimerEvent: {}
[100.219106] (-) TimerEvent: {}
[100.321679] (-) TimerEvent: {}
[100.431647] (-) TimerEvent: {}
[100.535659] (-) TimerEvent: {}
[100.638575] (-) TimerEvent: {}
[100.739569] (-) TimerEvent: {}
[100.851606] (-) TimerEvent: {}
[100.952742] (-) TimerEvent: {}
[101.057050] (-) TimerEvent: {}
[101.160597] (-) TimerEvent: {}
[101.262794] (-) TimerEvent: {}
[101.333307] (msgs) StdoutLine: {'line': b"reading manifest file 'msgs.egg-info/SOURCES.txt'\n"}
[101.350407] (msgs) StdoutLine: {'line': b"writing manifest file 'msgs.egg-info/SOURCES.txt'\n"}
[101.364270] (-) TimerEvent: {}
[101.471628] (-) TimerEvent: {}
[101.574714] (-) TimerEvent: {}
[101.689667] (-) TimerEvent: {}
[101.790537] (-) TimerEvent: {}
[101.899594] (-) TimerEvent: {}
[102.001676] (-) TimerEvent: {}
[102.102742] (-) TimerEvent: {}
[102.206567] (-) TimerEvent: {}
[102.311574] (-) TimerEvent: {}
[102.393059] (msgs) StdoutLine: {'line': b'[  5%] Built target ament_cmake_python_build_msgs_egg\n'}
[102.413637] (-) TimerEvent: {}
[102.517615] (-) TimerEvent: {}
[102.625490] (-) TimerEvent: {}
[102.729085] (-) TimerEvent: {}
[102.832587] (-) TimerEvent: {}
[102.937832] (-) TimerEvent: {}
[103.008305] (msgs) StdoutLine: {'line': b'[  8%] Built target msgs__cpp\n'}
[103.041165] (-) TimerEvent: {}
[103.146607] (-) TimerEvent: {}
[103.247919] (-) TimerEvent: {}
[103.355708] (-) TimerEvent: {}
[103.462566] (-) TimerEvent: {}
[103.572951] (-) TimerEvent: {}
[103.675573] (-) TimerEvent: {}
[103.777054] (msgs) StdoutLine: {'line': b'[ 22%] Built target msgs__rosidl_generator_c\n'}
[103.777918] (-) TimerEvent: {}
[103.882589] (-) TimerEvent: {}
[103.983375] (-) TimerEvent: {}
[104.084653] (-) TimerEvent: {}
[104.188145] (-) TimerEvent: {}
[104.292545] (-) TimerEvent: {}
[104.347568] (msgs) StdoutLine: {'line': b'[ 31%] Built target msgs__rosidl_typesupport_fastrtps_c\n'}
[104.396577] (-) TimerEvent: {}
[104.497406] (-) TimerEvent: {}
[104.598291] (-) TimerEvent: {}
[104.707566] (-) TimerEvent: {}
[104.810552] (-) TimerEvent: {}
[104.916601] (-) TimerEvent: {}
[105.017403] (-) TimerEvent: {}
[105.087398] (msgs) StdoutLine: {'line': b'[ 40%] Built target msgs__rosidl_typesupport_c\n'}
[105.120563] (-) TimerEvent: {}
[105.222526] (-) TimerEvent: {}
[105.326571] (-) TimerEvent: {}
[105.433597] (-) TimerEvent: {}
[105.536743] (-) TimerEvent: {}
[105.640530] (-) TimerEvent: {}
[105.750075] (-) TimerEvent: {}
[105.801637] (msgs) StdoutLine: {'line': b'[ 48%] Built target msgs__rosidl_typesupport_introspection_cpp\n'}
[105.858733] (-) TimerEvent: {}
[105.959838] (-) TimerEvent: {}
[106.062656] (-) TimerEvent: {}
[106.165621] (-) TimerEvent: {}
[106.266594] (-) TimerEvent: {}
[106.371594] (-) TimerEvent: {}
[106.433987] (msgs) StdoutLine: {'line': b'[ 57%] Built target msgs__rosidl_typesupport_cpp\n'}
[106.476622] (-) TimerEvent: {}
[106.579624] (-) TimerEvent: {}
[106.684472] (-) TimerEvent: {}
[106.785192] (-) TimerEvent: {}
[106.894617] (-) TimerEvent: {}
[107.000670] (-) TimerEvent: {}
[107.048734] (msgs) StdoutLine: {'line': b'[ 65%] Built target msgs__rosidl_typesupport_introspection_c\n'}
[107.101612] (-) TimerEvent: {}
[107.207663] (-) TimerEvent: {}
[107.313573] (-) TimerEvent: {}
[107.416605] (-) TimerEvent: {}
[107.521619] (-) TimerEvent: {}
[107.559652] (msgs) StdoutLine: {'line': b'[ 74%] Built target msgs__rosidl_typesupport_fastrtps_cpp\n'}
[107.626593] (-) TimerEvent: {}
[107.657709] (hardware) Command: {'cmd': ['/usr/bin/python3', '-W', 'ignore:setup.py install is deprecated', '-W', 'ignore:easy_install command is deprecated', 'setup.py', 'egg_info', '--egg-base', '../../build/hardware', 'build', '--build-base', '/home/ngt/ZENS-Final-AUVC/ros_ws/build/hardware/build', 'install', '--record', '/home/ngt/ZENS-Final-AUVC/ros_ws/build/hardware/install.log', '--install-scripts', '$base/lib/hardware', '--single-version-externally-managed', 'install_data'], 'cwd': '/home/ngt/ZENS-Final-AUVC/ros_ws/src/hardware', 'env': {'PYTHON_BASIC_REPL': '1', 'VIRTUALENVWRAPPER_WORKON_CD': '1', 'USER': 'ngt', 'SSH_CLIENT': '192.168.3.1 64577 22', 'WORKON_HOME': '/home/ngt/.virtualenvs', 'GZ_SIM_RESOURCE_PATH': '/opt/ros/jazzy/share', 'GZ_CONFIG_PATH': '/opt/ros/jazzy/opt/gz_sim_vendor/share/gz:/opt/ros/jazzy/opt/sdformat_vendor/share/gz:/opt/ros/jazzy/opt/gz_gui_vendor/share/gz:/opt/ros/jazzy/opt/gz_transport_vendor/share/gz:/opt/ros/jazzy/opt/gz_rendering_vendor/share/gz:/opt/ros/jazzy/opt/gz_plugin_vendor/share/gz:/opt/ros/jazzy/opt/gz_fuel_tools_vendor/share/gz:/opt/ros/jazzy/opt/gz_msgs_vendor/share/gz:/opt/ros/jazzy/opt/gz_common_vendor/share/gz', 'XDG_SESSION_TYPE': 'tty', 'GIT_ASKPASS': '/home/ngt/.vscode-server/cli/servers/Stable-e4c7e7b1d6d060162f4aa7f8225271b67ce1df75/server/extensions/git/dist/askpass.sh', 'SHLVL': '1', 'BROWSER': '/home/ngt/.vscode-server/cli/servers/Stable-e4c7e7b1d6d060162f4aa7f8225271b67ce1df75/server/bin/helpers/browser.sh', 'LD_LIBRARY_PATH': '/home/ngt/ZENS-Final-AUVC/ros_ws/install/msgs/lib:/home/ngt/auvc_ws/install/example_custom_srv/lib:/home/ngt/pid_ws/install/target_depth_msgs/lib:/opt/ros/jazzy/opt/gz_sim_vendor/lib:/opt/ros/jazzy/opt/gz_sensors_vendor/lib:/opt/ros/jazzy/opt/gz_physics_vendor/lib:/opt/ros/jazzy/opt/sdformat_vendor/lib:/opt/ros/jazzy/opt/rviz_ogre_vendor/lib:/opt/ros/jazzy/lib/aarch64-linux-gnu:/opt/ros/jazzy/opt/gz_gui_vendor/lib:/opt/ros/jazzy/opt/gz_transport_vendor/lib:/opt/ros/jazzy/opt/gz_rendering_vendor/lib:/opt/ros/jazzy/opt/gz_plugin_vendor/lib:/opt/ros/jazzy/opt/gz_fuel_tools_vendor/lib:/opt/ros/jazzy/opt/gz_msgs_vendor/lib:/opt/ros/jazzy/opt/gz_common_vendor/lib:/opt/ros/jazzy/opt/gz_math_vendor/lib:/opt/ros/jazzy/opt/gz_utils_vendor/lib:/opt/ros/jazzy/opt/gz_tools_vendor/lib:/opt/ros/jazzy/opt/gz_ogre_next_vendor/lib:/opt/ros/jazzy/opt/gz_dartsim_vendor/lib:/opt/ros/jazzy/opt/gz_cmake_vendor/lib:/opt/ros/jazzy/lib', 'GZ_TRANSPORT_ID': '192.168.3.1', 'HOME': '/home/ngt', 'OLDPWD': '/home/ngt/ZENS-Final-AUVC', 'LESS': '-R', 'VIRTUALENVWRAPPER_PYTHON': '/usr/bin/python3', 'TERM_PROGRAM_VERSION': '1.131.0', 'VSCODE_IPC_HOOK_CLI': '/run/user/1004/vscode-ipc-b1b26d6a-adaf-4eca-b716-08e1e08290ac.sock', 'ZSH': '/home/ngt/.oh-my-zsh', 'LSCOLORS': 'Gxfxcxdxbxegedabagacad', 'GZ_TRANSPORT_PUB_PORT': '11345', 'VSCODE_GIT_ASKPASS_MAIN': '/home/ngt/.vscode-server/cli/servers/Stable-e4c7e7b1d6d060162f4aa7f8225271b67ce1df75/server/extensions/git/dist/askpass-main.js', 'PAGER': 'less', 'ROS_PYTHON_VERSION': '3', 'PS1': '(ardusub) %(?:%{\x1b[01;32m%}%1{➜%} :%{\x1b[01;31m%}%1{➜%} ) %{\x1b[36m%}%c%{\x1b[00m%} $(git_prompt_info)', 'VSCODE_GIT_ASKPASS_NODE': '/home/ngt/.vscode-server/cli/servers/Stable-e4c7e7b1d6d060162f4aa7f8225271b67ce1df75/server/node', 'DBUS_SESSION_BUS_ADDRESS': 'unix:path=/run/user/1004/bus', 'PYDEVD_DISABLE_FILE_VALIDATION': '1', 'BUNDLED_DEBUGPY_PATH': '/home/ngt/.vscode-server/extensions/ms-python.debugpy-2026.6.0-linux-arm64/bundled/libs/debugpy', 'GZ_TRANSPORT_SUB_PORT': '11346', 'VSCODE_PYTHON_AUTOACTIVATE_GUARD': '1', 'COLORTERM': 'truecolor', 'ROS_DISTRO': 'jazzy', 'COLCON_PREFIX_PATH': '/home/ngt/ZENS-Final-AUVC/ros_ws/install:/home/ngt/auvc_ws/install:/home/ngt/cv_ws/install:/home/ngt/pid_ws/install:/home/ngt/auv_dancing/install', 'LOGNAME': 'ngt', '_': '/usr/bin/colcon', 'XDG_SESSION_CLASS': 'user', 'USER_ZDOTDIR': '/home/ngt', 'ROS_VERSION': '2', 'XDG_SESSION_ID': '1', 'TERM': 'xterm-256color', 'PATH': '/home/ngt/.virtualenvs/ardusub/bin:/home/ngt/.opencode/bin:/opt/ros/jazzy/opt/gz_msgs_vendor/bin:/opt/ros/jazzy/opt/gz_tools_vendor/bin:/opt/ros/jazzy/opt/gz_ogre_next_vendor/bin:/opt/ros/jazzy/bin:/usr/lib/ccache:/home/ngt/.vscode-server/data/User/globalStorage/github.copilot-chat/debugCommand:/home/ngt/.vscode-server/data/User/globalStorage/github.copilot-chat/copilotCli:/home/ngt/.vscode-server/cli/servers/Stable-e4c7e7b1d6d060162f4aa7f8225271b67ce1df75/server/bin/remote-cli:/usr/local/sbin:/usr/local/bin:/usr/sbin:/usr/bin:/sbin:/bin:/usr/games:/usr/local/games:/snap/bin:/home/ngt/.vscode-server/extensions/ms-python.debugpy-2026.6.0-linux-arm64/bundled/scripts/noConfigScripts:/home/ngt/.local/bin:/home/ngt/ardupilot/Tools/autotest', 'XDG_RUNTIME_DIR': '/run/user/1004', 'GZ_PARTITION': 'my_sim', 'LANG': 'en_US.UTF-8', 'VSCODE_DEBUGPY_ADAPTER_ENDPOINTS': '/home/ngt/.vscode-server/extensions/ms-python.debugpy-2026.6.0-linux-arm64/.noConfigDebugAdapterEndpoints/endpoint-c18b4b5d63521f01.txt', 'PYTHONSTARTUP': '/home/ngt/.vscode-server/data/User/workspaceStorage/ebe247280dad30c76e3d7235d970e14f/ms-python.python/pythonrc.py', 'VSCODE_INJECTION': '1', 'VIRTUAL_ENV_PROMPT': 'ardusub', 'TERM_PROGRAM': 'vscode', 'VSCODE_GIT_IPC_HANDLE': '/run/user/1004/vscode-git-75828e3940.sock', 'LS_COLORS': 'rs=0:di=01;34:ln=01;36:mh=00:pi=40;33:so=01;35:do=01;35:bd=40;33;01:cd=40;33;01:or=40;31;01:mi=00:su=37;41:sg=30;43:ca=00:tw=30;42:ow=34;42:st=37;44:ex=01;32:*.tar=01;31:*.tgz=01;31:*.arc=01;31:*.arj=01;31:*.taz=01;31:*.lha=01;31:*.lz4=01;31:*.lzh=01;31:*.lzma=01;31:*.tlz=01;31:*.txz=01;31:*.tzo=01;31:*.t7z=01;31:*.zip=01;31:*.z=01;31:*.dz=01;31:*.gz=01;31:*.lrz=01;31:*.lz=01;31:*.lzo=01;31:*.xz=01;31:*.zst=01;31:*.tzst=01;31:*.bz2=01;31:*.bz=01;31:*.tbz=01;31:*.tbz2=01;31:*.tz=01;31:*.deb=01;31:*.rpm=01;31:*.jar=01;31:*.war=01;31:*.ear=01;31:*.sar=01;31:*.rar=01;31:*.alz=01;31:*.ace=01;31:*.zoo=01;31:*.cpio=01;31:*.7z=01;31:*.rz=01;31:*.cab=01;31:*.wim=01;31:*.swm=01;31:*.dwm=01;31:*.esd=01;31:*.avif=01;35:*.jpg=01;35:*.jpeg=01;35:*.mjpg=01;35:*.mjpeg=01;35:*.gif=01;35:*.bmp=01;35:*.pbm=01;35:*.pgm=01;35:*.ppm=01;35:*.tga=01;35:*.xbm=01;35:*.xpm=01;35:*.tif=01;35:*.tiff=01;35:*.png=01;35:*.svg=01;35:*.svgz=01;35:*.mng=01;35:*.pcx=01;35:*.mov=01;35:*.mpg=01;35:*.mpeg=01;35:*.m2v=01;35:*.mkv=01;35:*.webm=01;35:*.webp=01;35:*.ogm=01;35:*.mp4=01;35:*.m4v=01;35:*.mp4v=01;35:*.vob=01;35:*.qt=01;35:*.nuv=01;35:*.wmv=01;35:*.asf=01;35:*.rm=01;35:*.rmvb=01;35:*.flc=01;35:*.avi=01;35:*.fli=01;35:*.flv=01;35:*.gl=01;35:*.dl=01;35:*.xcf=01;35:*.xwd=01;35:*.yuv=01;35:*.cgm=01;35:*.emf=01;35:*.ogv=01;35:*.ogx=01;35:*.aac=00;36:*.au=00;36:*.flac=00;36:*.m4a=00;36:*.mid=00;36:*.midi=00;36:*.mka=00;36:*.mp3=00;36:*.mpc=00;36:*.ogg=00;36:*.ra=00;36:*.wav=00;36:*.oga=00;36:*.opus=00;36:*.spx=00;36:*.xspf=00;36:*~=00;90:*#=00;90:*.bak=00;90:*.crdownload=00;90:*.dpkg-dist=00;90:*.dpkg-new=00;90:*.dpkg-old=00;90:*.dpkg-tmp=00;90:*.old=00;90:*.orig=00;90:*.part=00;90:*.rej=00;90:*.rpmnew=00;90:*.rpmorig=00;90:*.rpmsave=00;90:*.swp=00;90:*.tmp=00;90:*.ucf-dist=00;90:*.ucf-new=00;90:*.ucf-old=00;90:', 'AMENT_PREFIX_PATH': '/home/ngt/ZENS-Final-AUVC/ros_ws/install/msgs:/home/ngt/ZENS-Final-AUVC/ros_ws/install/hardware:/home/ngt/ZENS-Final-AUVC/ros_ws/install/flashing:/home/ngt/ZENS-Final-AUVC/ros_ws/install/cv:/home/ngt/ZENS-Final-AUVC/ros_ws/install/control:/home/ngt/ZENS-Final-AUVC/ros_ws/install/bringup:/home/ngt/auvc_ws/install/tutorial_virtualenvs:/home/ngt/auvc_ws/install/tutorial_pid:/home/ngt/auvc_ws/install/tutorial_ardusub:/home/ngt/auvc_ws/install/tutorial:/home/ngt/auvc_ws/install/rosmav:/home/ngt/auvc_ws/install/example_custom_srv:/home/ngt/cv_ws/install/cv:/home/ngt/pid_ws/install/target_depth_msgs:/home/ngt/pid_ws/install/pid:/home/ngt/auv_dancing/install/tutorial:/opt/ros/jazzy', 'SHELL': '/usr/bin/zsh', 'VIRTUALENVWRAPPER_PROJECT_FILENAME': '.project', 'VIRTUALENVWRAPPER_HOOK_DIR': '/home/ngt/.virtualenvs', 'VSCODE_GIT_ASKPASS_EXTRA_ARGS': '', 'VIRTUALENVWRAPPER_SCRIPT': '/usr/share/virtualenvwrapper/virtualenvwrapper.sh', 'ROS_AUTOMATIC_DISCOVERY_RANGE': 'SUBNET', 'VIRTUAL_ENV': '/home/ngt/.virtualenvs/ardusub', 'LC_ALL': 'en_US.UTF-8', 'PWD': '/home/ngt/ZENS-Final-AUVC/ros_ws/build/hardware', 'SSH_CONNECTION': '192.168.3.1 64577 192.168.3.2 22', 'COPILOT_DEBUG_NONCE': 'ecfdf1043499788fb94714472659d404', 'ZDOTDIR': '/home/ngt', 'PYTHONPATH': '/home/ngt/ZENS-Final-AUVC/ros_ws/build/hardware/prefix_override:/usr/lib/python3/dist-packages/colcon_core/task/python/colcon_distutils_commands:/home/ngt/ZENS-Final-AUVC/ros_ws/install/hardware/lib/python3.12/site-packages:/home/ngt/ZENS-Final-AUVC/ros_ws/install/msgs/lib/python3.12/site-packages:/home/ngt/ZENS-Final-AUVC/ros_ws/install/hardware/lib/python3.12/site-packages:/home/ngt/ZENS-Final-AUVC/ros_ws/install/flashing/lib/python3.12/site-packages:/home/ngt/ZENS-Final-AUVC/ros_ws/install/cv/lib/python3.12/site-packages:/home/ngt/ZENS-Final-AUVC/ros_ws/install/control/lib/python3.12/site-packages:/home/ngt/ZENS-Final-AUVC/ros_ws/install/bringup/lib/python3.12/site-packages:/home/ngt/auvc_ws/install/tutorial_virtualenvs/lib/python3.12/site-packages:/home/ngt/auvc_ws/install/tutorial_pid/lib/python3.12/site-packages:/home/ngt/auvc_ws/install/tutorial_ardusub/lib/python3.12/site-packages:/home/ngt/auvc_ws/install/tutorial/lib/python3.12/site-packages:/home/ngt/auvc_ws/install/rosmav/lib/python3.12/site-packages:/home/ngt/auvc_ws/install/example_custom_srv/lib/python3.12/site-packages:/home/ngt/cv_ws/install/cv/lib/python3.12/site-packages:/home/ngt/pid_ws/install/target_depth_msgs/lib/python3.12/site-packages:/home/ngt/pid_ws/install/pid/lib/python3.12/site-packages:/home/ngt/auv_dancing/install/tutorial/lib/python3.12/site-packages:/opt/ros/jazzy/lib/python3.12/site-packages', 'COLCON': '1', 'CMAKE_PREFIX_PATH': '/home/ngt/ZENS-Final-AUVC/ros_ws/install/msgs:/home/ngt/auvc_ws/install/example_custom_srv:/home/ngt/pid_ws/install/target_depth_msgs:/opt/ros/jazzy/opt/gz_sim_vendor:/opt/ros/jazzy/opt/gz_sensors_vendor:/opt/ros/jazzy/opt/gz_physics_vendor:/opt/ros/jazzy/opt/sdformat_vendor:/opt/ros/jazzy/opt/gz_gui_vendor:/opt/ros/jazzy/opt/gz_transport_vendor:/opt/ros/jazzy/opt/gz_rendering_vendor:/opt/ros/jazzy/opt/gz_plugin_vendor:/opt/ros/jazzy/opt/gz_fuel_tools_vendor:/opt/ros/jazzy/opt/gz_msgs_vendor:/opt/ros/jazzy/opt/gz_common_vendor:/opt/ros/jazzy/opt/gz_math_vendor:/opt/ros/jazzy/opt/gz_utils_vendor:/opt/ros/jazzy/opt/gz_tools_vendor:/opt/ros/jazzy/opt/gz_ogre_next_vendor:/opt/ros/jazzy/opt/gz_dartsim_vendor:/opt/ros/jazzy/opt/gz_cmake_vendor'}, 'shell': False}
[107.730601] (-) TimerEvent: {}
[107.833591] (-) TimerEvent: {}
[107.934920] (-) TimerEvent: {}
[108.002678] (msgs) StdoutLine: {'line': b'[ 74%] Built target msgs\n'}
[108.035759] (-) TimerEvent: {}
[108.136638] (-) TimerEvent: {}
[108.240524] (-) TimerEvent: {}
[108.342769] (-) TimerEvent: {}
[108.444954] (-) TimerEvent: {}
[108.550644] (-) TimerEvent: {}
[108.633135] (msgs) StdoutLine: {'line': b'[ 77%] Built target msgs__py\n'}
[108.653772] (-) TimerEvent: {}
[108.754565] (-) TimerEvent: {}
[108.860589] (-) TimerEvent: {}
[108.961501] (-) TimerEvent: {}
[109.065177] (-) TimerEvent: {}
[109.153569] (msgs) StdoutLine: {'line': b'[ 82%] Built target msgs__rosidl_generator_py\n'}
[109.169053] (-) TimerEvent: {}
[109.275572] (-) TimerEvent: {}
[109.378608] (-) TimerEvent: {}
[109.480852] (-) TimerEvent: {}
[109.582637] (-) TimerEvent: {}
[109.689633] (-) TimerEvent: {}
[109.793603] (-) TimerEvent: {}
[109.885080] (msgs) StdoutLine: {'line': b'[ 88%] Built target msgs_s__rosidl_typesupport_fastrtps_c\n'}
[109.899520] (-) TimerEvent: {}
[110.006572] (-) TimerEvent: {}
[110.107580] (-) TimerEvent: {}
[110.208495] (-) TimerEvent: {}
[110.311553] (-) TimerEvent: {}
[110.417597] (-) TimerEvent: {}
[110.449729] (msgs) StdoutLine: {'line': b'[ 94%] Built target msgs_s__rosidl_typesupport_c\n'}
[110.521604] (-) TimerEvent: {}
[110.622559] (-) TimerEvent: {}
[110.731622] (-) TimerEvent: {}
[110.832663] (-) TimerEvent: {}
[110.933612] (-) TimerEvent: {}
[110.954608] (msgs) StdoutLine: {'line': b'[100%] Built target msgs_s__rosidl_typesupport_introspection_c\n'}
[111.037585] (-) TimerEvent: {}
[111.139788] (-) TimerEvent: {}
[111.245622] (-) TimerEvent: {}
[111.287394] (msgs) CommandEnded: {'returncode': 0}
[111.294631] (msgs) JobProgress: {'identifier': 'msgs', 'progress': 'install'}
[111.345803] (-) TimerEvent: {}
[111.451589] (-) TimerEvent: {}
[111.547970] (msgs) Command: {'cmd': ['/usr/bin/cmake', '--install', '/home/ngt/ZENS-Final-AUVC/ros_ws/build/msgs'], 'cwd': '/home/ngt/ZENS-Final-AUVC/ros_ws/build/msgs', 'env': OrderedDict({'PYTHON_BASIC_REPL': '1', 'VIRTUALENVWRAPPER_WORKON_CD': '1', 'USER': 'ngt', 'SSH_CLIENT': '192.168.3.1 64577 22', 'WORKON_HOME': '/home/ngt/.virtualenvs', 'GZ_SIM_RESOURCE_PATH': '/opt/ros/jazzy/share', 'GZ_CONFIG_PATH': '/opt/ros/jazzy/opt/gz_sim_vendor/share/gz:/opt/ros/jazzy/opt/sdformat_vendor/share/gz:/opt/ros/jazzy/opt/gz_gui_vendor/share/gz:/opt/ros/jazzy/opt/gz_transport_vendor/share/gz:/opt/ros/jazzy/opt/gz_rendering_vendor/share/gz:/opt/ros/jazzy/opt/gz_plugin_vendor/share/gz:/opt/ros/jazzy/opt/gz_fuel_tools_vendor/share/gz:/opt/ros/jazzy/opt/gz_msgs_vendor/share/gz:/opt/ros/jazzy/opt/gz_common_vendor/share/gz', 'XDG_SESSION_TYPE': 'tty', 'GIT_ASKPASS': '/home/ngt/.vscode-server/cli/servers/Stable-e4c7e7b1d6d060162f4aa7f8225271b67ce1df75/server/extensions/git/dist/askpass.sh', 'SHLVL': '1', 'BROWSER': '/home/ngt/.vscode-server/cli/servers/Stable-e4c7e7b1d6d060162f4aa7f8225271b67ce1df75/server/bin/helpers/browser.sh', 'LD_LIBRARY_PATH': '/home/ngt/ZENS-Final-AUVC/ros_ws/install/msgs/lib:/home/ngt/auvc_ws/install/example_custom_srv/lib:/home/ngt/pid_ws/install/target_depth_msgs/lib:/opt/ros/jazzy/opt/gz_sim_vendor/lib:/opt/ros/jazzy/opt/gz_sensors_vendor/lib:/opt/ros/jazzy/opt/gz_physics_vendor/lib:/opt/ros/jazzy/opt/sdformat_vendor/lib:/opt/ros/jazzy/opt/rviz_ogre_vendor/lib:/opt/ros/jazzy/lib/aarch64-linux-gnu:/opt/ros/jazzy/opt/gz_gui_vendor/lib:/opt/ros/jazzy/opt/gz_transport_vendor/lib:/opt/ros/jazzy/opt/gz_rendering_vendor/lib:/opt/ros/jazzy/opt/gz_plugin_vendor/lib:/opt/ros/jazzy/opt/gz_fuel_tools_vendor/lib:/opt/ros/jazzy/opt/gz_msgs_vendor/lib:/opt/ros/jazzy/opt/gz_common_vendor/lib:/opt/ros/jazzy/opt/gz_math_vendor/lib:/opt/ros/jazzy/opt/gz_utils_vendor/lib:/opt/ros/jazzy/opt/gz_tools_vendor/lib:/opt/ros/jazzy/opt/gz_ogre_next_vendor/lib:/opt/ros/jazzy/opt/gz_dartsim_vendor/lib:/opt/ros/jazzy/opt/gz_cmake_vendor/lib:/opt/ros/jazzy/lib', 'GZ_TRANSPORT_ID': '192.168.3.1', 'HOME': '/home/ngt', 'OLDPWD': '/home/ngt/ZENS-Final-AUVC', 'LESS': '-R', 'VIRTUALENVWRAPPER_PYTHON': '/usr/bin/python3', 'TERM_PROGRAM_VERSION': '1.131.0', 'VSCODE_IPC_HOOK_CLI': '/run/user/1004/vscode-ipc-b1b26d6a-adaf-4eca-b716-08e1e08290ac.sock', 'ZSH': '/home/ngt/.oh-my-zsh', 'LSCOLORS': 'Gxfxcxdxbxegedabagacad', 'GZ_TRANSPORT_PUB_PORT': '11345', 'VSCODE_GIT_ASKPASS_MAIN': '/home/ngt/.vscode-server/cli/servers/Stable-e4c7e7b1d6d060162f4aa7f8225271b67ce1df75/server/extensions/git/dist/askpass-main.js', 'PAGER': 'less', 'ROS_PYTHON_VERSION': '3', 'PS1': '(ardusub) %(?:%{\x1b[01;32m%}%1{➜%} :%{\x1b[01;31m%}%1{➜%} ) %{\x1b[36m%}%c%{\x1b[00m%} $(git_prompt_info)', 'VSCODE_GIT_ASKPASS_NODE': '/home/ngt/.vscode-server/cli/servers/Stable-e4c7e7b1d6d060162f4aa7f8225271b67ce1df75/server/node', 'DBUS_SESSION_BUS_ADDRESS': 'unix:path=/run/user/1004/bus', 'PYDEVD_DISABLE_FILE_VALIDATION': '1', 'BUNDLED_DEBUGPY_PATH': '/home/ngt/.vscode-server/extensions/ms-python.debugpy-2026.6.0-linux-arm64/bundled/libs/debugpy', 'GZ_TRANSPORT_SUB_PORT': '11346', 'VSCODE_PYTHON_AUTOACTIVATE_GUARD': '1', 'COLORTERM': 'truecolor', 'ROS_DISTRO': 'jazzy', 'COLCON_PREFIX_PATH': '/home/ngt/ZENS-Final-AUVC/ros_ws/install:/home/ngt/auvc_ws/install:/home/ngt/cv_ws/install:/home/ngt/pid_ws/install:/home/ngt/auv_dancing/install', 'LOGNAME': 'ngt', '_': '/usr/bin/colcon', 'XDG_SESSION_CLASS': 'user', 'USER_ZDOTDIR': '/home/ngt', 'ROS_VERSION': '2', 'XDG_SESSION_ID': '1', 'TERM': 'xterm-256color', 'PATH': '/home/ngt/.virtualenvs/ardusub/bin:/home/ngt/.opencode/bin:/opt/ros/jazzy/opt/gz_msgs_vendor/bin:/opt/ros/jazzy/opt/gz_tools_vendor/bin:/opt/ros/jazzy/opt/gz_ogre_next_vendor/bin:/opt/ros/jazzy/bin:/usr/lib/ccache:/home/ngt/.vscode-server/data/User/globalStorage/github.copilot-chat/debugCommand:/home/ngt/.vscode-server/data/User/globalStorage/github.copilot-chat/copilotCli:/home/ngt/.vscode-server/cli/servers/Stable-e4c7e7b1d6d060162f4aa7f8225271b67ce1df75/server/bin/remote-cli:/usr/local/sbin:/usr/local/bin:/usr/sbin:/usr/bin:/sbin:/bin:/usr/games:/usr/local/games:/snap/bin:/home/ngt/.vscode-server/extensions/ms-python.debugpy-2026.6.0-linux-arm64/bundled/scripts/noConfigScripts:/home/ngt/.local/bin:/home/ngt/ardupilot/Tools/autotest', 'XDG_RUNTIME_DIR': '/run/user/1004', 'GZ_PARTITION': 'my_sim', 'LANG': 'en_US.UTF-8', 'VSCODE_DEBUGPY_ADAPTER_ENDPOINTS': '/home/ngt/.vscode-server/extensions/ms-python.debugpy-2026.6.0-linux-arm64/.noConfigDebugAdapterEndpoints/endpoint-c18b4b5d63521f01.txt', 'PYTHONSTARTUP': '/home/ngt/.vscode-server/data/User/workspaceStorage/ebe247280dad30c76e3d7235d970e14f/ms-python.python/pythonrc.py', 'VSCODE_INJECTION': '1', 'VIRTUAL_ENV_PROMPT': 'ardusub', 'TERM_PROGRAM': 'vscode', 'VSCODE_GIT_IPC_HANDLE': '/run/user/1004/vscode-git-75828e3940.sock', 'LS_COLORS': 'rs=0:di=01;34:ln=01;36:mh=00:pi=40;33:so=01;35:do=01;35:bd=40;33;01:cd=40;33;01:or=40;31;01:mi=00:su=37;41:sg=30;43:ca=00:tw=30;42:ow=34;42:st=37;44:ex=01;32:*.tar=01;31:*.tgz=01;31:*.arc=01;31:*.arj=01;31:*.taz=01;31:*.lha=01;31:*.lz4=01;31:*.lzh=01;31:*.lzma=01;31:*.tlz=01;31:*.txz=01;31:*.tzo=01;31:*.t7z=01;31:*.zip=01;31:*.z=01;31:*.dz=01;31:*.gz=01;31:*.lrz=01;31:*.lz=01;31:*.lzo=01;31:*.xz=01;31:*.zst=01;31:*.tzst=01;31:*.bz2=01;31:*.bz=01;31:*.tbz=01;31:*.tbz2=01;31:*.tz=01;31:*.deb=01;31:*.rpm=01;31:*.jar=01;31:*.war=01;31:*.ear=01;31:*.sar=01;31:*.rar=01;31:*.alz=01;31:*.ace=01;31:*.zoo=01;31:*.cpio=01;31:*.7z=01;31:*.rz=01;31:*.cab=01;31:*.wim=01;31:*.swm=01;31:*.dwm=01;31:*.esd=01;31:*.avif=01;35:*.jpg=01;35:*.jpeg=01;35:*.mjpg=01;35:*.mjpeg=01;35:*.gif=01;35:*.bmp=01;35:*.pbm=01;35:*.pgm=01;35:*.ppm=01;35:*.tga=01;35:*.xbm=01;35:*.xpm=01;35:*.tif=01;35:*.tiff=01;35:*.png=01;35:*.svg=01;35:*.svgz=01;35:*.mng=01;35:*.pcx=01;35:*.mov=01;35:*.mpg=01;35:*.mpeg=01;35:*.m2v=01;35:*.mkv=01;35:*.webm=01;35:*.webp=01;35:*.ogm=01;35:*.mp4=01;35:*.m4v=01;35:*.mp4v=01;35:*.vob=01;35:*.qt=01;35:*.nuv=01;35:*.wmv=01;35:*.asf=01;35:*.rm=01;35:*.rmvb=01;35:*.flc=01;35:*.avi=01;35:*.fli=01;35:*.flv=01;35:*.gl=01;35:*.dl=01;35:*.xcf=01;35:*.xwd=01;35:*.yuv=01;35:*.cgm=01;35:*.emf=01;35:*.ogv=01;35:*.ogx=01;35:*.aac=00;36:*.au=00;36:*.flac=00;36:*.m4a=00;36:*.mid=00;36:*.midi=00;36:*.mka=00;36:*.mp3=00;36:*.mpc=00;36:*.ogg=00;36:*.ra=00;36:*.wav=00;36:*.oga=00;36:*.opus=00;36:*.spx=00;36:*.xspf=00;36:*~=00;90:*#=00;90:*.bak=00;90:*.crdownload=00;90:*.dpkg-dist=00;90:*.dpkg-new=00;90:*.dpkg-old=00;90:*.dpkg-tmp=00;90:*.old=00;90:*.orig=00;90:*.part=00;90:*.rej=00;90:*.rpmnew=00;90:*.rpmorig=00;90:*.rpmsave=00;90:*.swp=00;90:*.tmp=00;90:*.ucf-dist=00;90:*.ucf-new=00;90:*.ucf-old=00;90:', 'AMENT_PREFIX_PATH': '/home/ngt/ZENS-Final-AUVC/ros_ws/install/msgs:/home/ngt/ZENS-Final-AUVC/ros_ws/install/hardware:/home/ngt/ZENS-Final-AUVC/ros_ws/install/flashing:/home/ngt/ZENS-Final-AUVC/ros_ws/install/cv:/home/ngt/ZENS-Final-AUVC/ros_ws/install/control:/home/ngt/ZENS-Final-AUVC/ros_ws/install/bringup:/home/ngt/auvc_ws/install/tutorial_virtualenvs:/home/ngt/auvc_ws/install/tutorial_pid:/home/ngt/auvc_ws/install/tutorial_ardusub:/home/ngt/auvc_ws/install/tutorial:/home/ngt/auvc_ws/install/rosmav:/home/ngt/auvc_ws/install/example_custom_srv:/home/ngt/cv_ws/install/cv:/home/ngt/pid_ws/install/target_depth_msgs:/home/ngt/pid_ws/install/pid:/home/ngt/auv_dancing/install/tutorial:/opt/ros/jazzy', 'SHELL': '/usr/bin/zsh', 'VIRTUALENVWRAPPER_PROJECT_FILENAME': '.project', 'VIRTUALENVWRAPPER_HOOK_DIR': '/home/ngt/.virtualenvs', 'VSCODE_GIT_ASKPASS_EXTRA_ARGS': '', 'VIRTUALENVWRAPPER_SCRIPT': '/usr/share/virtualenvwrapper/virtualenvwrapper.sh', 'ROS_AUTOMATIC_DISCOVERY_RANGE': 'SUBNET', 'VIRTUAL_ENV': '/home/ngt/.virtualenvs/ardusub', 'LC_ALL': 'en_US.UTF-8', 'PWD': '/home/ngt/ZENS-Final-AUVC/ros_ws/build/msgs', 'SSH_CONNECTION': '192.168.3.1 64577 192.168.3.2 22', 'COPILOT_DEBUG_NONCE': 'ecfdf1043499788fb94714472659d404', 'ZDOTDIR': '/home/ngt', 'PYTHONPATH': '/home/ngt/ZENS-Final-AUVC/ros_ws/install/msgs/lib/python3.12/site-packages:/home/ngt/ZENS-Final-AUVC/ros_ws/install/hardware/lib/python3.12/site-packages:/home/ngt/ZENS-Final-AUVC/ros_ws/install/flashing/lib/python3.12/site-packages:/home/ngt/ZENS-Final-AUVC/ros_ws/install/cv/lib/python3.12/site-packages:/home/ngt/ZENS-Final-AUVC/ros_ws/install/control/lib/python3.12/site-packages:/home/ngt/ZENS-Final-AUVC/ros_ws/install/bringup/lib/python3.12/site-packages:/home/ngt/auvc_ws/install/tutorial_virtualenvs/lib/python3.12/site-packages:/home/ngt/auvc_ws/install/tutorial_pid/lib/python3.12/site-packages:/home/ngt/auvc_ws/install/tutorial_ardusub/lib/python3.12/site-packages:/home/ngt/auvc_ws/install/tutorial/lib/python3.12/site-packages:/home/ngt/auvc_ws/install/rosmav/lib/python3.12/site-packages:/home/ngt/auvc_ws/install/example_custom_srv/lib/python3.12/site-packages:/home/ngt/cv_ws/install/cv/lib/python3.12/site-packages:/home/ngt/pid_ws/install/target_depth_msgs/lib/python3.12/site-packages:/home/ngt/pid_ws/install/pid/lib/python3.12/site-packages:/home/ngt/auv_dancing/install/tutorial/lib/python3.12/site-packages:/opt/ros/jazzy/lib/python3.12/site-packages', 'COLCON': '1', 'CMAKE_PREFIX_PATH': '/home/ngt/ZENS-Final-AUVC/ros_ws/install/msgs:/home/ngt/auvc_ws/install/example_custom_srv:/home/ngt/pid_ws/install/target_depth_msgs:/opt/ros/jazzy/opt/gz_sim_vendor:/opt/ros/jazzy/opt/gz_sensors_vendor:/opt/ros/jazzy/opt/gz_physics_vendor:/opt/ros/jazzy/opt/sdformat_vendor:/opt/ros/jazzy/opt/gz_gui_vendor:/opt/ros/jazzy/opt/gz_transport_vendor:/opt/ros/jazzy/opt/gz_rendering_vendor:/opt/ros/jazzy/opt/gz_plugin_vendor:/opt/ros/jazzy/opt/gz_fuel_tools_vendor:/opt/ros/jazzy/opt/gz_msgs_vendor:/opt/ros/jazzy/opt/gz_common_vendor:/opt/ros/jazzy/opt/gz_math_vendor:/opt/ros/jazzy/opt/gz_utils_vendor:/opt/ros/jazzy/opt/gz_tools_vendor:/opt/ros/jazzy/opt/gz_ogre_next_vendor:/opt/ros/jazzy/opt/gz_dartsim_vendor:/opt/ros/jazzy/opt/gz_cmake_vendor:/home/ngt/ZENS-Final-AUVC/ros_ws/install/hardware:/home/ngt/ZENS-Final-AUVC/ros_ws/install/flashing:/home/ngt/ZENS-Final-AUVC/ros_ws/install/cv:/home/ngt/ZENS-Final-AUVC/ros_ws/install/control:/home/ngt/ZENS-Final-AUVC/ros_ws/install/bringup:/home/ngt/auvc_ws/install/tutorial_virtualenvs:/home/ngt/auvc_ws/install/tutorial_pid:/home/ngt/auvc_ws/install/tutorial_ardusub:/home/ngt/auvc_ws/install/tutorial:/home/ngt/auvc_ws/install/rosmav:/home/ngt/cv_ws/install/cv:/home/ngt/pid_ws/install/pid:/home/ngt/auv_dancing/install/tutorial:/opt/ros/jazzy'}), 'shell': False}
[111.555103] (-) TimerEvent: {}
[111.659556] (-) TimerEvent: {}
[111.760582] (-) TimerEvent: {}
[111.772608] (msgs) StdoutLine: {'line': b'-- Install configuration: ""\n'}
[111.775053] (msgs) StdoutLine: {'line': b'-- Up-to-date: /home/ngt/ZENS-Final-AUVC/ros_ws/install/msgs/share/ament_index/resource_index/rosidl_interfaces/msgs\n'}
[111.783815] (msgs) StdoutLine: {'line': b'-- Up-to-date: /home/ngt/ZENS-Final-AUVC/ros_ws/install/msgs/share/msgs/msg/TargetDepth.json\n'}
[111.786125] (msgs) StdoutLine: {'line': b'-- Up-to-date: /home/ngt/ZENS-Final-AUVC/ros_ws/install/msgs/include/msgs/msgs\n'}
[111.796654] (msgs) StdoutLine: {'line': b'-- Up-to-date: /home/ngt/ZENS-Final-AUVC/ros_ws/install/msgs/include/msgs/msgs/msg\n'}
[111.797458] (msgs) StdoutLine: {'line': b'-- Up-to-date: /home/ngt/ZENS-Final-AUVC/ros_ws/install/msgs/include/msgs/msgs/msg/detail\n'}
[111.803252] (msgs) StdoutLine: {'line': b'-- Up-to-date: /home/ngt/ZENS-Final-AUVC/ros_ws/install/msgs/include/msgs/msgs/msg/detail/target_depth__struct.h\n'}
[111.804117] (msgs) StdoutLine: {'line': b'-- Installing: /home/ngt/ZENS-Final-AUVC/ros_ws/install/msgs/include/msgs/msgs/msg/detail/target_depth__type_support.c\n'}
[111.804870] (msgs) StdoutLine: {'line': b'-- Up-to-date: /home/ngt/ZENS-Final-AUVC/ros_ws/install/msgs/include/msgs/msgs/msg/detail/target_depth__functions.c\n'}
[111.814568] (msgs) StdoutLine: {'line': b'-- Up-to-date: /home/ngt/ZENS-Final-AUVC/ros_ws/install/msgs/include/msgs/msgs/msg/detail/target_depth__functions.h\n'}
[111.815351] (msgs) StdoutLine: {'line': b'-- Up-to-date: /home/ngt/ZENS-Final-AUVC/ros_ws/install/msgs/include/msgs/msgs/msg/detail/target_depth__description.c\n'}
[111.821988] (msgs) StdoutLine: {'line': b'-- Up-to-date: /home/ngt/ZENS-Final-AUVC/ros_ws/install/msgs/include/msgs/msgs/msg/detail/target_depth__type_support.h\n'}
[111.827067] (msgs) StdoutLine: {'line': b'-- Up-to-date: /home/ngt/ZENS-Final-AUVC/ros_ws/install/msgs/include/msgs/msgs/msg/target_depth.h\n'}
[111.827877] (msgs) StdoutLine: {'line': b'-- Up-to-date: /home/ngt/ZENS-Final-AUVC/ros_ws/install/msgs/include/msgs/msgs/msg/rosidl_generator_c__visibility_control.h\n'}
[111.828870] (msgs) StdoutLine: {'line': b'-- Up-to-date: /home/ngt/ZENS-Final-AUVC/ros_ws/install/msgs/share/msgs/environment/library_path.sh\n'}
[111.840777] (msgs) StdoutLine: {'line': b'-- Up-to-date: /home/ngt/ZENS-Final-AUVC/ros_ws/install/msgs/share/msgs/environment/library_path.dsv\n'}
[111.841535] (msgs) StdoutLine: {'line': b'-- Up-to-date: /home/ngt/ZENS-Final-AUVC/ros_ws/install/msgs/lib/libmsgs__rosidl_generator_c.so\n'}
[111.842119] (msgs) StdoutLine: {'line': b'-- Up-to-date: /home/ngt/ZENS-Final-AUVC/ros_ws/install/msgs/include/msgs/msgs\n'}
[111.854757] (msgs) StdoutLine: {'line': b'-- Up-to-date: /home/ngt/ZENS-Final-AUVC/ros_ws/install/msgs/include/msgs/msgs/msg\n'}
[111.855638] (msgs) StdoutLine: {'line': b'-- Up-to-date: /home/ngt/ZENS-Final-AUVC/ros_ws/install/msgs/include/msgs/msgs/msg/rosidl_typesupport_fastrtps_c__visibility_control.h\n'}
[111.857085] (msgs) StdoutLine: {'line': b'-- Up-to-date: /home/ngt/ZENS-Final-AUVC/ros_ws/install/msgs/include/msgs/msgs/msg/detail\n'}
[111.869345] (-) TimerEvent: {}
[111.869895] (msgs) StdoutLine: {'line': b'-- Up-to-date: /home/ngt/ZENS-Final-AUVC/ros_ws/install/msgs/include/msgs/msgs/msg/detail/target_depth__rosidl_typesupport_fastrtps_c.h\n'}
[111.870816] (msgs) StdoutLine: {'line': b'-- Up-to-date: /home/ngt/ZENS-Final-AUVC/ros_ws/install/msgs/lib/libmsgs__rosidl_typesupport_fastrtps_c.so\n'}
[111.882951] (msgs) StdoutLine: {'line': b'-- Up-to-date: /home/ngt/ZENS-Final-AUVC/ros_ws/install/msgs/include/msgs/msgs\n'}
[111.883904] (msgs) StdoutLine: {'line': b'-- Up-to-date: /home/ngt/ZENS-Final-AUVC/ros_ws/install/msgs/include/msgs/msgs/msg\n'}
[111.884831] (msgs) StdoutLine: {'line': b'-- Up-to-date: /home/ngt/ZENS-Final-AUVC/ros_ws/install/msgs/include/msgs/msgs/msg/rosidl_generator_cpp__visibility_control.hpp\n'}
[111.885403] (msgs) StdoutLine: {'line': b'-- Up-to-date: /home/ngt/ZENS-Final-AUVC/ros_ws/install/msgs/include/msgs/msgs/msg/detail\n'}
[111.898308] (msgs) StdoutLine: {'line': b'-- Up-to-date: /home/ngt/ZENS-Final-AUVC/ros_ws/install/msgs/include/msgs/msgs/msg/detail/target_depth__traits.hpp\n'}
[111.899039] (msgs) StdoutLine: {'line': b'-- Up-to-date: /home/ngt/ZENS-Final-AUVC/ros_ws/install/msgs/include/msgs/msgs/msg/detail/target_depth__type_support.hpp\n'}
[111.899766] (msgs) StdoutLine: {'line': b'-- Up-to-date: /home/ngt/ZENS-Final-AUVC/ros_ws/install/msgs/include/msgs/msgs/msg/detail/target_depth__builder.hpp\n'}
[111.914708] (msgs) StdoutLine: {'line': b'-- Up-to-date: /home/ngt/ZENS-Final-AUVC/ros_ws/install/msgs/include/msgs/msgs/msg/detail/target_depth__struct.hpp\n'}
[111.915512] (msgs) StdoutLine: {'line': b'-- Up-to-date: /home/ngt/ZENS-Final-AUVC/ros_ws/install/msgs/include/msgs/msgs/msg/target_depth.hpp\n'}
[111.916159] (msgs) StdoutLine: {'line': b'-- Up-to-date: /home/ngt/ZENS-Final-AUVC/ros_ws/install/msgs/include/msgs/msgs\n'}
[111.916959] (msgs) StdoutLine: {'line': b'-- Up-to-date: /home/ngt/ZENS-Final-AUVC/ros_ws/install/msgs/include/msgs/msgs/msg\n'}
[111.925985] (msgs) StdoutLine: {'line': b'-- Up-to-date: /home/ngt/ZENS-Final-AUVC/ros_ws/install/msgs/include/msgs/msgs/msg/rosidl_typesupport_fastrtps_cpp__visibility_control.h\n'}
[111.926794] (msgs) StdoutLine: {'line': b'-- Up-to-date: /home/ngt/ZENS-Final-AUVC/ros_ws/install/msgs/include/msgs/msgs/msg/detail\n'}
[111.927671] (msgs) StdoutLine: {'line': b'-- Up-to-date: /home/ngt/ZENS-Final-AUVC/ros_ws/install/msgs/include/msgs/msgs/msg/detail/dds_fastrtps\n'}
[111.928320] (msgs) StdoutLine: {'line': b'-- Up-to-date: /home/ngt/ZENS-Final-AUVC/ros_ws/install/msgs/include/msgs/msgs/msg/detail/target_depth__rosidl_typesupport_fastrtps_cpp.hpp\n'}
[111.941191] (msgs) StdoutLine: {'line': b'-- Up-to-date: /home/ngt/ZENS-Final-AUVC/ros_ws/install/msgs/lib/libmsgs__rosidl_typesupport_fastrtps_cpp.so\n'}
[111.941899] (msgs) StdoutLine: {'line': b'-- Up-to-date: /home/ngt/ZENS-Final-AUVC/ros_ws/install/msgs/include/msgs/msgs\n'}
[111.942485] (msgs) StdoutLine: {'line': b'-- Up-to-date: /home/ngt/ZENS-Final-AUVC/ros_ws/install/msgs/include/msgs/msgs/msg\n'}
[111.943155] (msgs) StdoutLine: {'line': b'-- Up-to-date: /home/ngt/ZENS-Final-AUVC/ros_ws/install/msgs/include/msgs/msgs/msg/rosidl_typesupport_introspection_c__visibility_control.h\n'}
[111.955863] (msgs) StdoutLine: {'line': b'-- Up-to-date: /home/ngt/ZENS-Final-AUVC/ros_ws/install/msgs/include/msgs/msgs/msg/detail\n'}
[111.956575] (msgs) StdoutLine: {'line': b'-- Installing: /home/ngt/ZENS-Final-AUVC/ros_ws/install/msgs/include/msgs/msgs/msg/detail/target_depth__type_support.c\n'}
[111.957252] (msgs) StdoutLine: {'line': b'-- Up-to-date: /home/ngt/ZENS-Final-AUVC/ros_ws/install/msgs/include/msgs/msgs/msg/detail/target_depth__rosidl_typesupport_introspection_c.h\n'}
[111.957942] (msgs) StdoutLine: {'line': b'-- Up-to-date: /home/ngt/ZENS-Final-AUVC/ros_ws/install/msgs/lib/libmsgs__rosidl_typesupport_introspection_c.so\n'}
[111.968660] (msgs) StdoutLine: {'line': b'-- Up-to-date: /home/ngt/ZENS-Final-AUVC/ros_ws/install/msgs/lib/libmsgs__rosidl_typesupport_c.so\n'}
[111.972251] (-) TimerEvent: {}
[111.972798] (msgs) StdoutLine: {'line': b'-- Up-to-date: /home/ngt/ZENS-Final-AUVC/ros_ws/install/msgs/include/msgs/msgs\n'}
[111.973542] (msgs) StdoutLine: {'line': b'-- Up-to-date: /home/ngt/ZENS-Final-AUVC/ros_ws/install/msgs/include/msgs/msgs/msg\n'}
[111.974241] (msgs) StdoutLine: {'line': b'-- Up-to-date: /home/ngt/ZENS-Final-AUVC/ros_ws/install/msgs/include/msgs/msgs/msg/detail\n'}
[111.984125] (msgs) StdoutLine: {'line': b'-- Up-to-date: /home/ngt/ZENS-Final-AUVC/ros_ws/install/msgs/include/msgs/msgs/msg/detail/target_depth__rosidl_typesupport_introspection_cpp.hpp\n'}
[111.984825] (msgs) StdoutLine: {'line': b'-- Up-to-date: /home/ngt/ZENS-Final-AUVC/ros_ws/install/msgs/include/msgs/msgs/msg/detail/target_depth__type_support.cpp\n'}
[111.985819] (msgs) StdoutLine: {'line': b'-- Up-to-date: /home/ngt/ZENS-Final-AUVC/ros_ws/install/msgs/lib/libmsgs__rosidl_typesupport_introspection_cpp.so\n'}
[112.000471] (msgs) StdoutLine: {'line': b'-- Up-to-date: /home/ngt/ZENS-Final-AUVC/ros_ws/install/msgs/lib/libmsgs__rosidl_typesupport_cpp.so\n'}
[112.001186] (msgs) StdoutLine: {'line': b'-- Up-to-date: /home/ngt/ZENS-Final-AUVC/ros_ws/install/msgs/share/msgs/environment/pythonpath.sh\n'}
[112.001923] (msgs) StdoutLine: {'line': b'-- Up-to-date: /home/ngt/ZENS-Final-AUVC/ros_ws/install/msgs/share/msgs/environment/pythonpath.dsv\n'}
[112.008753] (msgs) StdoutLine: {'line': b'-- Up-to-date: /home/ngt/ZENS-Final-AUVC/ros_ws/install/msgs/lib/python3.12/site-packages/msgs-0.0.0-py3.12.egg-info\n'}
[112.009502] (msgs) StdoutLine: {'line': b'-- Installing: /home/ngt/ZENS-Final-AUVC/ros_ws/install/msgs/lib/python3.12/site-packages/msgs-0.0.0-py3.12.egg-info/SOURCES.txt\n'}
[112.016608] (msgs) StdoutLine: {'line': b'-- Installing: /home/ngt/ZENS-Final-AUVC/ros_ws/install/msgs/lib/python3.12/site-packages/msgs-0.0.0-py3.12.egg-info/top_level.txt\n'}
[112.017470] (msgs) StdoutLine: {'line': b'-- Installing: /home/ngt/ZENS-Final-AUVC/ros_ws/install/msgs/lib/python3.12/site-packages/msgs-0.0.0-py3.12.egg-info/dependency_links.txt\n'}
[112.024714] (msgs) StdoutLine: {'line': b'-- Installing: /home/ngt/ZENS-Final-AUVC/ros_ws/install/msgs/lib/python3.12/site-packages/msgs-0.0.0-py3.12.egg-info/PKG-INFO\n'}
[112.035275] (msgs) StdoutLine: {'line': b'-- Up-to-date: /home/ngt/ZENS-Final-AUVC/ros_ws/install/msgs/lib/python3.12/site-packages/msgs\n'}
[112.036072] (msgs) StdoutLine: {'line': b'-- Up-to-date: /home/ngt/ZENS-Final-AUVC/ros_ws/install/msgs/lib/python3.12/site-packages/msgs/msgs_s__rosidl_typesupport_fastrtps_c.so\n'}
[112.036749] (msgs) StdoutLine: {'line': b'-- Up-to-date: /home/ngt/ZENS-Final-AUVC/ros_ws/install/msgs/lib/python3.12/site-packages/msgs/msgs_s__rosidl_typesupport_c.so\n'}
[112.037318] (msgs) StdoutLine: {'line': b'-- Up-to-date: /home/ngt/ZENS-Final-AUVC/ros_ws/install/msgs/lib/python3.12/site-packages/msgs/msg\n'}
[112.047766] (msgs) StdoutLine: {'line': b'-- Up-to-date: /home/ngt/ZENS-Final-AUVC/ros_ws/install/msgs/lib/python3.12/site-packages/msgs/msg/_target_depth.py\n'}
[112.048369] (msgs) StdoutLine: {'line': b'-- Up-to-date: /home/ngt/ZENS-Final-AUVC/ros_ws/install/msgs/lib/python3.12/site-packages/msgs/msg/_target_depth_s.c\n'}
[112.049141] (msgs) StdoutLine: {'line': b'-- Up-to-date: /home/ngt/ZENS-Final-AUVC/ros_ws/install/msgs/lib/python3.12/site-packages/msgs/msg/__init__.py\n'}
[112.058667] (msgs) StdoutLine: {'line': b'-- Up-to-date: /home/ngt/ZENS-Final-AUVC/ros_ws/install/msgs/lib/python3.12/site-packages/msgs/_msgs_s.ep.rosidl_typesupport_introspection_c.c\n'}
[112.066565] (msgs) StdoutLine: {'line': b'-- Up-to-date: /home/ngt/ZENS-Final-AUVC/ros_ws/install/msgs/lib/python3.12/site-packages/msgs/_msgs_s.ep.rosidl_typesupport_fastrtps_c.c\n'}
[112.067372] (msgs) StdoutLine: {'line': b'-- Up-to-date: /home/ngt/ZENS-Final-AUVC/ros_ws/install/msgs/lib/python3.12/site-packages/msgs/msgs_s__rosidl_typesupport_introspection_c.so\n'}
[112.068059] (msgs) StdoutLine: {'line': b'-- Up-to-date: /home/ngt/ZENS-Final-AUVC/ros_ws/install/msgs/lib/python3.12/site-packages/msgs/_msgs_s.ep.rosidl_typesupport_c.c\n'}
[112.068759] (msgs) StdoutLine: {'line': b'-- Up-to-date: /home/ngt/ZENS-Final-AUVC/ros_ws/install/msgs/lib/python3.12/site-packages/msgs/__init__.py\n'}
[112.077623] (-) TimerEvent: {}
[112.180587] (-) TimerEvent: {}
[112.284251] (-) TimerEvent: {}
[112.392596] (-) TimerEvent: {}
[112.498693] (-) TimerEvent: {}
[112.600688] (-) TimerEvent: {}
[112.704584] (-) TimerEvent: {}
[112.810575] (-) TimerEvent: {}
[112.911328] (-) TimerEvent: {}
[112.982641] (msgs) StdoutLine: {'line': b"Listing '/home/ngt/ZENS-Final-AUVC/ros_ws/install/msgs/lib/python3.12/site-packages/msgs'...\n"}
[112.984218] (msgs) StdoutLine: {'line': b"Listing '/home/ngt/ZENS-Final-AUVC/ros_ws/install/msgs/lib/python3.12/site-packages/msgs/msg'...\n"}
[113.022357] (-) TimerEvent: {}
[113.074497] (msgs) StdoutLine: {'line': b'-- Up-to-date: /home/ngt/ZENS-Final-AUVC/ros_ws/install/msgs/lib/python3.12/site-packages/msgs/msgs_s__rosidl_typesupport_fastrtps_c.so\n'}
[113.081597] (msgs) StdoutLine: {'line': b'-- Up-to-date: /home/ngt/ZENS-Final-AUVC/ros_ws/install/msgs/lib/python3.12/site-packages/msgs/msgs_s__rosidl_typesupport_introspection_c.so\n'}
[113.092598] (msgs) StdoutLine: {'line': b'-- Up-to-date: /home/ngt/ZENS-Final-AUVC/ros_ws/install/msgs/lib/python3.12/site-packages/msgs/msgs_s__rosidl_typesupport_c.so\n'}
[113.105576] (msgs) StdoutLine: {'line': b'-- Up-to-date: /home/ngt/ZENS-Final-AUVC/ros_ws/install/msgs/lib/libmsgs__rosidl_generator_py.so\n'}
[113.116357] (msgs) StdoutLine: {'line': b'-- Up-to-date: /home/ngt/ZENS-Final-AUVC/ros_ws/install/msgs/share/ament_index/resource_index/rust_packages/msgs\n'}
[113.120955] (msgs) StdoutLine: {'line': b'-- Up-to-date: /home/ngt/ZENS-Final-AUVC/ros_ws/install/msgs/share/msgs/rust\n'}
[113.125357] (-) TimerEvent: {}
[113.130282] (msgs) StdoutLine: {'line': b'-- Up-to-date: /home/ngt/ZENS-Final-AUVC/ros_ws/install/msgs/share/msgs/rust/build.rs\n'}
[113.133391] (msgs) StdoutLine: {'line': b'-- Up-to-date: /home/ngt/ZENS-Final-AUVC/ros_ws/install/msgs/share/msgs/rust/Cargo.toml\n'}
[113.134078] (msgs) StdoutLine: {'line': b'-- Up-to-date: /home/ngt/ZENS-Final-AUVC/ros_ws/install/msgs/share/msgs/rust/src\n'}
[113.145189] (msgs) StdoutLine: {'line': b'-- Up-to-date: /home/ngt/ZENS-Final-AUVC/ros_ws/install/msgs/share/msgs/rust/src/lib.rs\n'}
[113.146011] (msgs) StdoutLine: {'line': b'-- Up-to-date: /home/ngt/ZENS-Final-AUVC/ros_ws/install/msgs/share/msgs/rust/src/msg.rs\n'}
[113.146729] (msgs) StdoutLine: {'line': b'-- Up-to-date: /home/ngt/ZENS-Final-AUVC/ros_ws/install/msgs/share/msgs/rust/src/msg\n'}
[113.156125] (msgs) StdoutLine: {'line': b'-- Up-to-date: /home/ngt/ZENS-Final-AUVC/ros_ws/install/msgs/share/msgs/rust/src/msg/rmw.rs\n'}
[113.175018] (msgs) StdoutLine: {'line': b'-- Up-to-date: /home/ngt/ZENS-Final-AUVC/ros_ws/install/msgs/share/msgs/msg/TargetDepth.idl\n'}
[113.175713] (msgs) StdoutLine: {'line': b'-- Up-to-date: /home/ngt/ZENS-Final-AUVC/ros_ws/install/msgs/share/msgs/msg/TargetDepth.msg\n'}
[113.176312] (msgs) StdoutLine: {'line': b'-- Up-to-date: /home/ngt/ZENS-Final-AUVC/ros_ws/install/msgs/share/ament_index/resource_index/package_run_dependencies/msgs\n'}
[113.182004] (msgs) StdoutLine: {'line': b'-- Up-to-date: /home/ngt/ZENS-Final-AUVC/ros_ws/install/msgs/share/ament_index/resource_index/parent_prefix_path/msgs\n'}
[113.182679] (msgs) StdoutLine: {'line': b'-- Up-to-date: /home/ngt/ZENS-Final-AUVC/ros_ws/install/msgs/share/msgs/environment/ament_prefix_path.sh\n'}
[113.190373] (msgs) StdoutLine: {'line': b'-- Up-to-date: /home/ngt/ZENS-Final-AUVC/ros_ws/install/msgs/share/msgs/environment/ament_prefix_path.dsv\n'}
[113.191126] (msgs) StdoutLine: {'line': b'-- Up-to-date: /home/ngt/ZENS-Final-AUVC/ros_ws/install/msgs/share/msgs/environment/path.sh\n'}
[113.191808] (msgs) StdoutLine: {'line': b'-- Up-to-date: /home/ngt/ZENS-Final-AUVC/ros_ws/install/msgs/share/msgs/environment/path.dsv\n'}
[113.192348] (msgs) StdoutLine: {'line': b'-- Up-to-date: /home/ngt/ZENS-Final-AUVC/ros_ws/install/msgs/share/msgs/local_setup.bash\n'}
[113.205412] (msgs) StdoutLine: {'line': b'-- Up-to-date: /home/ngt/ZENS-Final-AUVC/ros_ws/install/msgs/share/msgs/local_setup.sh\n'}
[113.206178] (msgs) StdoutLine: {'line': b'-- Up-to-date: /home/ngt/ZENS-Final-AUVC/ros_ws/install/msgs/share/msgs/local_setup.zsh\n'}
[113.206916] (msgs) StdoutLine: {'line': b'-- Up-to-date: /home/ngt/ZENS-Final-AUVC/ros_ws/install/msgs/share/msgs/local_setup.dsv\n'}
[113.222034] (msgs) StdoutLine: {'line': b'-- Installing: /home/ngt/ZENS-Final-AUVC/ros_ws/install/msgs/share/msgs/package.dsv\n'}
[113.222774] (msgs) StdoutLine: {'line': b'-- Up-to-date: /home/ngt/ZENS-Final-AUVC/ros_ws/install/msgs/share/ament_index/resource_index/packages/msgs\n'}
[113.223490] (msgs) StdoutLine: {'line': b'-- Up-to-date: /home/ngt/ZENS-Final-AUVC/ros_ws/install/msgs/share/msgs/cmake/export_msgs__rosidl_generator_cExport.cmake\n'}
[113.235591] (msgs) StdoutLine: {'line': b'-- Up-to-date: /home/ngt/ZENS-Final-AUVC/ros_ws/install/msgs/share/msgs/cmake/export_msgs__rosidl_generator_cExport-noconfig.cmake\n'}
[113.236315] (-) TimerEvent: {}
[113.236884] (msgs) StdoutLine: {'line': b'-- Up-to-date: /home/ngt/ZENS-Final-AUVC/ros_ws/install/msgs/share/msgs/cmake/export_msgs__rosidl_typesupport_fastrtps_cExport.cmake\n'}
[113.237836] (msgs) StdoutLine: {'line': b'-- Up-to-date: /home/ngt/ZENS-Final-AUVC/ros_ws/install/msgs/share/msgs/cmake/export_msgs__rosidl_typesupport_fastrtps_cExport-noconfig.cmake\n'}
[113.250745] (msgs) StdoutLine: {'line': b'-- Up-to-date: /home/ngt/ZENS-Final-AUVC/ros_ws/install/msgs/share/msgs/cmake/export_msgs__rosidl_generator_cppExport.cmake\n'}
[113.251615] (msgs) StdoutLine: {'line': b'-- Up-to-date: /home/ngt/ZENS-Final-AUVC/ros_ws/install/msgs/share/msgs/cmake/export_msgs__rosidl_typesupport_fastrtps_cppExport.cmake\n'}
[113.252327] (msgs) StdoutLine: {'line': b'-- Up-to-date: /home/ngt/ZENS-Final-AUVC/ros_ws/install/msgs/share/msgs/cmake/export_msgs__rosidl_typesupport_fastrtps_cppExport-noconfig.cmake\n'}
[113.253092] (msgs) StdoutLine: {'line': b'-- Up-to-date: /home/ngt/ZENS-Final-AUVC/ros_ws/install/msgs/share/msgs/cmake/msgs__rosidl_typesupport_introspection_cExport.cmake\n'}
[113.265073] (msgs) StdoutLine: {'line': b'-- Up-to-date: /home/ngt/ZENS-Final-AUVC/ros_ws/install/msgs/share/msgs/cmake/msgs__rosidl_typesupport_introspection_cExport-noconfig.cmake\n'}
[113.265788] (msgs) StdoutLine: {'line': b'-- Up-to-date: /home/ngt/ZENS-Final-AUVC/ros_ws/install/msgs/share/msgs/cmake/msgs__rosidl_typesupport_cExport.cmake\n'}
[113.266526] (msgs) StdoutLine: {'line': b'-- Up-to-date: /home/ngt/ZENS-Final-AUVC/ros_ws/install/msgs/share/msgs/cmake/msgs__rosidl_typesupport_cExport-noconfig.cmake\n'}
[113.268946] (msgs) StdoutLine: {'line': b'-- Up-to-date: /home/ngt/ZENS-Final-AUVC/ros_ws/install/msgs/share/msgs/cmake/msgs__rosidl_typesupport_introspection_cppExport.cmake\n'}
[113.272148] (msgs) StdoutLine: {'line': b'-- Up-to-date: /home/ngt/ZENS-Final-AUVC/ros_ws/install/msgs/share/msgs/cmake/msgs__rosidl_typesupport_introspection_cppExport-noconfig.cmake\n'}
[113.277623] (msgs) StdoutLine: {'line': b'-- Up-to-date: /home/ngt/ZENS-Final-AUVC/ros_ws/install/msgs/share/msgs/cmake/msgs__rosidl_typesupport_cppExport.cmake\n'}
[113.278645] (msgs) StdoutLine: {'line': b'-- Up-to-date: /home/ngt/ZENS-Final-AUVC/ros_ws/install/msgs/share/msgs/cmake/msgs__rosidl_typesupport_cppExport-noconfig.cmake\n'}
[113.285204] (msgs) StdoutLine: {'line': b'-- Up-to-date: /home/ngt/ZENS-Final-AUVC/ros_ws/install/msgs/share/msgs/cmake/export_msgs__rosidl_generator_pyExport.cmake\n'}
[113.285996] (msgs) StdoutLine: {'line': b'-- Up-to-date: /home/ngt/ZENS-Final-AUVC/ros_ws/install/msgs/share/msgs/cmake/export_msgs__rosidl_generator_pyExport-noconfig.cmake\n'}
[113.286670] (msgs) StdoutLine: {'line': b'-- Up-to-date: /home/ngt/ZENS-Final-AUVC/ros_ws/install/msgs/share/msgs/cmake/rosidl_cmake-extras.cmake\n'}
[113.294579] (msgs) StdoutLine: {'line': b'-- Up-to-date: /home/ngt/ZENS-Final-AUVC/ros_ws/install/msgs/share/msgs/cmake/ament_cmake_export_dependencies-extras.cmake\n'}
[113.295297] (msgs) StdoutLine: {'line': b'-- Up-to-date: /home/ngt/ZENS-Final-AUVC/ros_ws/install/msgs/share/msgs/cmake/ament_cmake_export_include_directories-extras.cmake\n'}
[113.301326] (msgs) StdoutLine: {'line': b'-- Up-to-date: /home/ngt/ZENS-Final-AUVC/ros_ws/install/msgs/share/msgs/cmake/ament_cmake_export_libraries-extras.cmake\n'}
[113.302038] (msgs) StdoutLine: {'line': b'-- Up-to-date: /home/ngt/ZENS-Final-AUVC/ros_ws/install/msgs/share/msgs/cmake/ament_cmake_export_targets-extras.cmake\n'}
[113.302709] (msgs) StdoutLine: {'line': b'-- Up-to-date: /home/ngt/ZENS-Final-AUVC/ros_ws/install/msgs/share/msgs/cmake/rosidl_cmake_export_typesupport_targets-extras.cmake\n'}
[113.308279] (msgs) StdoutLine: {'line': b'-- Up-to-date: /home/ngt/ZENS-Final-AUVC/ros_ws/install/msgs/share/msgs/cmake/rosidl_cmake_export_typesupport_libraries-extras.cmake\n'}
[113.309003] (msgs) StdoutLine: {'line': b'-- Up-to-date: /home/ngt/ZENS-Final-AUVC/ros_ws/install/msgs/share/msgs/cmake/rosidl_cmake_aggregate_target-extras.cmake\n'}
[113.314259] (msgs) StdoutLine: {'line': b'-- Up-to-date: /home/ngt/ZENS-Final-AUVC/ros_ws/install/msgs/share/msgs/cmake/msgsConfig.cmake\n'}
[113.315170] (msgs) StdoutLine: {'line': b'-- Up-to-date: /home/ngt/ZENS-Final-AUVC/ros_ws/install/msgs/share/msgs/cmake/msgsConfig-version.cmake\n'}
[113.319841] (msgs) StdoutLine: {'line': b'-- Up-to-date: /home/ngt/ZENS-Final-AUVC/ros_ws/install/msgs/share/msgs/package.xml\n'}
[113.336611] (-) TimerEvent: {}
[113.365049] (msgs) CommandEnded: {'returncode': 0}
[113.445691] (-) TimerEvent: {}
[113.552609] (-) TimerEvent: {}
[113.660589] (-) TimerEvent: {}
[113.765600] (-) TimerEvent: {}
[113.870464] (-) TimerEvent: {}
[113.971659] (msgs) JobEnded: {'identifier': 'msgs', 'rc': 0}
[113.981470] (-) TimerEvent: {}
[114.091637] (-) TimerEvent: {}
[114.193684] (-) TimerEvent: {}
[114.301144] (-) TimerEvent: {}
[114.405694] (-) TimerEvent: {}
[114.507816] (-) TimerEvent: {}
[114.610658] (-) TimerEvent: {}
[114.718778] (-) TimerEvent: {}
[114.824727] (-) TimerEvent: {}
[114.931587] (-) TimerEvent: {}
[115.033733] (-) TimerEvent: {}
[115.139335] (-) TimerEvent: {}
[115.245627] (-) TimerEvent: {}
[115.349621] (-) TimerEvent: {}
[115.450552] (-) TimerEvent: {}
[115.556614] (-) TimerEvent: {}
[115.658589] (-) TimerEvent: {}
[115.769810] (-) TimerEvent: {}
[115.871883] (-) TimerEvent: {}
[115.980600] (-) TimerEvent: {}
[116.084162] (-) TimerEvent: {}
[116.185089] (-) TimerEvent: {}
[116.290655] (-) TimerEvent: {}
[116.391907] (-) TimerEvent: {}
[116.494621] (-) TimerEvent: {}
[116.602664] (-) TimerEvent: {}
[116.705614] (-) TimerEvent: {}
[116.781747] (hardware) StdoutLine: {'line': b'running egg_info\n'}
[116.812617] (-) TimerEvent: {}
[116.914125] (-) TimerEvent: {}
[117.016063] (-) TimerEvent: {}
[117.121956] (-) TimerEvent: {}
[117.227628] (-) TimerEvent: {}
[117.336671] (-) TimerEvent: {}
[117.447016] (-) TimerEvent: {}
[117.554645] (-) TimerEvent: {}
[117.659586] (-) TimerEvent: {}
[117.768691] (-) TimerEvent: {}
[117.874728] (-) TimerEvent: {}
[117.980838] (-) TimerEvent: {}
[118.093777] (-) TimerEvent: {}
[118.174658] (hardware) StdoutLine: {'line': b'writing ../../build/hardware/hardware.egg-info/PKG-INFO\n'}
[118.190699] (hardware) StdoutLine: {'line': b'writing dependency_links to ../../build/hardware/hardware.egg-info/dependency_links.txt\n'}
[118.204720] (hardware) StdoutLine: {'line': b'writing entry points to ../../build/hardware/hardware.egg-info/entry_points.txt\n'}
[118.206357] (-) TimerEvent: {}
[118.234714] (hardware) StdoutLine: {'line': b'writing requirements to ../../build/hardware/hardware.egg-info/requires.txt\n'}
[118.238054] (hardware) StdoutLine: {'line': b'writing top-level names to ../../build/hardware/hardware.egg-info/top_level.txt\n'}
[118.307905] (-) TimerEvent: {}
[118.420077] (-) TimerEvent: {}
[118.528154] (-) TimerEvent: {}
[118.634560] (-) TimerEvent: {}
[118.744730] (-) TimerEvent: {}
[118.850740] (-) TimerEvent: {}
[118.957869] (-) TimerEvent: {}
[119.062827] (-) TimerEvent: {}
[119.169706] (-) TimerEvent: {}
[119.272353] (-) TimerEvent: {}
[119.379903] (-) TimerEvent: {}
[119.484040] (-) TimerEvent: {}
[119.595843] (-) TimerEvent: {}
[119.703252] (-) TimerEvent: {}
[119.809243] (-) TimerEvent: {}
[119.913906] (-) TimerEvent: {}
[120.019799] (-) TimerEvent: {}
[120.124206] (-) TimerEvent: {}
[120.233678] (-) TimerEvent: {}
[120.342766] (-) TimerEvent: {}
[120.446790] (-) TimerEvent: {}
[120.551606] (-) TimerEvent: {}
[120.654629] (-) TimerEvent: {}
[120.759679] (-) TimerEvent: {}
[120.870707] (-) TimerEvent: {}
[120.976712] (-) TimerEvent: {}
[121.080751] (-) TimerEvent: {}
[121.190787] (-) TimerEvent: {}
[121.297630] (-) TimerEvent: {}
[121.400521] (-) TimerEvent: {}
[121.508219] (-) TimerEvent: {}
[121.619077] (-) TimerEvent: {}
[121.724698] (-) TimerEvent: {}
[121.829667] (-) TimerEvent: {}
[121.937762] (-) TimerEvent: {}
[122.043715] (-) TimerEvent: {}
[122.147697] (-) TimerEvent: {}
[122.253849] (-) TimerEvent: {}
[122.362299] (-) TimerEvent: {}
[122.466931] (-) TimerEvent: {}
[122.573715] (-) TimerEvent: {}
[122.681792] (-) TimerEvent: {}
[122.794681] (-) TimerEvent: {}
[122.896101] (-) TimerEvent: {}
[123.000280] (-) TimerEvent: {}
[123.109782] (-) TimerEvent: {}
[123.214053] (-) TimerEvent: {}
[123.320849] (-) TimerEvent: {}
[123.428899] (-) TimerEvent: {}
[123.535894] (-) TimerEvent: {}
[123.647690] (-) TimerEvent: {}
[123.760092] (-) TimerEvent: {}
[123.865162] (-) TimerEvent: {}
[123.966712] (-) TimerEvent: {}
[124.074682] (-) TimerEvent: {}
[124.175554] (-) TimerEvent: {}
[124.277721] (-) TimerEvent: {}
[124.379719] (-) TimerEvent: {}
[124.482614] (-) TimerEvent: {}
[124.583629] (-) TimerEvent: {}
[124.690603] (-) TimerEvent: {}
[124.794627] (-) TimerEvent: {}
[124.895841] (-) TimerEvent: {}
[124.999623] (-) TimerEvent: {}
[125.105127] (-) TimerEvent: {}
[125.207766] (-) TimerEvent: {}
[125.309827] (-) TimerEvent: {}
[125.412848] (-) TimerEvent: {}
[125.518580] (-) TimerEvent: {}
[125.619494] (-) TimerEvent: {}
[125.722261] (-) TimerEvent: {}
[125.825943] (-) TimerEvent: {}
[125.929337] (-) TimerEvent: {}
[126.033306] (-) TimerEvent: {}
[126.138560] (-) TimerEvent: {}
[126.240684] (-) TimerEvent: {}
[126.345278] (-) TimerEvent: {}
[126.449324] (-) TimerEvent: {}
[126.555512] (-) TimerEvent: {}
[126.602617] (hardware) StdoutLine: {'line': b"reading manifest file '../../build/hardware/hardware.egg-info/SOURCES.txt'\n"}
[126.605633] (hardware) StdoutLine: {'line': b"writing manifest file '../../build/hardware/hardware.egg-info/SOURCES.txt'\n"}
[126.612486] (hardware) StdoutLine: {'line': b'running build\n'}
[126.613279] (hardware) StdoutLine: {'line': b'running build_py\n'}
[126.627298] (hardware) StdoutLine: {'line': b'running install\n'}
[126.658569] (hardware) StdoutLine: {'line': b'running install_lib\n'}
[126.659335] (-) TimerEvent: {}
[126.765624] (-) TimerEvent: {}
[126.868602] (-) TimerEvent: {}
[126.969377] (-) TimerEvent: {}
[127.005652] (hardware) StdoutLine: {'line': b'running install_data\n'}
[127.006407] (hardware) StdoutLine: {'line': b'running install_egg_info\n'}
[127.072381] (-) TimerEvent: {}
[127.175626] (-) TimerEvent: {}
[127.283801] (-) TimerEvent: {}
[127.398547] (-) TimerEvent: {}
[127.499388] (-) TimerEvent: {}
[127.608608] (-) TimerEvent: {}
[127.718589] (-) TimerEvent: {}
[127.821580] (-) TimerEvent: {}
[127.894759] (hardware) StdoutLine: {'line': b"removing '/home/ngt/ZENS-Final-AUVC/ros_ws/install/hardware/lib/python3.12/site-packages/hardware-0.0.0-py3.12.egg-info' (and everything under it)\n"}
[127.898610] (hardware) StdoutLine: {'line': b'Copying ../../build/hardware/hardware.egg-info to /home/ngt/ZENS-Final-AUVC/ros_ws/install/hardware/lib/python3.12/site-packages/hardware-0.0.0-py3.12.egg-info\n'}
[127.926343] (-) TimerEvent: {}
[127.945989] (hardware) StdoutLine: {'line': b'running install_scripts\n'}
[128.033612] (-) TimerEvent: {}
[128.134276] (-) TimerEvent: {}
[128.243365] (-) TimerEvent: {}
[128.344298] (-) TimerEvent: {}
[128.453597] (-) TimerEvent: {}
[128.554326] (-) TimerEvent: {}
[128.660586] (-) TimerEvent: {}
[128.761672] (-) TimerEvent: {}
[128.867572] (-) TimerEvent: {}
[128.973579] (-) TimerEvent: {}
[129.074203] (-) TimerEvent: {}
[129.178597] (-) TimerEvent: {}
[129.281619] (-) TimerEvent: {}
[129.384554] (-) TimerEvent: {}
[129.488582] (-) TimerEvent: {}
[129.590763] (-) TimerEvent: {}
[129.695502] (-) TimerEvent: {}
[129.800577] (-) TimerEvent: {}
[129.906665] (-) TimerEvent: {}
[130.010632] (-) TimerEvent: {}
[130.114594] (-) TimerEvent: {}
[130.218554] (-) TimerEvent: {}
[130.319377] (-) TimerEvent: {}
[130.425562] (-) TimerEvent: {}
[130.512366] (hardware) StdoutLine: {'line': b'Installing bluerov2_camera_interface script to /home/ngt/ZENS-Final-AUVC/ros_ws/install/hardware/lib/hardware\n'}
[130.524039] (hardware) StdoutLine: {'line': b'Installing bluerov2_hardware_interface script to /home/ngt/ZENS-Final-AUVC/ros_ws/install/hardware/lib/hardware\n'}
[130.529571] (hardware) StdoutLine: {'line': b'Installing bluerov2_simulation_interface script to /home/ngt/ZENS-Final-AUVC/ros_ws/install/hardware/lib/hardware\n'}
[130.530330] (-) TimerEvent: {}
[130.542625] (hardware) StdoutLine: {'line': b"writing list of installed files to '/home/ngt/ZENS-Final-AUVC/ros_ws/build/hardware/install.log'\n"}
[130.635685] (-) TimerEvent: {}
[130.743656] (-) TimerEvent: {}
[130.849371] (-) TimerEvent: {}
[130.952188] (-) TimerEvent: {}
[131.056986] (-) TimerEvent: {}
[131.086749] (hardware) CommandEnded: {'returncode': 0}
[131.186608] (-) TimerEvent: {}
[131.286776] (hardware) JobEnded: {'identifier': 'hardware', 'rc': 0}
[131.288841] (-) TimerEvent: {}
[131.305602] (-) EventReactorShutdown: {}
