[0.667s] DEBUG:colcon:Command line arguments: ['/home/ngt/.virtualenvs/ardusub/bin/colcon', 'build']
[0.668s] DEBUG:colcon:Parsed command line arguments: Namespace(log_base=None, log_level=None, verb_name='build', build_base='build', install_base='install', merge_install=False, symlink_install=False, test_result_base=None, continue_on_error=False, executor='parallel', parallel_workers=4, event_handlers=None, ignore_user_meta=False, metas=['./colcon.meta'], base_paths=['.'], packages_ignore=None, packages_ignore_regex=None, paths=None, packages_up_to=None, packages_up_to_regex=None, packages_above=None, packages_above_and_dependencies=None, packages_above_depth=None, packages_select_by_dep=None, packages_skip_by_dep=None, packages_skip_up_to=None, packages_select_build_failed=False, packages_skip_build_finished=False, packages_select_test_failures=False, packages_skip_test_passed=False, packages_select=None, packages_skip=None, packages_select_regex=None, packages_skip_regex=None, packages_start=None, packages_end=None, cmake_args=None, cmake_target=None, cmake_target_skip_unavailable=False, cmake_clean_cache=False, cmake_clean_first=False, cmake_force_configure=False, ament_cmake_args=None, catkin_cmake_args=None, catkin_skip_building_tests=False, verb_parser=<colcon_defaults.argument_parser.defaults.DefaultArgumentsDecorator object at 0xffff92b31370>, verb_extension=<colcon_core.verb.build.BuildVerb object at 0xffff92b30e00>, main=<bound method BuildVerb.main of <colcon_core.verb.build.BuildVerb object at 0xffff92b30e00>>)
[0.854s] Level 1:colcon.colcon_core.package_discovery:discover_packages(colcon_meta) check parameters
[0.855s] Level 1:colcon.colcon_core.package_discovery:discover_packages(recursive) check parameters
[0.855s] Level 1:colcon.colcon_core.package_discovery:discover_packages(ignore) check parameters
[0.855s] Level 1:colcon.colcon_core.package_discovery:discover_packages(path) check parameters
[0.856s] Level 1:colcon.colcon_core.package_discovery:discover_packages(colcon_meta) discover
[0.856s] Level 1:colcon.colcon_core.package_discovery:discover_packages(recursive) discover
[0.856s] INFO:colcon.colcon_core.package_discovery:Crawling recursively for packages in '/home/ngt/ZENS-Final-AUVC'
[0.857s] Level 1:colcon.colcon_core.package_identification:_identify(.) by extensions ['ignore', 'ignore_ament_install']
[0.857s] Level 1:colcon.colcon_core.package_identification:_identify(.) by extension 'ignore'
[0.858s] Level 1:colcon.colcon_core.package_identification:_identify(.) by extension 'ignore_ament_install'
[0.858s] Level 1:colcon.colcon_core.package_identification:_identify(.) by extensions ['colcon_pkg']
[0.858s] Level 1:colcon.colcon_core.package_identification:_identify(.) by extension 'colcon_pkg'
[0.858s] Level 1:colcon.colcon_core.package_identification:_identify(.) by extensions ['colcon_meta']
[0.858s] Level 1:colcon.colcon_core.package_identification:_identify(.) by extension 'colcon_meta'
[0.858s] Level 1:colcon.colcon_core.package_identification:_identify(.) by extensions ['ros']
[0.859s] Level 1:colcon.colcon_core.package_identification:_identify(.) by extension 'ros'
[1.001s] Level 1:colcon.colcon_core.package_identification:_identify(.) by extensions ['cmake', 'python']
[1.002s] Level 1:colcon.colcon_core.package_identification:_identify(.) by extension 'cmake'
[1.002s] Level 1:colcon.colcon_core.package_identification:_identify(.) by extension 'python'
[1.002s] Level 1:colcon.colcon_core.package_identification:_identify(.) by extensions ['python_setup_py']
[1.003s] Level 1:colcon.colcon_core.package_identification:_identify(.) by extension 'python_setup_py'
[1.003s] Level 1:colcon.colcon_core.package_identification:_identify(analysis) by extensions ['ignore', 'ignore_ament_install']
[1.004s] Level 1:colcon.colcon_core.package_identification:_identify(analysis) by extension 'ignore'
[1.004s] Level 1:colcon.colcon_core.package_identification:_identify(analysis) by extension 'ignore_ament_install'
[1.005s] Level 1:colcon.colcon_core.package_identification:_identify(analysis) by extensions ['colcon_pkg']
[1.005s] Level 1:colcon.colcon_core.package_identification:_identify(analysis) by extension 'colcon_pkg'
[1.006s] Level 1:colcon.colcon_core.package_identification:_identify(analysis) by extensions ['colcon_meta']
[1.006s] Level 1:colcon.colcon_core.package_identification:_identify(analysis) by extension 'colcon_meta'
[1.006s] Level 1:colcon.colcon_core.package_identification:_identify(analysis) by extensions ['ros']
[1.006s] Level 1:colcon.colcon_core.package_identification:_identify(analysis) by extension 'ros'
[1.007s] Level 1:colcon.colcon_core.package_identification:_identify(analysis) by extensions ['cmake', 'python']
[1.007s] Level 1:colcon.colcon_core.package_identification:_identify(analysis) by extension 'cmake'
[1.007s] Level 1:colcon.colcon_core.package_identification:_identify(analysis) by extension 'python'
[1.008s] Level 1:colcon.colcon_core.package_identification:_identify(analysis) by extensions ['python_setup_py']
[1.008s] Level 1:colcon.colcon_core.package_identification:_identify(analysis) by extension 'python_setup_py'
[1.008s] Level 1:colcon.colcon_core.package_identification:_identify(analysis/notebooks) by extensions ['ignore', 'ignore_ament_install']
[1.009s] Level 1:colcon.colcon_core.package_identification:_identify(analysis/notebooks) by extension 'ignore'
[1.009s] Level 1:colcon.colcon_core.package_identification:_identify(analysis/notebooks) by extension 'ignore_ament_install'
[1.009s] Level 1:colcon.colcon_core.package_identification:_identify(analysis/notebooks) by extensions ['colcon_pkg']
[1.009s] Level 1:colcon.colcon_core.package_identification:_identify(analysis/notebooks) by extension 'colcon_pkg'
[1.010s] Level 1:colcon.colcon_core.package_identification:_identify(analysis/notebooks) by extensions ['colcon_meta']
[1.010s] Level 1:colcon.colcon_core.package_identification:_identify(analysis/notebooks) by extension 'colcon_meta'
[1.010s] Level 1:colcon.colcon_core.package_identification:_identify(analysis/notebooks) by extensions ['ros']
[1.010s] Level 1:colcon.colcon_core.package_identification:_identify(analysis/notebooks) by extension 'ros'
[1.010s] Level 1:colcon.colcon_core.package_identification:_identify(analysis/notebooks) by extensions ['cmake', 'python']
[1.011s] Level 1:colcon.colcon_core.package_identification:_identify(analysis/notebooks) by extension 'cmake'
[1.011s] Level 1:colcon.colcon_core.package_identification:_identify(analysis/notebooks) by extension 'python'
[1.011s] Level 1:colcon.colcon_core.package_identification:_identify(analysis/notebooks) by extensions ['python_setup_py']
[1.011s] Level 1:colcon.colcon_core.package_identification:_identify(analysis/notebooks) by extension 'python_setup_py'
[1.012s] Level 1:colcon.colcon_core.package_identification:_identify(assets) by extensions ['ignore', 'ignore_ament_install']
[1.012s] Level 1:colcon.colcon_core.package_identification:_identify(assets) by extension 'ignore'
[1.012s] Level 1:colcon.colcon_core.package_identification:_identify(assets) by extension 'ignore_ament_install'
[1.012s] Level 1:colcon.colcon_core.package_identification:_identify(assets) by extensions ['colcon_pkg']
[1.013s] Level 1:colcon.colcon_core.package_identification:_identify(assets) by extension 'colcon_pkg'
[1.013s] Level 1:colcon.colcon_core.package_identification:_identify(assets) by extensions ['colcon_meta']
[1.013s] Level 1:colcon.colcon_core.package_identification:_identify(assets) by extension 'colcon_meta'
[1.013s] Level 1:colcon.colcon_core.package_identification:_identify(assets) by extensions ['ros']
[1.013s] Level 1:colcon.colcon_core.package_identification:_identify(assets) by extension 'ros'
[1.014s] Level 1:colcon.colcon_core.package_identification:_identify(assets) by extensions ['cmake', 'python']
[1.014s] Level 1:colcon.colcon_core.package_identification:_identify(assets) by extension 'cmake'
[1.014s] Level 1:colcon.colcon_core.package_identification:_identify(assets) by extension 'python'
[1.014s] Level 1:colcon.colcon_core.package_identification:_identify(assets) by extensions ['python_setup_py']
[1.014s] Level 1:colcon.colcon_core.package_identification:_identify(assets) by extension 'python_setup_py'
[1.015s] Level 1:colcon.colcon_core.package_identification:_identify(assets/AUV YOLO.v4-auvc_yolo26_dataset.yolo26) by extensions ['ignore', 'ignore_ament_install']
[1.015s] Level 1:colcon.colcon_core.package_identification:_identify(assets/AUV YOLO.v4-auvc_yolo26_dataset.yolo26) by extension 'ignore'
[1.015s] Level 1:colcon.colcon_core.package_identification:_identify(assets/AUV YOLO.v4-auvc_yolo26_dataset.yolo26) by extension 'ignore_ament_install'
[1.016s] Level 1:colcon.colcon_core.package_identification:_identify(assets/AUV YOLO.v4-auvc_yolo26_dataset.yolo26) by extensions ['colcon_pkg']
[1.016s] Level 1:colcon.colcon_core.package_identification:_identify(assets/AUV YOLO.v4-auvc_yolo26_dataset.yolo26) by extension 'colcon_pkg'
[1.016s] Level 1:colcon.colcon_core.package_identification:_identify(assets/AUV YOLO.v4-auvc_yolo26_dataset.yolo26) by extensions ['colcon_meta']
[1.016s] Level 1:colcon.colcon_core.package_identification:_identify(assets/AUV YOLO.v4-auvc_yolo26_dataset.yolo26) by extension 'colcon_meta'
[1.016s] Level 1:colcon.colcon_core.package_identification:_identify(assets/AUV YOLO.v4-auvc_yolo26_dataset.yolo26) by extensions ['ros']
[1.016s] Level 1:colcon.colcon_core.package_identification:_identify(assets/AUV YOLO.v4-auvc_yolo26_dataset.yolo26) by extension 'ros'
[1.017s] Level 1:colcon.colcon_core.package_identification:_identify(assets/AUV YOLO.v4-auvc_yolo26_dataset.yolo26) by extensions ['cmake', 'python']
[1.017s] Level 1:colcon.colcon_core.package_identification:_identify(assets/AUV YOLO.v4-auvc_yolo26_dataset.yolo26) by extension 'cmake'
[1.017s] Level 1:colcon.colcon_core.package_identification:_identify(assets/AUV YOLO.v4-auvc_yolo26_dataset.yolo26) by extension 'python'
[1.017s] Level 1:colcon.colcon_core.package_identification:_identify(assets/AUV YOLO.v4-auvc_yolo26_dataset.yolo26) by extensions ['python_setup_py']
[1.018s] Level 1:colcon.colcon_core.package_identification:_identify(assets/AUV YOLO.v4-auvc_yolo26_dataset.yolo26) by extension 'python_setup_py'
[1.018s] Level 1:colcon.colcon_core.package_identification:_identify(assets/AUV YOLO.v4-auvc_yolo26_dataset.yolo26/AUV YOLO.v4-auvc_yolo26_dataset.yolo26) by extensions ['ignore', 'ignore_ament_install']
[1.018s] Level 1:colcon.colcon_core.package_identification:_identify(assets/AUV YOLO.v4-auvc_yolo26_dataset.yolo26/AUV YOLO.v4-auvc_yolo26_dataset.yolo26) by extension 'ignore'
[1.019s] Level 1:colcon.colcon_core.package_identification:_identify(assets/AUV YOLO.v4-auvc_yolo26_dataset.yolo26/AUV YOLO.v4-auvc_yolo26_dataset.yolo26) by extension 'ignore_ament_install'
[1.019s] Level 1:colcon.colcon_core.package_identification:_identify(assets/AUV YOLO.v4-auvc_yolo26_dataset.yolo26/AUV YOLO.v4-auvc_yolo26_dataset.yolo26) by extensions ['colcon_pkg']
[1.019s] Level 1:colcon.colcon_core.package_identification:_identify(assets/AUV YOLO.v4-auvc_yolo26_dataset.yolo26/AUV YOLO.v4-auvc_yolo26_dataset.yolo26) by extension 'colcon_pkg'
[1.019s] Level 1:colcon.colcon_core.package_identification:_identify(assets/AUV YOLO.v4-auvc_yolo26_dataset.yolo26/AUV YOLO.v4-auvc_yolo26_dataset.yolo26) by extensions ['colcon_meta']
[1.019s] Level 1:colcon.colcon_core.package_identification:_identify(assets/AUV YOLO.v4-auvc_yolo26_dataset.yolo26/AUV YOLO.v4-auvc_yolo26_dataset.yolo26) by extension 'colcon_meta'
[1.020s] Level 1:colcon.colcon_core.package_identification:_identify(assets/AUV YOLO.v4-auvc_yolo26_dataset.yolo26/AUV YOLO.v4-auvc_yolo26_dataset.yolo26) by extensions ['ros']
[1.020s] Level 1:colcon.colcon_core.package_identification:_identify(assets/AUV YOLO.v4-auvc_yolo26_dataset.yolo26/AUV YOLO.v4-auvc_yolo26_dataset.yolo26) by extension 'ros'
[1.020s] Level 1:colcon.colcon_core.package_identification:_identify(assets/AUV YOLO.v4-auvc_yolo26_dataset.yolo26/AUV YOLO.v4-auvc_yolo26_dataset.yolo26) by extensions ['cmake', 'python']
[1.020s] Level 1:colcon.colcon_core.package_identification:_identify(assets/AUV YOLO.v4-auvc_yolo26_dataset.yolo26/AUV YOLO.v4-auvc_yolo26_dataset.yolo26) by extension 'cmake'
[1.021s] Level 1:colcon.colcon_core.package_identification:_identify(assets/AUV YOLO.v4-auvc_yolo26_dataset.yolo26/AUV YOLO.v4-auvc_yolo26_dataset.yolo26) by extension 'python'
[1.021s] Level 1:colcon.colcon_core.package_identification:_identify(assets/AUV YOLO.v4-auvc_yolo26_dataset.yolo26/AUV YOLO.v4-auvc_yolo26_dataset.yolo26) by extensions ['python_setup_py']
[1.021s] Level 1:colcon.colcon_core.package_identification:_identify(assets/AUV YOLO.v4-auvc_yolo26_dataset.yolo26/AUV YOLO.v4-auvc_yolo26_dataset.yolo26) by extension 'python_setup_py'
[1.022s] Level 1:colcon.colcon_core.package_identification:_identify(assets/AUV YOLO.v4-auvc_yolo26_dataset.yolo26/AUV YOLO.v4-auvc_yolo26_dataset.yolo26/test) by extensions ['ignore', 'ignore_ament_install']
[1.022s] Level 1:colcon.colcon_core.package_identification:_identify(assets/AUV YOLO.v4-auvc_yolo26_dataset.yolo26/AUV YOLO.v4-auvc_yolo26_dataset.yolo26/test) by extension 'ignore'
[1.022s] Level 1:colcon.colcon_core.package_identification:_identify(assets/AUV YOLO.v4-auvc_yolo26_dataset.yolo26/AUV YOLO.v4-auvc_yolo26_dataset.yolo26/test) by extension 'ignore_ament_install'
[1.023s] Level 1:colcon.colcon_core.package_identification:_identify(assets/AUV YOLO.v4-auvc_yolo26_dataset.yolo26/AUV YOLO.v4-auvc_yolo26_dataset.yolo26/test) by extensions ['colcon_pkg']
[1.023s] Level 1:colcon.colcon_core.package_identification:_identify(assets/AUV YOLO.v4-auvc_yolo26_dataset.yolo26/AUV YOLO.v4-auvc_yolo26_dataset.yolo26/test) by extension 'colcon_pkg'
[1.023s] Level 1:colcon.colcon_core.package_identification:_identify(assets/AUV YOLO.v4-auvc_yolo26_dataset.yolo26/AUV YOLO.v4-auvc_yolo26_dataset.yolo26/test) by extensions ['colcon_meta']
[1.023s] Level 1:colcon.colcon_core.package_identification:_identify(assets/AUV YOLO.v4-auvc_yolo26_dataset.yolo26/AUV YOLO.v4-auvc_yolo26_dataset.yolo26/test) by extension 'colcon_meta'
[1.023s] Level 1:colcon.colcon_core.package_identification:_identify(assets/AUV YOLO.v4-auvc_yolo26_dataset.yolo26/AUV YOLO.v4-auvc_yolo26_dataset.yolo26/test) by extensions ['ros']
[1.023s] Level 1:colcon.colcon_core.package_identification:_identify(assets/AUV YOLO.v4-auvc_yolo26_dataset.yolo26/AUV YOLO.v4-auvc_yolo26_dataset.yolo26/test) by extension 'ros'
[1.024s] Level 1:colcon.colcon_core.package_identification:_identify(assets/AUV YOLO.v4-auvc_yolo26_dataset.yolo26/AUV YOLO.v4-auvc_yolo26_dataset.yolo26/test) by extensions ['cmake', 'python']
[1.024s] Level 1:colcon.colcon_core.package_identification:_identify(assets/AUV YOLO.v4-auvc_yolo26_dataset.yolo26/AUV YOLO.v4-auvc_yolo26_dataset.yolo26/test) by extension 'cmake'
[1.024s] Level 1:colcon.colcon_core.package_identification:_identify(assets/AUV YOLO.v4-auvc_yolo26_dataset.yolo26/AUV YOLO.v4-auvc_yolo26_dataset.yolo26/test) by extension 'python'
[1.025s] Level 1:colcon.colcon_core.package_identification:_identify(assets/AUV YOLO.v4-auvc_yolo26_dataset.yolo26/AUV YOLO.v4-auvc_yolo26_dataset.yolo26/test) by extensions ['python_setup_py']
[1.025s] Level 1:colcon.colcon_core.package_identification:_identify(assets/AUV YOLO.v4-auvc_yolo26_dataset.yolo26/AUV YOLO.v4-auvc_yolo26_dataset.yolo26/test) by extension 'python_setup_py'
[1.025s] Level 1:colcon.colcon_core.package_identification:_identify(assets/AUV YOLO.v4-auvc_yolo26_dataset.yolo26/AUV YOLO.v4-auvc_yolo26_dataset.yolo26/test/images) by extensions ['ignore', 'ignore_ament_install']
[1.026s] Level 1:colcon.colcon_core.package_identification:_identify(assets/AUV YOLO.v4-auvc_yolo26_dataset.yolo26/AUV YOLO.v4-auvc_yolo26_dataset.yolo26/test/images) by extension 'ignore'
[1.026s] Level 1:colcon.colcon_core.package_identification:_identify(assets/AUV YOLO.v4-auvc_yolo26_dataset.yolo26/AUV YOLO.v4-auvc_yolo26_dataset.yolo26/test/images) by extension 'ignore_ament_install'
[1.026s] Level 1:colcon.colcon_core.package_identification:_identify(assets/AUV YOLO.v4-auvc_yolo26_dataset.yolo26/AUV YOLO.v4-auvc_yolo26_dataset.yolo26/test/images) by extensions ['colcon_pkg']
[1.027s] Level 1:colcon.colcon_core.package_identification:_identify(assets/AUV YOLO.v4-auvc_yolo26_dataset.yolo26/AUV YOLO.v4-auvc_yolo26_dataset.yolo26/test/images) by extension 'colcon_pkg'
[1.027s] Level 1:colcon.colcon_core.package_identification:_identify(assets/AUV YOLO.v4-auvc_yolo26_dataset.yolo26/AUV YOLO.v4-auvc_yolo26_dataset.yolo26/test/images) by extensions ['colcon_meta']
[1.027s] Level 1:colcon.colcon_core.package_identification:_identify(assets/AUV YOLO.v4-auvc_yolo26_dataset.yolo26/AUV YOLO.v4-auvc_yolo26_dataset.yolo26/test/images) by extension 'colcon_meta'
[1.027s] Level 1:colcon.colcon_core.package_identification:_identify(assets/AUV YOLO.v4-auvc_yolo26_dataset.yolo26/AUV YOLO.v4-auvc_yolo26_dataset.yolo26/test/images) by extensions ['ros']
[1.027s] Level 1:colcon.colcon_core.package_identification:_identify(assets/AUV YOLO.v4-auvc_yolo26_dataset.yolo26/AUV YOLO.v4-auvc_yolo26_dataset.yolo26/test/images) by extension 'ros'
[1.028s] Level 1:colcon.colcon_core.package_identification:_identify(assets/AUV YOLO.v4-auvc_yolo26_dataset.yolo26/AUV YOLO.v4-auvc_yolo26_dataset.yolo26/test/images) by extensions ['cmake', 'python']
[1.028s] Level 1:colcon.colcon_core.package_identification:_identify(assets/AUV YOLO.v4-auvc_yolo26_dataset.yolo26/AUV YOLO.v4-auvc_yolo26_dataset.yolo26/test/images) by extension 'cmake'
[1.028s] Level 1:colcon.colcon_core.package_identification:_identify(assets/AUV YOLO.v4-auvc_yolo26_dataset.yolo26/AUV YOLO.v4-auvc_yolo26_dataset.yolo26/test/images) by extension 'python'
[1.028s] Level 1:colcon.colcon_core.package_identification:_identify(assets/AUV YOLO.v4-auvc_yolo26_dataset.yolo26/AUV YOLO.v4-auvc_yolo26_dataset.yolo26/test/images) by extensions ['python_setup_py']
[1.029s] Level 1:colcon.colcon_core.package_identification:_identify(assets/AUV YOLO.v4-auvc_yolo26_dataset.yolo26/AUV YOLO.v4-auvc_yolo26_dataset.yolo26/test/images) by extension 'python_setup_py'
[1.029s] Level 1:colcon.colcon_core.package_identification:_identify(assets/AUV YOLO.v4-auvc_yolo26_dataset.yolo26/AUV YOLO.v4-auvc_yolo26_dataset.yolo26/test/labels) by extensions ['ignore', 'ignore_ament_install']
[1.030s] Level 1:colcon.colcon_core.package_identification:_identify(assets/AUV YOLO.v4-auvc_yolo26_dataset.yolo26/AUV YOLO.v4-auvc_yolo26_dataset.yolo26/test/labels) by extension 'ignore'
[1.030s] Level 1:colcon.colcon_core.package_identification:_identify(assets/AUV YOLO.v4-auvc_yolo26_dataset.yolo26/AUV YOLO.v4-auvc_yolo26_dataset.yolo26/test/labels) by extension 'ignore_ament_install'
[1.030s] Level 1:colcon.colcon_core.package_identification:_identify(assets/AUV YOLO.v4-auvc_yolo26_dataset.yolo26/AUV YOLO.v4-auvc_yolo26_dataset.yolo26/test/labels) by extensions ['colcon_pkg']
[1.030s] Level 1:colcon.colcon_core.package_identification:_identify(assets/AUV YOLO.v4-auvc_yolo26_dataset.yolo26/AUV YOLO.v4-auvc_yolo26_dataset.yolo26/test/labels) by extension 'colcon_pkg'
[1.031s] Level 1:colcon.colcon_core.package_identification:_identify(assets/AUV YOLO.v4-auvc_yolo26_dataset.yolo26/AUV YOLO.v4-auvc_yolo26_dataset.yolo26/test/labels) by extensions ['colcon_meta']
[1.031s] Level 1:colcon.colcon_core.package_identification:_identify(assets/AUV YOLO.v4-auvc_yolo26_dataset.yolo26/AUV YOLO.v4-auvc_yolo26_dataset.yolo26/test/labels) by extension 'colcon_meta'
[1.031s] Level 1:colcon.colcon_core.package_identification:_identify(assets/AUV YOLO.v4-auvc_yolo26_dataset.yolo26/AUV YOLO.v4-auvc_yolo26_dataset.yolo26/test/labels) by extensions ['ros']
[1.031s] Level 1:colcon.colcon_core.package_identification:_identify(assets/AUV YOLO.v4-auvc_yolo26_dataset.yolo26/AUV YOLO.v4-auvc_yolo26_dataset.yolo26/test/labels) by extension 'ros'
[1.032s] Level 1:colcon.colcon_core.package_identification:_identify(assets/AUV YOLO.v4-auvc_yolo26_dataset.yolo26/AUV YOLO.v4-auvc_yolo26_dataset.yolo26/test/labels) by extensions ['cmake', 'python']
[1.032s] Level 1:colcon.colcon_core.package_identification:_identify(assets/AUV YOLO.v4-auvc_yolo26_dataset.yolo26/AUV YOLO.v4-auvc_yolo26_dataset.yolo26/test/labels) by extension 'cmake'
[1.032s] Level 1:colcon.colcon_core.package_identification:_identify(assets/AUV YOLO.v4-auvc_yolo26_dataset.yolo26/AUV YOLO.v4-auvc_yolo26_dataset.yolo26/test/labels) by extension 'python'
[1.032s] Level 1:colcon.colcon_core.package_identification:_identify(assets/AUV YOLO.v4-auvc_yolo26_dataset.yolo26/AUV YOLO.v4-auvc_yolo26_dataset.yolo26/test/labels) by extensions ['python_setup_py']
[1.032s] Level 1:colcon.colcon_core.package_identification:_identify(assets/AUV YOLO.v4-auvc_yolo26_dataset.yolo26/AUV YOLO.v4-auvc_yolo26_dataset.yolo26/test/labels) by extension 'python_setup_py'
[1.033s] Level 1:colcon.colcon_core.package_identification:_identify(assets/AUV YOLO.v4-auvc_yolo26_dataset.yolo26/AUV YOLO.v4-auvc_yolo26_dataset.yolo26/train) by extensions ['ignore', 'ignore_ament_install']
[1.033s] Level 1:colcon.colcon_core.package_identification:_identify(assets/AUV YOLO.v4-auvc_yolo26_dataset.yolo26/AUV YOLO.v4-auvc_yolo26_dataset.yolo26/train) by extension 'ignore'
[1.034s] Level 1:colcon.colcon_core.package_identification:_identify(assets/AUV YOLO.v4-auvc_yolo26_dataset.yolo26/AUV YOLO.v4-auvc_yolo26_dataset.yolo26/train) by extension 'ignore_ament_install'
[1.034s] Level 1:colcon.colcon_core.package_identification:_identify(assets/AUV YOLO.v4-auvc_yolo26_dataset.yolo26/AUV YOLO.v4-auvc_yolo26_dataset.yolo26/train) by extensions ['colcon_pkg']
[1.034s] Level 1:colcon.colcon_core.package_identification:_identify(assets/AUV YOLO.v4-auvc_yolo26_dataset.yolo26/AUV YOLO.v4-auvc_yolo26_dataset.yolo26/train) by extension 'colcon_pkg'
[1.034s] Level 1:colcon.colcon_core.package_identification:_identify(assets/AUV YOLO.v4-auvc_yolo26_dataset.yolo26/AUV YOLO.v4-auvc_yolo26_dataset.yolo26/train) by extensions ['colcon_meta']
[1.034s] Level 1:colcon.colcon_core.package_identification:_identify(assets/AUV YOLO.v4-auvc_yolo26_dataset.yolo26/AUV YOLO.v4-auvc_yolo26_dataset.yolo26/train) by extension 'colcon_meta'
[1.035s] Level 1:colcon.colcon_core.package_identification:_identify(assets/AUV YOLO.v4-auvc_yolo26_dataset.yolo26/AUV YOLO.v4-auvc_yolo26_dataset.yolo26/train) by extensions ['ros']
[1.035s] Level 1:colcon.colcon_core.package_identification:_identify(assets/AUV YOLO.v4-auvc_yolo26_dataset.yolo26/AUV YOLO.v4-auvc_yolo26_dataset.yolo26/train) by extension 'ros'
[1.035s] Level 1:colcon.colcon_core.package_identification:_identify(assets/AUV YOLO.v4-auvc_yolo26_dataset.yolo26/AUV YOLO.v4-auvc_yolo26_dataset.yolo26/train) by extensions ['cmake', 'python']
[1.035s] Level 1:colcon.colcon_core.package_identification:_identify(assets/AUV YOLO.v4-auvc_yolo26_dataset.yolo26/AUV YOLO.v4-auvc_yolo26_dataset.yolo26/train) by extension 'cmake'
[1.036s] Level 1:colcon.colcon_core.package_identification:_identify(assets/AUV YOLO.v4-auvc_yolo26_dataset.yolo26/AUV YOLO.v4-auvc_yolo26_dataset.yolo26/train) by extension 'python'
[1.036s] Level 1:colcon.colcon_core.package_identification:_identify(assets/AUV YOLO.v4-auvc_yolo26_dataset.yolo26/AUV YOLO.v4-auvc_yolo26_dataset.yolo26/train) by extensions ['python_setup_py']
[1.036s] Level 1:colcon.colcon_core.package_identification:_identify(assets/AUV YOLO.v4-auvc_yolo26_dataset.yolo26/AUV YOLO.v4-auvc_yolo26_dataset.yolo26/train) by extension 'python_setup_py'
[1.053s] Level 1:colcon.colcon_core.package_identification:_identify(assets/AUV YOLO.v4-auvc_yolo26_dataset.yolo26/AUV YOLO.v4-auvc_yolo26_dataset.yolo26/train/images) by extensions ['ignore', 'ignore_ament_install']
[1.053s] Level 1:colcon.colcon_core.package_identification:_identify(assets/AUV YOLO.v4-auvc_yolo26_dataset.yolo26/AUV YOLO.v4-auvc_yolo26_dataset.yolo26/train/images) by extension 'ignore'
[1.054s] Level 1:colcon.colcon_core.package_identification:_identify(assets/AUV YOLO.v4-auvc_yolo26_dataset.yolo26/AUV YOLO.v4-auvc_yolo26_dataset.yolo26/train/images) by extension 'ignore_ament_install'
[1.054s] Level 1:colcon.colcon_core.package_identification:_identify(assets/AUV YOLO.v4-auvc_yolo26_dataset.yolo26/AUV YOLO.v4-auvc_yolo26_dataset.yolo26/train/images) by extensions ['colcon_pkg']
[1.054s] Level 1:colcon.colcon_core.package_identification:_identify(assets/AUV YOLO.v4-auvc_yolo26_dataset.yolo26/AUV YOLO.v4-auvc_yolo26_dataset.yolo26/train/images) by extension 'colcon_pkg'
[1.055s] Level 1:colcon.colcon_core.package_identification:_identify(assets/AUV YOLO.v4-auvc_yolo26_dataset.yolo26/AUV YOLO.v4-auvc_yolo26_dataset.yolo26/train/images) by extensions ['colcon_meta']
[1.055s] Level 1:colcon.colcon_core.package_identification:_identify(assets/AUV YOLO.v4-auvc_yolo26_dataset.yolo26/AUV YOLO.v4-auvc_yolo26_dataset.yolo26/train/images) by extension 'colcon_meta'
[1.056s] Level 1:colcon.colcon_core.package_identification:_identify(assets/AUV YOLO.v4-auvc_yolo26_dataset.yolo26/AUV YOLO.v4-auvc_yolo26_dataset.yolo26/train/images) by extensions ['ros']
[1.056s] Level 1:colcon.colcon_core.package_identification:_identify(assets/AUV YOLO.v4-auvc_yolo26_dataset.yolo26/AUV YOLO.v4-auvc_yolo26_dataset.yolo26/train/images) by extension 'ros'
[1.057s] Level 1:colcon.colcon_core.package_identification:_identify(assets/AUV YOLO.v4-auvc_yolo26_dataset.yolo26/AUV YOLO.v4-auvc_yolo26_dataset.yolo26/train/images) by extensions ['cmake', 'python']
[1.057s] Level 1:colcon.colcon_core.package_identification:_identify(assets/AUV YOLO.v4-auvc_yolo26_dataset.yolo26/AUV YOLO.v4-auvc_yolo26_dataset.yolo26/train/images) by extension 'cmake'
[1.057s] Level 1:colcon.colcon_core.package_identification:_identify(assets/AUV YOLO.v4-auvc_yolo26_dataset.yolo26/AUV YOLO.v4-auvc_yolo26_dataset.yolo26/train/images) by extension 'python'
[1.057s] Level 1:colcon.colcon_core.package_identification:_identify(assets/AUV YOLO.v4-auvc_yolo26_dataset.yolo26/AUV YOLO.v4-auvc_yolo26_dataset.yolo26/train/images) by extensions ['python_setup_py']
[1.058s] Level 1:colcon.colcon_core.package_identification:_identify(assets/AUV YOLO.v4-auvc_yolo26_dataset.yolo26/AUV YOLO.v4-auvc_yolo26_dataset.yolo26/train/images) by extension 'python_setup_py'
[1.074s] Level 1:colcon.colcon_core.package_identification:_identify(assets/AUV YOLO.v4-auvc_yolo26_dataset.yolo26/AUV YOLO.v4-auvc_yolo26_dataset.yolo26/train/labels) by extensions ['ignore', 'ignore_ament_install']
[1.075s] Level 1:colcon.colcon_core.package_identification:_identify(assets/AUV YOLO.v4-auvc_yolo26_dataset.yolo26/AUV YOLO.v4-auvc_yolo26_dataset.yolo26/train/labels) by extension 'ignore'
[1.075s] Level 1:colcon.colcon_core.package_identification:_identify(assets/AUV YOLO.v4-auvc_yolo26_dataset.yolo26/AUV YOLO.v4-auvc_yolo26_dataset.yolo26/train/labels) by extension 'ignore_ament_install'
[1.076s] Level 1:colcon.colcon_core.package_identification:_identify(assets/AUV YOLO.v4-auvc_yolo26_dataset.yolo26/AUV YOLO.v4-auvc_yolo26_dataset.yolo26/train/labels) by extensions ['colcon_pkg']
[1.076s] Level 1:colcon.colcon_core.package_identification:_identify(assets/AUV YOLO.v4-auvc_yolo26_dataset.yolo26/AUV YOLO.v4-auvc_yolo26_dataset.yolo26/train/labels) by extension 'colcon_pkg'
[1.076s] Level 1:colcon.colcon_core.package_identification:_identify(assets/AUV YOLO.v4-auvc_yolo26_dataset.yolo26/AUV YOLO.v4-auvc_yolo26_dataset.yolo26/train/labels) by extensions ['colcon_meta']
[1.076s] Level 1:colcon.colcon_core.package_identification:_identify(assets/AUV YOLO.v4-auvc_yolo26_dataset.yolo26/AUV YOLO.v4-auvc_yolo26_dataset.yolo26/train/labels) by extension 'colcon_meta'
[1.077s] Level 1:colcon.colcon_core.package_identification:_identify(assets/AUV YOLO.v4-auvc_yolo26_dataset.yolo26/AUV YOLO.v4-auvc_yolo26_dataset.yolo26/train/labels) by extensions ['ros']
[1.077s] Level 1:colcon.colcon_core.package_identification:_identify(assets/AUV YOLO.v4-auvc_yolo26_dataset.yolo26/AUV YOLO.v4-auvc_yolo26_dataset.yolo26/train/labels) by extension 'ros'
[1.077s] Level 1:colcon.colcon_core.package_identification:_identify(assets/AUV YOLO.v4-auvc_yolo26_dataset.yolo26/AUV YOLO.v4-auvc_yolo26_dataset.yolo26/train/labels) by extensions ['cmake', 'python']
[1.078s] Level 1:colcon.colcon_core.package_identification:_identify(assets/AUV YOLO.v4-auvc_yolo26_dataset.yolo26/AUV YOLO.v4-auvc_yolo26_dataset.yolo26/train/labels) by extension 'cmake'
[1.078s] Level 1:colcon.colcon_core.package_identification:_identify(assets/AUV YOLO.v4-auvc_yolo26_dataset.yolo26/AUV YOLO.v4-auvc_yolo26_dataset.yolo26/train/labels) by extension 'python'
[1.078s] Level 1:colcon.colcon_core.package_identification:_identify(assets/AUV YOLO.v4-auvc_yolo26_dataset.yolo26/AUV YOLO.v4-auvc_yolo26_dataset.yolo26/train/labels) by extensions ['python_setup_py']
[1.078s] Level 1:colcon.colcon_core.package_identification:_identify(assets/AUV YOLO.v4-auvc_yolo26_dataset.yolo26/AUV YOLO.v4-auvc_yolo26_dataset.yolo26/train/labels) by extension 'python_setup_py'
[1.079s] Level 1:colcon.colcon_core.package_identification:_identify(assets/AUV YOLO.v4-auvc_yolo26_dataset.yolo26/AUV YOLO.v4-auvc_yolo26_dataset.yolo26/valid) by extensions ['ignore', 'ignore_ament_install']
[1.079s] Level 1:colcon.colcon_core.package_identification:_identify(assets/AUV YOLO.v4-auvc_yolo26_dataset.yolo26/AUV YOLO.v4-auvc_yolo26_dataset.yolo26/valid) by extension 'ignore'
[1.080s] Level 1:colcon.colcon_core.package_identification:_identify(assets/AUV YOLO.v4-auvc_yolo26_dataset.yolo26/AUV YOLO.v4-auvc_yolo26_dataset.yolo26/valid) by extension 'ignore_ament_install'
[1.080s] Level 1:colcon.colcon_core.package_identification:_identify(assets/AUV YOLO.v4-auvc_yolo26_dataset.yolo26/AUV YOLO.v4-auvc_yolo26_dataset.yolo26/valid) by extensions ['colcon_pkg']
[1.080s] Level 1:colcon.colcon_core.package_identification:_identify(assets/AUV YOLO.v4-auvc_yolo26_dataset.yolo26/AUV YOLO.v4-auvc_yolo26_dataset.yolo26/valid) by extension 'colcon_pkg'
[1.080s] Level 1:colcon.colcon_core.package_identification:_identify(assets/AUV YOLO.v4-auvc_yolo26_dataset.yolo26/AUV YOLO.v4-auvc_yolo26_dataset.yolo26/valid) by extensions ['colcon_meta']
[1.080s] Level 1:colcon.colcon_core.package_identification:_identify(assets/AUV YOLO.v4-auvc_yolo26_dataset.yolo26/AUV YOLO.v4-auvc_yolo26_dataset.yolo26/valid) by extension 'colcon_meta'
[1.081s] Level 1:colcon.colcon_core.package_identification:_identify(assets/AUV YOLO.v4-auvc_yolo26_dataset.yolo26/AUV YOLO.v4-auvc_yolo26_dataset.yolo26/valid) by extensions ['ros']
[1.081s] Level 1:colcon.colcon_core.package_identification:_identify(assets/AUV YOLO.v4-auvc_yolo26_dataset.yolo26/AUV YOLO.v4-auvc_yolo26_dataset.yolo26/valid) by extension 'ros'
[1.081s] Level 1:colcon.colcon_core.package_identification:_identify(assets/AUV YOLO.v4-auvc_yolo26_dataset.yolo26/AUV YOLO.v4-auvc_yolo26_dataset.yolo26/valid) by extensions ['cmake', 'python']
[1.082s] Level 1:colcon.colcon_core.package_identification:_identify(assets/AUV YOLO.v4-auvc_yolo26_dataset.yolo26/AUV YOLO.v4-auvc_yolo26_dataset.yolo26/valid) by extension 'cmake'
[1.082s] Level 1:colcon.colcon_core.package_identification:_identify(assets/AUV YOLO.v4-auvc_yolo26_dataset.yolo26/AUV YOLO.v4-auvc_yolo26_dataset.yolo26/valid) by extension 'python'
[1.082s] Level 1:colcon.colcon_core.package_identification:_identify(assets/AUV YOLO.v4-auvc_yolo26_dataset.yolo26/AUV YOLO.v4-auvc_yolo26_dataset.yolo26/valid) by extensions ['python_setup_py']
[1.082s] Level 1:colcon.colcon_core.package_identification:_identify(assets/AUV YOLO.v4-auvc_yolo26_dataset.yolo26/AUV YOLO.v4-auvc_yolo26_dataset.yolo26/valid) by extension 'python_setup_py'
[1.083s] Level 1:colcon.colcon_core.package_identification:_identify(assets/AUV YOLO.v4-auvc_yolo26_dataset.yolo26/AUV YOLO.v4-auvc_yolo26_dataset.yolo26/valid/images) by extensions ['ignore', 'ignore_ament_install']
[1.083s] Level 1:colcon.colcon_core.package_identification:_identify(assets/AUV YOLO.v4-auvc_yolo26_dataset.yolo26/AUV YOLO.v4-auvc_yolo26_dataset.yolo26/valid/images) by extension 'ignore'
[1.084s] Level 1:colcon.colcon_core.package_identification:_identify(assets/AUV YOLO.v4-auvc_yolo26_dataset.yolo26/AUV YOLO.v4-auvc_yolo26_dataset.yolo26/valid/images) by extension 'ignore_ament_install'
[1.084s] Level 1:colcon.colcon_core.package_identification:_identify(assets/AUV YOLO.v4-auvc_yolo26_dataset.yolo26/AUV YOLO.v4-auvc_yolo26_dataset.yolo26/valid/images) by extensions ['colcon_pkg']
[1.084s] Level 1:colcon.colcon_core.package_identification:_identify(assets/AUV YOLO.v4-auvc_yolo26_dataset.yolo26/AUV YOLO.v4-auvc_yolo26_dataset.yolo26/valid/images) by extension 'colcon_pkg'
[1.084s] Level 1:colcon.colcon_core.package_identification:_identify(assets/AUV YOLO.v4-auvc_yolo26_dataset.yolo26/AUV YOLO.v4-auvc_yolo26_dataset.yolo26/valid/images) by extensions ['colcon_meta']
[1.085s] Level 1:colcon.colcon_core.package_identification:_identify(assets/AUV YOLO.v4-auvc_yolo26_dataset.yolo26/AUV YOLO.v4-auvc_yolo26_dataset.yolo26/valid/images) by extension 'colcon_meta'
[1.085s] Level 1:colcon.colcon_core.package_identification:_identify(assets/AUV YOLO.v4-auvc_yolo26_dataset.yolo26/AUV YOLO.v4-auvc_yolo26_dataset.yolo26/valid/images) by extensions ['ros']
[1.085s] Level 1:colcon.colcon_core.package_identification:_identify(assets/AUV YOLO.v4-auvc_yolo26_dataset.yolo26/AUV YOLO.v4-auvc_yolo26_dataset.yolo26/valid/images) by extension 'ros'
[1.086s] Level 1:colcon.colcon_core.package_identification:_identify(assets/AUV YOLO.v4-auvc_yolo26_dataset.yolo26/AUV YOLO.v4-auvc_yolo26_dataset.yolo26/valid/images) by extensions ['cmake', 'python']
[1.086s] Level 1:colcon.colcon_core.package_identification:_identify(assets/AUV YOLO.v4-auvc_yolo26_dataset.yolo26/AUV YOLO.v4-auvc_yolo26_dataset.yolo26/valid/images) by extension 'cmake'
[1.086s] Level 1:colcon.colcon_core.package_identification:_identify(assets/AUV YOLO.v4-auvc_yolo26_dataset.yolo26/AUV YOLO.v4-auvc_yolo26_dataset.yolo26/valid/images) by extension 'python'
[1.086s] Level 1:colcon.colcon_core.package_identification:_identify(assets/AUV YOLO.v4-auvc_yolo26_dataset.yolo26/AUV YOLO.v4-auvc_yolo26_dataset.yolo26/valid/images) by extensions ['python_setup_py']
[1.086s] Level 1:colcon.colcon_core.package_identification:_identify(assets/AUV YOLO.v4-auvc_yolo26_dataset.yolo26/AUV YOLO.v4-auvc_yolo26_dataset.yolo26/valid/images) by extension 'python_setup_py'
[1.087s] Level 1:colcon.colcon_core.package_identification:_identify(assets/AUV YOLO.v4-auvc_yolo26_dataset.yolo26/AUV YOLO.v4-auvc_yolo26_dataset.yolo26/valid/labels) by extensions ['ignore', 'ignore_ament_install']
[1.088s] Level 1:colcon.colcon_core.package_identification:_identify(assets/AUV YOLO.v4-auvc_yolo26_dataset.yolo26/AUV YOLO.v4-auvc_yolo26_dataset.yolo26/valid/labels) by extension 'ignore'
[1.088s] Level 1:colcon.colcon_core.package_identification:_identify(assets/AUV YOLO.v4-auvc_yolo26_dataset.yolo26/AUV YOLO.v4-auvc_yolo26_dataset.yolo26/valid/labels) by extension 'ignore_ament_install'
[1.089s] Level 1:colcon.colcon_core.package_identification:_identify(assets/AUV YOLO.v4-auvc_yolo26_dataset.yolo26/AUV YOLO.v4-auvc_yolo26_dataset.yolo26/valid/labels) by extensions ['colcon_pkg']
[1.089s] Level 1:colcon.colcon_core.package_identification:_identify(assets/AUV YOLO.v4-auvc_yolo26_dataset.yolo26/AUV YOLO.v4-auvc_yolo26_dataset.yolo26/valid/labels) by extension 'colcon_pkg'
[1.090s] Level 1:colcon.colcon_core.package_identification:_identify(assets/AUV YOLO.v4-auvc_yolo26_dataset.yolo26/AUV YOLO.v4-auvc_yolo26_dataset.yolo26/valid/labels) by extensions ['colcon_meta']
[1.090s] Level 1:colcon.colcon_core.package_identification:_identify(assets/AUV YOLO.v4-auvc_yolo26_dataset.yolo26/AUV YOLO.v4-auvc_yolo26_dataset.yolo26/valid/labels) by extension 'colcon_meta'
[1.090s] Level 1:colcon.colcon_core.package_identification:_identify(assets/AUV YOLO.v4-auvc_yolo26_dataset.yolo26/AUV YOLO.v4-auvc_yolo26_dataset.yolo26/valid/labels) by extensions ['ros']
[1.090s] Level 1:colcon.colcon_core.package_identification:_identify(assets/AUV YOLO.v4-auvc_yolo26_dataset.yolo26/AUV YOLO.v4-auvc_yolo26_dataset.yolo26/valid/labels) by extension 'ros'
[1.091s] Level 1:colcon.colcon_core.package_identification:_identify(assets/AUV YOLO.v4-auvc_yolo26_dataset.yolo26/AUV YOLO.v4-auvc_yolo26_dataset.yolo26/valid/labels) by extensions ['cmake', 'python']
[1.091s] Level 1:colcon.colcon_core.package_identification:_identify(assets/AUV YOLO.v4-auvc_yolo26_dataset.yolo26/AUV YOLO.v4-auvc_yolo26_dataset.yolo26/valid/labels) by extension 'cmake'
[1.092s] Level 1:colcon.colcon_core.package_identification:_identify(assets/AUV YOLO.v4-auvc_yolo26_dataset.yolo26/AUV YOLO.v4-auvc_yolo26_dataset.yolo26/valid/labels) by extension 'python'
[1.092s] Level 1:colcon.colcon_core.package_identification:_identify(assets/AUV YOLO.v4-auvc_yolo26_dataset.yolo26/AUV YOLO.v4-auvc_yolo26_dataset.yolo26/valid/labels) by extensions ['python_setup_py']
[1.092s] Level 1:colcon.colcon_core.package_identification:_identify(assets/AUV YOLO.v4-auvc_yolo26_dataset.yolo26/AUV YOLO.v4-auvc_yolo26_dataset.yolo26/valid/labels) by extension 'python_setup_py'
[1.093s] Level 1:colcon.colcon_core.package_identification:_identify(build) by extensions ['ignore', 'ignore_ament_install']
[1.093s] Level 1:colcon.colcon_core.package_identification:_identify(build) by extension 'ignore'
[1.093s] Level 1:colcon.colcon_core.package_identification:_identify(build) ignored
[1.094s] Level 1:colcon.colcon_core.package_identification:_identify(bwsibot) by extensions ['ignore', 'ignore_ament_install']
[1.094s] Level 1:colcon.colcon_core.package_identification:_identify(bwsibot) by extension 'ignore'
[1.095s] Level 1:colcon.colcon_core.package_identification:_identify(bwsibot) by extension 'ignore_ament_install'
[1.095s] Level 1:colcon.colcon_core.package_identification:_identify(bwsibot) by extensions ['colcon_pkg']
[1.095s] Level 1:colcon.colcon_core.package_identification:_identify(bwsibot) by extension 'colcon_pkg'
[1.096s] Level 1:colcon.colcon_core.package_identification:_identify(bwsibot) by extensions ['colcon_meta']
[1.096s] Level 1:colcon.colcon_core.package_identification:_identify(bwsibot) by extension 'colcon_meta'
[1.096s] Level 1:colcon.colcon_core.package_identification:_identify(bwsibot) by extensions ['ros']
[1.096s] Level 1:colcon.colcon_core.package_identification:_identify(bwsibot) by extension 'ros'
[1.097s] Level 1:colcon.colcon_core.package_identification:_identify(bwsibot) by extensions ['cmake', 'python']
[1.097s] Level 1:colcon.colcon_core.package_identification:_identify(bwsibot) by extension 'cmake'
[1.097s] Level 1:colcon.colcon_core.package_identification:_identify(bwsibot) by extension 'python'
[1.097s] Level 1:colcon.colcon_core.package_identification:_identify(bwsibot) by extensions ['python_setup_py']
[1.097s] Level 1:colcon.colcon_core.package_identification:_identify(bwsibot) by extension 'python_setup_py'
[1.098s] Level 1:colcon.colcon_core.package_identification:_identify(bwsibot/logs) by extensions ['ignore', 'ignore_ament_install']
[1.098s] Level 1:colcon.colcon_core.package_identification:_identify(bwsibot/logs) by extension 'ignore'
[1.099s] Level 1:colcon.colcon_core.package_identification:_identify(bwsibot/logs) by extension 'ignore_ament_install'
[1.099s] Level 1:colcon.colcon_core.package_identification:_identify(bwsibot/logs) by extensions ['colcon_pkg']
[1.099s] Level 1:colcon.colcon_core.package_identification:_identify(bwsibot/logs) by extension 'colcon_pkg'
[1.099s] Level 1:colcon.colcon_core.package_identification:_identify(bwsibot/logs) by extensions ['colcon_meta']
[1.100s] Level 1:colcon.colcon_core.package_identification:_identify(bwsibot/logs) by extension 'colcon_meta'
[1.100s] Level 1:colcon.colcon_core.package_identification:_identify(bwsibot/logs) by extensions ['ros']
[1.100s] Level 1:colcon.colcon_core.package_identification:_identify(bwsibot/logs) by extension 'ros'
[1.100s] Level 1:colcon.colcon_core.package_identification:_identify(bwsibot/logs) by extensions ['cmake', 'python']
[1.101s] Level 1:colcon.colcon_core.package_identification:_identify(bwsibot/logs) by extension 'cmake'
[1.101s] Level 1:colcon.colcon_core.package_identification:_identify(bwsibot/logs) by extension 'python'
[1.101s] Level 1:colcon.colcon_core.package_identification:_identify(bwsibot/logs) by extensions ['python_setup_py']
[1.101s] Level 1:colcon.colcon_core.package_identification:_identify(bwsibot/logs) by extension 'python_setup_py'
[1.102s] Level 1:colcon.colcon_core.package_identification:_identify(bwsibot/logs/2026-07-26) by extensions ['ignore', 'ignore_ament_install']
[1.102s] Level 1:colcon.colcon_core.package_identification:_identify(bwsibot/logs/2026-07-26) by extension 'ignore'
[1.103s] Level 1:colcon.colcon_core.package_identification:_identify(bwsibot/logs/2026-07-26) by extension 'ignore_ament_install'
[1.103s] Level 1:colcon.colcon_core.package_identification:_identify(bwsibot/logs/2026-07-26) by extensions ['colcon_pkg']
[1.103s] Level 1:colcon.colcon_core.package_identification:_identify(bwsibot/logs/2026-07-26) by extension 'colcon_pkg'
[1.103s] Level 1:colcon.colcon_core.package_identification:_identify(bwsibot/logs/2026-07-26) by extensions ['colcon_meta']
[1.103s] Level 1:colcon.colcon_core.package_identification:_identify(bwsibot/logs/2026-07-26) by extension 'colcon_meta'
[1.104s] Level 1:colcon.colcon_core.package_identification:_identify(bwsibot/logs/2026-07-26) by extensions ['ros']
[1.104s] Level 1:colcon.colcon_core.package_identification:_identify(bwsibot/logs/2026-07-26) by extension 'ros'
[1.104s] Level 1:colcon.colcon_core.package_identification:_identify(bwsibot/logs/2026-07-26) by extensions ['cmake', 'python']
[1.104s] Level 1:colcon.colcon_core.package_identification:_identify(bwsibot/logs/2026-07-26) by extension 'cmake'
[1.104s] Level 1:colcon.colcon_core.package_identification:_identify(bwsibot/logs/2026-07-26) by extension 'python'
[1.105s] Level 1:colcon.colcon_core.package_identification:_identify(bwsibot/logs/2026-07-26) by extensions ['python_setup_py']
[1.105s] Level 1:colcon.colcon_core.package_identification:_identify(bwsibot/logs/2026-07-26) by extension 'python_setup_py'
[1.105s] Level 1:colcon.colcon_core.package_identification:_identify(bwsibot/logs/2026-07-26/flight1) by extensions ['ignore', 'ignore_ament_install']
[1.106s] Level 1:colcon.colcon_core.package_identification:_identify(bwsibot/logs/2026-07-26/flight1) by extension 'ignore'
[1.106s] Level 1:colcon.colcon_core.package_identification:_identify(bwsibot/logs/2026-07-26/flight1) by extension 'ignore_ament_install'
[1.106s] Level 1:colcon.colcon_core.package_identification:_identify(bwsibot/logs/2026-07-26/flight1) by extensions ['colcon_pkg']
[1.106s] Level 1:colcon.colcon_core.package_identification:_identify(bwsibot/logs/2026-07-26/flight1) by extension 'colcon_pkg'
[1.107s] Level 1:colcon.colcon_core.package_identification:_identify(bwsibot/logs/2026-07-26/flight1) by extensions ['colcon_meta']
[1.107s] Level 1:colcon.colcon_core.package_identification:_identify(bwsibot/logs/2026-07-26/flight1) by extension 'colcon_meta'
[1.107s] Level 1:colcon.colcon_core.package_identification:_identify(bwsibot/logs/2026-07-26/flight1) by extensions ['ros']
[1.107s] Level 1:colcon.colcon_core.package_identification:_identify(bwsibot/logs/2026-07-26/flight1) by extension 'ros'
[1.107s] Level 1:colcon.colcon_core.package_identification:_identify(bwsibot/logs/2026-07-26/flight1) by extensions ['cmake', 'python']
[1.108s] Level 1:colcon.colcon_core.package_identification:_identify(bwsibot/logs/2026-07-26/flight1) by extension 'cmake'
[1.108s] Level 1:colcon.colcon_core.package_identification:_identify(bwsibot/logs/2026-07-26/flight1) by extension 'python'
[1.108s] Level 1:colcon.colcon_core.package_identification:_identify(bwsibot/logs/2026-07-26/flight1) by extensions ['python_setup_py']
[1.108s] Level 1:colcon.colcon_core.package_identification:_identify(bwsibot/logs/2026-07-26/flight1) by extension 'python_setup_py'
[1.109s] Level 1:colcon.colcon_core.package_identification:_identify(bwsibot/logs/2026-07-26/flight2) by extensions ['ignore', 'ignore_ament_install']
[1.109s] Level 1:colcon.colcon_core.package_identification:_identify(bwsibot/logs/2026-07-26/flight2) by extension 'ignore'
[1.109s] Level 1:colcon.colcon_core.package_identification:_identify(bwsibot/logs/2026-07-26/flight2) by extension 'ignore_ament_install'
[1.110s] Level 1:colcon.colcon_core.package_identification:_identify(bwsibot/logs/2026-07-26/flight2) by extensions ['colcon_pkg']
[1.110s] Level 1:colcon.colcon_core.package_identification:_identify(bwsibot/logs/2026-07-26/flight2) by extension 'colcon_pkg'
[1.110s] Level 1:colcon.colcon_core.package_identification:_identify(bwsibot/logs/2026-07-26/flight2) by extensions ['colcon_meta']
[1.110s] Level 1:colcon.colcon_core.package_identification:_identify(bwsibot/logs/2026-07-26/flight2) by extension 'colcon_meta'
[1.110s] Level 1:colcon.colcon_core.package_identification:_identify(bwsibot/logs/2026-07-26/flight2) by extensions ['ros']
[1.110s] Level 1:colcon.colcon_core.package_identification:_identify(bwsibot/logs/2026-07-26/flight2) by extension 'ros'
[1.111s] Level 1:colcon.colcon_core.package_identification:_identify(bwsibot/logs/2026-07-26/flight2) by extensions ['cmake', 'python']
[1.111s] Level 1:colcon.colcon_core.package_identification:_identify(bwsibot/logs/2026-07-26/flight2) by extension 'cmake'
[1.111s] Level 1:colcon.colcon_core.package_identification:_identify(bwsibot/logs/2026-07-26/flight2) by extension 'python'
[1.111s] Level 1:colcon.colcon_core.package_identification:_identify(bwsibot/logs/2026-07-26/flight2) by extensions ['python_setup_py']
[1.112s] Level 1:colcon.colcon_core.package_identification:_identify(bwsibot/logs/2026-07-26/flight2) by extension 'python_setup_py'
[1.112s] Level 1:colcon.colcon_core.package_identification:_identify(calibration) by extensions ['ignore', 'ignore_ament_install']
[1.112s] Level 1:colcon.colcon_core.package_identification:_identify(calibration) by extension 'ignore'
[1.112s] Level 1:colcon.colcon_core.package_identification:_identify(calibration) by extension 'ignore_ament_install'
[1.113s] Level 1:colcon.colcon_core.package_identification:_identify(calibration) by extensions ['colcon_pkg']
[1.113s] Level 1:colcon.colcon_core.package_identification:_identify(calibration) by extension 'colcon_pkg'
[1.113s] Level 1:colcon.colcon_core.package_identification:_identify(calibration) by extensions ['colcon_meta']
[1.113s] Level 1:colcon.colcon_core.package_identification:_identify(calibration) by extension 'colcon_meta'
[1.113s] Level 1:colcon.colcon_core.package_identification:_identify(calibration) by extensions ['ros']
[1.113s] Level 1:colcon.colcon_core.package_identification:_identify(calibration) by extension 'ros'
[1.114s] Level 1:colcon.colcon_core.package_identification:_identify(calibration) by extensions ['cmake', 'python']
[1.114s] Level 1:colcon.colcon_core.package_identification:_identify(calibration) by extension 'cmake'
[1.114s] Level 1:colcon.colcon_core.package_identification:_identify(calibration) by extension 'python'
[1.114s] Level 1:colcon.colcon_core.package_identification:_identify(calibration) by extensions ['python_setup_py']
[1.114s] Level 1:colcon.colcon_core.package_identification:_identify(calibration) by extension 'python_setup_py'
[1.115s] Level 1:colcon.colcon_core.package_identification:_identify(install) by extensions ['ignore', 'ignore_ament_install']
[1.115s] Level 1:colcon.colcon_core.package_identification:_identify(install) by extension 'ignore'
[1.115s] Level 1:colcon.colcon_core.package_identification:_identify(install) ignored
[1.116s] Level 1:colcon.colcon_core.package_identification:_identify(log) by extensions ['ignore', 'ignore_ament_install']
[1.116s] Level 1:colcon.colcon_core.package_identification:_identify(log) by extension 'ignore'
[1.116s] Level 1:colcon.colcon_core.package_identification:_identify(log) ignored
[1.117s] Level 1:colcon.colcon_core.package_identification:_identify(notebooks) by extensions ['ignore', 'ignore_ament_install']
[1.117s] Level 1:colcon.colcon_core.package_identification:_identify(notebooks) by extension 'ignore'
[1.117s] Level 1:colcon.colcon_core.package_identification:_identify(notebooks) by extension 'ignore_ament_install'
[1.118s] Level 1:colcon.colcon_core.package_identification:_identify(notebooks) by extensions ['colcon_pkg']
[1.118s] Level 1:colcon.colcon_core.package_identification:_identify(notebooks) by extension 'colcon_pkg'
[1.118s] Level 1:colcon.colcon_core.package_identification:_identify(notebooks) by extensions ['colcon_meta']
[1.118s] Level 1:colcon.colcon_core.package_identification:_identify(notebooks) by extension 'colcon_meta'
[1.118s] Level 1:colcon.colcon_core.package_identification:_identify(notebooks) by extensions ['ros']
[1.118s] Level 1:colcon.colcon_core.package_identification:_identify(notebooks) by extension 'ros'
[1.119s] Level 1:colcon.colcon_core.package_identification:_identify(notebooks) by extensions ['cmake', 'python']
[1.119s] Level 1:colcon.colcon_core.package_identification:_identify(notebooks) by extension 'cmake'
[1.119s] Level 1:colcon.colcon_core.package_identification:_identify(notebooks) by extension 'python'
[1.119s] Level 1:colcon.colcon_core.package_identification:_identify(notebooks) by extensions ['python_setup_py']
[1.119s] Level 1:colcon.colcon_core.package_identification:_identify(notebooks) by extension 'python_setup_py'
[1.120s] Level 1:colcon.colcon_core.package_identification:_identify(ros_ws) by extensions ['ignore', 'ignore_ament_install']
[1.120s] Level 1:colcon.colcon_core.package_identification:_identify(ros_ws) by extension 'ignore'
[1.120s] Level 1:colcon.colcon_core.package_identification:_identify(ros_ws) by extension 'ignore_ament_install'
[1.121s] Level 1:colcon.colcon_core.package_identification:_identify(ros_ws) by extensions ['colcon_pkg']
[1.121s] Level 1:colcon.colcon_core.package_identification:_identify(ros_ws) by extension 'colcon_pkg'
[1.121s] Level 1:colcon.colcon_core.package_identification:_identify(ros_ws) by extensions ['colcon_meta']
[1.121s] Level 1:colcon.colcon_core.package_identification:_identify(ros_ws) by extension 'colcon_meta'
[1.121s] Level 1:colcon.colcon_core.package_identification:_identify(ros_ws) by extensions ['ros']
[1.121s] Level 1:colcon.colcon_core.package_identification:_identify(ros_ws) by extension 'ros'
[1.122s] Level 1:colcon.colcon_core.package_identification:_identify(ros_ws) by extensions ['cmake', 'python']
[1.122s] Level 1:colcon.colcon_core.package_identification:_identify(ros_ws) by extension 'cmake'
[1.122s] Level 1:colcon.colcon_core.package_identification:_identify(ros_ws) by extension 'python'
[1.122s] Level 1:colcon.colcon_core.package_identification:_identify(ros_ws) by extensions ['python_setup_py']
[1.122s] Level 1:colcon.colcon_core.package_identification:_identify(ros_ws) by extension 'python_setup_py'
[1.123s] Level 1:colcon.colcon_core.package_identification:_identify(ros_ws/build) by extensions ['ignore', 'ignore_ament_install']
[1.123s] Level 1:colcon.colcon_core.package_identification:_identify(ros_ws/build) by extension 'ignore'
[1.123s] Level 1:colcon.colcon_core.package_identification:_identify(ros_ws/build) ignored
[1.124s] Level 1:colcon.colcon_core.package_identification:_identify(ros_ws/install) by extensions ['ignore', 'ignore_ament_install']
[1.124s] Level 1:colcon.colcon_core.package_identification:_identify(ros_ws/install) by extension 'ignore'
[1.124s] Level 1:colcon.colcon_core.package_identification:_identify(ros_ws/install) ignored
[1.125s] Level 1:colcon.colcon_core.package_identification:_identify(ros_ws/log) by extensions ['ignore', 'ignore_ament_install']
[1.125s] Level 1:colcon.colcon_core.package_identification:_identify(ros_ws/log) by extension 'ignore'
[1.125s] Level 1:colcon.colcon_core.package_identification:_identify(ros_ws/log) ignored
[1.126s] Level 1:colcon.colcon_core.package_identification:_identify(ros_ws/src) by extensions ['ignore', 'ignore_ament_install']
[1.126s] Level 1:colcon.colcon_core.package_identification:_identify(ros_ws/src) by extension 'ignore'
[1.126s] Level 1:colcon.colcon_core.package_identification:_identify(ros_ws/src) by extension 'ignore_ament_install'
[1.126s] Level 1:colcon.colcon_core.package_identification:_identify(ros_ws/src) by extensions ['colcon_pkg']
[1.127s] Level 1:colcon.colcon_core.package_identification:_identify(ros_ws/src) by extension 'colcon_pkg'
[1.127s] Level 1:colcon.colcon_core.package_identification:_identify(ros_ws/src) by extensions ['colcon_meta']
[1.127s] Level 1:colcon.colcon_core.package_identification:_identify(ros_ws/src) by extension 'colcon_meta'
[1.127s] Level 1:colcon.colcon_core.package_identification:_identify(ros_ws/src) by extensions ['ros']
[1.127s] Level 1:colcon.colcon_core.package_identification:_identify(ros_ws/src) by extension 'ros'
[1.128s] Level 1:colcon.colcon_core.package_identification:_identify(ros_ws/src) by extensions ['cmake', 'python']
[1.128s] Level 1:colcon.colcon_core.package_identification:_identify(ros_ws/src) by extension 'cmake'
[1.128s] Level 1:colcon.colcon_core.package_identification:_identify(ros_ws/src) by extension 'python'
[1.128s] Level 1:colcon.colcon_core.package_identification:_identify(ros_ws/src) by extensions ['python_setup_py']
[1.128s] Level 1:colcon.colcon_core.package_identification:_identify(ros_ws/src) by extension 'python_setup_py'
[1.129s] Level 1:colcon.colcon_core.package_identification:_identify(ros_ws/src/bringup) by extensions ['ignore', 'ignore_ament_install']
[1.129s] Level 1:colcon.colcon_core.package_identification:_identify(ros_ws/src/bringup) by extension 'ignore'
[1.129s] Level 1:colcon.colcon_core.package_identification:_identify(ros_ws/src/bringup) by extension 'ignore_ament_install'
[1.130s] Level 1:colcon.colcon_core.package_identification:_identify(ros_ws/src/bringup) by extensions ['colcon_pkg']
[1.130s] Level 1:colcon.colcon_core.package_identification:_identify(ros_ws/src/bringup) by extension 'colcon_pkg'
[1.130s] Level 1:colcon.colcon_core.package_identification:_identify(ros_ws/src/bringup) by extensions ['colcon_meta']
[1.130s] Level 1:colcon.colcon_core.package_identification:_identify(ros_ws/src/bringup) by extension 'colcon_meta'
[1.130s] Level 1:colcon.colcon_core.package_identification:_identify(ros_ws/src/bringup) by extensions ['ros']
[1.130s] Level 1:colcon.colcon_core.package_identification:_identify(ros_ws/src/bringup) by extension 'ros'
[1.142s] DEBUG:colcon.colcon_core.package_identification:Package 'ros_ws/src/bringup' with type 'ros.ament_python' and name 'bringup'
[1.143s] Level 1:colcon.colcon_core.package_identification:_identify(ros_ws/src/control) by extensions ['ignore', 'ignore_ament_install']
[1.143s] Level 1:colcon.colcon_core.package_identification:_identify(ros_ws/src/control) by extension 'ignore'
[1.143s] Level 1:colcon.colcon_core.package_identification:_identify(ros_ws/src/control) by extension 'ignore_ament_install'
[1.144s] Level 1:colcon.colcon_core.package_identification:_identify(ros_ws/src/control) by extensions ['colcon_pkg']
[1.144s] Level 1:colcon.colcon_core.package_identification:_identify(ros_ws/src/control) by extension 'colcon_pkg'
[1.144s] Level 1:colcon.colcon_core.package_identification:_identify(ros_ws/src/control) by extensions ['colcon_meta']
[1.144s] Level 1:colcon.colcon_core.package_identification:_identify(ros_ws/src/control) by extension 'colcon_meta'
[1.144s] Level 1:colcon.colcon_core.package_identification:_identify(ros_ws/src/control) by extensions ['ros']
[1.144s] Level 1:colcon.colcon_core.package_identification:_identify(ros_ws/src/control) by extension 'ros'
[1.150s] DEBUG:colcon.colcon_core.package_identification:Package 'ros_ws/src/control' with type 'ros.ament_python' and name 'control'
[1.150s] Level 1:colcon.colcon_core.package_identification:_identify(ros_ws/src/cv) by extensions ['ignore', 'ignore_ament_install']
[1.151s] Level 1:colcon.colcon_core.package_identification:_identify(ros_ws/src/cv) by extension 'ignore'
[1.151s] Level 1:colcon.colcon_core.package_identification:_identify(ros_ws/src/cv) by extension 'ignore_ament_install'
[1.151s] Level 1:colcon.colcon_core.package_identification:_identify(ros_ws/src/cv) by extensions ['colcon_pkg']
[1.152s] Level 1:colcon.colcon_core.package_identification:_identify(ros_ws/src/cv) by extension 'colcon_pkg'
[1.152s] Level 1:colcon.colcon_core.package_identification:_identify(ros_ws/src/cv) by extensions ['colcon_meta']
[1.152s] Level 1:colcon.colcon_core.package_identification:_identify(ros_ws/src/cv) by extension 'colcon_meta'
[1.152s] Level 1:colcon.colcon_core.package_identification:_identify(ros_ws/src/cv) by extensions ['ros']
[1.152s] Level 1:colcon.colcon_core.package_identification:_identify(ros_ws/src/cv) by extension 'ros'
[1.157s] DEBUG:colcon.colcon_core.package_identification:Package 'ros_ws/src/cv' with type 'ros.ament_python' and name 'cv'
[1.158s] Level 1:colcon.colcon_core.package_identification:_identify(ros_ws/src/flashing) by extensions ['ignore', 'ignore_ament_install']
[1.158s] Level 1:colcon.colcon_core.package_identification:_identify(ros_ws/src/flashing) by extension 'ignore'
[1.159s] Level 1:colcon.colcon_core.package_identification:_identify(ros_ws/src/flashing) by extension 'ignore_ament_install'
[1.159s] Level 1:colcon.colcon_core.package_identification:_identify(ros_ws/src/flashing) by extensions ['colcon_pkg']
[1.159s] Level 1:colcon.colcon_core.package_identification:_identify(ros_ws/src/flashing) by extension 'colcon_pkg'
[1.159s] Level 1:colcon.colcon_core.package_identification:_identify(ros_ws/src/flashing) by extensions ['colcon_meta']
[1.159s] Level 1:colcon.colcon_core.package_identification:_identify(ros_ws/src/flashing) by extension 'colcon_meta'
[1.160s] Level 1:colcon.colcon_core.package_identification:_identify(ros_ws/src/flashing) by extensions ['ros']
[1.160s] Level 1:colcon.colcon_core.package_identification:_identify(ros_ws/src/flashing) by extension 'ros'
[1.165s] DEBUG:colcon.colcon_core.package_identification:Package 'ros_ws/src/flashing' with type 'ros.ament_python' and name 'flashing'
[1.166s] Level 1:colcon.colcon_core.package_identification:_identify(ros_ws/src/hardware) by extensions ['ignore', 'ignore_ament_install']
[1.166s] Level 1:colcon.colcon_core.package_identification:_identify(ros_ws/src/hardware) by extension 'ignore'
[1.166s] Level 1:colcon.colcon_core.package_identification:_identify(ros_ws/src/hardware) by extension 'ignore_ament_install'
[1.167s] Level 1:colcon.colcon_core.package_identification:_identify(ros_ws/src/hardware) by extensions ['colcon_pkg']
[1.167s] Level 1:colcon.colcon_core.package_identification:_identify(ros_ws/src/hardware) by extension 'colcon_pkg'
[1.167s] Level 1:colcon.colcon_core.package_identification:_identify(ros_ws/src/hardware) by extensions ['colcon_meta']
[1.167s] Level 1:colcon.colcon_core.package_identification:_identify(ros_ws/src/hardware) by extension 'colcon_meta'
[1.167s] Level 1:colcon.colcon_core.package_identification:_identify(ros_ws/src/hardware) by extensions ['ros']
[1.167s] Level 1:colcon.colcon_core.package_identification:_identify(ros_ws/src/hardware) by extension 'ros'
[1.174s] DEBUG:colcon.colcon_core.package_identification:Found ROS schema reference in package manifest in 'ros_ws/src/hardware'
[1.174s] WARNING:colcon.colcon_core.package_identification:Failed to parse ROS package manifest in 'ros_ws/src/hardware': Error(s) in package 'ros_ws/src/hardware/package.xml':
Error(s):
- The generic dependency on 'cv_bridge' is redundant with: exec_depend
[1.175s] Level 1:colcon.colcon_core.package_identification:_identify(ros_ws/src/hardware) by extensions ['cmake', 'python']
[1.175s] Level 1:colcon.colcon_core.package_identification:_identify(ros_ws/src/hardware) by extension 'cmake'
[1.175s] Level 1:colcon.colcon_core.package_identification:_identify(ros_ws/src/hardware) by extension 'python'
[1.176s] DEBUG:colcon.colcon_core.package_identification:Python package in 'ros_ws/src/hardware' passes arguments to the setup() function which requires a different identification extension than 'python'
[1.176s] Level 1:colcon.colcon_core.package_identification:_identify(ros_ws/src/hardware) by extensions ['python_setup_py']
[1.176s] Level 1:colcon.colcon_core.package_identification:_identify(ros_ws/src/hardware) by extension 'python_setup_py'
[2.129s] DEBUG:colcon.colcon_core.package_identification:Package 'ros_ws/src/hardware' with type 'python' and name 'hardware'
[2.130s] Level 1:colcon.colcon_core.package_identification:_identify(ros_ws/src/msgs) by extensions ['ignore', 'ignore_ament_install']
[2.130s] Level 1:colcon.colcon_core.package_identification:_identify(ros_ws/src/msgs) by extension 'ignore'
[2.131s] Level 1:colcon.colcon_core.package_identification:_identify(ros_ws/src/msgs) by extension 'ignore_ament_install'
[2.131s] Level 1:colcon.colcon_core.package_identification:_identify(ros_ws/src/msgs) by extensions ['colcon_pkg']
[2.132s] Level 1:colcon.colcon_core.package_identification:_identify(ros_ws/src/msgs) by extension 'colcon_pkg'
[2.132s] Level 1:colcon.colcon_core.package_identification:_identify(ros_ws/src/msgs) by extensions ['colcon_meta']
[2.133s] Level 1:colcon.colcon_core.package_identification:_identify(ros_ws/src/msgs) by extension 'colcon_meta'
[2.133s] Level 1:colcon.colcon_core.package_identification:_identify(ros_ws/src/msgs) by extensions ['ros']
[2.133s] Level 1:colcon.colcon_core.package_identification:_identify(ros_ws/src/msgs) by extension 'ros'
[2.140s] DEBUG:colcon.colcon_core.package_identification:Package 'ros_ws/src/msgs' with type 'ros.ament_cmake' and name 'msgs'
[2.141s] Level 1:colcon.colcon_core.package_identification:_identify(scripts) by extensions ['ignore', 'ignore_ament_install']
[2.141s] Level 1:colcon.colcon_core.package_identification:_identify(scripts) by extension 'ignore'
[2.142s] Level 1:colcon.colcon_core.package_identification:_identify(scripts) by extension 'ignore_ament_install'
[2.142s] Level 1:colcon.colcon_core.package_identification:_identify(scripts) by extensions ['colcon_pkg']
[2.142s] Level 1:colcon.colcon_core.package_identification:_identify(scripts) by extension 'colcon_pkg'
[2.143s] Level 1:colcon.colcon_core.package_identification:_identify(scripts) by extensions ['colcon_meta']
[2.143s] Level 1:colcon.colcon_core.package_identification:_identify(scripts) by extension 'colcon_meta'
[2.143s] Level 1:colcon.colcon_core.package_identification:_identify(scripts) by extensions ['ros']
[2.143s] Level 1:colcon.colcon_core.package_identification:_identify(scripts) by extension 'ros'
[2.144s] Level 1:colcon.colcon_core.package_identification:_identify(scripts) by extensions ['cmake', 'python']
[2.144s] Level 1:colcon.colcon_core.package_identification:_identify(scripts) by extension 'cmake'
[2.145s] Level 1:colcon.colcon_core.package_identification:_identify(scripts) by extension 'python'
[2.145s] Level 1:colcon.colcon_core.package_identification:_identify(scripts) by extensions ['python_setup_py']
[2.145s] Level 1:colcon.colcon_core.package_identification:_identify(scripts) by extension 'python_setup_py'
[2.146s] Level 1:colcon.colcon_core.package_identification:_identify(simulation) by extensions ['ignore', 'ignore_ament_install']
[2.146s] Level 1:colcon.colcon_core.package_identification:_identify(simulation) by extension 'ignore'
[2.147s] Level 1:colcon.colcon_core.package_identification:_identify(simulation) by extension 'ignore_ament_install'
[2.147s] Level 1:colcon.colcon_core.package_identification:_identify(simulation) by extensions ['colcon_pkg']
[2.147s] Level 1:colcon.colcon_core.package_identification:_identify(simulation) by extension 'colcon_pkg'
[2.148s] Level 1:colcon.colcon_core.package_identification:_identify(simulation) by extensions ['colcon_meta']
[2.148s] Level 1:colcon.colcon_core.package_identification:_identify(simulation) by extension 'colcon_meta'
[2.148s] Level 1:colcon.colcon_core.package_identification:_identify(simulation) by extensions ['ros']
[2.148s] Level 1:colcon.colcon_core.package_identification:_identify(simulation) by extension 'ros'
[2.149s] Level 1:colcon.colcon_core.package_identification:_identify(simulation) by extensions ['cmake', 'python']
[2.149s] Level 1:colcon.colcon_core.package_identification:_identify(simulation) by extension 'cmake'
[2.150s] Level 1:colcon.colcon_core.package_identification:_identify(simulation) by extension 'python'
[2.150s] Level 1:colcon.colcon_core.package_identification:_identify(simulation) by extensions ['python_setup_py']
[2.150s] Level 1:colcon.colcon_core.package_identification:_identify(simulation) by extension 'python_setup_py'
[2.151s] Level 1:colcon.colcon_core.package_identification:_identify(simulation/gazebo_bluerov2) by extensions ['ignore', 'ignore_ament_install']
[2.152s] Level 1:colcon.colcon_core.package_identification:_identify(simulation/gazebo_bluerov2) by extension 'ignore'
[2.152s] Level 1:colcon.colcon_core.package_identification:_identify(simulation/gazebo_bluerov2) by extension 'ignore_ament_install'
[2.153s] Level 1:colcon.colcon_core.package_identification:_identify(simulation/gazebo_bluerov2) by extensions ['colcon_pkg']
[2.153s] Level 1:colcon.colcon_core.package_identification:_identify(simulation/gazebo_bluerov2) by extension 'colcon_pkg'
[2.153s] Level 1:colcon.colcon_core.package_identification:_identify(simulation/gazebo_bluerov2) by extensions ['colcon_meta']
[2.153s] Level 1:colcon.colcon_core.package_identification:_identify(simulation/gazebo_bluerov2) by extension 'colcon_meta'
[2.154s] Level 1:colcon.colcon_core.package_identification:_identify(simulation/gazebo_bluerov2) by extensions ['ros']
[2.154s] Level 1:colcon.colcon_core.package_identification:_identify(simulation/gazebo_bluerov2) by extension 'ros'
[2.156s] DEBUG:colcon.colcon_core.package_identification:Package 'simulation/gazebo_bluerov2' with type 'ros.ament_cmake' and name 'gazebo_bluerov2'
[2.156s] Level 1:colcon.colcon_core.package_discovery:discover_packages(recursive) using defaults
[2.157s] Level 1:colcon.colcon_core.package_discovery:discover_packages(ignore) discover
[2.157s] Level 1:colcon.colcon_core.package_discovery:discover_packages(ignore) using defaults
[2.157s] Level 1:colcon.colcon_core.package_discovery:discover_packages(path) discover
[2.157s] Level 1:colcon.colcon_core.package_discovery:discover_packages(path) using defaults
[2.260s] Level 5:colcon.colcon_core.verb:set package 'bringup' build argument 'cmake_args' from command line to 'None'
[2.260s] Level 5:colcon.colcon_core.verb:set package 'bringup' build argument 'cmake_target' from command line to 'None'
[2.261s] Level 5:colcon.colcon_core.verb:set package 'bringup' build argument 'cmake_target_skip_unavailable' from command line to 'False'
[2.261s] Level 5:colcon.colcon_core.verb:set package 'bringup' build argument 'cmake_clean_cache' from command line to 'False'
[2.261s] Level 5:colcon.colcon_core.verb:set package 'bringup' build argument 'cmake_clean_first' from command line to 'False'
[2.261s] Level 5:colcon.colcon_core.verb:set package 'bringup' build argument 'cmake_force_configure' from command line to 'False'
[2.261s] Level 5:colcon.colcon_core.verb:set package 'bringup' build argument 'ament_cmake_args' from command line to 'None'
[2.261s] Level 5:colcon.colcon_core.verb:set package 'bringup' build argument 'catkin_cmake_args' from command line to 'None'
[2.262s] Level 5:colcon.colcon_core.verb:set package 'bringup' build argument 'catkin_skip_building_tests' from command line to 'False'
[2.262s] DEBUG:colcon.colcon_core.verb:Building package 'bringup' with the following arguments: {'ament_cmake_args': None, 'build_base': '/home/ngt/ZENS-Final-AUVC/build/bringup', 'catkin_cmake_args': None, 'catkin_skip_building_tests': False, 'cmake_args': None, 'cmake_clean_cache': False, 'cmake_clean_first': False, 'cmake_force_configure': False, 'cmake_target': None, 'cmake_target_skip_unavailable': False, 'install_base': '/home/ngt/ZENS-Final-AUVC/install/bringup', 'merge_install': False, 'path': '/home/ngt/ZENS-Final-AUVC/ros_ws/src/bringup', 'symlink_install': False, 'test_result_base': None}
[2.263s] Level 5:colcon.colcon_core.verb:set package 'control' build argument 'cmake_args' from command line to 'None'
[2.263s] Level 5:colcon.colcon_core.verb:set package 'control' build argument 'cmake_target' from command line to 'None'
[2.264s] Level 5:colcon.colcon_core.verb:set package 'control' build argument 'cmake_target_skip_unavailable' from command line to 'False'
[2.264s] Level 5:colcon.colcon_core.verb:set package 'control' build argument 'cmake_clean_cache' from command line to 'False'
[2.264s] Level 5:colcon.colcon_core.verb:set package 'control' build argument 'cmake_clean_first' from command line to 'False'
[2.264s] Level 5:colcon.colcon_core.verb:set package 'control' build argument 'cmake_force_configure' from command line to 'False'
[2.264s] Level 5:colcon.colcon_core.verb:set package 'control' build argument 'ament_cmake_args' from command line to 'None'
[2.264s] Level 5:colcon.colcon_core.verb:set package 'control' build argument 'catkin_cmake_args' from command line to 'None'
[2.265s] Level 5:colcon.colcon_core.verb:set package 'control' build argument 'catkin_skip_building_tests' from command line to 'False'
[2.265s] DEBUG:colcon.colcon_core.verb:Building package 'control' with the following arguments: {'ament_cmake_args': None, 'build_base': '/home/ngt/ZENS-Final-AUVC/build/control', 'catkin_cmake_args': None, 'catkin_skip_building_tests': False, 'cmake_args': None, 'cmake_clean_cache': False, 'cmake_clean_first': False, 'cmake_force_configure': False, 'cmake_target': None, 'cmake_target_skip_unavailable': False, 'install_base': '/home/ngt/ZENS-Final-AUVC/install/control', 'merge_install': False, 'path': '/home/ngt/ZENS-Final-AUVC/ros_ws/src/control', 'symlink_install': False, 'test_result_base': None}
[2.266s] Level 5:colcon.colcon_core.verb:set package 'cv' build argument 'cmake_args' from command line to 'None'
[2.266s] Level 5:colcon.colcon_core.verb:set package 'cv' build argument 'cmake_target' from command line to 'None'
[2.266s] Level 5:colcon.colcon_core.verb:set package 'cv' build argument 'cmake_target_skip_unavailable' from command line to 'False'
[2.267s] Level 5:colcon.colcon_core.verb:set package 'cv' build argument 'cmake_clean_cache' from command line to 'False'
[2.267s] Level 5:colcon.colcon_core.verb:set package 'cv' build argument 'cmake_clean_first' from command line to 'False'
[2.267s] Level 5:colcon.colcon_core.verb:set package 'cv' build argument 'cmake_force_configure' from command line to 'False'
[2.267s] Level 5:colcon.colcon_core.verb:set package 'cv' build argument 'ament_cmake_args' from command line to 'None'
[2.267s] Level 5:colcon.colcon_core.verb:set package 'cv' build argument 'catkin_cmake_args' from command line to 'None'
[2.267s] Level 5:colcon.colcon_core.verb:set package 'cv' build argument 'catkin_skip_building_tests' from command line to 'False'
[2.267s] DEBUG:colcon.colcon_core.verb:Building package 'cv' with the following arguments: {'ament_cmake_args': None, 'build_base': '/home/ngt/ZENS-Final-AUVC/build/cv', 'catkin_cmake_args': None, 'catkin_skip_building_tests': False, 'cmake_args': None, 'cmake_clean_cache': False, 'cmake_clean_first': False, 'cmake_force_configure': False, 'cmake_target': None, 'cmake_target_skip_unavailable': False, 'install_base': '/home/ngt/ZENS-Final-AUVC/install/cv', 'merge_install': False, 'path': '/home/ngt/ZENS-Final-AUVC/ros_ws/src/cv', 'symlink_install': False, 'test_result_base': None}
[2.268s] Level 5:colcon.colcon_core.verb:set package 'flashing' build argument 'cmake_args' from command line to 'None'
[2.268s] Level 5:colcon.colcon_core.verb:set package 'flashing' build argument 'cmake_target' from command line to 'None'
[2.268s] Level 5:colcon.colcon_core.verb:set package 'flashing' build argument 'cmake_target_skip_unavailable' from command line to 'False'
[2.269s] Level 5:colcon.colcon_core.verb:set package 'flashing' build argument 'cmake_clean_cache' from command line to 'False'
[2.269s] Level 5:colcon.colcon_core.verb:set package 'flashing' build argument 'cmake_clean_first' from command line to 'False'
[2.269s] Level 5:colcon.colcon_core.verb:set package 'flashing' build argument 'cmake_force_configure' from command line to 'False'
[2.269s] Level 5:colcon.colcon_core.verb:set package 'flashing' build argument 'ament_cmake_args' from command line to 'None'
[2.269s] Level 5:colcon.colcon_core.verb:set package 'flashing' build argument 'catkin_cmake_args' from command line to 'None'
[2.269s] Level 5:colcon.colcon_core.verb:set package 'flashing' build argument 'catkin_skip_building_tests' from command line to 'False'
[2.269s] DEBUG:colcon.colcon_core.verb:Building package 'flashing' with the following arguments: {'ament_cmake_args': None, 'build_base': '/home/ngt/ZENS-Final-AUVC/build/flashing', 'catkin_cmake_args': None, 'catkin_skip_building_tests': False, 'cmake_args': None, 'cmake_clean_cache': False, 'cmake_clean_first': False, 'cmake_force_configure': False, 'cmake_target': None, 'cmake_target_skip_unavailable': False, 'install_base': '/home/ngt/ZENS-Final-AUVC/install/flashing', 'merge_install': False, 'path': '/home/ngt/ZENS-Final-AUVC/ros_ws/src/flashing', 'symlink_install': False, 'test_result_base': None}
[2.270s] Level 5:colcon.colcon_core.verb:set package 'gazebo_bluerov2' build argument 'cmake_args' from command line to 'None'
[2.270s] Level 5:colcon.colcon_core.verb:set package 'gazebo_bluerov2' build argument 'cmake_target' from command line to 'None'
[2.270s] Level 5:colcon.colcon_core.verb:set package 'gazebo_bluerov2' build argument 'cmake_target_skip_unavailable' from command line to 'False'
[2.270s] Level 5:colcon.colcon_core.verb:set package 'gazebo_bluerov2' build argument 'cmake_clean_cache' from command line to 'False'
[2.271s] Level 5:colcon.colcon_core.verb:set package 'gazebo_bluerov2' build argument 'cmake_clean_first' from command line to 'False'
[2.271s] Level 5:colcon.colcon_core.verb:set package 'gazebo_bluerov2' build argument 'cmake_force_configure' from command line to 'False'
[2.271s] Level 5:colcon.colcon_core.verb:set package 'gazebo_bluerov2' build argument 'ament_cmake_args' from command line to 'None'
[2.271s] Level 5:colcon.colcon_core.verb:set package 'gazebo_bluerov2' build argument 'catkin_cmake_args' from command line to 'None'
[2.271s] Level 5:colcon.colcon_core.verb:set package 'gazebo_bluerov2' build argument 'catkin_skip_building_tests' from command line to 'False'
[2.271s] DEBUG:colcon.colcon_core.verb:Building package 'gazebo_bluerov2' with the following arguments: {'ament_cmake_args': None, 'build_base': '/home/ngt/ZENS-Final-AUVC/build/gazebo_bluerov2', 'catkin_cmake_args': None, 'catkin_skip_building_tests': False, 'cmake_args': None, 'cmake_clean_cache': False, 'cmake_clean_first': False, 'cmake_force_configure': False, 'cmake_target': None, 'cmake_target_skip_unavailable': False, 'install_base': '/home/ngt/ZENS-Final-AUVC/install/gazebo_bluerov2', 'merge_install': False, 'path': '/home/ngt/ZENS-Final-AUVC/simulation/gazebo_bluerov2', 'symlink_install': False, 'test_result_base': None}
[2.272s] Level 5:colcon.colcon_core.verb:set package 'hardware' build argument 'cmake_args' from command line to 'None'
[2.272s] Level 5:colcon.colcon_core.verb:set package 'hardware' build argument 'cmake_target' from command line to 'None'
[2.272s] Level 5:colcon.colcon_core.verb:set package 'hardware' build argument 'cmake_target_skip_unavailable' from command line to 'False'
[2.272s] Level 5:colcon.colcon_core.verb:set package 'hardware' build argument 'cmake_clean_cache' from command line to 'False'
[2.272s] Level 5:colcon.colcon_core.verb:set package 'hardware' build argument 'cmake_clean_first' from command line to 'False'
[2.273s] Level 5:colcon.colcon_core.verb:set package 'hardware' build argument 'cmake_force_configure' from command line to 'False'
[2.273s] Level 5:colcon.colcon_core.verb:set package 'hardware' build argument 'ament_cmake_args' from command line to 'None'
[2.273s] Level 5:colcon.colcon_core.verb:set package 'hardware' build argument 'catkin_cmake_args' from command line to 'None'
[2.273s] Level 5:colcon.colcon_core.verb:set package 'hardware' build argument 'catkin_skip_building_tests' from command line to 'False'
[2.273s] DEBUG:colcon.colcon_core.verb:Building package 'hardware' with the following arguments: {'ament_cmake_args': None, 'build_base': '/home/ngt/ZENS-Final-AUVC/build/hardware', 'catkin_cmake_args': None, 'catkin_skip_building_tests': False, 'cmake_args': None, 'cmake_clean_cache': False, 'cmake_clean_first': False, 'cmake_force_configure': False, 'cmake_target': None, 'cmake_target_skip_unavailable': False, 'install_base': '/home/ngt/ZENS-Final-AUVC/install/hardware', 'merge_install': False, 'path': '/home/ngt/ZENS-Final-AUVC/ros_ws/src/hardware', 'symlink_install': False, 'test_result_base': None}
[2.274s] Level 5:colcon.colcon_core.verb:set package 'msgs' build argument 'cmake_args' from command line to 'None'
[2.274s] Level 5:colcon.colcon_core.verb:set package 'msgs' build argument 'cmake_target' from command line to 'None'
[2.274s] Level 5:colcon.colcon_core.verb:set package 'msgs' build argument 'cmake_target_skip_unavailable' from command line to 'False'
[2.274s] Level 5:colcon.colcon_core.verb:set package 'msgs' build argument 'cmake_clean_cache' from command line to 'False'
[2.274s] Level 5:colcon.colcon_core.verb:set package 'msgs' build argument 'cmake_clean_first' from command line to 'False'
[2.274s] Level 5:colcon.colcon_core.verb:set package 'msgs' build argument 'cmake_force_configure' from command line to 'False'
[2.274s] Level 5:colcon.colcon_core.verb:set package 'msgs' build argument 'ament_cmake_args' from command line to 'None'
[2.275s] Level 5:colcon.colcon_core.verb:set package 'msgs' build argument 'catkin_cmake_args' from command line to 'None'
[2.275s] Level 5:colcon.colcon_core.verb:set package 'msgs' build argument 'catkin_skip_building_tests' from command line to 'False'
[2.275s] DEBUG:colcon.colcon_core.verb:Building package 'msgs' with the following arguments: {'ament_cmake_args': None, 'build_base': '/home/ngt/ZENS-Final-AUVC/build/msgs', 'catkin_cmake_args': None, 'catkin_skip_building_tests': False, 'cmake_args': None, 'cmake_clean_cache': False, 'cmake_clean_first': False, 'cmake_force_configure': False, 'cmake_target': None, 'cmake_target_skip_unavailable': False, 'install_base': '/home/ngt/ZENS-Final-AUVC/install/msgs', 'merge_install': False, 'path': '/home/ngt/ZENS-Final-AUVC/ros_ws/src/msgs', 'symlink_install': False, 'test_result_base': None}
[2.275s] INFO:colcon.colcon_core.executor:Executing jobs using 'parallel' executor
[2.279s] DEBUG:colcon.colcon_parallel_executor.executor.parallel:run_until_complete
[2.280s] INFO:colcon.colcon_ros.task.ament_python.build:Building ROS package in '/home/ngt/ZENS-Final-AUVC/ros_ws/src/bringup' with build type 'ament_python'
[2.280s] Level 1:colcon.colcon_core.shell:create_environment_hook('bringup', 'ament_prefix_path')
[2.291s] INFO:colcon.colcon_core.plugin_system:Skipping extension 'colcon_core.shell.bat': Not used on non-Windows systems
[2.292s] INFO:colcon.colcon_core.shell:Creating environment hook '/home/ngt/ZENS-Final-AUVC/install/bringup/share/bringup/hook/ament_prefix_path.ps1'
[2.295s] INFO:colcon.colcon_core.shell:Creating environment descriptor '/home/ngt/ZENS-Final-AUVC/install/bringup/share/bringup/hook/ament_prefix_path.dsv'
[2.297s] INFO:colcon.colcon_core.shell:Creating environment hook '/home/ngt/ZENS-Final-AUVC/install/bringup/share/bringup/hook/ament_prefix_path.sh'
[2.300s] INFO:colcon.colcon_core.shell:Skip shell extension 'powershell' for command environment: Not usable outside of PowerShell
[2.301s] DEBUG:colcon.colcon_core.shell:Skip shell extension 'dsv' for command environment
[2.334s] INFO:colcon.colcon_ros.task.ament_python.build:Building ROS package in '/home/ngt/ZENS-Final-AUVC/ros_ws/src/control' with build type 'ament_python'
[2.334s] Level 1:colcon.colcon_core.shell:create_environment_hook('control', 'ament_prefix_path')
[2.336s] INFO:colcon.colcon_core.shell:Creating environment hook '/home/ngt/ZENS-Final-AUVC/install/control/share/control/hook/ament_prefix_path.ps1'
[2.338s] INFO:colcon.colcon_core.shell:Creating environment descriptor '/home/ngt/ZENS-Final-AUVC/install/control/share/control/hook/ament_prefix_path.dsv'
[2.340s] INFO:colcon.colcon_core.shell:Creating environment hook '/home/ngt/ZENS-Final-AUVC/install/control/share/control/hook/ament_prefix_path.sh'
[2.343s] INFO:colcon.colcon_core.shell:Skip shell extension 'powershell' for command environment: Not usable outside of PowerShell
[2.343s] DEBUG:colcon.colcon_core.shell:Skip shell extension 'dsv' for command environment
[2.371s] INFO:colcon.colcon_ros.task.ament_python.build:Building ROS package in '/home/ngt/ZENS-Final-AUVC/ros_ws/src/cv' with build type 'ament_python'
[2.372s] Level 1:colcon.colcon_core.shell:create_environment_hook('cv', 'ament_prefix_path')
[2.372s] INFO:colcon.colcon_core.shell:Creating environment hook '/home/ngt/ZENS-Final-AUVC/install/cv/share/cv/hook/ament_prefix_path.ps1'
[2.375s] INFO:colcon.colcon_core.shell:Creating environment descriptor '/home/ngt/ZENS-Final-AUVC/install/cv/share/cv/hook/ament_prefix_path.dsv'
[2.377s] INFO:colcon.colcon_core.shell:Creating environment hook '/home/ngt/ZENS-Final-AUVC/install/cv/share/cv/hook/ament_prefix_path.sh'
[2.380s] INFO:colcon.colcon_core.shell:Skip shell extension 'powershell' for command environment: Not usable outside of PowerShell
[2.380s] DEBUG:colcon.colcon_core.shell:Skip shell extension 'dsv' for command environment
[2.412s] INFO:colcon.colcon_ros.task.ament_python.build:Building ROS package in '/home/ngt/ZENS-Final-AUVC/ros_ws/src/flashing' with build type 'ament_python'
[2.412s] Level 1:colcon.colcon_core.shell:create_environment_hook('flashing', 'ament_prefix_path')
[2.413s] INFO:colcon.colcon_core.shell:Creating environment hook '/home/ngt/ZENS-Final-AUVC/install/flashing/share/flashing/hook/ament_prefix_path.ps1'
[2.416s] INFO:colcon.colcon_core.shell:Creating environment descriptor '/home/ngt/ZENS-Final-AUVC/install/flashing/share/flashing/hook/ament_prefix_path.dsv'
[2.418s] INFO:colcon.colcon_core.shell:Creating environment hook '/home/ngt/ZENS-Final-AUVC/install/flashing/share/flashing/hook/ament_prefix_path.sh'
[2.421s] INFO:colcon.colcon_core.shell:Skip shell extension 'powershell' for command environment: Not usable outside of PowerShell
[2.422s] DEBUG:colcon.colcon_core.shell:Skip shell extension 'dsv' for command environment
[3.433s] INFO:colcon.colcon_core.task.python.build:Building Python package in '/home/ngt/ZENS-Final-AUVC/ros_ws/src/bringup'
[3.434s] INFO:colcon.colcon_core.shell:Skip shell extension 'powershell' for command environment: Not usable outside of PowerShell
[3.434s] DEBUG:colcon.colcon_core.shell:Skip shell extension 'dsv' for command environment
[4.411s] INFO:colcon.colcon_core.task.python.build:Building Python package in '/home/ngt/ZENS-Final-AUVC/ros_ws/src/control'
[4.412s] INFO:colcon.colcon_core.shell:Skip shell extension 'powershell' for command environment: Not usable outside of PowerShell
[4.412s] DEBUG:colcon.colcon_core.shell:Skip shell extension 'dsv' for command environment
[5.402s] INFO:colcon.colcon_core.task.python.build:Building Python package in '/home/ngt/ZENS-Final-AUVC/ros_ws/src/cv'
[5.403s] INFO:colcon.colcon_core.shell:Skip shell extension 'powershell' for command environment: Not usable outside of PowerShell
[5.403s] DEBUG:colcon.colcon_core.shell:Skip shell extension 'dsv' for command environment
[6.429s] INFO:colcon.colcon_core.task.python.build:Building Python package in '/home/ngt/ZENS-Final-AUVC/ros_ws/src/flashing'
[6.430s] INFO:colcon.colcon_core.shell:Skip shell extension 'powershell' for command environment: Not usable outside of PowerShell
[6.430s] DEBUG:colcon.colcon_core.shell:Skip shell extension 'dsv' for command environment
[9.231s] DEBUG:colcon.colcon_core.task.python.build:Available setuptools commands: build_scripts, saveopts, dist_info, install_data, build, bdist, egg_info, bdist_egg, build_clib, clean, setopt, build_py, symlink_data, editable_wheel, install_scripts, build_ext, install, develop, rotate, bdist_wheel, easy_install, sdist, bdist_rpm, install_egg_info, install_headers, alias, install_lib, bdist_dumb, check
[9.247s] DEBUG:colcon.colcon_core.event_handler.log_command:Invoking command in '/home/ngt/ZENS-Final-AUVC/ros_ws/src/cv': PYTHONPATH=/home/ngt/ZENS-Final-AUVC/build/cv/prefix_override:/home/ngt/.virtualenvs/ardusub/lib/python3.12/site-packages/colcon_core/task/python/colcon_distutils_commands:/home/ngt/ZENS-Final-AUVC/install/cv/lib/python3.12/site-packages:${PYTHONPATH} /home/ngt/.virtualenvs/ardusub/bin/python -W ignore:setup.py install is deprecated -W ignore:easy_install command is deprecated setup.py egg_info --egg-base ../../../build/cv build --build-base /home/ngt/ZENS-Final-AUVC/build/cv/build install --record /home/ngt/ZENS-Final-AUVC/build/cv/install.log --install-scripts $base/lib/cv --single-version-externally-managed install_data
[9.263s] DEBUG:colcon.colcon_core.task.python.build:Available setuptools commands: build_scripts, saveopts, dist_info, install_data, build, bdist, egg_info, bdist_egg, build_clib, clean, setopt, build_py, symlink_data, editable_wheel, install_scripts, build_ext, install, develop, rotate, bdist_wheel, easy_install, sdist, bdist_rpm, install_egg_info, install_headers, alias, install_lib, bdist_dumb, check
[9.278s] DEBUG:colcon.colcon_core.event_handler.log_command:Invoking command in '/home/ngt/ZENS-Final-AUVC/ros_ws/src/flashing': PYTHONPATH=/home/ngt/ZENS-Final-AUVC/build/flashing/prefix_override:/home/ngt/.virtualenvs/ardusub/lib/python3.12/site-packages/colcon_core/task/python/colcon_distutils_commands:/home/ngt/ZENS-Final-AUVC/install/flashing/lib/python3.12/site-packages:${PYTHONPATH} /home/ngt/.virtualenvs/ardusub/bin/python -W ignore:setup.py install is deprecated -W ignore:easy_install command is deprecated setup.py egg_info --egg-base ../../../build/flashing build --build-base /home/ngt/ZENS-Final-AUVC/build/flashing/build install --record /home/ngt/ZENS-Final-AUVC/build/flashing/install.log --install-scripts $base/lib/flashing --single-version-externally-managed install_data
[9.680s] DEBUG:colcon.colcon_core.task.python.build:Available setuptools commands: build_scripts, saveopts, dist_info, install_data, build, bdist, egg_info, bdist_egg, build_clib, clean, setopt, build_py, symlink_data, editable_wheel, install_scripts, build_ext, install, develop, rotate, bdist_wheel, easy_install, sdist, bdist_rpm, install_egg_info, install_headers, alias, install_lib, bdist_dumb, check
[9.707s] DEBUG:colcon.colcon_core.event_handler.log_command:Invoking command in '/home/ngt/ZENS-Final-AUVC/ros_ws/src/control': PYTHONPATH=/home/ngt/ZENS-Final-AUVC/build/control/prefix_override:/home/ngt/.virtualenvs/ardusub/lib/python3.12/site-packages/colcon_core/task/python/colcon_distutils_commands:/home/ngt/ZENS-Final-AUVC/install/control/lib/python3.12/site-packages:${PYTHONPATH} /home/ngt/.virtualenvs/ardusub/bin/python -W ignore:setup.py install is deprecated -W ignore:easy_install command is deprecated setup.py egg_info --egg-base ../../../build/control build --build-base /home/ngt/ZENS-Final-AUVC/build/control/build install --record /home/ngt/ZENS-Final-AUVC/build/control/install.log --install-scripts $base/lib/control --single-version-externally-managed install_data
[9.740s] DEBUG:colcon.colcon_core.task.python.build:Available setuptools commands: build_scripts, saveopts, dist_info, install_data, build, bdist, egg_info, bdist_egg, build_clib, clean, setopt, build_py, symlink_data, editable_wheel, install_scripts, build_ext, install, develop, rotate, bdist_wheel, easy_install, sdist, bdist_rpm, install_egg_info, install_headers, alias, install_lib, bdist_dumb, check
[9.762s] DEBUG:colcon.colcon_core.event_handler.log_command:Invoking command in '/home/ngt/ZENS-Final-AUVC/ros_ws/src/bringup': PYTHONPATH=/home/ngt/ZENS-Final-AUVC/build/bringup/prefix_override:/home/ngt/.virtualenvs/ardusub/lib/python3.12/site-packages/colcon_core/task/python/colcon_distutils_commands:/home/ngt/ZENS-Final-AUVC/install/bringup/lib/python3.12/site-packages:${PYTHONPATH} /home/ngt/.virtualenvs/ardusub/bin/python -W ignore:setup.py install is deprecated -W ignore:easy_install command is deprecated setup.py egg_info --egg-base ../../../build/bringup build --build-base /home/ngt/ZENS-Final-AUVC/build/bringup/build install --record /home/ngt/ZENS-Final-AUVC/build/bringup/install.log --install-scripts $base/lib/bringup --single-version-externally-managed install_data
[13.188s] DEBUG:colcon.colcon_core.event_handler.log_command:Invoked command in '/home/ngt/ZENS-Final-AUVC/ros_ws/src/control' returned '0': PYTHONPATH=/home/ngt/ZENS-Final-AUVC/build/control/prefix_override:/home/ngt/.virtualenvs/ardusub/lib/python3.12/site-packages/colcon_core/task/python/colcon_distutils_commands:/home/ngt/ZENS-Final-AUVC/install/control/lib/python3.12/site-packages:${PYTHONPATH} /home/ngt/.virtualenvs/ardusub/bin/python -W ignore:setup.py install is deprecated -W ignore:easy_install command is deprecated setup.py egg_info --egg-base ../../../build/control build --build-base /home/ngt/ZENS-Final-AUVC/build/control/build install --record /home/ngt/ZENS-Final-AUVC/build/control/install.log --install-scripts $base/lib/control --single-version-externally-managed install_data
[13.215s] Level 1:colcon.colcon_core.environment:checking '/home/ngt/ZENS-Final-AUVC/install/control' for CMake module files
[13.222s] Level 1:colcon.colcon_core.environment:checking '/home/ngt/ZENS-Final-AUVC/install/control' for CMake config files
[13.234s] Level 1:colcon.colcon_core.environment:checking '/home/ngt/ZENS-Final-AUVC/install/control/lib'
[13.235s] Level 1:colcon.colcon_core.environment:checking '/home/ngt/ZENS-Final-AUVC/install/control/bin'
[13.239s] Level 1:colcon.colcon_core.shell:create_environment_hook('control', 'path')
[13.240s] INFO:colcon.colcon_core.shell:Creating environment hook '/home/ngt/ZENS-Final-AUVC/install/control/share/control/hook/path.ps1'
[13.245s] INFO:colcon.colcon_core.shell:Creating environment descriptor '/home/ngt/ZENS-Final-AUVC/install/control/share/control/hook/path.dsv'
[13.249s] INFO:colcon.colcon_core.shell:Creating environment hook '/home/ngt/ZENS-Final-AUVC/install/control/share/control/hook/path.sh'
[13.256s] Level 1:colcon.colcon_core.environment:checking '/home/ngt/ZENS-Final-AUVC/install/control/lib/pkgconfig/control.pc'
[13.260s] Level 1:colcon.colcon_core.environment:checking '/home/ngt/ZENS-Final-AUVC/install/control/lib/python3.12/site-packages'
[13.263s] Level 1:colcon.colcon_core.shell:create_environment_hook('control', 'pythonpath')
[13.270s] INFO:colcon.colcon_core.shell:Creating environment hook '/home/ngt/ZENS-Final-AUVC/install/control/share/control/hook/pythonpath.ps1'
[13.276s] INFO:colcon.colcon_core.shell:Creating environment descriptor '/home/ngt/ZENS-Final-AUVC/install/control/share/control/hook/pythonpath.dsv'
[13.282s] INFO:colcon.colcon_core.shell:Creating environment hook '/home/ngt/ZENS-Final-AUVC/install/control/share/control/hook/pythonpath.sh'
[13.289s] Level 1:colcon.colcon_core.environment:checking '/home/ngt/ZENS-Final-AUVC/install/control/bin'
[13.299s] Level 1:colcon.colcon_core.shell:create_environment_hook('control', 'pythonscriptspath')
[13.300s] INFO:colcon.colcon_core.shell:Creating environment hook '/home/ngt/ZENS-Final-AUVC/install/control/share/control/hook/pythonscriptspath.ps1'
[13.310s] INFO:colcon.colcon_core.shell:Creating environment descriptor '/home/ngt/ZENS-Final-AUVC/install/control/share/control/hook/pythonscriptspath.dsv'
[13.318s] INFO:colcon.colcon_core.shell:Creating environment hook '/home/ngt/ZENS-Final-AUVC/install/control/share/control/hook/pythonscriptspath.sh'
[13.340s] Level 1:colcon.colcon_core.environment:create_environment_scripts_only(control)
[13.345s] INFO:colcon.colcon_core.shell:Creating package script '/home/ngt/ZENS-Final-AUVC/install/control/share/control/package.ps1'
[13.383s] INFO:colcon.colcon_core.shell:Creating package descriptor '/home/ngt/ZENS-Final-AUVC/install/control/share/control/package.dsv'
[13.393s] INFO:colcon.colcon_core.shell:Creating package script '/home/ngt/ZENS-Final-AUVC/install/control/share/control/package.sh'
[13.407s] INFO:colcon.colcon_core.shell:Creating package script '/home/ngt/ZENS-Final-AUVC/install/control/share/control/package.bash'
[13.427s] INFO:colcon.colcon_core.shell:Creating package script '/home/ngt/ZENS-Final-AUVC/install/control/share/control/package.zsh'
[13.440s] Level 1:colcon.colcon_core.environment:create_file_with_runtime_dependencies(/home/ngt/ZENS-Final-AUVC/install/control/share/colcon-core/packages/control)
[13.450s] INFO:colcon.colcon_ros.task.ament_cmake.build:Building ROS package in '/home/ngt/ZENS-Final-AUVC/simulation/gazebo_bluerov2' with build type 'ament_cmake'
[13.454s] INFO:colcon.colcon_cmake.task.cmake.build:Building CMake package in '/home/ngt/ZENS-Final-AUVC/simulation/gazebo_bluerov2'
[13.455s] INFO:colcon.colcon_core.shell:Skip shell extension 'powershell' for command environment: Not usable outside of PowerShell
[13.455s] DEBUG:colcon.colcon_core.shell:Skip shell extension 'dsv' for command environment
[13.690s] Level 1:colcon.colcon_core.environment:checking '/home/ngt/ZENS-Final-AUVC/install/cv' for CMake module files
[13.695s] DEBUG:colcon.colcon_core.event_handler.log_command:Invoking command in '/home/ngt/ZENS-Final-AUVC/build/gazebo_bluerov2': CMAKE_PREFIX_PATH=${CMAKE_PREFIX_PATH}:/home/ngt/auvc_ws/install/tutorial_virtualenvs:/home/ngt/auvc_ws/install/tutorial_pid:/home/ngt/auvc_ws/install/tutorial_ardusub:/home/ngt/auvc_ws/install/tutorial:/home/ngt/auvc_ws/install/rosmav:/home/ngt/cv_ws/install/cv:/home/ngt/pid_ws/install/pid:/home/ngt/auv_dancing/install/tutorial:/opt/ros/jazzy /usr/bin/cmake --build /home/ngt/ZENS-Final-AUVC/build/gazebo_bluerov2 -- -j4 -l4
[13.708s] DEBUG:colcon.colcon_core.event_handler.log_command:Invoked command in '/home/ngt/ZENS-Final-AUVC/ros_ws/src/cv' returned '0': PYTHONPATH=/home/ngt/ZENS-Final-AUVC/build/cv/prefix_override:/home/ngt/.virtualenvs/ardusub/lib/python3.12/site-packages/colcon_core/task/python/colcon_distutils_commands:/home/ngt/ZENS-Final-AUVC/install/cv/lib/python3.12/site-packages:${PYTHONPATH} /home/ngt/.virtualenvs/ardusub/bin/python -W ignore:setup.py install is deprecated -W ignore:easy_install command is deprecated setup.py egg_info --egg-base ../../../build/cv build --build-base /home/ngt/ZENS-Final-AUVC/build/cv/build install --record /home/ngt/ZENS-Final-AUVC/build/cv/install.log --install-scripts $base/lib/cv --single-version-externally-managed install_data
[13.710s] Level 1:colcon.colcon_core.environment:checking '/home/ngt/ZENS-Final-AUVC/install/cv' for CMake config files
[13.732s] Level 1:colcon.colcon_core.environment:checking '/home/ngt/ZENS-Final-AUVC/install/cv/lib'
[13.735s] Level 1:colcon.colcon_core.environment:checking '/home/ngt/ZENS-Final-AUVC/install/cv/bin'
[13.739s] Level 1:colcon.colcon_core.shell:create_environment_hook('cv', 'path')
[13.740s] INFO:colcon.colcon_core.shell:Creating environment hook '/home/ngt/ZENS-Final-AUVC/install/cv/share/cv/hook/path.ps1'
[13.747s] INFO:colcon.colcon_core.shell:Creating environment descriptor '/home/ngt/ZENS-Final-AUVC/install/cv/share/cv/hook/path.dsv'
[13.756s] INFO:colcon.colcon_core.shell:Creating environment hook '/home/ngt/ZENS-Final-AUVC/install/cv/share/cv/hook/path.sh'
[13.762s] Level 1:colcon.colcon_core.environment:checking '/home/ngt/ZENS-Final-AUVC/install/cv/lib/pkgconfig/cv.pc'
[13.765s] Level 1:colcon.colcon_core.environment:checking '/home/ngt/ZENS-Final-AUVC/install/cv/lib/python3.12/site-packages'
[13.770s] Level 1:colcon.colcon_core.shell:create_environment_hook('cv', 'pythonpath')
[13.772s] INFO:colcon.colcon_core.shell:Creating environment hook '/home/ngt/ZENS-Final-AUVC/install/cv/share/cv/hook/pythonpath.ps1'
[13.787s] INFO:colcon.colcon_core.shell:Creating environment descriptor '/home/ngt/ZENS-Final-AUVC/install/cv/share/cv/hook/pythonpath.dsv'
[13.789s] INFO:colcon.colcon_core.shell:Creating environment hook '/home/ngt/ZENS-Final-AUVC/install/cv/share/cv/hook/pythonpath.sh'
[13.813s] Level 1:colcon.colcon_core.environment:checking '/home/ngt/ZENS-Final-AUVC/install/cv/bin'
[13.814s] Level 1:colcon.colcon_core.shell:create_environment_hook('cv', 'pythonscriptspath')
[13.815s] INFO:colcon.colcon_core.shell:Creating environment hook '/home/ngt/ZENS-Final-AUVC/install/cv/share/cv/hook/pythonscriptspath.ps1'
[13.823s] INFO:colcon.colcon_core.shell:Creating environment descriptor '/home/ngt/ZENS-Final-AUVC/install/cv/share/cv/hook/pythonscriptspath.dsv'
[13.829s] INFO:colcon.colcon_core.shell:Creating environment hook '/home/ngt/ZENS-Final-AUVC/install/cv/share/cv/hook/pythonscriptspath.sh'
[13.837s] Level 1:colcon.colcon_core.environment:create_environment_scripts_only(cv)
[13.842s] INFO:colcon.colcon_core.shell:Creating package script '/home/ngt/ZENS-Final-AUVC/install/cv/share/cv/package.ps1'
[13.852s] INFO:colcon.colcon_core.shell:Creating package descriptor '/home/ngt/ZENS-Final-AUVC/install/cv/share/cv/package.dsv'
[13.858s] INFO:colcon.colcon_core.shell:Creating package script '/home/ngt/ZENS-Final-AUVC/install/cv/share/cv/package.sh'
[13.869s] INFO:colcon.colcon_core.shell:Creating package script '/home/ngt/ZENS-Final-AUVC/install/cv/share/cv/package.bash'
[13.886s] INFO:colcon.colcon_core.shell:Creating package script '/home/ngt/ZENS-Final-AUVC/install/cv/share/cv/package.zsh'
[13.888s] Level 1:colcon.colcon_core.environment:create_file_with_runtime_dependencies(/home/ngt/ZENS-Final-AUVC/install/cv/share/colcon-core/packages/cv)
[13.900s] INFO:colcon.colcon_core.task.python.build:Building Python package in '/home/ngt/ZENS-Final-AUVC/ros_ws/src/hardware'
[13.900s] INFO:colcon.colcon_core.shell:Skip shell extension 'powershell' for command environment: Not usable outside of PowerShell
[13.901s] DEBUG:colcon.colcon_core.shell:Skip shell extension 'dsv' for command environment
[16.638s] Level 1:colcon.colcon_core.environment:checking '/home/ngt/ZENS-Final-AUVC/install/flashing' for CMake module files
[16.640s] DEBUG:colcon.colcon_core.event_handler.log_command:Invoked command in '/home/ngt/ZENS-Final-AUVC/ros_ws/src/flashing' returned '0': PYTHONPATH=/home/ngt/ZENS-Final-AUVC/build/flashing/prefix_override:/home/ngt/.virtualenvs/ardusub/lib/python3.12/site-packages/colcon_core/task/python/colcon_distutils_commands:/home/ngt/ZENS-Final-AUVC/install/flashing/lib/python3.12/site-packages:${PYTHONPATH} /home/ngt/.virtualenvs/ardusub/bin/python -W ignore:setup.py install is deprecated -W ignore:easy_install command is deprecated setup.py egg_info --egg-base ../../../build/flashing build --build-base /home/ngt/ZENS-Final-AUVC/build/flashing/build install --record /home/ngt/ZENS-Final-AUVC/build/flashing/install.log --install-scripts $base/lib/flashing --single-version-externally-managed install_data
[16.645s] Level 1:colcon.colcon_core.environment:checking '/home/ngt/ZENS-Final-AUVC/install/flashing' for CMake config files
[16.651s] Level 1:colcon.colcon_core.environment:checking '/home/ngt/ZENS-Final-AUVC/install/flashing/lib'
[16.652s] Level 1:colcon.colcon_core.environment:checking '/home/ngt/ZENS-Final-AUVC/install/flashing/bin'
[16.653s] Level 1:colcon.colcon_core.shell:create_environment_hook('flashing', 'path')
[16.654s] INFO:colcon.colcon_core.shell:Creating environment hook '/home/ngt/ZENS-Final-AUVC/install/flashing/share/flashing/hook/path.ps1'
[16.660s] INFO:colcon.colcon_core.shell:Creating environment descriptor '/home/ngt/ZENS-Final-AUVC/install/flashing/share/flashing/hook/path.dsv'
[16.664s] INFO:colcon.colcon_core.shell:Creating environment hook '/home/ngt/ZENS-Final-AUVC/install/flashing/share/flashing/hook/path.sh'
[16.667s] Level 1:colcon.colcon_core.environment:checking '/home/ngt/ZENS-Final-AUVC/install/flashing/lib/pkgconfig/flashing.pc'
[16.669s] Level 1:colcon.colcon_core.environment:checking '/home/ngt/ZENS-Final-AUVC/install/flashing/lib/python3.12/site-packages'
[16.670s] Level 1:colcon.colcon_core.shell:create_environment_hook('flashing', 'pythonpath')
[16.671s] INFO:colcon.colcon_core.shell:Creating environment hook '/home/ngt/ZENS-Final-AUVC/install/flashing/share/flashing/hook/pythonpath.ps1'
[16.674s] INFO:colcon.colcon_core.shell:Creating environment descriptor '/home/ngt/ZENS-Final-AUVC/install/flashing/share/flashing/hook/pythonpath.dsv'
[16.677s] INFO:colcon.colcon_core.shell:Creating environment hook '/home/ngt/ZENS-Final-AUVC/install/flashing/share/flashing/hook/pythonpath.sh'
[16.682s] Level 1:colcon.colcon_core.environment:checking '/home/ngt/ZENS-Final-AUVC/install/flashing/bin'
[16.683s] Level 1:colcon.colcon_core.shell:create_environment_hook('flashing', 'pythonscriptspath')
[16.685s] INFO:colcon.colcon_core.shell:Creating environment hook '/home/ngt/ZENS-Final-AUVC/install/flashing/share/flashing/hook/pythonscriptspath.ps1'
[16.688s] INFO:colcon.colcon_core.shell:Creating environment descriptor '/home/ngt/ZENS-Final-AUVC/install/flashing/share/flashing/hook/pythonscriptspath.dsv'
[16.691s] INFO:colcon.colcon_core.shell:Creating environment hook '/home/ngt/ZENS-Final-AUVC/install/flashing/share/flashing/hook/pythonscriptspath.sh'
[16.694s] Level 1:colcon.colcon_core.environment:create_environment_scripts_only(flashing)
[16.696s] INFO:colcon.colcon_core.shell:Creating package script '/home/ngt/ZENS-Final-AUVC/install/flashing/share/flashing/package.ps1'
[16.701s] INFO:colcon.colcon_core.shell:Creating package descriptor '/home/ngt/ZENS-Final-AUVC/install/flashing/share/flashing/package.dsv'
[16.705s] INFO:colcon.colcon_core.shell:Creating package script '/home/ngt/ZENS-Final-AUVC/install/flashing/share/flashing/package.sh'
[16.710s] INFO:colcon.colcon_core.shell:Creating package script '/home/ngt/ZENS-Final-AUVC/install/flashing/share/flashing/package.bash'
[16.716s] INFO:colcon.colcon_core.shell:Creating package script '/home/ngt/ZENS-Final-AUVC/install/flashing/share/flashing/package.zsh'
[16.721s] Level 1:colcon.colcon_core.environment:create_file_with_runtime_dependencies(/home/ngt/ZENS-Final-AUVC/install/flashing/share/colcon-core/packages/flashing)
[16.724s] Level 1:colcon.colcon_core.environment:checking '/home/ngt/ZENS-Final-AUVC/install/bringup' for CMake module files
[16.738s] Level 1:colcon.colcon_core.environment:checking '/home/ngt/ZENS-Final-AUVC/install/bringup' for CMake config files
[16.740s] DEBUG:colcon.colcon_core.event_handler.log_command:Invoked command in '/home/ngt/ZENS-Final-AUVC/ros_ws/src/bringup' returned '0': PYTHONPATH=/home/ngt/ZENS-Final-AUVC/build/bringup/prefix_override:/home/ngt/.virtualenvs/ardusub/lib/python3.12/site-packages/colcon_core/task/python/colcon_distutils_commands:/home/ngt/ZENS-Final-AUVC/install/bringup/lib/python3.12/site-packages:${PYTHONPATH} /home/ngt/.virtualenvs/ardusub/bin/python -W ignore:setup.py install is deprecated -W ignore:easy_install command is deprecated setup.py egg_info --egg-base ../../../build/bringup build --build-base /home/ngt/ZENS-Final-AUVC/build/bringup/build install --record /home/ngt/ZENS-Final-AUVC/build/bringup/install.log --install-scripts $base/lib/bringup --single-version-externally-managed install_data
[16.746s] Level 1:colcon.colcon_core.environment:checking '/home/ngt/ZENS-Final-AUVC/install/bringup/lib'
[16.747s] Level 1:colcon.colcon_core.environment:checking '/home/ngt/ZENS-Final-AUVC/install/bringup/bin'
[16.748s] Level 1:colcon.colcon_core.environment:checking '/home/ngt/ZENS-Final-AUVC/install/bringup/lib/pkgconfig/bringup.pc'
[16.749s] Level 1:colcon.colcon_core.environment:checking '/home/ngt/ZENS-Final-AUVC/install/bringup/lib/python3.12/site-packages'
[16.751s] Level 1:colcon.colcon_core.shell:create_environment_hook('bringup', 'pythonpath')
[16.752s] INFO:colcon.colcon_core.shell:Creating environment hook '/home/ngt/ZENS-Final-AUVC/install/bringup/share/bringup/hook/pythonpath.ps1'
[16.756s] INFO:colcon.colcon_core.shell:Creating environment descriptor '/home/ngt/ZENS-Final-AUVC/install/bringup/share/bringup/hook/pythonpath.dsv'
[16.759s] INFO:colcon.colcon_core.shell:Creating environment hook '/home/ngt/ZENS-Final-AUVC/install/bringup/share/bringup/hook/pythonpath.sh'
[16.764s] Level 1:colcon.colcon_core.environment:checking '/home/ngt/ZENS-Final-AUVC/install/bringup/bin'
[16.765s] Level 1:colcon.colcon_core.environment:create_environment_scripts_only(bringup)
[16.766s] INFO:colcon.colcon_core.shell:Creating package script '/home/ngt/ZENS-Final-AUVC/install/bringup/share/bringup/package.ps1'
[16.772s] INFO:colcon.colcon_core.shell:Creating package descriptor '/home/ngt/ZENS-Final-AUVC/install/bringup/share/bringup/package.dsv'
[16.778s] INFO:colcon.colcon_core.shell:Creating package script '/home/ngt/ZENS-Final-AUVC/install/bringup/share/bringup/package.sh'
[16.782s] INFO:colcon.colcon_core.shell:Creating package script '/home/ngt/ZENS-Final-AUVC/install/bringup/share/bringup/package.bash'
[16.786s] INFO:colcon.colcon_core.shell:Creating package script '/home/ngt/ZENS-Final-AUVC/install/bringup/share/bringup/package.zsh'
[16.788s] Level 1:colcon.colcon_core.environment:create_file_with_runtime_dependencies(/home/ngt/ZENS-Final-AUVC/install/bringup/share/colcon-core/packages/bringup)
[16.827s] DEBUG:colcon.colcon_core.event_handler.log_command:Invoked command in '/home/ngt/ZENS-Final-AUVC/build/gazebo_bluerov2' returned '0': CMAKE_PREFIX_PATH=${CMAKE_PREFIX_PATH}:/home/ngt/auvc_ws/install/tutorial_virtualenvs:/home/ngt/auvc_ws/install/tutorial_pid:/home/ngt/auvc_ws/install/tutorial_ardusub:/home/ngt/auvc_ws/install/tutorial:/home/ngt/auvc_ws/install/rosmav:/home/ngt/cv_ws/install/cv:/home/ngt/pid_ws/install/pid:/home/ngt/auv_dancing/install/tutorial:/opt/ros/jazzy /usr/bin/cmake --build /home/ngt/ZENS-Final-AUVC/build/gazebo_bluerov2 -- -j4 -l4
[16.914s] DEBUG:colcon.colcon_core.event_handler.log_command:Invoking command in '/home/ngt/ZENS-Final-AUVC/build/gazebo_bluerov2': CMAKE_PREFIX_PATH=${CMAKE_PREFIX_PATH}:/home/ngt/auvc_ws/install/tutorial_virtualenvs:/home/ngt/auvc_ws/install/tutorial_pid:/home/ngt/auvc_ws/install/tutorial_ardusub:/home/ngt/auvc_ws/install/tutorial:/home/ngt/auvc_ws/install/rosmav:/home/ngt/cv_ws/install/cv:/home/ngt/pid_ws/install/pid:/home/ngt/auv_dancing/install/tutorial:/opt/ros/jazzy /usr/bin/cmake --install /home/ngt/ZENS-Final-AUVC/build/gazebo_bluerov2
[16.920s] INFO:colcon.colcon_ros.task.ament_cmake.build:Building ROS package in '/home/ngt/ZENS-Final-AUVC/ros_ws/src/msgs' with build type 'ament_cmake'
[16.921s] INFO:colcon.colcon_cmake.task.cmake.build:Building CMake package in '/home/ngt/ZENS-Final-AUVC/ros_ws/src/msgs'
[16.926s] INFO:colcon.colcon_core.shell:Skip shell extension 'powershell' for command environment: Not usable outside of PowerShell
[16.929s] DEBUG:colcon.colcon_core.shell:Skip shell extension 'dsv' for command environment
[17.384s] Level 1:colcon.colcon_core.environment:create_environment_scripts_only(gazebo_bluerov2)
[17.386s] Level 1:colcon.colcon_core.environment:checking '/home/ngt/ZENS-Final-AUVC/install/gazebo_bluerov2' for CMake module files
[17.406s] Level 1:colcon.colcon_core.environment:checking '/home/ngt/ZENS-Final-AUVC/install/gazebo_bluerov2' for CMake config files
[17.425s] Level 1:colcon.colcon_core.shell:create_environment_hook('gazebo_bluerov2', 'cmake_prefix_path')
[17.429s] INFO:colcon.colcon_core.shell:Creating environment hook '/home/ngt/ZENS-Final-AUVC/install/gazebo_bluerov2/share/gazebo_bluerov2/hook/cmake_prefix_path.ps1'
[17.439s] INFO:colcon.colcon_core.shell:Creating environment descriptor '/home/ngt/ZENS-Final-AUVC/install/gazebo_bluerov2/share/gazebo_bluerov2/hook/cmake_prefix_path.dsv'
[17.456s] INFO:colcon.colcon_core.shell:Creating environment hook '/home/ngt/ZENS-Final-AUVC/install/gazebo_bluerov2/share/gazebo_bluerov2/hook/cmake_prefix_path.sh'
[17.468s] Level 1:colcon.colcon_core.environment:checking '/home/ngt/ZENS-Final-AUVC/install/gazebo_bluerov2/lib'
[17.468s] Level 1:colcon.colcon_core.shell:create_environment_hook('gazebo_bluerov2', 'ld_library_path_lib')
[17.477s] INFO:colcon.colcon_core.shell:Creating environment hook '/home/ngt/ZENS-Final-AUVC/install/gazebo_bluerov2/share/gazebo_bluerov2/hook/ld_library_path_lib.ps1'
[17.488s] INFO:colcon.colcon_core.shell:Creating environment descriptor '/home/ngt/ZENS-Final-AUVC/install/gazebo_bluerov2/share/gazebo_bluerov2/hook/ld_library_path_lib.dsv'
[17.491s] INFO:colcon.colcon_core.shell:Creating environment hook '/home/ngt/ZENS-Final-AUVC/install/gazebo_bluerov2/share/gazebo_bluerov2/hook/ld_library_path_lib.sh'
[17.515s] Level 1:colcon.colcon_core.environment:checking '/home/ngt/ZENS-Final-AUVC/install/gazebo_bluerov2/bin'
[17.516s] Level 1:colcon.colcon_core.environment:checking '/home/ngt/ZENS-Final-AUVC/install/gazebo_bluerov2/lib/pkgconfig/gazebo_bluerov2.pc'
[17.517s] Level 1:colcon.colcon_core.environment:checking '/home/ngt/ZENS-Final-AUVC/install/gazebo_bluerov2/lib/python3.12/site-packages'
[17.526s] Level 1:colcon.colcon_core.environment:checking '/home/ngt/ZENS-Final-AUVC/install/gazebo_bluerov2/bin'
[17.532s] INFO:colcon.colcon_core.shell:Creating package script '/home/ngt/ZENS-Final-AUVC/install/gazebo_bluerov2/share/gazebo_bluerov2/package.ps1'
[17.538s] INFO:colcon.colcon_core.shell:Creating package descriptor '/home/ngt/ZENS-Final-AUVC/install/gazebo_bluerov2/share/gazebo_bluerov2/package.dsv'
[17.542s] INFO:colcon.colcon_core.shell:Creating package script '/home/ngt/ZENS-Final-AUVC/install/gazebo_bluerov2/share/gazebo_bluerov2/package.sh'
[17.553s] DEBUG:colcon.colcon_core.event_handler.log_command:Invoking command in '/home/ngt/ZENS-Final-AUVC/build/msgs': CMAKE_PREFIX_PATH=${CMAKE_PREFIX_PATH}:/home/ngt/auvc_ws/install/tutorial_virtualenvs:/home/ngt/auvc_ws/install/tutorial_pid:/home/ngt/auvc_ws/install/tutorial_ardusub:/home/ngt/auvc_ws/install/tutorial:/home/ngt/auvc_ws/install/rosmav:/home/ngt/cv_ws/install/cv:/home/ngt/pid_ws/install/pid:/home/ngt/auv_dancing/install/tutorial:/opt/ros/jazzy /usr/bin/cmake --build /home/ngt/ZENS-Final-AUVC/build/msgs -- -j4 -l4
[17.555s] INFO:colcon.colcon_core.shell:Creating package script '/home/ngt/ZENS-Final-AUVC/install/gazebo_bluerov2/share/gazebo_bluerov2/package.bash'
[17.561s] INFO:colcon.colcon_core.shell:Creating package script '/home/ngt/ZENS-Final-AUVC/install/gazebo_bluerov2/share/gazebo_bluerov2/package.zsh'
[17.565s] Level 1:colcon.colcon_core.environment:create_file_with_runtime_dependencies(/home/ngt/ZENS-Final-AUVC/install/gazebo_bluerov2/share/colcon-core/packages/gazebo_bluerov2)
[17.572s] Level 1:colcon.colcon_core.environment:create_environment_scripts_only(gazebo_bluerov2)
[17.577s] Level 1:colcon.colcon_core.environment:checking '/home/ngt/ZENS-Final-AUVC/install/gazebo_bluerov2' for CMake module files
[17.588s] Level 1:colcon.colcon_core.environment:checking '/home/ngt/ZENS-Final-AUVC/install/gazebo_bluerov2' for CMake config files
[17.594s] Level 1:colcon.colcon_core.shell:create_environment_hook('gazebo_bluerov2', 'cmake_prefix_path')
[17.595s] INFO:colcon.colcon_core.shell:Creating environment hook '/home/ngt/ZENS-Final-AUVC/install/gazebo_bluerov2/share/gazebo_bluerov2/hook/cmake_prefix_path.ps1'
[17.605s] INFO:colcon.colcon_core.shell:Creating environment descriptor '/home/ngt/ZENS-Final-AUVC/install/gazebo_bluerov2/share/gazebo_bluerov2/hook/cmake_prefix_path.dsv'
[17.630s] INFO:colcon.colcon_core.shell:Creating environment hook '/home/ngt/ZENS-Final-AUVC/install/gazebo_bluerov2/share/gazebo_bluerov2/hook/cmake_prefix_path.sh'
[17.638s] Level 1:colcon.colcon_core.environment:checking '/home/ngt/ZENS-Final-AUVC/install/gazebo_bluerov2/lib'
[17.652s] Level 1:colcon.colcon_core.shell:create_environment_hook('gazebo_bluerov2', 'ld_library_path_lib')
[17.653s] INFO:colcon.colcon_core.shell:Creating environment hook '/home/ngt/ZENS-Final-AUVC/install/gazebo_bluerov2/share/gazebo_bluerov2/hook/ld_library_path_lib.ps1'
[17.659s] INFO:colcon.colcon_core.shell:Creating environment descriptor '/home/ngt/ZENS-Final-AUVC/install/gazebo_bluerov2/share/gazebo_bluerov2/hook/ld_library_path_lib.dsv'
[17.667s] INFO:colcon.colcon_core.shell:Creating environment hook '/home/ngt/ZENS-Final-AUVC/install/gazebo_bluerov2/share/gazebo_bluerov2/hook/ld_library_path_lib.sh'
[17.673s] Level 1:colcon.colcon_core.environment:checking '/home/ngt/ZENS-Final-AUVC/install/gazebo_bluerov2/bin'
[17.673s] Level 1:colcon.colcon_core.environment:checking '/home/ngt/ZENS-Final-AUVC/install/gazebo_bluerov2/lib/pkgconfig/gazebo_bluerov2.pc'
[17.678s] Level 1:colcon.colcon_core.environment:checking '/home/ngt/ZENS-Final-AUVC/install/gazebo_bluerov2/lib/python3.12/site-packages'
[17.684s] Level 1:colcon.colcon_core.environment:checking '/home/ngt/ZENS-Final-AUVC/install/gazebo_bluerov2/bin'
[17.688s] INFO:colcon.colcon_core.shell:Creating package script '/home/ngt/ZENS-Final-AUVC/install/gazebo_bluerov2/share/gazebo_bluerov2/package.ps1'
[17.709s] INFO:colcon.colcon_core.shell:Creating package descriptor '/home/ngt/ZENS-Final-AUVC/install/gazebo_bluerov2/share/gazebo_bluerov2/package.dsv'
[17.731s] INFO:colcon.colcon_core.shell:Creating package script '/home/ngt/ZENS-Final-AUVC/install/gazebo_bluerov2/share/gazebo_bluerov2/package.sh'
[17.743s] INFO:colcon.colcon_core.shell:Creating package script '/home/ngt/ZENS-Final-AUVC/install/gazebo_bluerov2/share/gazebo_bluerov2/package.bash'
[17.750s] INFO:colcon.colcon_core.shell:Creating package script '/home/ngt/ZENS-Final-AUVC/install/gazebo_bluerov2/share/gazebo_bluerov2/package.zsh'
[17.758s] Level 1:colcon.colcon_core.environment:create_file_with_runtime_dependencies(/home/ngt/ZENS-Final-AUVC/install/gazebo_bluerov2/share/colcon-core/packages/gazebo_bluerov2)
[18.059s] DEBUG:colcon.colcon_core.event_handler.log_command:Invoked command in '/home/ngt/ZENS-Final-AUVC/build/gazebo_bluerov2' returned '0': CMAKE_PREFIX_PATH=${CMAKE_PREFIX_PATH}:/home/ngt/auvc_ws/install/tutorial_virtualenvs:/home/ngt/auvc_ws/install/tutorial_pid:/home/ngt/auvc_ws/install/tutorial_ardusub:/home/ngt/auvc_ws/install/tutorial:/home/ngt/auvc_ws/install/rosmav:/home/ngt/cv_ws/install/cv:/home/ngt/pid_ws/install/pid:/home/ngt/auv_dancing/install/tutorial:/opt/ros/jazzy /usr/bin/cmake --install /home/ngt/ZENS-Final-AUVC/build/gazebo_bluerov2
[20.290s] DEBUG:colcon.colcon_core.task.python.build:Available setuptools commands: build_scripts, saveopts, dist_info, install_data, build, bdist, egg_info, bdist_egg, build_clib, clean, setopt, build_py, symlink_data, editable_wheel, install_scripts, build_ext, install, develop, rotate, bdist_wheel, easy_install, sdist, bdist_rpm, install_egg_info, install_headers, alias, install_lib, bdist_dumb, check
[20.323s] DEBUG:colcon.colcon_core.event_handler.log_command:Invoking command in '/home/ngt/ZENS-Final-AUVC/ros_ws/src/hardware': PYTHONPATH=/home/ngt/ZENS-Final-AUVC/build/hardware/prefix_override:/home/ngt/.virtualenvs/ardusub/lib/python3.12/site-packages/colcon_core/task/python/colcon_distutils_commands:/home/ngt/ZENS-Final-AUVC/install/hardware/lib/python3.12/site-packages:${PYTHONPATH} /home/ngt/.virtualenvs/ardusub/bin/python -W ignore:setup.py install is deprecated -W ignore:easy_install command is deprecated setup.py egg_info --egg-base ../../../build/hardware build --build-base /home/ngt/ZENS-Final-AUVC/build/hardware/build install --record /home/ngt/ZENS-Final-AUVC/build/hardware/install.log --install-scripts $base/lib/hardware --single-version-externally-managed install_data
[26.548s] Level 1:colcon.colcon_core.environment:checking '/home/ngt/ZENS-Final-AUVC/install/hardware' for CMake module files
[26.560s] Level 1:colcon.colcon_core.environment:checking '/home/ngt/ZENS-Final-AUVC/install/hardware' for CMake config files
[26.564s] DEBUG:colcon.colcon_core.event_handler.log_command:Invoked command in '/home/ngt/ZENS-Final-AUVC/ros_ws/src/hardware' returned '0': PYTHONPATH=/home/ngt/ZENS-Final-AUVC/build/hardware/prefix_override:/home/ngt/.virtualenvs/ardusub/lib/python3.12/site-packages/colcon_core/task/python/colcon_distutils_commands:/home/ngt/ZENS-Final-AUVC/install/hardware/lib/python3.12/site-packages:${PYTHONPATH} /home/ngt/.virtualenvs/ardusub/bin/python -W ignore:setup.py install is deprecated -W ignore:easy_install command is deprecated setup.py egg_info --egg-base ../../../build/hardware build --build-base /home/ngt/ZENS-Final-AUVC/build/hardware/build install --record /home/ngt/ZENS-Final-AUVC/build/hardware/install.log --install-scripts $base/lib/hardware --single-version-externally-managed install_data
[26.577s] Level 1:colcon.colcon_core.environment:checking '/home/ngt/ZENS-Final-AUVC/install/hardware/lib'
[26.577s] Level 1:colcon.colcon_core.environment:checking '/home/ngt/ZENS-Final-AUVC/install/hardware/bin'
[26.578s] Level 1:colcon.colcon_core.shell:create_environment_hook('hardware', 'path')
[26.582s] INFO:colcon.colcon_core.shell:Creating environment hook '/home/ngt/ZENS-Final-AUVC/install/hardware/share/hardware/hook/path.ps1'
[26.594s] INFO:colcon.colcon_core.shell:Creating environment descriptor '/home/ngt/ZENS-Final-AUVC/install/hardware/share/hardware/hook/path.dsv'
[26.601s] INFO:colcon.colcon_core.shell:Creating environment hook '/home/ngt/ZENS-Final-AUVC/install/hardware/share/hardware/hook/path.sh'
[26.612s] Level 1:colcon.colcon_core.environment:checking '/home/ngt/ZENS-Final-AUVC/install/hardware/lib/pkgconfig/hardware.pc'
[26.613s] Level 1:colcon.colcon_core.environment:checking '/home/ngt/ZENS-Final-AUVC/install/hardware/lib/python3.12/site-packages'
[26.614s] Level 1:colcon.colcon_core.shell:create_environment_hook('hardware', 'pythonpath')
[26.625s] INFO:colcon.colcon_core.shell:Creating environment hook '/home/ngt/ZENS-Final-AUVC/install/hardware/share/hardware/hook/pythonpath.ps1'
[26.636s] INFO:colcon.colcon_core.shell:Creating environment descriptor '/home/ngt/ZENS-Final-AUVC/install/hardware/share/hardware/hook/pythonpath.dsv'
[26.645s] INFO:colcon.colcon_core.shell:Creating environment hook '/home/ngt/ZENS-Final-AUVC/install/hardware/share/hardware/hook/pythonpath.sh'
[26.652s] Level 1:colcon.colcon_core.environment:checking '/home/ngt/ZENS-Final-AUVC/install/hardware/bin'
[26.655s] Level 1:colcon.colcon_core.shell:create_environment_hook('hardware', 'pythonscriptspath')
[26.656s] INFO:colcon.colcon_core.shell:Creating environment hook '/home/ngt/ZENS-Final-AUVC/install/hardware/share/hardware/hook/pythonscriptspath.ps1'
[26.688s] INFO:colcon.colcon_core.shell:Creating environment descriptor '/home/ngt/ZENS-Final-AUVC/install/hardware/share/hardware/hook/pythonscriptspath.dsv'
[26.700s] INFO:colcon.colcon_core.shell:Creating environment hook '/home/ngt/ZENS-Final-AUVC/install/hardware/share/hardware/hook/pythonscriptspath.sh'
[26.709s] Level 1:colcon.colcon_core.environment:create_environment_scripts_only(hardware)
[26.712s] INFO:colcon.colcon_core.shell:Creating package script '/home/ngt/ZENS-Final-AUVC/install/hardware/share/hardware/package.ps1'
[26.722s] INFO:colcon.colcon_core.shell:Creating package descriptor '/home/ngt/ZENS-Final-AUVC/install/hardware/share/hardware/package.dsv'
[26.728s] INFO:colcon.colcon_core.shell:Creating package script '/home/ngt/ZENS-Final-AUVC/install/hardware/share/hardware/package.sh'
[26.737s] INFO:colcon.colcon_core.shell:Creating package script '/home/ngt/ZENS-Final-AUVC/install/hardware/share/hardware/package.bash'
[26.743s] INFO:colcon.colcon_core.shell:Creating package script '/home/ngt/ZENS-Final-AUVC/install/hardware/share/hardware/package.zsh'
[26.746s] Level 1:colcon.colcon_core.environment:create_file_with_runtime_dependencies(/home/ngt/ZENS-Final-AUVC/install/hardware/share/colcon-core/packages/hardware)
[44.185s] DEBUG:colcon.colcon_core.event_handler.log_command:Invoked command in '/home/ngt/ZENS-Final-AUVC/build/msgs' returned '0': CMAKE_PREFIX_PATH=${CMAKE_PREFIX_PATH}:/home/ngt/auvc_ws/install/tutorial_virtualenvs:/home/ngt/auvc_ws/install/tutorial_pid:/home/ngt/auvc_ws/install/tutorial_ardusub:/home/ngt/auvc_ws/install/tutorial:/home/ngt/auvc_ws/install/rosmav:/home/ngt/cv_ws/install/cv:/home/ngt/pid_ws/install/pid:/home/ngt/auv_dancing/install/tutorial:/opt/ros/jazzy /usr/bin/cmake --build /home/ngt/ZENS-Final-AUVC/build/msgs -- -j4 -l4
[44.211s] DEBUG:colcon.colcon_core.event_handler.log_command:Invoking command in '/home/ngt/ZENS-Final-AUVC/build/msgs': CMAKE_PREFIX_PATH=${CMAKE_PREFIX_PATH}:/home/ngt/auvc_ws/install/tutorial_virtualenvs:/home/ngt/auvc_ws/install/tutorial_pid:/home/ngt/auvc_ws/install/tutorial_ardusub:/home/ngt/auvc_ws/install/tutorial:/home/ngt/auvc_ws/install/rosmav:/home/ngt/cv_ws/install/cv:/home/ngt/pid_ws/install/pid:/home/ngt/auv_dancing/install/tutorial:/opt/ros/jazzy /usr/bin/cmake --install /home/ngt/ZENS-Final-AUVC/build/msgs
[44.952s] Level 1:colcon.colcon_core.environment:create_environment_scripts_only(msgs)
[44.953s] Level 1:colcon.colcon_core.environment:checking '/home/ngt/ZENS-Final-AUVC/install/msgs' for CMake module files
[44.963s] DEBUG:colcon.colcon_core.event_handler.log_command:Invoked command in '/home/ngt/ZENS-Final-AUVC/build/msgs' returned '0': CMAKE_PREFIX_PATH=${CMAKE_PREFIX_PATH}:/home/ngt/auvc_ws/install/tutorial_virtualenvs:/home/ngt/auvc_ws/install/tutorial_pid:/home/ngt/auvc_ws/install/tutorial_ardusub:/home/ngt/auvc_ws/install/tutorial:/home/ngt/auvc_ws/install/rosmav:/home/ngt/cv_ws/install/cv:/home/ngt/pid_ws/install/pid:/home/ngt/auv_dancing/install/tutorial:/opt/ros/jazzy /usr/bin/cmake --install /home/ngt/ZENS-Final-AUVC/build/msgs
[44.969s] Level 1:colcon.colcon_core.environment:checking '/home/ngt/ZENS-Final-AUVC/install/msgs' for CMake config files
[44.976s] Level 1:colcon.colcon_core.shell:create_environment_hook('msgs', 'cmake_prefix_path')
[44.980s] INFO:colcon.colcon_core.shell:Creating environment hook '/home/ngt/ZENS-Final-AUVC/install/msgs/share/msgs/hook/cmake_prefix_path.ps1'
[44.986s] INFO:colcon.colcon_core.shell:Creating environment descriptor '/home/ngt/ZENS-Final-AUVC/install/msgs/share/msgs/hook/cmake_prefix_path.dsv'
[44.988s] INFO:colcon.colcon_core.shell:Creating environment hook '/home/ngt/ZENS-Final-AUVC/install/msgs/share/msgs/hook/cmake_prefix_path.sh'
[44.993s] Level 1:colcon.colcon_core.environment:checking '/home/ngt/ZENS-Final-AUVC/install/msgs/lib'
[45.004s] Level 1:colcon.colcon_core.shell:create_environment_hook('msgs', 'ld_library_path_lib')
[45.005s] INFO:colcon.colcon_core.shell:Creating environment hook '/home/ngt/ZENS-Final-AUVC/install/msgs/share/msgs/hook/ld_library_path_lib.ps1'
[45.008s] INFO:colcon.colcon_core.shell:Creating environment descriptor '/home/ngt/ZENS-Final-AUVC/install/msgs/share/msgs/hook/ld_library_path_lib.dsv'
[45.010s] INFO:colcon.colcon_core.shell:Creating environment hook '/home/ngt/ZENS-Final-AUVC/install/msgs/share/msgs/hook/ld_library_path_lib.sh'
[45.013s] Level 1:colcon.colcon_core.environment:checking '/home/ngt/ZENS-Final-AUVC/install/msgs/bin'
[45.014s] Level 1:colcon.colcon_core.environment:checking '/home/ngt/ZENS-Final-AUVC/install/msgs/lib/pkgconfig/msgs.pc'
[45.022s] Level 1:colcon.colcon_core.environment:checking '/home/ngt/ZENS-Final-AUVC/install/msgs/lib/python3.12/site-packages'
[45.023s] Level 1:colcon.colcon_core.shell:create_environment_hook('msgs', 'pythonpath')
[45.024s] INFO:colcon.colcon_core.shell:Creating environment hook '/home/ngt/ZENS-Final-AUVC/install/msgs/share/msgs/hook/pythonpath.ps1'
[45.028s] INFO:colcon.colcon_core.shell:Creating environment descriptor '/home/ngt/ZENS-Final-AUVC/install/msgs/share/msgs/hook/pythonpath.dsv'
[45.034s] INFO:colcon.colcon_core.shell:Creating environment hook '/home/ngt/ZENS-Final-AUVC/install/msgs/share/msgs/hook/pythonpath.sh'
[45.045s] Level 1:colcon.colcon_core.environment:checking '/home/ngt/ZENS-Final-AUVC/install/msgs/bin'
[45.050s] INFO:colcon.colcon_core.shell:Creating package script '/home/ngt/ZENS-Final-AUVC/install/msgs/share/msgs/package.ps1'
[45.063s] INFO:colcon.colcon_core.shell:Creating package descriptor '/home/ngt/ZENS-Final-AUVC/install/msgs/share/msgs/package.dsv'
[45.073s] INFO:colcon.colcon_core.shell:Creating package script '/home/ngt/ZENS-Final-AUVC/install/msgs/share/msgs/package.sh'
[45.078s] INFO:colcon.colcon_core.shell:Creating package script '/home/ngt/ZENS-Final-AUVC/install/msgs/share/msgs/package.bash'
[45.093s] INFO:colcon.colcon_core.shell:Creating package script '/home/ngt/ZENS-Final-AUVC/install/msgs/share/msgs/package.zsh'
[45.110s] Level 1:colcon.colcon_core.environment:create_file_with_runtime_dependencies(/home/ngt/ZENS-Final-AUVC/install/msgs/share/colcon-core/packages/msgs)
[45.117s] Level 1:colcon.colcon_core.environment:create_environment_scripts_only(msgs)
[45.126s] Level 1:colcon.colcon_core.environment:checking '/home/ngt/ZENS-Final-AUVC/install/msgs' for CMake module files
[45.142s] Level 1:colcon.colcon_core.environment:checking '/home/ngt/ZENS-Final-AUVC/install/msgs' for CMake config files
[45.146s] Level 1:colcon.colcon_core.shell:create_environment_hook('msgs', 'cmake_prefix_path')
[45.151s] INFO:colcon.colcon_core.shell:Creating environment hook '/home/ngt/ZENS-Final-AUVC/install/msgs/share/msgs/hook/cmake_prefix_path.ps1'
[45.160s] INFO:colcon.colcon_core.shell:Creating environment descriptor '/home/ngt/ZENS-Final-AUVC/install/msgs/share/msgs/hook/cmake_prefix_path.dsv'
[45.166s] INFO:colcon.colcon_core.shell:Creating environment hook '/home/ngt/ZENS-Final-AUVC/install/msgs/share/msgs/hook/cmake_prefix_path.sh'
[45.177s] Level 1:colcon.colcon_core.environment:checking '/home/ngt/ZENS-Final-AUVC/install/msgs/lib'
[45.182s] Level 1:colcon.colcon_core.shell:create_environment_hook('msgs', 'ld_library_path_lib')
[45.183s] INFO:colcon.colcon_core.shell:Creating environment hook '/home/ngt/ZENS-Final-AUVC/install/msgs/share/msgs/hook/ld_library_path_lib.ps1'
[45.205s] INFO:colcon.colcon_core.shell:Creating environment descriptor '/home/ngt/ZENS-Final-AUVC/install/msgs/share/msgs/hook/ld_library_path_lib.dsv'
[45.212s] INFO:colcon.colcon_core.shell:Creating environment hook '/home/ngt/ZENS-Final-AUVC/install/msgs/share/msgs/hook/ld_library_path_lib.sh'
[45.231s] Level 1:colcon.colcon_core.environment:checking '/home/ngt/ZENS-Final-AUVC/install/msgs/bin'
[45.233s] Level 1:colcon.colcon_core.environment:checking '/home/ngt/ZENS-Final-AUVC/install/msgs/lib/pkgconfig/msgs.pc'
[45.236s] Level 1:colcon.colcon_core.environment:checking '/home/ngt/ZENS-Final-AUVC/install/msgs/lib/python3.12/site-packages'
[45.237s] Level 1:colcon.colcon_core.shell:create_environment_hook('msgs', 'pythonpath')
[45.241s] INFO:colcon.colcon_core.shell:Creating environment hook '/home/ngt/ZENS-Final-AUVC/install/msgs/share/msgs/hook/pythonpath.ps1'
[45.249s] INFO:colcon.colcon_core.shell:Creating environment descriptor '/home/ngt/ZENS-Final-AUVC/install/msgs/share/msgs/hook/pythonpath.dsv'
[45.254s] INFO:colcon.colcon_core.shell:Creating environment hook '/home/ngt/ZENS-Final-AUVC/install/msgs/share/msgs/hook/pythonpath.sh'
[45.267s] Level 1:colcon.colcon_core.environment:checking '/home/ngt/ZENS-Final-AUVC/install/msgs/bin'
[45.271s] INFO:colcon.colcon_core.shell:Creating package script '/home/ngt/ZENS-Final-AUVC/install/msgs/share/msgs/package.ps1'
[45.281s] INFO:colcon.colcon_core.shell:Creating package descriptor '/home/ngt/ZENS-Final-AUVC/install/msgs/share/msgs/package.dsv'
[45.287s] INFO:colcon.colcon_core.shell:Creating package script '/home/ngt/ZENS-Final-AUVC/install/msgs/share/msgs/package.sh'
[45.291s] INFO:colcon.colcon_core.shell:Creating package script '/home/ngt/ZENS-Final-AUVC/install/msgs/share/msgs/package.bash'
[45.300s] INFO:colcon.colcon_core.shell:Creating package script '/home/ngt/ZENS-Final-AUVC/install/msgs/share/msgs/package.zsh'
[45.303s] Level 1:colcon.colcon_core.environment:create_file_with_runtime_dependencies(/home/ngt/ZENS-Final-AUVC/install/msgs/share/colcon-core/packages/msgs)
[45.308s] DEBUG:colcon.colcon_parallel_executor.executor.parallel:closing loop
[45.322s] DEBUG:colcon.colcon_parallel_executor.executor.parallel:loop closed
[45.323s] DEBUG:colcon.colcon_parallel_executor.executor.parallel:run_until_complete finished with '0'
[45.323s] DEBUG:colcon.colcon_core.event_reactor:joining thread
[45.330s] DEBUG:colcon.colcon_core.event_reactor:joined thread
[45.333s] INFO:colcon.colcon_core.shell:Creating prefix script '/home/ngt/ZENS-Final-AUVC/install/local_setup.ps1'
[45.344s] INFO:colcon.colcon_core.shell:Creating prefix util module '/home/ngt/ZENS-Final-AUVC/install/_local_setup_util_ps1.py'
[45.356s] INFO:colcon.colcon_core.shell:Creating prefix chain script '/home/ngt/ZENS-Final-AUVC/install/setup.ps1'
[45.369s] INFO:colcon.colcon_core.shell:Creating prefix script '/home/ngt/ZENS-Final-AUVC/install/local_setup.sh'
[45.376s] INFO:colcon.colcon_core.shell:Creating prefix util module '/home/ngt/ZENS-Final-AUVC/install/_local_setup_util_sh.py'
[45.381s] INFO:colcon.colcon_core.shell:Creating prefix chain script '/home/ngt/ZENS-Final-AUVC/install/setup.sh'
[45.404s] INFO:colcon.colcon_core.shell:Creating prefix script '/home/ngt/ZENS-Final-AUVC/install/local_setup.bash'
[45.412s] INFO:colcon.colcon_core.shell:Creating prefix chain script '/home/ngt/ZENS-Final-AUVC/install/setup.bash'
[45.427s] INFO:colcon.colcon_core.shell:Creating prefix script '/home/ngt/ZENS-Final-AUVC/install/local_setup.zsh'
[45.437s] INFO:colcon.colcon_core.shell:Creating prefix chain script '/home/ngt/ZENS-Final-AUVC/install/setup.zsh'
