[0.000000] (-) TimerEvent: {}
[0.000633] (bringup) JobQueued: {'identifier': 'bringup', 'dependencies': OrderedDict()}
[0.000871] (control) JobQueued: {'identifier': 'control', 'dependencies': OrderedDict()}
[0.001895] (cv) JobQueued: {'identifier': 'cv', 'dependencies': OrderedDict()}
[0.004302] (flashing) JobQueued: {'identifier': 'flashing', 'dependencies': OrderedDict()}
[0.004487] (gazebo_bluerov2) JobQueued: {'identifier': 'gazebo_bluerov2', 'dependencies': OrderedDict()}
[0.004624] (hardware) JobQueued: {'identifier': 'hardware', 'dependencies': OrderedDict()}
[0.004739] (msgs) JobQueued: {'identifier': 'msgs', 'dependencies': OrderedDict()}
[0.004822] (bringup) JobStarted: {'identifier': 'bringup'}
[0.094924] (-) TimerEvent: {}
[0.137815] (control) JobStarted: {'identifier': 'control'}
[0.200700] (-) TimerEvent: {}
[0.222675] (cv) JobStarted: {'identifier': 'cv'}
[0.300884] (-) TimerEvent: {}
[0.378198] (flashing) JobStarted: {'identifier': 'flashing'}
[0.403031] (-) TimerEvent: {}
[0.503833] (-) TimerEvent: {}
[0.611188] (-) TimerEvent: {}
[0.713317] (-) TimerEvent: {}
[0.818521] (-) TimerEvent: {}
[0.922536] (-) TimerEvent: {}
[1.029890] (-) TimerEvent: {}
[1.134163] (-) TimerEvent: {}
[1.240706] (-) TimerEvent: {}
[1.341698] (-) TimerEvent: {}
[1.449619] (-) TimerEvent: {}
[1.552948] (-) TimerEvent: {}
[1.655049] (-) TimerEvent: {}
[1.757632] (-) TimerEvent: {}
[1.861804] (-) TimerEvent: {}
[1.963130] (-) TimerEvent: {}
[2.070764] (-) TimerEvent: {}
[2.172087] (-) TimerEvent: {}
[2.275791] (-) TimerEvent: {}
[2.378160] (-) TimerEvent: {}
[2.480157] (-) TimerEvent: {}
[2.585298] (-) TimerEvent: {}
[2.691712] (-) TimerEvent: {}
[2.798212] (-) TimerEvent: {}
[2.899602] (-) TimerEvent: {}
[3.004251] (-) TimerEvent: {}
[3.106320] (-) TimerEvent: {}
[3.210754] (-) TimerEvent: {}
[3.311980] (-) TimerEvent: {}
[3.418964] (-) TimerEvent: {}
[3.520677] (-) TimerEvent: {}
[3.624707] (-) TimerEvent: {}
[3.728176] (-) TimerEvent: {}
[3.832747] (-) TimerEvent: {}
[3.933482] (-) TimerEvent: {}
[4.037317] (-) TimerEvent: {}
[4.140756] (-) TimerEvent: {}
[4.241874] (-) TimerEvent: {}
[4.344917] (-) TimerEvent: {}
[4.450723] (-) TimerEvent: {}
[4.553802] (-) TimerEvent: {}
[4.659908] (-) TimerEvent: {}
[4.760733] (-) TimerEvent: {}
[4.865888] (-) TimerEvent: {}
[4.966724] (-) TimerEvent: {}
[5.067837] (-) TimerEvent: {}
[5.171246] (-) TimerEvent: {}
[5.276001] (-) TimerEvent: {}
[5.378889] (-) TimerEvent: {}
[5.479715] (-) TimerEvent: {}
[5.582282] (-) TimerEvent: {}
[5.687743] (-) TimerEvent: {}
[5.789327] (-) TimerEvent: {}
[5.892213] (-) TimerEvent: {}
[5.998972] (-) TimerEvent: {}
[6.103084] (-) TimerEvent: {}
[6.204292] (-) TimerEvent: {}
[6.308529] (-) TimerEvent: {}
[6.413695] (-) TimerEvent: {}
[6.517772] (-) TimerEvent: {}
[6.618679] (-) TimerEvent: {}
[6.721688] (-) TimerEvent: {}
[6.824700] (-) TimerEvent: {}
[6.927064] (-) TimerEvent: {}
[7.030754] (-) TimerEvent: {}
[7.131806] (-) TimerEvent: {}
[7.238686] (-) TimerEvent: {}
[7.341761] (-) TimerEvent: {}
[7.442713] (-) TimerEvent: {}
[7.547737] (-) TimerEvent: {}
[7.650755] (-) TimerEvent: {}
[7.755721] (-) TimerEvent: {}
[7.860752] (-) TimerEvent: {}
[7.966700] (-) TimerEvent: {}
[8.070712] (-) TimerEvent: {}
[8.173681] (-) TimerEvent: {}
[8.281311] (-) TimerEvent: {}
[8.384729] (-) TimerEvent: {}
[8.486457] (-) TimerEvent: {}
[8.587357] (-) TimerEvent: {}
[8.692779] (-) TimerEvent: {}
[8.795501] (-) TimerEvent: {}
[8.900691] (-) TimerEvent: {}
[9.005717] (-) TimerEvent: {}
[9.111761] (-) TimerEvent: {}
[9.215725] (-) TimerEvent: {}
[9.320775] (-) TimerEvent: {}
[9.424536] (-) TimerEvent: {}
[9.527922] (-) TimerEvent: {}
[9.633789] (-) TimerEvent: {}
[9.739933] (-) TimerEvent: {}
[9.840967] (-) TimerEvent: {}
[9.945798] (-) TimerEvent: {}
[10.048720] (-) TimerEvent: {}
[10.155750] (-) TimerEvent: {}
[10.256591] (-) TimerEvent: {}
[10.363751] (-) TimerEvent: {}
[10.465858] (-) TimerEvent: {}
[10.575517] (-) TimerEvent: {}
[10.676943] (-) TimerEvent: {}
[10.779711] (-) TimerEvent: {}
[10.887320] (-) TimerEvent: {}
[10.988759] (-) TimerEvent: {}
[11.093297] (-) TimerEvent: {}
[11.199791] (-) TimerEvent: {}
[11.309013] (-) TimerEvent: {}
[11.409833] (-) TimerEvent: {}
[11.513813] (-) TimerEvent: {}
[11.617696] (-) TimerEvent: {}
[11.719987] (-) TimerEvent: {}
[11.824743] (-) TimerEvent: {}
[11.925671] (-) TimerEvent: {}
[12.026440] (-) TimerEvent: {}
[12.130224] (-) TimerEvent: {}
[12.232645] (-) TimerEvent: {}
[12.334796] (-) TimerEvent: {}
[12.436508] (-) TimerEvent: {}
[12.541784] (-) TimerEvent: {}
[12.643811] (-) TimerEvent: {}
[12.745736] (-) TimerEvent: {}
[12.849132] (-) TimerEvent: {}
[12.950142] (-) TimerEvent: {}
[13.053937] (-) TimerEvent: {}
[13.158651] (-) TimerEvent: {}
[13.259514] (-) TimerEvent: {}
[13.364377] (-) TimerEvent: {}
[13.477702] (-) TimerEvent: {}
[13.578599] (-) TimerEvent: {}
[13.680160] (-) TimerEvent: {}
[13.780988] (-) TimerEvent: {}
[13.884702] (-) TimerEvent: {}
[13.991706] (-) TimerEvent: {}
[14.092493] (-) TimerEvent: {}
[14.193434] (-) TimerEvent: {}
[14.296772] (-) TimerEvent: {}
[14.402340] (-) TimerEvent: {}
[14.511727] (-) TimerEvent: {}
[14.615169] (-) TimerEvent: {}
[14.718974] (-) TimerEvent: {}
[14.823168] (-) TimerEvent: {}
[14.933546] (-) TimerEvent: {}
[15.034440] (-) TimerEvent: {}
[15.143702] (-) TimerEvent: {}
[15.246690] (-) TimerEvent: {}
[15.351146] (-) TimerEvent: {}
[15.451992] (-) TimerEvent: {}
[15.559077] (-) TimerEvent: {}
[15.662242] (-) TimerEvent: {}
[15.771089] (-) TimerEvent: {}
[15.878609] (-) TimerEvent: {}
[15.981133] (-) TimerEvent: {}
[16.082106] (-) TimerEvent: {}
[16.189693] (-) TimerEvent: {}
[16.295147] (-) TimerEvent: {}
[16.404365] (-) TimerEvent: {}
[16.506224] (-) TimerEvent: {}
[16.611087] (-) TimerEvent: {}
[16.716694] (-) TimerEvent: {}
[16.821823] (-) TimerEvent: {}
[16.928808] (-) TimerEvent: {}
[17.032059] (-) TimerEvent: {}
[17.133308] (-) TimerEvent: {}
[17.238077] (-) TimerEvent: {}
[17.338964] (-) TimerEvent: {}
[17.445768] (-) TimerEvent: {}
[17.546648] (-) TimerEvent: {}
[17.650980] (-) TimerEvent: {}
[17.755787] (-) TimerEvent: {}
[17.857995] (-) TimerEvent: {}
[17.962439] (-) TimerEvent: {}
[18.063847] (-) TimerEvent: {}
[18.166732] (-) TimerEvent: {}
[18.270505] (-) TimerEvent: {}
[18.386900] (-) TimerEvent: {}
[18.498013] (-) TimerEvent: {}
[18.601646] (-) TimerEvent: {}
[18.709719] (-) TimerEvent: {}
[18.810530] (-) TimerEvent: {}
[18.915711] (-) TimerEvent: {}
[19.020724] (-) TimerEvent: {}
[19.121590] (-) TimerEvent: {}
[19.231201] (-) TimerEvent: {}
[19.337709] (-) TimerEvent: {}
[19.439620] (-) TimerEvent: {}
[19.541651] (-) TimerEvent: {}
[19.646654] (-) TimerEvent: {}
[19.748428] (-) TimerEvent: {}
[19.854699] (-) TimerEvent: {}
[19.957791] (-) TimerEvent: {}
[20.066711] (-) TimerEvent: {}
[20.173701] (-) TimerEvent: {}
[20.276254] (-) TimerEvent: {}
[20.381708] (-) TimerEvent: {}
[20.485732] (-) TimerEvent: {}
[20.593721] (-) TimerEvent: {}
[20.694626] (-) TimerEvent: {}
[20.795454] (-) TimerEvent: {}
[20.903727] (-) TimerEvent: {}
[21.004930] (-) TimerEvent: {}
[21.106206] (-) TimerEvent: {}
[21.211918] (-) TimerEvent: {}
[21.314085] (-) TimerEvent: {}
[21.422758] (-) TimerEvent: {}
[21.525868] (-) TimerEvent: {}
[21.628950] (-) TimerEvent: {}
[21.733364] (-) TimerEvent: {}
[21.839156] (-) TimerEvent: {}
[21.943748] (-) TimerEvent: {}
[22.047881] (-) TimerEvent: {}
[22.149224] (-) TimerEvent: {}
[22.258510] (-) TimerEvent: {}
[22.360137] (-) TimerEvent: {}
[22.463749] (-) TimerEvent: {}
[22.566140] (-) TimerEvent: {}
[22.673327] (-) TimerEvent: {}
[22.774670] (-) TimerEvent: {}
[22.883330] (-) TimerEvent: {}
[22.984232] (-) TimerEvent: {}
[23.089284] (-) TimerEvent: {}
[23.191122] (-) TimerEvent: {}
[23.300758] (-) TimerEvent: {}
[23.403749] (-) TimerEvent: {}
[23.506745] (-) TimerEvent: {}
[23.610737] (-) TimerEvent: {}
[23.717755] (-) TimerEvent: {}
[23.818716] (-) TimerEvent: {}
[23.925718] (-) TimerEvent: {}
[24.027232] (-) TimerEvent: {}
[24.136710] (-) TimerEvent: {}
[24.242701] (-) TimerEvent: {}
[24.348772] (-) TimerEvent: {}
[24.454407] (-) TimerEvent: {}
[24.560721] (-) TimerEvent: {}
[24.665715] (-) TimerEvent: {}
[24.766543] (-) TimerEvent: {}
[24.874698] (-) TimerEvent: {}
[24.977714] (-) TimerEvent: {}
[25.079508] (-) TimerEvent: {}
[25.187710] (-) TimerEvent: {}
[25.290083] (-) TimerEvent: {}
[25.396753] (-) TimerEvent: {}
[25.503259] (-) TimerEvent: {}
[25.611060] (-) TimerEvent: {}
[25.711902] (-) TimerEvent: {}
[25.814110] (-) TimerEvent: {}
[25.919923] (-) TimerEvent: {}
[26.020695] (-) TimerEvent: {}
[26.121833] (-) TimerEvent: {}
[26.222738] (-) TimerEvent: {}
[26.326299] (-) TimerEvent: {}
[26.433596] (-) TimerEvent: {}
[26.534721] (-) TimerEvent: {}
[26.640737] (-) TimerEvent: {}
[26.746734] (-) TimerEvent: {}
[26.847548] (-) TimerEvent: {}
[26.954742] (-) TimerEvent: {}
[27.057702] (-) TimerEvent: {}
[27.163685] (-) TimerEvent: {}
[27.266978] (-) TimerEvent: {}
[27.371725] (-) TimerEvent: {}
[27.477707] (-) TimerEvent: {}
[27.581183] (-) TimerEvent: {}
[27.687140] (-) TimerEvent: {}
[27.794722] (-) TimerEvent: {}
[27.895701] (-) TimerEvent: {}
[28.007606] (-) TimerEvent: {}
[28.111458] (-) TimerEvent: {}
[28.216766] (-) TimerEvent: {}
[28.321005] (-) TimerEvent: {}
[28.423209] (-) TimerEvent: {}
[28.532196] (-) TimerEvent: {}
[28.637836] (-) TimerEvent: {}
[28.745444] (-) TimerEvent: {}
[28.788597] (cv) Command: {'cmd': ['/home/ngt/.virtualenvs/ardusub/bin/python', '-W', 'ignore:setup.py install is deprecated', '-W', 'ignore:easy_install command is deprecated', 'setup.py', 'egg_info', '--egg-base', '../../../build/cv', 'build', '--build-base', '/home/ngt/ZENS-Final-AUVC/build/cv/build', 'install', '--record', '/home/ngt/ZENS-Final-AUVC/build/cv/install.log', '--install-scripts', '$base/lib/cv', '--single-version-externally-managed', 'install_data'], 'cwd': '/home/ngt/ZENS-Final-AUVC/ros_ws/src/cv', 'env': {'PYTHON_BASIC_REPL': '1', 'VIRTUALENVWRAPPER_WORKON_CD': '1', 'USER': 'ngt', 'SSH_CLIENT': '192.168.3.1 64256 22', 'WORKON_HOME': '/home/ngt/.virtualenvs', 'GZ_SIM_RESOURCE_PATH': '/opt/ros/jazzy/share', 'GZ_CONFIG_PATH': '/opt/ros/jazzy/opt/gz_sim_vendor/share/gz:/opt/ros/jazzy/opt/sdformat_vendor/share/gz:/opt/ros/jazzy/opt/gz_gui_vendor/share/gz:/opt/ros/jazzy/opt/gz_transport_vendor/share/gz:/opt/ros/jazzy/opt/gz_rendering_vendor/share/gz:/opt/ros/jazzy/opt/gz_plugin_vendor/share/gz:/opt/ros/jazzy/opt/gz_fuel_tools_vendor/share/gz:/opt/ros/jazzy/opt/gz_msgs_vendor/share/gz:/opt/ros/jazzy/opt/gz_common_vendor/share/gz', 'XDG_SESSION_TYPE': 'tty', 'GIT_ASKPASS': '/home/ngt/.vscode-server/cli/servers/Stable-1b6a188127eeaf9194f945eb6eb89a657e93c54c/server/extensions/git/dist/askpass.sh', 'SHLVL': '1', 'BROWSER': '/home/ngt/.vscode-server/cli/servers/Stable-1b6a188127eeaf9194f945eb6eb89a657e93c54c/server/bin/helpers/browser.sh', 'LD_LIBRARY_PATH': '/home/ngt/ZENS-Final-AUVC/install/msgs/lib:/home/ngt/ZENS-Final-AUVC/install/gazebo_bluerov2/lib:/home/ngt/auvc_ws/install/example_custom_srv/lib:/home/ngt/pid_ws/install/target_depth_msgs/lib:/opt/ros/jazzy/opt/gz_sim_vendor/lib:/opt/ros/jazzy/opt/gz_sensors_vendor/lib:/opt/ros/jazzy/opt/gz_physics_vendor/lib:/opt/ros/jazzy/opt/sdformat_vendor/lib:/opt/ros/jazzy/opt/rviz_ogre_vendor/lib:/opt/ros/jazzy/lib/aarch64-linux-gnu:/opt/ros/jazzy/opt/gz_gui_vendor/lib:/opt/ros/jazzy/opt/gz_transport_vendor/lib:/opt/ros/jazzy/opt/gz_rendering_vendor/lib:/opt/ros/jazzy/opt/gz_plugin_vendor/lib:/opt/ros/jazzy/opt/gz_fuel_tools_vendor/lib:/opt/ros/jazzy/opt/gz_msgs_vendor/lib:/opt/ros/jazzy/opt/gz_common_vendor/lib:/opt/ros/jazzy/opt/gz_math_vendor/lib:/opt/ros/jazzy/opt/gz_utils_vendor/lib:/opt/ros/jazzy/opt/gz_tools_vendor/lib:/opt/ros/jazzy/opt/gz_ogre_next_vendor/lib:/opt/ros/jazzy/opt/gz_dartsim_vendor/lib:/opt/ros/jazzy/opt/gz_cmake_vendor/lib:/opt/ros/jazzy/lib', 'GZ_TRANSPORT_ID': '192.168.3.1', 'HOME': '/home/ngt', 'OLDPWD': '/home/ngt', 'LESS': '-R', 'VIRTUALENVWRAPPER_PYTHON': '/usr/bin/python3', 'TERM_PROGRAM_VERSION': '1.130.0', 'VSCODE_IPC_HOOK_CLI': '/run/user/1004/vscode-ipc-85f34aaf-8c14-4b5e-9609-f108a0457dd3.sock', 'ZSH': '/home/ngt/.oh-my-zsh', 'LSCOLORS': 'Gxfxcxdxbxegedabagacad', 'GZ_TRANSPORT_PUB_PORT': '11345', 'VSCODE_GIT_ASKPASS_MAIN': '/home/ngt/.vscode-server/cli/servers/Stable-1b6a188127eeaf9194f945eb6eb89a657e93c54c/server/extensions/git/dist/askpass-main.js', 'PAGER': 'less', 'ROS_PYTHON_VERSION': '3', 'PS1': '(ardusub) %(?:%{\x1b[01;32m%}%1{➜%} :%{\x1b[01;31m%}%1{➜%} ) %{\x1b[36m%}%c%{\x1b[00m%} $(git_prompt_info)', 'VSCODE_GIT_ASKPASS_NODE': '/home/ngt/.vscode-server/cli/servers/Stable-1b6a188127eeaf9194f945eb6eb89a657e93c54c/server/node', 'DBUS_SESSION_BUS_ADDRESS': 'unix:path=/run/user/1004/bus', 'PYDEVD_DISABLE_FILE_VALIDATION': '1', 'BUNDLED_DEBUGPY_PATH': '/home/ngt/.vscode-server/extensions/ms-python.debugpy-2026.6.0-linux-arm64/bundled/libs/debugpy', 'GZ_TRANSPORT_SUB_PORT': '11346', 'VSCODE_PYTHON_AUTOACTIVATE_GUARD': '1', 'COLORTERM': 'truecolor', 'ROS_DISTRO': 'jazzy', 'COLCON_PREFIX_PATH': '/home/ngt/ZENS-Final-AUVC/install:/home/ngt/cv_ws/install:/home/ngt/pid_ws/install:/home/ngt/auvc_ws/install:/home/ngt/auv_dancing/install', 'LOGNAME': 'ngt', '_': '/home/ngt/.virtualenvs/ardusub/bin/colcon', 'XDG_SESSION_CLASS': 'user', 'USER_ZDOTDIR': '/home/ngt', 'ROS_VERSION': '2', 'XDG_SESSION_ID': '1', 'TERM': 'xterm-256color', 'PATH': '/home/ngt/ZENS-Final-AUVC/install/hardware/bin:/home/ngt/ZENS-Final-AUVC/install/flashing/bin:/home/ngt/ZENS-Final-AUVC/install/cv/bin:/home/ngt/ZENS-Final-AUVC/install/control/bin:/home/ngt/.virtualenvs/ardusub/bin:/home/ngt/.opencode/bin:/opt/ros/jazzy/opt/gz_msgs_vendor/bin:/opt/ros/jazzy/opt/gz_tools_vendor/bin:/opt/ros/jazzy/opt/gz_ogre_next_vendor/bin:/opt/ros/jazzy/bin:/usr/lib/ccache:/home/ngt/.vscode-server/data/User/globalStorage/github.copilot-chat/debugCommand:/home/ngt/.vscode-server/data/User/globalStorage/github.copilot-chat/copilotCli:/home/ngt/.vscode-server/cli/servers/Stable-1b6a188127eeaf9194f945eb6eb89a657e93c54c/server/bin/remote-cli:/usr/local/sbin:/usr/local/bin:/usr/sbin:/usr/bin:/sbin:/bin:/usr/games:/usr/local/games:/snap/bin:/home/ngt/.vscode-server/extensions/ms-python.debugpy-2026.6.0-linux-arm64/bundled/scripts/noConfigScripts:/home/ngt/.local/bin:/home/ngt/ardupilot/Tools/autotest', 'XDG_RUNTIME_DIR': '/run/user/1004', 'GZ_PARTITION': 'my_sim', 'LANG': 'en_US.UTF-8', 'VSCODE_DEBUGPY_ADAPTER_ENDPOINTS': '/home/ngt/.vscode-server/extensions/ms-python.debugpy-2026.6.0-linux-arm64/.noConfigDebugAdapterEndpoints/endpoint-fe03004f45a03570.txt', 'PYTHONSTARTUP': '/home/ngt/.vscode-server/data/User/workspaceStorage/e30aafa2edaaf296b4a11477f6a9b588/ms-python.python/pythonrc.py', 'VSCODE_INJECTION': '1', 'VIRTUAL_ENV_PROMPT': 'ardusub', 'TERM_PROGRAM': 'vscode', 'VSCODE_GIT_IPC_HANDLE': '/run/user/1004/vscode-git-191b257475.sock', 'LS_COLORS': 'rs=0:di=01;34:ln=01;36:mh=00:pi=40;33:so=01;35:do=01;35:bd=40;33;01:cd=40;33;01:or=40;31;01:mi=00:su=37;41:sg=30;43:ca=00:tw=30;42:ow=34;42:st=37;44:ex=01;32:*.tar=01;31:*.tgz=01;31:*.arc=01;31:*.arj=01;31:*.taz=01;31:*.lha=01;31:*.lz4=01;31:*.lzh=01;31:*.lzma=01;31:*.tlz=01;31:*.txz=01;31:*.tzo=01;31:*.t7z=01;31:*.zip=01;31:*.z=01;31:*.dz=01;31:*.gz=01;31:*.lrz=01;31:*.lz=01;31:*.lzo=01;31:*.xz=01;31:*.zst=01;31:*.tzst=01;31:*.bz2=01;31:*.bz=01;31:*.tbz=01;31:*.tbz2=01;31:*.tz=01;31:*.deb=01;31:*.rpm=01;31:*.jar=01;31:*.war=01;31:*.ear=01;31:*.sar=01;31:*.rar=01;31:*.alz=01;31:*.ace=01;31:*.zoo=01;31:*.cpio=01;31:*.7z=01;31:*.rz=01;31:*.cab=01;31:*.wim=01;31:*.swm=01;31:*.dwm=01;31:*.esd=01;31:*.avif=01;35:*.jpg=01;35:*.jpeg=01;35:*.mjpg=01;35:*.mjpeg=01;35:*.gif=01;35:*.bmp=01;35:*.pbm=01;35:*.pgm=01;35:*.ppm=01;35:*.tga=01;35:*.xbm=01;35:*.xpm=01;35:*.tif=01;35:*.tiff=01;35:*.png=01;35:*.svg=01;35:*.svgz=01;35:*.mng=01;35:*.pcx=01;35:*.mov=01;35:*.mpg=01;35:*.mpeg=01;35:*.m2v=01;35:*.mkv=01;35:*.webm=01;35:*.webp=01;35:*.ogm=01;35:*.mp4=01;35:*.m4v=01;35:*.mp4v=01;35:*.vob=01;35:*.qt=01;35:*.nuv=01;35:*.wmv=01;35:*.asf=01;35:*.rm=01;35:*.rmvb=01;35:*.flc=01;35:*.avi=01;35:*.fli=01;35:*.flv=01;35:*.gl=01;35:*.dl=01;35:*.xcf=01;35:*.xwd=01;35:*.yuv=01;35:*.cgm=01;35:*.emf=01;35:*.ogv=01;35:*.ogx=01;35:*.aac=00;36:*.au=00;36:*.flac=00;36:*.m4a=00;36:*.mid=00;36:*.midi=00;36:*.mka=00;36:*.mp3=00;36:*.mpc=00;36:*.ogg=00;36:*.ra=00;36:*.wav=00;36:*.oga=00;36:*.opus=00;36:*.spx=00;36:*.xspf=00;36:*~=00;90:*#=00;90:*.bak=00;90:*.crdownload=00;90:*.dpkg-dist=00;90:*.dpkg-new=00;90:*.dpkg-old=00;90:*.dpkg-tmp=00;90:*.old=00;90:*.orig=00;90:*.part=00;90:*.rej=00;90:*.rpmnew=00;90:*.rpmorig=00;90:*.rpmsave=00;90:*.swp=00;90:*.tmp=00;90:*.ucf-dist=00;90:*.ucf-new=00;90:*.ucf-old=00;90:', 'AMENT_PREFIX_PATH': '/home/ngt/ZENS-Final-AUVC/install/msgs:/home/ngt/ZENS-Final-AUVC/install/gazebo_bluerov2:/home/ngt/ZENS-Final-AUVC/install/flashing:/home/ngt/ZENS-Final-AUVC/install/cv:/home/ngt/ZENS-Final-AUVC/install/control:/home/ngt/ZENS-Final-AUVC/install/bringup:/home/ngt/auvc_ws/install/tutorial_virtualenvs:/home/ngt/auvc_ws/install/tutorial_pid:/home/ngt/auvc_ws/install/tutorial_ardusub:/home/ngt/auvc_ws/install/tutorial:/home/ngt/auvc_ws/install/rosmav:/home/ngt/auvc_ws/install/example_custom_srv:/home/ngt/cv_ws/install/cv:/home/ngt/pid_ws/install/target_depth_msgs:/home/ngt/pid_ws/install/pid:/home/ngt/auv_dancing/install/tutorial:/opt/ros/jazzy', 'SHELL': '/usr/bin/zsh', 'VIRTUALENVWRAPPER_PROJECT_FILENAME': '.project', 'VIRTUALENVWRAPPER_HOOK_DIR': '/home/ngt/.virtualenvs', 'VSCODE_GIT_ASKPASS_EXTRA_ARGS': '', 'VIRTUALENVWRAPPER_SCRIPT': '/usr/share/virtualenvwrapper/virtualenvwrapper.sh', 'ROS_AUTOMATIC_DISCOVERY_RANGE': 'SUBNET', 'VIRTUAL_ENV': '/home/ngt/.virtualenvs/ardusub', 'LC_ALL': 'en_US.UTF-8', 'PWD': '/home/ngt/ZENS-Final-AUVC/build/cv', 'SSH_CONNECTION': '192.168.3.1 64256 192.168.3.2 22', 'COPILOT_DEBUG_NONCE': 'd6eed4c06bd82aa6cee185ab30fdc4f4', 'ZDOTDIR': '/home/ngt', 'PYTHONPATH': '/home/ngt/ZENS-Final-AUVC/build/cv/prefix_override:/home/ngt/.virtualenvs/ardusub/lib/python3.12/site-packages/colcon_core/task/python/colcon_distutils_commands:/home/ngt/ZENS-Final-AUVC/install/cv/lib/python3.12/site-packages:/home/ngt/ZENS-Final-AUVC/install/msgs/lib/python3.12/site-packages:/home/ngt/ZENS-Final-AUVC/install/hardware/lib/python3.12/site-packages:/home/ngt/ZENS-Final-AUVC/install/flashing/lib/python3.12/site-packages:/home/ngt/ZENS-Final-AUVC/install/cv/lib/python3.12/site-packages:/home/ngt/ZENS-Final-AUVC/install/control/lib/python3.12/site-packages:/home/ngt/ZENS-Final-AUVC/install/bringup/lib/python3.12/site-packages:/home/ngt/auvc_ws/install/tutorial_virtualenvs/lib/python3.12/site-packages:/home/ngt/auvc_ws/install/tutorial_pid/lib/python3.12/site-packages:/home/ngt/auvc_ws/install/tutorial_ardusub/lib/python3.12/site-packages:/home/ngt/auvc_ws/install/tutorial/lib/python3.12/site-packages:/home/ngt/auvc_ws/install/rosmav/lib/python3.12/site-packages:/home/ngt/auvc_ws/install/example_custom_srv/lib/python3.12/site-packages:/home/ngt/cv_ws/install/cv/lib/python3.12/site-packages:/home/ngt/pid_ws/install/target_depth_msgs/lib/python3.12/site-packages:/home/ngt/pid_ws/install/pid/lib/python3.12/site-packages:/home/ngt/auv_dancing/install/tutorial/lib/python3.12/site-packages:/opt/ros/jazzy/lib/python3.12/site-packages', 'COLCON': '1', 'CMAKE_PREFIX_PATH': '/home/ngt/ZENS-Final-AUVC/install/msgs:/home/ngt/ZENS-Final-AUVC/install/gazebo_bluerov2:/home/ngt/auvc_ws/install/example_custom_srv:/home/ngt/pid_ws/install/target_depth_msgs:/opt/ros/jazzy/opt/gz_sim_vendor:/opt/ros/jazzy/opt/gz_sensors_vendor:/opt/ros/jazzy/opt/gz_physics_vendor:/opt/ros/jazzy/opt/sdformat_vendor:/opt/ros/jazzy/opt/gz_gui_vendor:/opt/ros/jazzy/opt/gz_transport_vendor:/opt/ros/jazzy/opt/gz_rendering_vendor:/opt/ros/jazzy/opt/gz_plugin_vendor:/opt/ros/jazzy/opt/gz_fuel_tools_vendor:/opt/ros/jazzy/opt/gz_msgs_vendor:/opt/ros/jazzy/opt/gz_common_vendor:/opt/ros/jazzy/opt/gz_math_vendor:/opt/ros/jazzy/opt/gz_utils_vendor:/opt/ros/jazzy/opt/gz_tools_vendor:/opt/ros/jazzy/opt/gz_ogre_next_vendor:/opt/ros/jazzy/opt/gz_dartsim_vendor:/opt/ros/jazzy/opt/gz_cmake_vendor'}, 'shell': False}
[28.845714] (-) TimerEvent: {}
[28.935095] (control) Command: {'cmd': ['/home/ngt/.virtualenvs/ardusub/bin/python', '-W', 'ignore:setup.py install is deprecated', '-W', 'ignore:easy_install command is deprecated', 'setup.py', 'egg_info', '--egg-base', '../../../build/control', 'build', '--build-base', '/home/ngt/ZENS-Final-AUVC/build/control/build', 'install', '--record', '/home/ngt/ZENS-Final-AUVC/build/control/install.log', '--install-scripts', '$base/lib/control', '--single-version-externally-managed', 'install_data'], 'cwd': '/home/ngt/ZENS-Final-AUVC/ros_ws/src/control', 'env': {'PYTHON_BASIC_REPL': '1', 'VIRTUALENVWRAPPER_WORKON_CD': '1', 'USER': 'ngt', 'SSH_CLIENT': '192.168.3.1 64256 22', 'WORKON_HOME': '/home/ngt/.virtualenvs', 'GZ_SIM_RESOURCE_PATH': '/opt/ros/jazzy/share', 'GZ_CONFIG_PATH': '/opt/ros/jazzy/opt/gz_sim_vendor/share/gz:/opt/ros/jazzy/opt/sdformat_vendor/share/gz:/opt/ros/jazzy/opt/gz_gui_vendor/share/gz:/opt/ros/jazzy/opt/gz_transport_vendor/share/gz:/opt/ros/jazzy/opt/gz_rendering_vendor/share/gz:/opt/ros/jazzy/opt/gz_plugin_vendor/share/gz:/opt/ros/jazzy/opt/gz_fuel_tools_vendor/share/gz:/opt/ros/jazzy/opt/gz_msgs_vendor/share/gz:/opt/ros/jazzy/opt/gz_common_vendor/share/gz', 'XDG_SESSION_TYPE': 'tty', 'GIT_ASKPASS': '/home/ngt/.vscode-server/cli/servers/Stable-1b6a188127eeaf9194f945eb6eb89a657e93c54c/server/extensions/git/dist/askpass.sh', 'SHLVL': '1', 'BROWSER': '/home/ngt/.vscode-server/cli/servers/Stable-1b6a188127eeaf9194f945eb6eb89a657e93c54c/server/bin/helpers/browser.sh', 'LD_LIBRARY_PATH': '/home/ngt/ZENS-Final-AUVC/install/msgs/lib:/home/ngt/ZENS-Final-AUVC/install/gazebo_bluerov2/lib:/home/ngt/auvc_ws/install/example_custom_srv/lib:/home/ngt/pid_ws/install/target_depth_msgs/lib:/opt/ros/jazzy/opt/gz_sim_vendor/lib:/opt/ros/jazzy/opt/gz_sensors_vendor/lib:/opt/ros/jazzy/opt/gz_physics_vendor/lib:/opt/ros/jazzy/opt/sdformat_vendor/lib:/opt/ros/jazzy/opt/rviz_ogre_vendor/lib:/opt/ros/jazzy/lib/aarch64-linux-gnu:/opt/ros/jazzy/opt/gz_gui_vendor/lib:/opt/ros/jazzy/opt/gz_transport_vendor/lib:/opt/ros/jazzy/opt/gz_rendering_vendor/lib:/opt/ros/jazzy/opt/gz_plugin_vendor/lib:/opt/ros/jazzy/opt/gz_fuel_tools_vendor/lib:/opt/ros/jazzy/opt/gz_msgs_vendor/lib:/opt/ros/jazzy/opt/gz_common_vendor/lib:/opt/ros/jazzy/opt/gz_math_vendor/lib:/opt/ros/jazzy/opt/gz_utils_vendor/lib:/opt/ros/jazzy/opt/gz_tools_vendor/lib:/opt/ros/jazzy/opt/gz_ogre_next_vendor/lib:/opt/ros/jazzy/opt/gz_dartsim_vendor/lib:/opt/ros/jazzy/opt/gz_cmake_vendor/lib:/opt/ros/jazzy/lib', 'GZ_TRANSPORT_ID': '192.168.3.1', 'HOME': '/home/ngt', 'OLDPWD': '/home/ngt', 'LESS': '-R', 'VIRTUALENVWRAPPER_PYTHON': '/usr/bin/python3', 'TERM_PROGRAM_VERSION': '1.130.0', 'VSCODE_IPC_HOOK_CLI': '/run/user/1004/vscode-ipc-85f34aaf-8c14-4b5e-9609-f108a0457dd3.sock', 'ZSH': '/home/ngt/.oh-my-zsh', 'LSCOLORS': 'Gxfxcxdxbxegedabagacad', 'GZ_TRANSPORT_PUB_PORT': '11345', 'VSCODE_GIT_ASKPASS_MAIN': '/home/ngt/.vscode-server/cli/servers/Stable-1b6a188127eeaf9194f945eb6eb89a657e93c54c/server/extensions/git/dist/askpass-main.js', 'PAGER': 'less', 'ROS_PYTHON_VERSION': '3', 'PS1': '(ardusub) %(?:%{\x1b[01;32m%}%1{➜%} :%{\x1b[01;31m%}%1{➜%} ) %{\x1b[36m%}%c%{\x1b[00m%} $(git_prompt_info)', 'VSCODE_GIT_ASKPASS_NODE': '/home/ngt/.vscode-server/cli/servers/Stable-1b6a188127eeaf9194f945eb6eb89a657e93c54c/server/node', 'DBUS_SESSION_BUS_ADDRESS': 'unix:path=/run/user/1004/bus', 'PYDEVD_DISABLE_FILE_VALIDATION': '1', 'BUNDLED_DEBUGPY_PATH': '/home/ngt/.vscode-server/extensions/ms-python.debugpy-2026.6.0-linux-arm64/bundled/libs/debugpy', 'GZ_TRANSPORT_SUB_PORT': '11346', 'VSCODE_PYTHON_AUTOACTIVATE_GUARD': '1', 'COLORTERM': 'truecolor', 'ROS_DISTRO': 'jazzy', 'COLCON_PREFIX_PATH': '/home/ngt/ZENS-Final-AUVC/install:/home/ngt/cv_ws/install:/home/ngt/pid_ws/install:/home/ngt/auvc_ws/install:/home/ngt/auv_dancing/install', 'LOGNAME': 'ngt', '_': '/home/ngt/.virtualenvs/ardusub/bin/colcon', 'XDG_SESSION_CLASS': 'user', 'USER_ZDOTDIR': '/home/ngt', 'ROS_VERSION': '2', 'XDG_SESSION_ID': '1', 'TERM': 'xterm-256color', 'PATH': '/home/ngt/ZENS-Final-AUVC/install/hardware/bin:/home/ngt/ZENS-Final-AUVC/install/flashing/bin:/home/ngt/ZENS-Final-AUVC/install/cv/bin:/home/ngt/ZENS-Final-AUVC/install/control/bin:/home/ngt/.virtualenvs/ardusub/bin:/home/ngt/.opencode/bin:/opt/ros/jazzy/opt/gz_msgs_vendor/bin:/opt/ros/jazzy/opt/gz_tools_vendor/bin:/opt/ros/jazzy/opt/gz_ogre_next_vendor/bin:/opt/ros/jazzy/bin:/usr/lib/ccache:/home/ngt/.vscode-server/data/User/globalStorage/github.copilot-chat/debugCommand:/home/ngt/.vscode-server/data/User/globalStorage/github.copilot-chat/copilotCli:/home/ngt/.vscode-server/cli/servers/Stable-1b6a188127eeaf9194f945eb6eb89a657e93c54c/server/bin/remote-cli:/usr/local/sbin:/usr/local/bin:/usr/sbin:/usr/bin:/sbin:/bin:/usr/games:/usr/local/games:/snap/bin:/home/ngt/.vscode-server/extensions/ms-python.debugpy-2026.6.0-linux-arm64/bundled/scripts/noConfigScripts:/home/ngt/.local/bin:/home/ngt/ardupilot/Tools/autotest', 'XDG_RUNTIME_DIR': '/run/user/1004', 'GZ_PARTITION': 'my_sim', 'LANG': 'en_US.UTF-8', 'VSCODE_DEBUGPY_ADAPTER_ENDPOINTS': '/home/ngt/.vscode-server/extensions/ms-python.debugpy-2026.6.0-linux-arm64/.noConfigDebugAdapterEndpoints/endpoint-fe03004f45a03570.txt', 'PYTHONSTARTUP': '/home/ngt/.vscode-server/data/User/workspaceStorage/e30aafa2edaaf296b4a11477f6a9b588/ms-python.python/pythonrc.py', 'VSCODE_INJECTION': '1', 'VIRTUAL_ENV_PROMPT': 'ardusub', 'TERM_PROGRAM': 'vscode', 'VSCODE_GIT_IPC_HANDLE': '/run/user/1004/vscode-git-191b257475.sock', 'LS_COLORS': 'rs=0:di=01;34:ln=01;36:mh=00:pi=40;33:so=01;35:do=01;35:bd=40;33;01:cd=40;33;01:or=40;31;01:mi=00:su=37;41:sg=30;43:ca=00:tw=30;42:ow=34;42:st=37;44:ex=01;32:*.tar=01;31:*.tgz=01;31:*.arc=01;31:*.arj=01;31:*.taz=01;31:*.lha=01;31:*.lz4=01;31:*.lzh=01;31:*.lzma=01;31:*.tlz=01;31:*.txz=01;31:*.tzo=01;31:*.t7z=01;31:*.zip=01;31:*.z=01;31:*.dz=01;31:*.gz=01;31:*.lrz=01;31:*.lz=01;31:*.lzo=01;31:*.xz=01;31:*.zst=01;31:*.tzst=01;31:*.bz2=01;31:*.bz=01;31:*.tbz=01;31:*.tbz2=01;31:*.tz=01;31:*.deb=01;31:*.rpm=01;31:*.jar=01;31:*.war=01;31:*.ear=01;31:*.sar=01;31:*.rar=01;31:*.alz=01;31:*.ace=01;31:*.zoo=01;31:*.cpio=01;31:*.7z=01;31:*.rz=01;31:*.cab=01;31:*.wim=01;31:*.swm=01;31:*.dwm=01;31:*.esd=01;31:*.avif=01;35:*.jpg=01;35:*.jpeg=01;35:*.mjpg=01;35:*.mjpeg=01;35:*.gif=01;35:*.bmp=01;35:*.pbm=01;35:*.pgm=01;35:*.ppm=01;35:*.tga=01;35:*.xbm=01;35:*.xpm=01;35:*.tif=01;35:*.tiff=01;35:*.png=01;35:*.svg=01;35:*.svgz=01;35:*.mng=01;35:*.pcx=01;35:*.mov=01;35:*.mpg=01;35:*.mpeg=01;35:*.m2v=01;35:*.mkv=01;35:*.webm=01;35:*.webp=01;35:*.ogm=01;35:*.mp4=01;35:*.m4v=01;35:*.mp4v=01;35:*.vob=01;35:*.qt=01;35:*.nuv=01;35:*.wmv=01;35:*.asf=01;35:*.rm=01;35:*.rmvb=01;35:*.flc=01;35:*.avi=01;35:*.fli=01;35:*.flv=01;35:*.gl=01;35:*.dl=01;35:*.xcf=01;35:*.xwd=01;35:*.yuv=01;35:*.cgm=01;35:*.emf=01;35:*.ogv=01;35:*.ogx=01;35:*.aac=00;36:*.au=00;36:*.flac=00;36:*.m4a=00;36:*.mid=00;36:*.midi=00;36:*.mka=00;36:*.mp3=00;36:*.mpc=00;36:*.ogg=00;36:*.ra=00;36:*.wav=00;36:*.oga=00;36:*.opus=00;36:*.spx=00;36:*.xspf=00;36:*~=00;90:*#=00;90:*.bak=00;90:*.crdownload=00;90:*.dpkg-dist=00;90:*.dpkg-new=00;90:*.dpkg-old=00;90:*.dpkg-tmp=00;90:*.old=00;90:*.orig=00;90:*.part=00;90:*.rej=00;90:*.rpmnew=00;90:*.rpmorig=00;90:*.rpmsave=00;90:*.swp=00;90:*.tmp=00;90:*.ucf-dist=00;90:*.ucf-new=00;90:*.ucf-old=00;90:', 'AMENT_PREFIX_PATH': '/home/ngt/ZENS-Final-AUVC/install/msgs:/home/ngt/ZENS-Final-AUVC/install/gazebo_bluerov2:/home/ngt/ZENS-Final-AUVC/install/flashing:/home/ngt/ZENS-Final-AUVC/install/cv:/home/ngt/ZENS-Final-AUVC/install/control:/home/ngt/ZENS-Final-AUVC/install/bringup:/home/ngt/auvc_ws/install/tutorial_virtualenvs:/home/ngt/auvc_ws/install/tutorial_pid:/home/ngt/auvc_ws/install/tutorial_ardusub:/home/ngt/auvc_ws/install/tutorial:/home/ngt/auvc_ws/install/rosmav:/home/ngt/auvc_ws/install/example_custom_srv:/home/ngt/cv_ws/install/cv:/home/ngt/pid_ws/install/target_depth_msgs:/home/ngt/pid_ws/install/pid:/home/ngt/auv_dancing/install/tutorial:/opt/ros/jazzy', 'SHELL': '/usr/bin/zsh', 'VIRTUALENVWRAPPER_PROJECT_FILENAME': '.project', 'VIRTUALENVWRAPPER_HOOK_DIR': '/home/ngt/.virtualenvs', 'VSCODE_GIT_ASKPASS_EXTRA_ARGS': '', 'VIRTUALENVWRAPPER_SCRIPT': '/usr/share/virtualenvwrapper/virtualenvwrapper.sh', 'ROS_AUTOMATIC_DISCOVERY_RANGE': 'SUBNET', 'VIRTUAL_ENV': '/home/ngt/.virtualenvs/ardusub', 'LC_ALL': 'en_US.UTF-8', 'PWD': '/home/ngt/ZENS-Final-AUVC/build/control', 'SSH_CONNECTION': '192.168.3.1 64256 192.168.3.2 22', 'COPILOT_DEBUG_NONCE': 'd6eed4c06bd82aa6cee185ab30fdc4f4', 'ZDOTDIR': '/home/ngt', 'PYTHONPATH': '/home/ngt/ZENS-Final-AUVC/build/control/prefix_override:/home/ngt/.virtualenvs/ardusub/lib/python3.12/site-packages/colcon_core/task/python/colcon_distutils_commands:/home/ngt/ZENS-Final-AUVC/install/control/lib/python3.12/site-packages:/home/ngt/ZENS-Final-AUVC/install/msgs/lib/python3.12/site-packages:/home/ngt/ZENS-Final-AUVC/install/hardware/lib/python3.12/site-packages:/home/ngt/ZENS-Final-AUVC/install/flashing/lib/python3.12/site-packages:/home/ngt/ZENS-Final-AUVC/install/cv/lib/python3.12/site-packages:/home/ngt/ZENS-Final-AUVC/install/control/lib/python3.12/site-packages:/home/ngt/ZENS-Final-AUVC/install/bringup/lib/python3.12/site-packages:/home/ngt/auvc_ws/install/tutorial_virtualenvs/lib/python3.12/site-packages:/home/ngt/auvc_ws/install/tutorial_pid/lib/python3.12/site-packages:/home/ngt/auvc_ws/install/tutorial_ardusub/lib/python3.12/site-packages:/home/ngt/auvc_ws/install/tutorial/lib/python3.12/site-packages:/home/ngt/auvc_ws/install/rosmav/lib/python3.12/site-packages:/home/ngt/auvc_ws/install/example_custom_srv/lib/python3.12/site-packages:/home/ngt/cv_ws/install/cv/lib/python3.12/site-packages:/home/ngt/pid_ws/install/target_depth_msgs/lib/python3.12/site-packages:/home/ngt/pid_ws/install/pid/lib/python3.12/site-packages:/home/ngt/auv_dancing/install/tutorial/lib/python3.12/site-packages:/opt/ros/jazzy/lib/python3.12/site-packages', 'COLCON': '1', 'CMAKE_PREFIX_PATH': '/home/ngt/ZENS-Final-AUVC/install/msgs:/home/ngt/ZENS-Final-AUVC/install/gazebo_bluerov2:/home/ngt/auvc_ws/install/example_custom_srv:/home/ngt/pid_ws/install/target_depth_msgs:/opt/ros/jazzy/opt/gz_sim_vendor:/opt/ros/jazzy/opt/gz_sensors_vendor:/opt/ros/jazzy/opt/gz_physics_vendor:/opt/ros/jazzy/opt/sdformat_vendor:/opt/ros/jazzy/opt/gz_gui_vendor:/opt/ros/jazzy/opt/gz_transport_vendor:/opt/ros/jazzy/opt/gz_rendering_vendor:/opt/ros/jazzy/opt/gz_plugin_vendor:/opt/ros/jazzy/opt/gz_fuel_tools_vendor:/opt/ros/jazzy/opt/gz_msgs_vendor:/opt/ros/jazzy/opt/gz_common_vendor:/opt/ros/jazzy/opt/gz_math_vendor:/opt/ros/jazzy/opt/gz_utils_vendor:/opt/ros/jazzy/opt/gz_tools_vendor:/opt/ros/jazzy/opt/gz_ogre_next_vendor:/opt/ros/jazzy/opt/gz_dartsim_vendor:/opt/ros/jazzy/opt/gz_cmake_vendor'}, 'shell': False}
[28.958043] (-) TimerEvent: {}
[29.066056] (-) TimerEvent: {}
[29.167108] (-) TimerEvent: {}
[29.270830] (-) TimerEvent: {}
[29.373095] (-) TimerEvent: {}
[29.475853] (-) TimerEvent: {}
[29.581817] (-) TimerEvent: {}
[29.630984] (bringup) Command: {'cmd': ['/home/ngt/.virtualenvs/ardusub/bin/python', '-W', 'ignore:setup.py install is deprecated', '-W', 'ignore:easy_install command is deprecated', 'setup.py', 'egg_info', '--egg-base', '../../../build/bringup', 'build', '--build-base', '/home/ngt/ZENS-Final-AUVC/build/bringup/build', 'install', '--record', '/home/ngt/ZENS-Final-AUVC/build/bringup/install.log', '--install-scripts', '$base/lib/bringup', '--single-version-externally-managed', 'install_data'], 'cwd': '/home/ngt/ZENS-Final-AUVC/ros_ws/src/bringup', 'env': {'PYTHON_BASIC_REPL': '1', 'VIRTUALENVWRAPPER_WORKON_CD': '1', 'USER': 'ngt', 'SSH_CLIENT': '192.168.3.1 64256 22', 'WORKON_HOME': '/home/ngt/.virtualenvs', 'GZ_SIM_RESOURCE_PATH': '/opt/ros/jazzy/share', 'GZ_CONFIG_PATH': '/opt/ros/jazzy/opt/gz_sim_vendor/share/gz:/opt/ros/jazzy/opt/sdformat_vendor/share/gz:/opt/ros/jazzy/opt/gz_gui_vendor/share/gz:/opt/ros/jazzy/opt/gz_transport_vendor/share/gz:/opt/ros/jazzy/opt/gz_rendering_vendor/share/gz:/opt/ros/jazzy/opt/gz_plugin_vendor/share/gz:/opt/ros/jazzy/opt/gz_fuel_tools_vendor/share/gz:/opt/ros/jazzy/opt/gz_msgs_vendor/share/gz:/opt/ros/jazzy/opt/gz_common_vendor/share/gz', 'XDG_SESSION_TYPE': 'tty', 'GIT_ASKPASS': '/home/ngt/.vscode-server/cli/servers/Stable-1b6a188127eeaf9194f945eb6eb89a657e93c54c/server/extensions/git/dist/askpass.sh', 'SHLVL': '1', 'BROWSER': '/home/ngt/.vscode-server/cli/servers/Stable-1b6a188127eeaf9194f945eb6eb89a657e93c54c/server/bin/helpers/browser.sh', 'LD_LIBRARY_PATH': '/home/ngt/ZENS-Final-AUVC/install/msgs/lib:/home/ngt/ZENS-Final-AUVC/install/gazebo_bluerov2/lib:/home/ngt/auvc_ws/install/example_custom_srv/lib:/home/ngt/pid_ws/install/target_depth_msgs/lib:/opt/ros/jazzy/opt/gz_sim_vendor/lib:/opt/ros/jazzy/opt/gz_sensors_vendor/lib:/opt/ros/jazzy/opt/gz_physics_vendor/lib:/opt/ros/jazzy/opt/sdformat_vendor/lib:/opt/ros/jazzy/opt/rviz_ogre_vendor/lib:/opt/ros/jazzy/lib/aarch64-linux-gnu:/opt/ros/jazzy/opt/gz_gui_vendor/lib:/opt/ros/jazzy/opt/gz_transport_vendor/lib:/opt/ros/jazzy/opt/gz_rendering_vendor/lib:/opt/ros/jazzy/opt/gz_plugin_vendor/lib:/opt/ros/jazzy/opt/gz_fuel_tools_vendor/lib:/opt/ros/jazzy/opt/gz_msgs_vendor/lib:/opt/ros/jazzy/opt/gz_common_vendor/lib:/opt/ros/jazzy/opt/gz_math_vendor/lib:/opt/ros/jazzy/opt/gz_utils_vendor/lib:/opt/ros/jazzy/opt/gz_tools_vendor/lib:/opt/ros/jazzy/opt/gz_ogre_next_vendor/lib:/opt/ros/jazzy/opt/gz_dartsim_vendor/lib:/opt/ros/jazzy/opt/gz_cmake_vendor/lib:/opt/ros/jazzy/lib', 'GZ_TRANSPORT_ID': '192.168.3.1', 'HOME': '/home/ngt', 'OLDPWD': '/home/ngt', 'LESS': '-R', 'VIRTUALENVWRAPPER_PYTHON': '/usr/bin/python3', 'TERM_PROGRAM_VERSION': '1.130.0', 'VSCODE_IPC_HOOK_CLI': '/run/user/1004/vscode-ipc-85f34aaf-8c14-4b5e-9609-f108a0457dd3.sock', 'ZSH': '/home/ngt/.oh-my-zsh', 'LSCOLORS': 'Gxfxcxdxbxegedabagacad', 'GZ_TRANSPORT_PUB_PORT': '11345', 'VSCODE_GIT_ASKPASS_MAIN': '/home/ngt/.vscode-server/cli/servers/Stable-1b6a188127eeaf9194f945eb6eb89a657e93c54c/server/extensions/git/dist/askpass-main.js', 'PAGER': 'less', 'ROS_PYTHON_VERSION': '3', 'PS1': '(ardusub) %(?:%{\x1b[01;32m%}%1{➜%} :%{\x1b[01;31m%}%1{➜%} ) %{\x1b[36m%}%c%{\x1b[00m%} $(git_prompt_info)', 'VSCODE_GIT_ASKPASS_NODE': '/home/ngt/.vscode-server/cli/servers/Stable-1b6a188127eeaf9194f945eb6eb89a657e93c54c/server/node', 'DBUS_SESSION_BUS_ADDRESS': 'unix:path=/run/user/1004/bus', 'PYDEVD_DISABLE_FILE_VALIDATION': '1', 'BUNDLED_DEBUGPY_PATH': '/home/ngt/.vscode-server/extensions/ms-python.debugpy-2026.6.0-linux-arm64/bundled/libs/debugpy', 'GZ_TRANSPORT_SUB_PORT': '11346', 'VSCODE_PYTHON_AUTOACTIVATE_GUARD': '1', 'COLORTERM': 'truecolor', 'ROS_DISTRO': 'jazzy', 'COLCON_PREFIX_PATH': '/home/ngt/ZENS-Final-AUVC/install:/home/ngt/cv_ws/install:/home/ngt/pid_ws/install:/home/ngt/auvc_ws/install:/home/ngt/auv_dancing/install', 'LOGNAME': 'ngt', '_': '/home/ngt/.virtualenvs/ardusub/bin/colcon', 'XDG_SESSION_CLASS': 'user', 'USER_ZDOTDIR': '/home/ngt', 'ROS_VERSION': '2', 'XDG_SESSION_ID': '1', 'TERM': 'xterm-256color', 'PATH': '/home/ngt/ZENS-Final-AUVC/install/hardware/bin:/home/ngt/ZENS-Final-AUVC/install/flashing/bin:/home/ngt/ZENS-Final-AUVC/install/cv/bin:/home/ngt/ZENS-Final-AUVC/install/control/bin:/home/ngt/.virtualenvs/ardusub/bin:/home/ngt/.opencode/bin:/opt/ros/jazzy/opt/gz_msgs_vendor/bin:/opt/ros/jazzy/opt/gz_tools_vendor/bin:/opt/ros/jazzy/opt/gz_ogre_next_vendor/bin:/opt/ros/jazzy/bin:/usr/lib/ccache:/home/ngt/.vscode-server/data/User/globalStorage/github.copilot-chat/debugCommand:/home/ngt/.vscode-server/data/User/globalStorage/github.copilot-chat/copilotCli:/home/ngt/.vscode-server/cli/servers/Stable-1b6a188127eeaf9194f945eb6eb89a657e93c54c/server/bin/remote-cli:/usr/local/sbin:/usr/local/bin:/usr/sbin:/usr/bin:/sbin:/bin:/usr/games:/usr/local/games:/snap/bin:/home/ngt/.vscode-server/extensions/ms-python.debugpy-2026.6.0-linux-arm64/bundled/scripts/noConfigScripts:/home/ngt/.local/bin:/home/ngt/ardupilot/Tools/autotest', 'XDG_RUNTIME_DIR': '/run/user/1004', 'GZ_PARTITION': 'my_sim', 'LANG': 'en_US.UTF-8', 'VSCODE_DEBUGPY_ADAPTER_ENDPOINTS': '/home/ngt/.vscode-server/extensions/ms-python.debugpy-2026.6.0-linux-arm64/.noConfigDebugAdapterEndpoints/endpoint-fe03004f45a03570.txt', 'PYTHONSTARTUP': '/home/ngt/.vscode-server/data/User/workspaceStorage/e30aafa2edaaf296b4a11477f6a9b588/ms-python.python/pythonrc.py', 'VSCODE_INJECTION': '1', 'VIRTUAL_ENV_PROMPT': 'ardusub', 'TERM_PROGRAM': 'vscode', 'VSCODE_GIT_IPC_HANDLE': '/run/user/1004/vscode-git-191b257475.sock', 'LS_COLORS': 'rs=0:di=01;34:ln=01;36:mh=00:pi=40;33:so=01;35:do=01;35:bd=40;33;01:cd=40;33;01:or=40;31;01:mi=00:su=37;41:sg=30;43:ca=00:tw=30;42:ow=34;42:st=37;44:ex=01;32:*.tar=01;31:*.tgz=01;31:*.arc=01;31:*.arj=01;31:*.taz=01;31:*.lha=01;31:*.lz4=01;31:*.lzh=01;31:*.lzma=01;31:*.tlz=01;31:*.txz=01;31:*.tzo=01;31:*.t7z=01;31:*.zip=01;31:*.z=01;31:*.dz=01;31:*.gz=01;31:*.lrz=01;31:*.lz=01;31:*.lzo=01;31:*.xz=01;31:*.zst=01;31:*.tzst=01;31:*.bz2=01;31:*.bz=01;31:*.tbz=01;31:*.tbz2=01;31:*.tz=01;31:*.deb=01;31:*.rpm=01;31:*.jar=01;31:*.war=01;31:*.ear=01;31:*.sar=01;31:*.rar=01;31:*.alz=01;31:*.ace=01;31:*.zoo=01;31:*.cpio=01;31:*.7z=01;31:*.rz=01;31:*.cab=01;31:*.wim=01;31:*.swm=01;31:*.dwm=01;31:*.esd=01;31:*.avif=01;35:*.jpg=01;35:*.jpeg=01;35:*.mjpg=01;35:*.mjpeg=01;35:*.gif=01;35:*.bmp=01;35:*.pbm=01;35:*.pgm=01;35:*.ppm=01;35:*.tga=01;35:*.xbm=01;35:*.xpm=01;35:*.tif=01;35:*.tiff=01;35:*.png=01;35:*.svg=01;35:*.svgz=01;35:*.mng=01;35:*.pcx=01;35:*.mov=01;35:*.mpg=01;35:*.mpeg=01;35:*.m2v=01;35:*.mkv=01;35:*.webm=01;35:*.webp=01;35:*.ogm=01;35:*.mp4=01;35:*.m4v=01;35:*.mp4v=01;35:*.vob=01;35:*.qt=01;35:*.nuv=01;35:*.wmv=01;35:*.asf=01;35:*.rm=01;35:*.rmvb=01;35:*.flc=01;35:*.avi=01;35:*.fli=01;35:*.flv=01;35:*.gl=01;35:*.dl=01;35:*.xcf=01;35:*.xwd=01;35:*.yuv=01;35:*.cgm=01;35:*.emf=01;35:*.ogv=01;35:*.ogx=01;35:*.aac=00;36:*.au=00;36:*.flac=00;36:*.m4a=00;36:*.mid=00;36:*.midi=00;36:*.mka=00;36:*.mp3=00;36:*.mpc=00;36:*.ogg=00;36:*.ra=00;36:*.wav=00;36:*.oga=00;36:*.opus=00;36:*.spx=00;36:*.xspf=00;36:*~=00;90:*#=00;90:*.bak=00;90:*.crdownload=00;90:*.dpkg-dist=00;90:*.dpkg-new=00;90:*.dpkg-old=00;90:*.dpkg-tmp=00;90:*.old=00;90:*.orig=00;90:*.part=00;90:*.rej=00;90:*.rpmnew=00;90:*.rpmorig=00;90:*.rpmsave=00;90:*.swp=00;90:*.tmp=00;90:*.ucf-dist=00;90:*.ucf-new=00;90:*.ucf-old=00;90:', 'AMENT_PREFIX_PATH': '/home/ngt/ZENS-Final-AUVC/install/msgs:/home/ngt/ZENS-Final-AUVC/install/gazebo_bluerov2:/home/ngt/ZENS-Final-AUVC/install/flashing:/home/ngt/ZENS-Final-AUVC/install/cv:/home/ngt/ZENS-Final-AUVC/install/control:/home/ngt/ZENS-Final-AUVC/install/bringup:/home/ngt/auvc_ws/install/tutorial_virtualenvs:/home/ngt/auvc_ws/install/tutorial_pid:/home/ngt/auvc_ws/install/tutorial_ardusub:/home/ngt/auvc_ws/install/tutorial:/home/ngt/auvc_ws/install/rosmav:/home/ngt/auvc_ws/install/example_custom_srv:/home/ngt/cv_ws/install/cv:/home/ngt/pid_ws/install/target_depth_msgs:/home/ngt/pid_ws/install/pid:/home/ngt/auv_dancing/install/tutorial:/opt/ros/jazzy', 'SHELL': '/usr/bin/zsh', 'VIRTUALENVWRAPPER_PROJECT_FILENAME': '.project', 'VIRTUALENVWRAPPER_HOOK_DIR': '/home/ngt/.virtualenvs', 'VSCODE_GIT_ASKPASS_EXTRA_ARGS': '', 'VIRTUALENVWRAPPER_SCRIPT': '/usr/share/virtualenvwrapper/virtualenvwrapper.sh', 'ROS_AUTOMATIC_DISCOVERY_RANGE': 'SUBNET', 'VIRTUAL_ENV': '/home/ngt/.virtualenvs/ardusub', 'LC_ALL': 'en_US.UTF-8', 'PWD': '/home/ngt/ZENS-Final-AUVC/build/bringup', 'SSH_CONNECTION': '192.168.3.1 64256 192.168.3.2 22', 'COPILOT_DEBUG_NONCE': 'd6eed4c06bd82aa6cee185ab30fdc4f4', 'ZDOTDIR': '/home/ngt', 'PYTHONPATH': '/home/ngt/ZENS-Final-AUVC/build/bringup/prefix_override:/home/ngt/.virtualenvs/ardusub/lib/python3.12/site-packages/colcon_core/task/python/colcon_distutils_commands:/home/ngt/ZENS-Final-AUVC/install/bringup/lib/python3.12/site-packages:/home/ngt/ZENS-Final-AUVC/install/msgs/lib/python3.12/site-packages:/home/ngt/ZENS-Final-AUVC/install/hardware/lib/python3.12/site-packages:/home/ngt/ZENS-Final-AUVC/install/flashing/lib/python3.12/site-packages:/home/ngt/ZENS-Final-AUVC/install/cv/lib/python3.12/site-packages:/home/ngt/ZENS-Final-AUVC/install/control/lib/python3.12/site-packages:/home/ngt/ZENS-Final-AUVC/install/bringup/lib/python3.12/site-packages:/home/ngt/auvc_ws/install/tutorial_virtualenvs/lib/python3.12/site-packages:/home/ngt/auvc_ws/install/tutorial_pid/lib/python3.12/site-packages:/home/ngt/auvc_ws/install/tutorial_ardusub/lib/python3.12/site-packages:/home/ngt/auvc_ws/install/tutorial/lib/python3.12/site-packages:/home/ngt/auvc_ws/install/rosmav/lib/python3.12/site-packages:/home/ngt/auvc_ws/install/example_custom_srv/lib/python3.12/site-packages:/home/ngt/cv_ws/install/cv/lib/python3.12/site-packages:/home/ngt/pid_ws/install/target_depth_msgs/lib/python3.12/site-packages:/home/ngt/pid_ws/install/pid/lib/python3.12/site-packages:/home/ngt/auv_dancing/install/tutorial/lib/python3.12/site-packages:/opt/ros/jazzy/lib/python3.12/site-packages', 'COLCON': '1', 'CMAKE_PREFIX_PATH': '/home/ngt/ZENS-Final-AUVC/install/msgs:/home/ngt/ZENS-Final-AUVC/install/gazebo_bluerov2:/home/ngt/auvc_ws/install/example_custom_srv:/home/ngt/pid_ws/install/target_depth_msgs:/opt/ros/jazzy/opt/gz_sim_vendor:/opt/ros/jazzy/opt/gz_sensors_vendor:/opt/ros/jazzy/opt/gz_physics_vendor:/opt/ros/jazzy/opt/sdformat_vendor:/opt/ros/jazzy/opt/gz_gui_vendor:/opt/ros/jazzy/opt/gz_transport_vendor:/opt/ros/jazzy/opt/gz_rendering_vendor:/opt/ros/jazzy/opt/gz_plugin_vendor:/opt/ros/jazzy/opt/gz_fuel_tools_vendor:/opt/ros/jazzy/opt/gz_msgs_vendor:/opt/ros/jazzy/opt/gz_common_vendor:/opt/ros/jazzy/opt/gz_math_vendor:/opt/ros/jazzy/opt/gz_utils_vendor:/opt/ros/jazzy/opt/gz_tools_vendor:/opt/ros/jazzy/opt/gz_ogre_next_vendor:/opt/ros/jazzy/opt/gz_dartsim_vendor:/opt/ros/jazzy/opt/gz_cmake_vendor'}, 'shell': False}
[29.686757] (-) TimerEvent: {}
[29.792731] (-) TimerEvent: {}
[29.893845] (-) TimerEvent: {}
[29.996735] (-) TimerEvent: {}
[30.003734] (<colcon_parallel_executor.executor.parallel.ParallelExecutorExtension object at 0xffffb837b680>) ParallelStatus: {'processing': ('bringup', 'control', 'cv', 'flashing')}
[30.077759] (flashing) Command: {'cmd': ['/home/ngt/.virtualenvs/ardusub/bin/python', '-W', 'ignore:setup.py install is deprecated', '-W', 'ignore:easy_install command is deprecated', 'setup.py', 'egg_info', '--egg-base', '../../../build/flashing', 'build', '--build-base', '/home/ngt/ZENS-Final-AUVC/build/flashing/build', 'install', '--record', '/home/ngt/ZENS-Final-AUVC/build/flashing/install.log', '--install-scripts', '$base/lib/flashing', '--single-version-externally-managed', 'install_data'], 'cwd': '/home/ngt/ZENS-Final-AUVC/ros_ws/src/flashing', 'env': {'PYTHON_BASIC_REPL': '1', 'VIRTUALENVWRAPPER_WORKON_CD': '1', 'USER': 'ngt', 'SSH_CLIENT': '192.168.3.1 64256 22', 'WORKON_HOME': '/home/ngt/.virtualenvs', 'GZ_SIM_RESOURCE_PATH': '/opt/ros/jazzy/share', 'GZ_CONFIG_PATH': '/opt/ros/jazzy/opt/gz_sim_vendor/share/gz:/opt/ros/jazzy/opt/sdformat_vendor/share/gz:/opt/ros/jazzy/opt/gz_gui_vendor/share/gz:/opt/ros/jazzy/opt/gz_transport_vendor/share/gz:/opt/ros/jazzy/opt/gz_rendering_vendor/share/gz:/opt/ros/jazzy/opt/gz_plugin_vendor/share/gz:/opt/ros/jazzy/opt/gz_fuel_tools_vendor/share/gz:/opt/ros/jazzy/opt/gz_msgs_vendor/share/gz:/opt/ros/jazzy/opt/gz_common_vendor/share/gz', 'XDG_SESSION_TYPE': 'tty', 'GIT_ASKPASS': '/home/ngt/.vscode-server/cli/servers/Stable-1b6a188127eeaf9194f945eb6eb89a657e93c54c/server/extensions/git/dist/askpass.sh', 'SHLVL': '1', 'BROWSER': '/home/ngt/.vscode-server/cli/servers/Stable-1b6a188127eeaf9194f945eb6eb89a657e93c54c/server/bin/helpers/browser.sh', 'LD_LIBRARY_PATH': '/home/ngt/ZENS-Final-AUVC/install/msgs/lib:/home/ngt/ZENS-Final-AUVC/install/gazebo_bluerov2/lib:/home/ngt/auvc_ws/install/example_custom_srv/lib:/home/ngt/pid_ws/install/target_depth_msgs/lib:/opt/ros/jazzy/opt/gz_sim_vendor/lib:/opt/ros/jazzy/opt/gz_sensors_vendor/lib:/opt/ros/jazzy/opt/gz_physics_vendor/lib:/opt/ros/jazzy/opt/sdformat_vendor/lib:/opt/ros/jazzy/opt/rviz_ogre_vendor/lib:/opt/ros/jazzy/lib/aarch64-linux-gnu:/opt/ros/jazzy/opt/gz_gui_vendor/lib:/opt/ros/jazzy/opt/gz_transport_vendor/lib:/opt/ros/jazzy/opt/gz_rendering_vendor/lib:/opt/ros/jazzy/opt/gz_plugin_vendor/lib:/opt/ros/jazzy/opt/gz_fuel_tools_vendor/lib:/opt/ros/jazzy/opt/gz_msgs_vendor/lib:/opt/ros/jazzy/opt/gz_common_vendor/lib:/opt/ros/jazzy/opt/gz_math_vendor/lib:/opt/ros/jazzy/opt/gz_utils_vendor/lib:/opt/ros/jazzy/opt/gz_tools_vendor/lib:/opt/ros/jazzy/opt/gz_ogre_next_vendor/lib:/opt/ros/jazzy/opt/gz_dartsim_vendor/lib:/opt/ros/jazzy/opt/gz_cmake_vendor/lib:/opt/ros/jazzy/lib', 'GZ_TRANSPORT_ID': '192.168.3.1', 'HOME': '/home/ngt', 'OLDPWD': '/home/ngt', 'LESS': '-R', 'VIRTUALENVWRAPPER_PYTHON': '/usr/bin/python3', 'TERM_PROGRAM_VERSION': '1.130.0', 'VSCODE_IPC_HOOK_CLI': '/run/user/1004/vscode-ipc-85f34aaf-8c14-4b5e-9609-f108a0457dd3.sock', 'ZSH': '/home/ngt/.oh-my-zsh', 'LSCOLORS': 'Gxfxcxdxbxegedabagacad', 'GZ_TRANSPORT_PUB_PORT': '11345', 'VSCODE_GIT_ASKPASS_MAIN': '/home/ngt/.vscode-server/cli/servers/Stable-1b6a188127eeaf9194f945eb6eb89a657e93c54c/server/extensions/git/dist/askpass-main.js', 'PAGER': 'less', 'ROS_PYTHON_VERSION': '3', 'PS1': '(ardusub) %(?:%{\x1b[01;32m%}%1{➜%} :%{\x1b[01;31m%}%1{➜%} ) %{\x1b[36m%}%c%{\x1b[00m%} $(git_prompt_info)', 'VSCODE_GIT_ASKPASS_NODE': '/home/ngt/.vscode-server/cli/servers/Stable-1b6a188127eeaf9194f945eb6eb89a657e93c54c/server/node', 'DBUS_SESSION_BUS_ADDRESS': 'unix:path=/run/user/1004/bus', 'PYDEVD_DISABLE_FILE_VALIDATION': '1', 'BUNDLED_DEBUGPY_PATH': '/home/ngt/.vscode-server/extensions/ms-python.debugpy-2026.6.0-linux-arm64/bundled/libs/debugpy', 'GZ_TRANSPORT_SUB_PORT': '11346', 'VSCODE_PYTHON_AUTOACTIVATE_GUARD': '1', 'COLORTERM': 'truecolor', 'ROS_DISTRO': 'jazzy', 'COLCON_PREFIX_PATH': '/home/ngt/ZENS-Final-AUVC/install:/home/ngt/cv_ws/install:/home/ngt/pid_ws/install:/home/ngt/auvc_ws/install:/home/ngt/auv_dancing/install', 'LOGNAME': 'ngt', '_': '/home/ngt/.virtualenvs/ardusub/bin/colcon', 'XDG_SESSION_CLASS': 'user', 'USER_ZDOTDIR': '/home/ngt', 'ROS_VERSION': '2', 'XDG_SESSION_ID': '1', 'TERM': 'xterm-256color', 'PATH': '/home/ngt/ZENS-Final-AUVC/install/hardware/bin:/home/ngt/ZENS-Final-AUVC/install/flashing/bin:/home/ngt/ZENS-Final-AUVC/install/cv/bin:/home/ngt/ZENS-Final-AUVC/install/control/bin:/home/ngt/.virtualenvs/ardusub/bin:/home/ngt/.opencode/bin:/opt/ros/jazzy/opt/gz_msgs_vendor/bin:/opt/ros/jazzy/opt/gz_tools_vendor/bin:/opt/ros/jazzy/opt/gz_ogre_next_vendor/bin:/opt/ros/jazzy/bin:/usr/lib/ccache:/home/ngt/.vscode-server/data/User/globalStorage/github.copilot-chat/debugCommand:/home/ngt/.vscode-server/data/User/globalStorage/github.copilot-chat/copilotCli:/home/ngt/.vscode-server/cli/servers/Stable-1b6a188127eeaf9194f945eb6eb89a657e93c54c/server/bin/remote-cli:/usr/local/sbin:/usr/local/bin:/usr/sbin:/usr/bin:/sbin:/bin:/usr/games:/usr/local/games:/snap/bin:/home/ngt/.vscode-server/extensions/ms-python.debugpy-2026.6.0-linux-arm64/bundled/scripts/noConfigScripts:/home/ngt/.local/bin:/home/ngt/ardupilot/Tools/autotest', 'XDG_RUNTIME_DIR': '/run/user/1004', 'GZ_PARTITION': 'my_sim', 'LANG': 'en_US.UTF-8', 'VSCODE_DEBUGPY_ADAPTER_ENDPOINTS': '/home/ngt/.vscode-server/extensions/ms-python.debugpy-2026.6.0-linux-arm64/.noConfigDebugAdapterEndpoints/endpoint-fe03004f45a03570.txt', 'PYTHONSTARTUP': '/home/ngt/.vscode-server/data/User/workspaceStorage/e30aafa2edaaf296b4a11477f6a9b588/ms-python.python/pythonrc.py', 'VSCODE_INJECTION': '1', 'VIRTUAL_ENV_PROMPT': 'ardusub', 'TERM_PROGRAM': 'vscode', 'VSCODE_GIT_IPC_HANDLE': '/run/user/1004/vscode-git-191b257475.sock', 'LS_COLORS': 'rs=0:di=01;34:ln=01;36:mh=00:pi=40;33:so=01;35:do=01;35:bd=40;33;01:cd=40;33;01:or=40;31;01:mi=00:su=37;41:sg=30;43:ca=00:tw=30;42:ow=34;42:st=37;44:ex=01;32:*.tar=01;31:*.tgz=01;31:*.arc=01;31:*.arj=01;31:*.taz=01;31:*.lha=01;31:*.lz4=01;31:*.lzh=01;31:*.lzma=01;31:*.tlz=01;31:*.txz=01;31:*.tzo=01;31:*.t7z=01;31:*.zip=01;31:*.z=01;31:*.dz=01;31:*.gz=01;31:*.lrz=01;31:*.lz=01;31:*.lzo=01;31:*.xz=01;31:*.zst=01;31:*.tzst=01;31:*.bz2=01;31:*.bz=01;31:*.tbz=01;31:*.tbz2=01;31:*.tz=01;31:*.deb=01;31:*.rpm=01;31:*.jar=01;31:*.war=01;31:*.ear=01;31:*.sar=01;31:*.rar=01;31:*.alz=01;31:*.ace=01;31:*.zoo=01;31:*.cpio=01;31:*.7z=01;31:*.rz=01;31:*.cab=01;31:*.wim=01;31:*.swm=01;31:*.dwm=01;31:*.esd=01;31:*.avif=01;35:*.jpg=01;35:*.jpeg=01;35:*.mjpg=01;35:*.mjpeg=01;35:*.gif=01;35:*.bmp=01;35:*.pbm=01;35:*.pgm=01;35:*.ppm=01;35:*.tga=01;35:*.xbm=01;35:*.xpm=01;35:*.tif=01;35:*.tiff=01;35:*.png=01;35:*.svg=01;35:*.svgz=01;35:*.mng=01;35:*.pcx=01;35:*.mov=01;35:*.mpg=01;35:*.mpeg=01;35:*.m2v=01;35:*.mkv=01;35:*.webm=01;35:*.webp=01;35:*.ogm=01;35:*.mp4=01;35:*.m4v=01;35:*.mp4v=01;35:*.vob=01;35:*.qt=01;35:*.nuv=01;35:*.wmv=01;35:*.asf=01;35:*.rm=01;35:*.rmvb=01;35:*.flc=01;35:*.avi=01;35:*.fli=01;35:*.flv=01;35:*.gl=01;35:*.dl=01;35:*.xcf=01;35:*.xwd=01;35:*.yuv=01;35:*.cgm=01;35:*.emf=01;35:*.ogv=01;35:*.ogx=01;35:*.aac=00;36:*.au=00;36:*.flac=00;36:*.m4a=00;36:*.mid=00;36:*.midi=00;36:*.mka=00;36:*.mp3=00;36:*.mpc=00;36:*.ogg=00;36:*.ra=00;36:*.wav=00;36:*.oga=00;36:*.opus=00;36:*.spx=00;36:*.xspf=00;36:*~=00;90:*#=00;90:*.bak=00;90:*.crdownload=00;90:*.dpkg-dist=00;90:*.dpkg-new=00;90:*.dpkg-old=00;90:*.dpkg-tmp=00;90:*.old=00;90:*.orig=00;90:*.part=00;90:*.rej=00;90:*.rpmnew=00;90:*.rpmorig=00;90:*.rpmsave=00;90:*.swp=00;90:*.tmp=00;90:*.ucf-dist=00;90:*.ucf-new=00;90:*.ucf-old=00;90:', 'AMENT_PREFIX_PATH': '/home/ngt/ZENS-Final-AUVC/install/msgs:/home/ngt/ZENS-Final-AUVC/install/gazebo_bluerov2:/home/ngt/ZENS-Final-AUVC/install/flashing:/home/ngt/ZENS-Final-AUVC/install/cv:/home/ngt/ZENS-Final-AUVC/install/control:/home/ngt/ZENS-Final-AUVC/install/bringup:/home/ngt/auvc_ws/install/tutorial_virtualenvs:/home/ngt/auvc_ws/install/tutorial_pid:/home/ngt/auvc_ws/install/tutorial_ardusub:/home/ngt/auvc_ws/install/tutorial:/home/ngt/auvc_ws/install/rosmav:/home/ngt/auvc_ws/install/example_custom_srv:/home/ngt/cv_ws/install/cv:/home/ngt/pid_ws/install/target_depth_msgs:/home/ngt/pid_ws/install/pid:/home/ngt/auv_dancing/install/tutorial:/opt/ros/jazzy', 'SHELL': '/usr/bin/zsh', 'VIRTUALENVWRAPPER_PROJECT_FILENAME': '.project', 'VIRTUALENVWRAPPER_HOOK_DIR': '/home/ngt/.virtualenvs', 'VSCODE_GIT_ASKPASS_EXTRA_ARGS': '', 'VIRTUALENVWRAPPER_SCRIPT': '/usr/share/virtualenvwrapper/virtualenvwrapper.sh', 'ROS_AUTOMATIC_DISCOVERY_RANGE': 'SUBNET', 'VIRTUAL_ENV': '/home/ngt/.virtualenvs/ardusub', 'LC_ALL': 'en_US.UTF-8', 'PWD': '/home/ngt/ZENS-Final-AUVC/build/flashing', 'SSH_CONNECTION': '192.168.3.1 64256 192.168.3.2 22', 'COPILOT_DEBUG_NONCE': 'd6eed4c06bd82aa6cee185ab30fdc4f4', 'ZDOTDIR': '/home/ngt', 'PYTHONPATH': '/home/ngt/ZENS-Final-AUVC/build/flashing/prefix_override:/home/ngt/.virtualenvs/ardusub/lib/python3.12/site-packages/colcon_core/task/python/colcon_distutils_commands:/home/ngt/ZENS-Final-AUVC/install/flashing/lib/python3.12/site-packages:/home/ngt/ZENS-Final-AUVC/install/msgs/lib/python3.12/site-packages:/home/ngt/ZENS-Final-AUVC/install/hardware/lib/python3.12/site-packages:/home/ngt/ZENS-Final-AUVC/install/flashing/lib/python3.12/site-packages:/home/ngt/ZENS-Final-AUVC/install/cv/lib/python3.12/site-packages:/home/ngt/ZENS-Final-AUVC/install/control/lib/python3.12/site-packages:/home/ngt/ZENS-Final-AUVC/install/bringup/lib/python3.12/site-packages:/home/ngt/auvc_ws/install/tutorial_virtualenvs/lib/python3.12/site-packages:/home/ngt/auvc_ws/install/tutorial_pid/lib/python3.12/site-packages:/home/ngt/auvc_ws/install/tutorial_ardusub/lib/python3.12/site-packages:/home/ngt/auvc_ws/install/tutorial/lib/python3.12/site-packages:/home/ngt/auvc_ws/install/rosmav/lib/python3.12/site-packages:/home/ngt/auvc_ws/install/example_custom_srv/lib/python3.12/site-packages:/home/ngt/cv_ws/install/cv/lib/python3.12/site-packages:/home/ngt/pid_ws/install/target_depth_msgs/lib/python3.12/site-packages:/home/ngt/pid_ws/install/pid/lib/python3.12/site-packages:/home/ngt/auv_dancing/install/tutorial/lib/python3.12/site-packages:/opt/ros/jazzy/lib/python3.12/site-packages', 'COLCON': '1', 'CMAKE_PREFIX_PATH': '/home/ngt/ZENS-Final-AUVC/install/msgs:/home/ngt/ZENS-Final-AUVC/install/gazebo_bluerov2:/home/ngt/auvc_ws/install/example_custom_srv:/home/ngt/pid_ws/install/target_depth_msgs:/opt/ros/jazzy/opt/gz_sim_vendor:/opt/ros/jazzy/opt/gz_sensors_vendor:/opt/ros/jazzy/opt/gz_physics_vendor:/opt/ros/jazzy/opt/sdformat_vendor:/opt/ros/jazzy/opt/gz_gui_vendor:/opt/ros/jazzy/opt/gz_transport_vendor:/opt/ros/jazzy/opt/gz_rendering_vendor:/opt/ros/jazzy/opt/gz_plugin_vendor:/opt/ros/jazzy/opt/gz_fuel_tools_vendor:/opt/ros/jazzy/opt/gz_msgs_vendor:/opt/ros/jazzy/opt/gz_common_vendor:/opt/ros/jazzy/opt/gz_math_vendor:/opt/ros/jazzy/opt/gz_utils_vendor:/opt/ros/jazzy/opt/gz_tools_vendor:/opt/ros/jazzy/opt/gz_ogre_next_vendor:/opt/ros/jazzy/opt/gz_dartsim_vendor:/opt/ros/jazzy/opt/gz_cmake_vendor'}, 'shell': False}
[30.101103] (-) TimerEvent: {}
[30.203761] (-) TimerEvent: {}
[30.305835] (-) TimerEvent: {}
[30.408372] (-) TimerEvent: {}
[30.518768] (-) TimerEvent: {}
[30.619736] (-) TimerEvent: {}
[30.725704] (-) TimerEvent: {}
[30.826718] (-) TimerEvent: {}
[30.928281] (-) TimerEvent: {}
[31.033268] (-) TimerEvent: {}
[31.142349] (-) TimerEvent: {}
[31.243389] (-) TimerEvent: {}
[31.347341] (-) TimerEvent: {}
[31.452629] (-) TimerEvent: {}
[31.557640] (-) TimerEvent: {}
[31.661656] (-) TimerEvent: {}
[31.768036] (-) TimerEvent: {}
[31.868984] (-) TimerEvent: {}
[31.972974] (-) TimerEvent: {}
[32.077277] (-) TimerEvent: {}
[32.180619] (-) TimerEvent: {}
[32.287624] (-) TimerEvent: {}
[32.390514] (-) TimerEvent: {}
[32.493790] (-) TimerEvent: {}
[32.601824] (-) TimerEvent: {}
[32.708740] (-) TimerEvent: {}
[32.813375] (-) TimerEvent: {}
[32.836872] (control) StdoutLine: {'line': b'running egg_info\n'}
[32.915713] (-) TimerEvent: {}
[33.018736] (-) TimerEvent: {}
[33.120675] (-) TimerEvent: {}
[33.224027] (-) TimerEvent: {}
[33.331712] (-) TimerEvent: {}
[33.363898] (control) StdoutLine: {'line': b'writing ../../../build/control/control.egg-info/PKG-INFO\n'}
[33.370828] (control) StdoutLine: {'line': b'writing dependency_links to ../../../build/control/control.egg-info/dependency_links.txt\n'}
[33.384715] (control) StdoutLine: {'line': b'writing entry points to ../../../build/control/control.egg-info/entry_points.txt\n'}
[33.385547] (control) StdoutLine: {'line': b'writing requirements to ../../../build/control/control.egg-info/requires.txt\n'}
[33.389545] (control) StdoutLine: {'line': b'writing top-level names to ../../../build/control/control.egg-info/top_level.txt\n'}
[33.431888] (-) TimerEvent: {}
[33.534241] (bringup) StderrLine: {'line': b"/home/ngt/.virtualenvs/ardusub/lib/python3.12/site-packages/setuptools/_distutils/dist.py:288: UserWarning: Unknown distribution option: 'tests_require'\n"}
[33.535143] (-) TimerEvent: {}
[33.539247] (bringup) StderrLine: {'line': b'  warnings.warn(msg)\n'}
[33.642076] (-) TimerEvent: {}
[33.745516] (-) TimerEvent: {}
[33.847984] (-) TimerEvent: {}
[33.950701] (-) TimerEvent: {}
[34.051741] (-) TimerEvent: {}
[34.161702] (-) TimerEvent: {}
[34.262460] (-) TimerEvent: {}
[34.289440] (control) StdoutLine: {'line': b"reading manifest file '../../../build/control/control.egg-info/SOURCES.txt'\n"}
[34.321162] (control) StdoutLine: {'line': b"writing manifest file '../../../build/control/control.egg-info/SOURCES.txt'\n"}
[34.325893] (control) StdoutLine: {'line': b'running build\n'}
[34.331156] (control) StdoutLine: {'line': b'running build_py\n'}
[34.331890] (control) StdoutLine: {'line': b'copying control/self_arm.py -> /home/ngt/ZENS-Final-AUVC/build/control/build/lib/control\n'}
[34.338441] (control) StdoutLine: {'line': b'copying control/heading_pid.py -> /home/ngt/ZENS-Final-AUVC/build/control/build/lib/control\n'}
[34.339168] (control) StdoutLine: {'line': b'copying control/self_disarm.py -> /home/ngt/ZENS-Final-AUVC/build/control/build/lib/control\n'}
[34.352685] (control) StdoutLine: {'line': b'copying control/depth_pid.py -> /home/ngt/ZENS-Final-AUVC/build/control/build/lib/control\n'}
[34.353371] (control) StdoutLine: {'line': b'copying control/__init__.py -> /home/ngt/ZENS-Final-AUVC/build/control/build/lib/control\n'}
[34.356765] (control) StdoutLine: {'line': b'running install\n'}
[34.366697] (-) TimerEvent: {}
[34.467600] (-) TimerEvent: {}
[34.479964] (control) StdoutLine: {'line': b'running install_lib\n'}
[34.570702] (-) TimerEvent: {}
[34.674823] (-) TimerEvent: {}
[34.770112] (cv) StdoutLine: {'line': b'running egg_info\n'}
[34.775491] (-) TimerEvent: {}
[34.846446] (control) StdoutLine: {'line': b'running install_data\n'}
[34.852631] (control) StdoutLine: {'line': b'copying resource/control -> /home/ngt/ZENS-Final-AUVC/install/control/share/ament_index/resource_index/packages\n'}
[34.858695] (control) StdoutLine: {'line': b'copying package.xml -> /home/ngt/ZENS-Final-AUVC/install/control/share/control\n'}
[34.867239] (control) StdoutLine: {'line': b'running install_egg_info\n'}
[34.875695] (-) TimerEvent: {}
[34.982735] (-) TimerEvent: {}
[35.085701] (-) TimerEvent: {}
[35.187272] (-) TimerEvent: {}
[35.255082] (control) StdoutLine: {'line': b"removing '/home/ngt/ZENS-Final-AUVC/install/control/lib/python3.12/site-packages/control-0.0.0-py3.12.egg-info' (and everything under it)\n"}
[35.259484] (cv) StdoutLine: {'line': b'writing ../../../build/cv/cv.egg-info/PKG-INFO\n'}
[35.271410] (cv) StdoutLine: {'line': b'writing dependency_links to ../../../build/cv/cv.egg-info/dependency_links.txt\n'}
[35.277076] (control) StdoutLine: {'line': b'Copying ../../../build/control/control.egg-info to /home/ngt/ZENS-Final-AUVC/install/control/lib/python3.12/site-packages/control-0.0.0-py3.12.egg-info\n'}
[35.285494] (cv) StdoutLine: {'line': b'writing entry points to ../../../build/cv/cv.egg-info/entry_points.txt\n'}
[35.286240] (cv) StdoutLine: {'line': b'writing requirements to ../../../build/cv/cv.egg-info/requires.txt\n'}
[35.288428] (-) TimerEvent: {}
[35.288935] (cv) StdoutLine: {'line': b'writing top-level names to ../../../build/cv/cv.egg-info/top_level.txt\n'}
[35.307148] (control) StdoutLine: {'line': b'running install_scripts\n'}
[35.391904] (-) TimerEvent: {}
[35.494741] (-) TimerEvent: {}
[35.533792] (flashing) StdoutLine: {'line': b'running egg_info\n'}
[35.596274] (-) TimerEvent: {}
[35.701950] (-) TimerEvent: {}
[35.803778] (-) TimerEvent: {}
[35.851227] (flashing) StdoutLine: {'line': b'writing ../../../build/flashing/flashing.egg-info/PKG-INFO\n'}
[35.862282] (flashing) StdoutLine: {'line': b'writing dependency_links to ../../../build/flashing/flashing.egg-info/dependency_links.txt\n'}
[35.867856] (flashing) StdoutLine: {'line': b'writing entry points to ../../../build/flashing/flashing.egg-info/entry_points.txt\n'}
[35.873103] (flashing) StdoutLine: {'line': b'writing requirements to ../../../build/flashing/flashing.egg-info/requires.txt\n'}
[35.877283] (flashing) StdoutLine: {'line': b'writing top-level names to ../../../build/flashing/flashing.egg-info/top_level.txt\n'}
[35.882749] (cv) StdoutLine: {'line': b"reading manifest file '../../../build/cv/cv.egg-info/SOURCES.txt'\n"}
[35.899032] (bringup) StdoutLine: {'line': b'running egg_info\n'}
[35.904921] (-) TimerEvent: {}
[35.917176] (cv) StdoutLine: {'line': b"writing manifest file '../../../build/cv/cv.egg-info/SOURCES.txt'\n"}
[35.923543] (cv) StdoutLine: {'line': b'running build\n'}
[35.931388] (cv) StdoutLine: {'line': b'running build_py\n'}
[35.934467] (cv) StdoutLine: {'line': b'copying cv/detector.py -> /home/ngt/ZENS-Final-AUVC/build/cv/build/lib/cv\n'}
[35.943863] (cv) StdoutLine: {'line': b'copying cv/visualizer.py -> /home/ngt/ZENS-Final-AUVC/build/cv/build/lib/cv\n'}
[35.944671] (control) StdoutLine: {'line': b'Installing depth_pid script to /home/ngt/ZENS-Final-AUVC/install/control/lib/control\n'}
[35.957520] (control) StdoutLine: {'line': b'Installing heading_pid script to /home/ngt/ZENS-Final-AUVC/install/control/lib/control\n'}
[35.966584] (control) StdoutLine: {'line': b'Installing self_arm script to /home/ngt/ZENS-Final-AUVC/install/control/lib/control\n'}
[35.976895] (control) StdoutLine: {'line': b'Installing self_disarm script to /home/ngt/ZENS-Final-AUVC/install/control/lib/control\n'}
[35.977669] (control) StdoutLine: {'line': b"writing list of installed files to '/home/ngt/ZENS-Final-AUVC/build/control/install.log'\n"}
[35.987599] (cv) StdoutLine: {'line': b'copying cv/video_logger.py -> /home/ngt/ZENS-Final-AUVC/build/cv/build/lib/cv\n'}
[35.989033] (cv) StdoutLine: {'line': b'copying cv/__init__.py -> /home/ngt/ZENS-Final-AUVC/build/cv/build/lib/cv\n'}
[35.999387] (cv) StdoutLine: {'line': b'copying cv/camera.py -> /home/ngt/ZENS-Final-AUVC/build/cv/build/lib/cv\n'}
[36.006092] (-) TimerEvent: {}
[36.009757] (cv) StdoutLine: {'line': b'copying cv/nodes/tag_heading_node.py -> /home/ngt/ZENS-Final-AUVC/build/cv/build/lib/cv/nodes\n'}
[36.010971] (cv) StdoutLine: {'line': b'copying cv/nodes/image_saver_node.py -> /home/ngt/ZENS-Final-AUVC/build/cv/build/lib/cv/nodes\n'}
[36.017904] (cv) StdoutLine: {'line': b'copying cv/nodes/fake_camera_node.py -> /home/ngt/ZENS-Final-AUVC/build/cv/build/lib/cv/nodes\n'}
[36.029174] (cv) StdoutLine: {'line': b'copying cv/nodes/__init__.py -> /home/ngt/ZENS-Final-AUVC/build/cv/build/lib/cv/nodes\n'}
[36.032260] (cv) StdoutLine: {'line': b'copying cv/nodes/detector_node.py -> /home/ngt/ZENS-Final-AUVC/build/cv/build/lib/cv/nodes\n'}
[36.048267] (cv) StdoutLine: {'line': b'copying cv/scripts/detect_from_image.py -> /home/ngt/ZENS-Final-AUVC/build/cv/build/lib/cv/scripts\n'}
[36.051941] (cv) StdoutLine: {'line': b'copying cv/scripts/calibrate_camera.py -> /home/ngt/ZENS-Final-AUVC/build/cv/build/lib/cv/scripts\n'}
[36.058803] (cv) StdoutLine: {'line': b'copying cv/scripts/__init__.py -> /home/ngt/ZENS-Final-AUVC/build/cv/build/lib/cv/scripts\n'}
[36.075163] (cv) StdoutLine: {'line': b'running install\n'}
[36.110478] (-) TimerEvent: {}
[36.147978] (cv) StdoutLine: {'line': b'running install_lib\n'}
[36.213063] (-) TimerEvent: {}
[36.316786] (-) TimerEvent: {}
[36.365956] (bringup) StdoutLine: {'line': b'writing ../../../build/bringup/bringup.egg-info/PKG-INFO\n'}
[36.392833] (bringup) StdoutLine: {'line': b'writing dependency_links to ../../../build/bringup/bringup.egg-info/dependency_links.txt\n'}
[36.409401] (bringup) StdoutLine: {'line': b'writing requirements to ../../../build/bringup/bringup.egg-info/requires.txt\n'}
[36.410856] (bringup) StdoutLine: {'line': b'writing top-level names to ../../../build/bringup/bringup.egg-info/top_level.txt\n'}
[36.424527] (-) TimerEvent: {}
[36.486331] (control) CommandEnded: {'returncode': 0}
[36.532025] (-) TimerEvent: {}
[36.638740] (-) TimerEvent: {}
[36.640708] (cv) StdoutLine: {'line': b'running install_data\n'}
[36.653004] (cv) StdoutLine: {'line': b'copying resource/cv -> /home/ngt/ZENS-Final-AUVC/install/cv/share/ament_index/resource_index/packages\n'}
[36.654924] (cv) StdoutLine: {'line': b'copying package.xml -> /home/ngt/ZENS-Final-AUVC/install/cv/share/cv\n'}
[36.660300] (cv) StdoutLine: {'line': b'copying launch/test_detection.launch.py -> /home/ngt/ZENS-Final-AUVC/install/cv/share/cv/launch\n'}
[36.667648] (cv) StdoutLine: {'line': b'copying launch/detection.launch.py -> /home/ngt/ZENS-Final-AUVC/install/cv/share/cv/launch\n'}
[36.668508] (cv) StdoutLine: {'line': b'copying launch/tag_heading.launch.py -> /home/ngt/ZENS-Final-AUVC/install/cv/share/cv/launch\n'}
[36.692184] (cv) StdoutLine: {'line': b'copying config/camera_info.yaml -> /home/ngt/ZENS-Final-AUVC/install/cv/share/cv/config\n'}
[36.706183] (cv) StdoutLine: {'line': b'copying config/detector_params.yaml -> /home/ngt/ZENS-Final-AUVC/install/cv/share/cv/config\n'}
[36.708651] (cv) StdoutLine: {'line': b'running install_egg_info\n'}
[36.741890] (-) TimerEvent: {}
[36.754216] (control) JobEnded: {'identifier': 'control', 'rc': 0}
[36.760821] (gazebo_bluerov2) JobStarted: {'identifier': 'gazebo_bluerov2'}
[36.842071] (flashing) StdoutLine: {'line': b"reading manifest file '../../../build/flashing/flashing.egg-info/SOURCES.txt'\n"}
[36.843012] (-) TimerEvent: {}
[36.860213] (gazebo_bluerov2) JobProgress: {'identifier': 'gazebo_bluerov2', 'progress': 'cmake'}
[36.871392] (gazebo_bluerov2) JobProgress: {'identifier': 'gazebo_bluerov2', 'progress': 'build'}
[36.871975] (gazebo_bluerov2) Command: {'cmd': ['/usr/bin/cmake', '--build', '/home/ngt/ZENS-Final-AUVC/build/gazebo_bluerov2', '--', '-j4', '-l4'], 'cwd': '/home/ngt/ZENS-Final-AUVC/build/gazebo_bluerov2', 'env': OrderedDict({'PYTHON_BASIC_REPL': '1', 'VIRTUALENVWRAPPER_WORKON_CD': '1', 'USER': 'ngt', 'SSH_CLIENT': '192.168.3.1 64256 22', 'WORKON_HOME': '/home/ngt/.virtualenvs', 'GZ_SIM_RESOURCE_PATH': '/opt/ros/jazzy/share', 'GZ_CONFIG_PATH': '/opt/ros/jazzy/opt/gz_sim_vendor/share/gz:/opt/ros/jazzy/opt/sdformat_vendor/share/gz:/opt/ros/jazzy/opt/gz_gui_vendor/share/gz:/opt/ros/jazzy/opt/gz_transport_vendor/share/gz:/opt/ros/jazzy/opt/gz_rendering_vendor/share/gz:/opt/ros/jazzy/opt/gz_plugin_vendor/share/gz:/opt/ros/jazzy/opt/gz_fuel_tools_vendor/share/gz:/opt/ros/jazzy/opt/gz_msgs_vendor/share/gz:/opt/ros/jazzy/opt/gz_common_vendor/share/gz', 'XDG_SESSION_TYPE': 'tty', 'GIT_ASKPASS': '/home/ngt/.vscode-server/cli/servers/Stable-1b6a188127eeaf9194f945eb6eb89a657e93c54c/server/extensions/git/dist/askpass.sh', 'SHLVL': '1', 'BROWSER': '/home/ngt/.vscode-server/cli/servers/Stable-1b6a188127eeaf9194f945eb6eb89a657e93c54c/server/bin/helpers/browser.sh', 'LD_LIBRARY_PATH': '/home/ngt/ZENS-Final-AUVC/install/msgs/lib:/home/ngt/ZENS-Final-AUVC/install/gazebo_bluerov2/lib:/home/ngt/auvc_ws/install/example_custom_srv/lib:/home/ngt/pid_ws/install/target_depth_msgs/lib:/opt/ros/jazzy/opt/gz_sim_vendor/lib:/opt/ros/jazzy/opt/gz_sensors_vendor/lib:/opt/ros/jazzy/opt/gz_physics_vendor/lib:/opt/ros/jazzy/opt/sdformat_vendor/lib:/opt/ros/jazzy/opt/rviz_ogre_vendor/lib:/opt/ros/jazzy/lib/aarch64-linux-gnu:/opt/ros/jazzy/opt/gz_gui_vendor/lib:/opt/ros/jazzy/opt/gz_transport_vendor/lib:/opt/ros/jazzy/opt/gz_rendering_vendor/lib:/opt/ros/jazzy/opt/gz_plugin_vendor/lib:/opt/ros/jazzy/opt/gz_fuel_tools_vendor/lib:/opt/ros/jazzy/opt/gz_msgs_vendor/lib:/opt/ros/jazzy/opt/gz_common_vendor/lib:/opt/ros/jazzy/opt/gz_math_vendor/lib:/opt/ros/jazzy/opt/gz_utils_vendor/lib:/opt/ros/jazzy/opt/gz_tools_vendor/lib:/opt/ros/jazzy/opt/gz_ogre_next_vendor/lib:/opt/ros/jazzy/opt/gz_dartsim_vendor/lib:/opt/ros/jazzy/opt/gz_cmake_vendor/lib:/opt/ros/jazzy/lib', 'GZ_TRANSPORT_ID': '192.168.3.1', 'HOME': '/home/ngt', 'OLDPWD': '/home/ngt', 'LESS': '-R', 'VIRTUALENVWRAPPER_PYTHON': '/usr/bin/python3', 'TERM_PROGRAM_VERSION': '1.130.0', 'VSCODE_IPC_HOOK_CLI': '/run/user/1004/vscode-ipc-85f34aaf-8c14-4b5e-9609-f108a0457dd3.sock', 'ZSH': '/home/ngt/.oh-my-zsh', 'LSCOLORS': 'Gxfxcxdxbxegedabagacad', 'GZ_TRANSPORT_PUB_PORT': '11345', 'VSCODE_GIT_ASKPASS_MAIN': '/home/ngt/.vscode-server/cli/servers/Stable-1b6a188127eeaf9194f945eb6eb89a657e93c54c/server/extensions/git/dist/askpass-main.js', 'PAGER': 'less', 'ROS_PYTHON_VERSION': '3', 'PS1': '(ardusub) %(?:%{\x1b[01;32m%}%1{➜%} :%{\x1b[01;31m%}%1{➜%} ) %{\x1b[36m%}%c%{\x1b[00m%} $(git_prompt_info)', 'VSCODE_GIT_ASKPASS_NODE': '/home/ngt/.vscode-server/cli/servers/Stable-1b6a188127eeaf9194f945eb6eb89a657e93c54c/server/node', 'DBUS_SESSION_BUS_ADDRESS': 'unix:path=/run/user/1004/bus', 'PYDEVD_DISABLE_FILE_VALIDATION': '1', 'BUNDLED_DEBUGPY_PATH': '/home/ngt/.vscode-server/extensions/ms-python.debugpy-2026.6.0-linux-arm64/bundled/libs/debugpy', 'GZ_TRANSPORT_SUB_PORT': '11346', 'VSCODE_PYTHON_AUTOACTIVATE_GUARD': '1', 'COLORTERM': 'truecolor', 'ROS_DISTRO': 'jazzy', 'COLCON_PREFIX_PATH': '/home/ngt/ZENS-Final-AUVC/install:/home/ngt/cv_ws/install:/home/ngt/pid_ws/install:/home/ngt/auvc_ws/install:/home/ngt/auv_dancing/install', 'LOGNAME': 'ngt', '_': '/home/ngt/.virtualenvs/ardusub/bin/colcon', 'XDG_SESSION_CLASS': 'user', 'USER_ZDOTDIR': '/home/ngt', 'ROS_VERSION': '2', 'XDG_SESSION_ID': '1', 'TERM': 'xterm-256color', 'PATH': '/home/ngt/ZENS-Final-AUVC/install/hardware/bin:/home/ngt/ZENS-Final-AUVC/install/flashing/bin:/home/ngt/ZENS-Final-AUVC/install/cv/bin:/home/ngt/ZENS-Final-AUVC/install/control/bin:/home/ngt/.virtualenvs/ardusub/bin:/home/ngt/.opencode/bin:/opt/ros/jazzy/opt/gz_msgs_vendor/bin:/opt/ros/jazzy/opt/gz_tools_vendor/bin:/opt/ros/jazzy/opt/gz_ogre_next_vendor/bin:/opt/ros/jazzy/bin:/usr/lib/ccache:/home/ngt/.vscode-server/data/User/globalStorage/github.copilot-chat/debugCommand:/home/ngt/.vscode-server/data/User/globalStorage/github.copilot-chat/copilotCli:/home/ngt/.vscode-server/cli/servers/Stable-1b6a188127eeaf9194f945eb6eb89a657e93c54c/server/bin/remote-cli:/usr/local/sbin:/usr/local/bin:/usr/sbin:/usr/bin:/sbin:/bin:/usr/games:/usr/local/games:/snap/bin:/home/ngt/.vscode-server/extensions/ms-python.debugpy-2026.6.0-linux-arm64/bundled/scripts/noConfigScripts:/home/ngt/.local/bin:/home/ngt/ardupilot/Tools/autotest', 'XDG_RUNTIME_DIR': '/run/user/1004', 'GZ_PARTITION': 'my_sim', 'LANG': 'en_US.UTF-8', 'VSCODE_DEBUGPY_ADAPTER_ENDPOINTS': '/home/ngt/.vscode-server/extensions/ms-python.debugpy-2026.6.0-linux-arm64/.noConfigDebugAdapterEndpoints/endpoint-fe03004f45a03570.txt', 'PYTHONSTARTUP': '/home/ngt/.vscode-server/data/User/workspaceStorage/e30aafa2edaaf296b4a11477f6a9b588/ms-python.python/pythonrc.py', 'VSCODE_INJECTION': '1', 'VIRTUAL_ENV_PROMPT': 'ardusub', 'TERM_PROGRAM': 'vscode', 'VSCODE_GIT_IPC_HANDLE': '/run/user/1004/vscode-git-191b257475.sock', 'LS_COLORS': 'rs=0:di=01;34:ln=01;36:mh=00:pi=40;33:so=01;35:do=01;35:bd=40;33;01:cd=40;33;01:or=40;31;01:mi=00:su=37;41:sg=30;43:ca=00:tw=30;42:ow=34;42:st=37;44:ex=01;32:*.tar=01;31:*.tgz=01;31:*.arc=01;31:*.arj=01;31:*.taz=01;31:*.lha=01;31:*.lz4=01;31:*.lzh=01;31:*.lzma=01;31:*.tlz=01;31:*.txz=01;31:*.tzo=01;31:*.t7z=01;31:*.zip=01;31:*.z=01;31:*.dz=01;31:*.gz=01;31:*.lrz=01;31:*.lz=01;31:*.lzo=01;31:*.xz=01;31:*.zst=01;31:*.tzst=01;31:*.bz2=01;31:*.bz=01;31:*.tbz=01;31:*.tbz2=01;31:*.tz=01;31:*.deb=01;31:*.rpm=01;31:*.jar=01;31:*.war=01;31:*.ear=01;31:*.sar=01;31:*.rar=01;31:*.alz=01;31:*.ace=01;31:*.zoo=01;31:*.cpio=01;31:*.7z=01;31:*.rz=01;31:*.cab=01;31:*.wim=01;31:*.swm=01;31:*.dwm=01;31:*.esd=01;31:*.avif=01;35:*.jpg=01;35:*.jpeg=01;35:*.mjpg=01;35:*.mjpeg=01;35:*.gif=01;35:*.bmp=01;35:*.pbm=01;35:*.pgm=01;35:*.ppm=01;35:*.tga=01;35:*.xbm=01;35:*.xpm=01;35:*.tif=01;35:*.tiff=01;35:*.png=01;35:*.svg=01;35:*.svgz=01;35:*.mng=01;35:*.pcx=01;35:*.mov=01;35:*.mpg=01;35:*.mpeg=01;35:*.m2v=01;35:*.mkv=01;35:*.webm=01;35:*.webp=01;35:*.ogm=01;35:*.mp4=01;35:*.m4v=01;35:*.mp4v=01;35:*.vob=01;35:*.qt=01;35:*.nuv=01;35:*.wmv=01;35:*.asf=01;35:*.rm=01;35:*.rmvb=01;35:*.flc=01;35:*.avi=01;35:*.fli=01;35:*.flv=01;35:*.gl=01;35:*.dl=01;35:*.xcf=01;35:*.xwd=01;35:*.yuv=01;35:*.cgm=01;35:*.emf=01;35:*.ogv=01;35:*.ogx=01;35:*.aac=00;36:*.au=00;36:*.flac=00;36:*.m4a=00;36:*.mid=00;36:*.midi=00;36:*.mka=00;36:*.mp3=00;36:*.mpc=00;36:*.ogg=00;36:*.ra=00;36:*.wav=00;36:*.oga=00;36:*.opus=00;36:*.spx=00;36:*.xspf=00;36:*~=00;90:*#=00;90:*.bak=00;90:*.crdownload=00;90:*.dpkg-dist=00;90:*.dpkg-new=00;90:*.dpkg-old=00;90:*.dpkg-tmp=00;90:*.old=00;90:*.orig=00;90:*.part=00;90:*.rej=00;90:*.rpmnew=00;90:*.rpmorig=00;90:*.rpmsave=00;90:*.swp=00;90:*.tmp=00;90:*.ucf-dist=00;90:*.ucf-new=00;90:*.ucf-old=00;90:', 'AMENT_PREFIX_PATH': '/home/ngt/ZENS-Final-AUVC/install/msgs:/home/ngt/ZENS-Final-AUVC/install/gazebo_bluerov2:/home/ngt/ZENS-Final-AUVC/install/flashing:/home/ngt/ZENS-Final-AUVC/install/cv:/home/ngt/ZENS-Final-AUVC/install/control:/home/ngt/ZENS-Final-AUVC/install/bringup:/home/ngt/auvc_ws/install/tutorial_virtualenvs:/home/ngt/auvc_ws/install/tutorial_pid:/home/ngt/auvc_ws/install/tutorial_ardusub:/home/ngt/auvc_ws/install/tutorial:/home/ngt/auvc_ws/install/rosmav:/home/ngt/auvc_ws/install/example_custom_srv:/home/ngt/cv_ws/install/cv:/home/ngt/pid_ws/install/target_depth_msgs:/home/ngt/pid_ws/install/pid:/home/ngt/auv_dancing/install/tutorial:/opt/ros/jazzy', 'SHELL': '/usr/bin/zsh', 'VIRTUALENVWRAPPER_PROJECT_FILENAME': '.project', 'VIRTUALENVWRAPPER_HOOK_DIR': '/home/ngt/.virtualenvs', 'VSCODE_GIT_ASKPASS_EXTRA_ARGS': '', 'VIRTUALENVWRAPPER_SCRIPT': '/usr/share/virtualenvwrapper/virtualenvwrapper.sh', 'ROS_AUTOMATIC_DISCOVERY_RANGE': 'SUBNET', 'VIRTUAL_ENV': '/home/ngt/.virtualenvs/ardusub', 'LC_ALL': 'en_US.UTF-8', 'PWD': '/home/ngt/ZENS-Final-AUVC/build/gazebo_bluerov2', 'SSH_CONNECTION': '192.168.3.1 64256 192.168.3.2 22', 'COPILOT_DEBUG_NONCE': 'd6eed4c06bd82aa6cee185ab30fdc4f4', 'ZDOTDIR': '/home/ngt', 'PYTHONPATH': '/home/ngt/ZENS-Final-AUVC/install/msgs/lib/python3.12/site-packages:/home/ngt/ZENS-Final-AUVC/install/hardware/lib/python3.12/site-packages:/home/ngt/ZENS-Final-AUVC/install/flashing/lib/python3.12/site-packages:/home/ngt/ZENS-Final-AUVC/install/cv/lib/python3.12/site-packages:/home/ngt/ZENS-Final-AUVC/install/control/lib/python3.12/site-packages:/home/ngt/ZENS-Final-AUVC/install/bringup/lib/python3.12/site-packages:/home/ngt/auvc_ws/install/tutorial_virtualenvs/lib/python3.12/site-packages:/home/ngt/auvc_ws/install/tutorial_pid/lib/python3.12/site-packages:/home/ngt/auvc_ws/install/tutorial_ardusub/lib/python3.12/site-packages:/home/ngt/auvc_ws/install/tutorial/lib/python3.12/site-packages:/home/ngt/auvc_ws/install/rosmav/lib/python3.12/site-packages:/home/ngt/auvc_ws/install/example_custom_srv/lib/python3.12/site-packages:/home/ngt/cv_ws/install/cv/lib/python3.12/site-packages:/home/ngt/pid_ws/install/target_depth_msgs/lib/python3.12/site-packages:/home/ngt/pid_ws/install/pid/lib/python3.12/site-packages:/home/ngt/auv_dancing/install/tutorial/lib/python3.12/site-packages:/opt/ros/jazzy/lib/python3.12/site-packages', 'COLCON': '1', 'CMAKE_PREFIX_PATH': '/home/ngt/ZENS-Final-AUVC/install/msgs:/home/ngt/ZENS-Final-AUVC/install/gazebo_bluerov2:/home/ngt/auvc_ws/install/example_custom_srv:/home/ngt/pid_ws/install/target_depth_msgs:/opt/ros/jazzy/opt/gz_sim_vendor:/opt/ros/jazzy/opt/gz_sensors_vendor:/opt/ros/jazzy/opt/gz_physics_vendor:/opt/ros/jazzy/opt/sdformat_vendor:/opt/ros/jazzy/opt/gz_gui_vendor:/opt/ros/jazzy/opt/gz_transport_vendor:/opt/ros/jazzy/opt/gz_rendering_vendor:/opt/ros/jazzy/opt/gz_plugin_vendor:/opt/ros/jazzy/opt/gz_fuel_tools_vendor:/opt/ros/jazzy/opt/gz_msgs_vendor:/opt/ros/jazzy/opt/gz_common_vendor:/opt/ros/jazzy/opt/gz_math_vendor:/opt/ros/jazzy/opt/gz_utils_vendor:/opt/ros/jazzy/opt/gz_tools_vendor:/opt/ros/jazzy/opt/gz_ogre_next_vendor:/opt/ros/jazzy/opt/gz_dartsim_vendor:/opt/ros/jazzy/opt/gz_cmake_vendor:/home/ngt/ZENS-Final-AUVC/install/flashing:/home/ngt/ZENS-Final-AUVC/install/cv:/home/ngt/ZENS-Final-AUVC/install/control:/home/ngt/ZENS-Final-AUVC/install/bringup:/home/ngt/auvc_ws/install/tutorial_virtualenvs:/home/ngt/auvc_ws/install/tutorial_pid:/home/ngt/auvc_ws/install/tutorial_ardusub:/home/ngt/auvc_ws/install/tutorial:/home/ngt/auvc_ws/install/rosmav:/home/ngt/cv_ws/install/cv:/home/ngt/pid_ws/install/pid:/home/ngt/auv_dancing/install/tutorial:/opt/ros/jazzy'}), 'shell': False}
[36.887708] (flashing) StdoutLine: {'line': b"writing manifest file '../../../build/flashing/flashing.egg-info/SOURCES.txt'\n"}
[36.888476] (flashing) StdoutLine: {'line': b'running build\n'}
[36.896654] (flashing) StdoutLine: {'line': b'running build_py\n'}
[36.899406] (flashing) StdoutLine: {'line': b'copying flashing/flashing_node.py -> /home/ngt/ZENS-Final-AUVC/build/flashing/build/lib/flashing\n'}
[36.900078] (flashing) StdoutLine: {'line': b'copying flashing/__init__.py -> /home/ngt/ZENS-Final-AUVC/build/flashing/build/lib/flashing\n'}
[36.905789] (flashing) StdoutLine: {'line': b'running install\n'}
[36.943980] (-) TimerEvent: {}
[37.021436] (flashing) StdoutLine: {'line': b'running install_lib\n'}
[37.038493] (cv) StdoutLine: {'line': b"removing '/home/ngt/ZENS-Final-AUVC/install/cv/lib/python3.12/site-packages/cv-0.0.0-py3.12.egg-info' (and everything under it)\n"}
[37.046280] (cv) StdoutLine: {'line': b'Copying ../../../build/cv/cv.egg-info to /home/ngt/ZENS-Final-AUVC/install/cv/lib/python3.12/site-packages/cv-0.0.0-py3.12.egg-info\n'}
[37.047022] (-) TimerEvent: {}
[37.058744] (cv) StdoutLine: {'line': b'running install_scripts\n'}
[37.148400] (-) TimerEvent: {}
[37.251772] (-) TimerEvent: {}
[37.353727] (-) TimerEvent: {}
[37.356805] (bringup) StdoutLine: {'line': b"reading manifest file '../../../build/bringup/bringup.egg-info/SOURCES.txt'\n"}
[37.373445] (bringup) StdoutLine: {'line': b"writing manifest file '../../../build/bringup/bringup.egg-info/SOURCES.txt'\n"}
[37.377903] (bringup) StdoutLine: {'line': b'running build\n'}
[37.382755] (bringup) StdoutLine: {'line': b'running build_py\n'}
[37.386242] (bringup) StdoutLine: {'line': b'copying bringup/__init__.py -> /home/ngt/ZENS-Final-AUVC/build/bringup/build/lib/bringup\n'}
[37.393728] (bringup) StdoutLine: {'line': b'running install\n'}
[37.456756] (-) TimerEvent: {}
[37.464193] (flashing) StdoutLine: {'line': b'running install_data\n'}
[37.467804] (flashing) StdoutLine: {'line': b'copying resource/flashing -> /home/ngt/ZENS-Final-AUVC/install/flashing/share/ament_index/resource_index/packages\n'}
[37.472096] (flashing) StdoutLine: {'line': b'copying package.xml -> /home/ngt/ZENS-Final-AUVC/install/flashing/share/flashing\n'}
[37.473725] (flashing) StdoutLine: {'line': b'running install_egg_info\n'}
[37.484544] (bringup) StdoutLine: {'line': b'running install_lib\n'}
[37.558469] (-) TimerEvent: {}
[37.663106] (-) TimerEvent: {}
[37.764390] (-) TimerEvent: {}
[37.773939] (cv) StdoutLine: {'line': b'Installing apriltag_detector_node script to /home/ngt/ZENS-Final-AUVC/install/cv/lib/cv\n'}
[37.780721] (cv) StdoutLine: {'line': b'Installing calibrate_camera script to /home/ngt/ZENS-Final-AUVC/install/cv/lib/cv\n'}
[37.782887] (cv) StdoutLine: {'line': b'Installing detect_from_image script to /home/ngt/ZENS-Final-AUVC/install/cv/lib/cv\n'}
[37.787610] (cv) StdoutLine: {'line': b'Installing fake_camera_node script to /home/ngt/ZENS-Final-AUVC/install/cv/lib/cv\n'}
[37.789468] (cv) StdoutLine: {'line': b'Installing image_saver_node script to /home/ngt/ZENS-Final-AUVC/install/cv/lib/cv\n'}
[37.795909] (cv) StdoutLine: {'line': b'Installing tag_heading_node script to /home/ngt/ZENS-Final-AUVC/install/cv/lib/cv\n'}
[37.798105] (bringup) StdoutLine: {'line': b'running install_data\n'}
[37.805806] (cv) StdoutLine: {'line': b"writing list of installed files to '/home/ngt/ZENS-Final-AUVC/build/cv/install.log'\n"}
[37.806828] (bringup) StdoutLine: {'line': b'copying resource/bringup -> /home/ngt/ZENS-Final-AUVC/install/bringup/share/ament_index/resource_index/packages\n'}
[37.807503] (bringup) StdoutLine: {'line': b'copying package.xml -> /home/ngt/ZENS-Final-AUVC/install/bringup/share/bringup\n'}
[37.810728] (bringup) StdoutLine: {'line': b'copying launch/hardware.launch.py -> /home/ngt/ZENS-Final-AUVC/install/bringup/share/bringup/launch\n'}
[37.816666] (bringup) StdoutLine: {'line': b'copying launch/control.launch.py -> /home/ngt/ZENS-Final-AUVC/install/bringup/share/bringup/launch\n'}
[37.817432] (bringup) StdoutLine: {'line': b'copying launch/all_systems.launch.py -> /home/ngt/ZENS-Final-AUVC/install/bringup/share/bringup/launch\n'}
[37.830889] (bringup) StdoutLine: {'line': b'copying launch/cv.launch.py -> /home/ngt/ZENS-Final-AUVC/install/bringup/share/bringup/launch\n'}
[37.836190] (bringup) StdoutLine: {'line': b'copying config/params.yaml -> /home/ngt/ZENS-Final-AUVC/install/bringup/share/bringup/config\n'}
[37.840029] (bringup) StdoutLine: {'line': b'running install_egg_info\n'}
[37.866753] (-) TimerEvent: {}
[37.890901] (flashing) StdoutLine: {'line': b"removing '/home/ngt/ZENS-Final-AUVC/install/flashing/lib/python3.12/site-packages/flashing-0.0.0-py3.12.egg-info' (and everything under it)\n"}
[37.891736] (flashing) StdoutLine: {'line': b'Copying ../../../build/flashing/flashing.egg-info to /home/ngt/ZENS-Final-AUVC/install/flashing/lib/python3.12/site-packages/flashing-0.0.0-py3.12.egg-info\n'}
[37.948053] (flashing) StdoutLine: {'line': b'running install_scripts\n'}
[37.968740] (-) TimerEvent: {}
[38.007675] (gazebo_bluerov2) StdoutLine: {'line': b'[ 33%] Built target stream_camera\n'}
[38.071757] (-) TimerEvent: {}
[38.173910] (-) TimerEvent: {}
[38.228523] (cv) CommandEnded: {'returncode': 0}
[38.247879] (bringup) StdoutLine: {'line': b"removing '/home/ngt/ZENS-Final-AUVC/install/bringup/lib/python3.12/site-packages/bringup-0.0.0-py3.12.egg-info' (and everything under it)\n"}
[38.257027] (bringup) StdoutLine: {'line': b'Copying ../../../build/bringup/bringup.egg-info to /home/ngt/ZENS-Final-AUVC/install/bringup/lib/python3.12/site-packages/bringup-0.0.0-py3.12.egg-info\n'}
[38.276046] (bringup) StdoutLine: {'line': b'running install_scripts\n'}
[38.277341] (-) TimerEvent: {}
[38.391102] (-) TimerEvent: {}
[38.413687] (cv) JobEnded: {'identifier': 'cv', 'rc': 0}
[38.421608] (hardware) JobStarted: {'identifier': 'hardware'}
[38.503255] (-) TimerEvent: {}
[38.531390] (gazebo_bluerov2) StdoutLine: {'line': b'[ 66%] Built target PressureSensor\n'}
[38.604932] (-) TimerEvent: {}
[38.731956] (-) TimerEvent: {}
[38.833059] (-) TimerEvent: {}
[38.943694] (-) TimerEvent: {}
[39.046709] (-) TimerEvent: {}
[39.055739] (flashing) StdoutLine: {'line': b'Installing flashing_node script to /home/ngt/ZENS-Final-AUVC/install/flashing/lib/flashing\n'}
[39.071692] (flashing) StdoutLine: {'line': b"writing list of installed files to '/home/ngt/ZENS-Final-AUVC/build/flashing/install.log'\n"}
[39.141677] (gazebo_bluerov2) StdoutLine: {'line': b'[100%] Built target PressureSensorSystem\n'}
[39.156057] (-) TimerEvent: {}
[39.258878] (-) TimerEvent: {}
[39.363743] (-) TimerEvent: {}
[39.439603] (bringup) StdoutLine: {'line': b"writing list of installed files to '/home/ngt/ZENS-Final-AUVC/build/bringup/install.log'\n"}
[39.465724] (-) TimerEvent: {}
[39.567250] (-) TimerEvent: {}
[39.671971] (-) TimerEvent: {}
[39.778522] (-) TimerEvent: {}
[39.880937] (-) TimerEvent: {}
[39.983835] (-) TimerEvent: {}
[40.085066] (-) TimerEvent: {}
[40.188681] (-) TimerEvent: {}
[40.293670] (-) TimerEvent: {}
[40.397847] (-) TimerEvent: {}
[40.503733] (-) TimerEvent: {}
[40.604720] (-) TimerEvent: {}
[40.711707] (-) TimerEvent: {}
[40.819223] (-) TimerEvent: {}
[40.859015] (gazebo_bluerov2) CommandEnded: {'returncode': 0}
[40.860711] (gazebo_bluerov2) JobProgress: {'identifier': 'gazebo_bluerov2', 'progress': 'install'}
[40.921043] (-) TimerEvent: {}
[41.025255] (-) TimerEvent: {}
[41.073686] (gazebo_bluerov2) Command: {'cmd': ['/usr/bin/cmake', '--install', '/home/ngt/ZENS-Final-AUVC/build/gazebo_bluerov2'], 'cwd': '/home/ngt/ZENS-Final-AUVC/build/gazebo_bluerov2', 'env': OrderedDict({'PYTHON_BASIC_REPL': '1', 'VIRTUALENVWRAPPER_WORKON_CD': '1', 'USER': 'ngt', 'SSH_CLIENT': '192.168.3.1 64256 22', 'WORKON_HOME': '/home/ngt/.virtualenvs', 'GZ_SIM_RESOURCE_PATH': '/opt/ros/jazzy/share', 'GZ_CONFIG_PATH': '/opt/ros/jazzy/opt/gz_sim_vendor/share/gz:/opt/ros/jazzy/opt/sdformat_vendor/share/gz:/opt/ros/jazzy/opt/gz_gui_vendor/share/gz:/opt/ros/jazzy/opt/gz_transport_vendor/share/gz:/opt/ros/jazzy/opt/gz_rendering_vendor/share/gz:/opt/ros/jazzy/opt/gz_plugin_vendor/share/gz:/opt/ros/jazzy/opt/gz_fuel_tools_vendor/share/gz:/opt/ros/jazzy/opt/gz_msgs_vendor/share/gz:/opt/ros/jazzy/opt/gz_common_vendor/share/gz', 'XDG_SESSION_TYPE': 'tty', 'GIT_ASKPASS': '/home/ngt/.vscode-server/cli/servers/Stable-1b6a188127eeaf9194f945eb6eb89a657e93c54c/server/extensions/git/dist/askpass.sh', 'SHLVL': '1', 'BROWSER': '/home/ngt/.vscode-server/cli/servers/Stable-1b6a188127eeaf9194f945eb6eb89a657e93c54c/server/bin/helpers/browser.sh', 'LD_LIBRARY_PATH': '/home/ngt/ZENS-Final-AUVC/install/msgs/lib:/home/ngt/ZENS-Final-AUVC/install/gazebo_bluerov2/lib:/home/ngt/auvc_ws/install/example_custom_srv/lib:/home/ngt/pid_ws/install/target_depth_msgs/lib:/opt/ros/jazzy/opt/gz_sim_vendor/lib:/opt/ros/jazzy/opt/gz_sensors_vendor/lib:/opt/ros/jazzy/opt/gz_physics_vendor/lib:/opt/ros/jazzy/opt/sdformat_vendor/lib:/opt/ros/jazzy/opt/rviz_ogre_vendor/lib:/opt/ros/jazzy/lib/aarch64-linux-gnu:/opt/ros/jazzy/opt/gz_gui_vendor/lib:/opt/ros/jazzy/opt/gz_transport_vendor/lib:/opt/ros/jazzy/opt/gz_rendering_vendor/lib:/opt/ros/jazzy/opt/gz_plugin_vendor/lib:/opt/ros/jazzy/opt/gz_fuel_tools_vendor/lib:/opt/ros/jazzy/opt/gz_msgs_vendor/lib:/opt/ros/jazzy/opt/gz_common_vendor/lib:/opt/ros/jazzy/opt/gz_math_vendor/lib:/opt/ros/jazzy/opt/gz_utils_vendor/lib:/opt/ros/jazzy/opt/gz_tools_vendor/lib:/opt/ros/jazzy/opt/gz_ogre_next_vendor/lib:/opt/ros/jazzy/opt/gz_dartsim_vendor/lib:/opt/ros/jazzy/opt/gz_cmake_vendor/lib:/opt/ros/jazzy/lib', 'GZ_TRANSPORT_ID': '192.168.3.1', 'HOME': '/home/ngt', 'OLDPWD': '/home/ngt', 'LESS': '-R', 'VIRTUALENVWRAPPER_PYTHON': '/usr/bin/python3', 'TERM_PROGRAM_VERSION': '1.130.0', 'VSCODE_IPC_HOOK_CLI': '/run/user/1004/vscode-ipc-85f34aaf-8c14-4b5e-9609-f108a0457dd3.sock', 'ZSH': '/home/ngt/.oh-my-zsh', 'LSCOLORS': 'Gxfxcxdxbxegedabagacad', 'GZ_TRANSPORT_PUB_PORT': '11345', 'VSCODE_GIT_ASKPASS_MAIN': '/home/ngt/.vscode-server/cli/servers/Stable-1b6a188127eeaf9194f945eb6eb89a657e93c54c/server/extensions/git/dist/askpass-main.js', 'PAGER': 'less', 'ROS_PYTHON_VERSION': '3', 'PS1': '(ardusub) %(?:%{\x1b[01;32m%}%1{➜%} :%{\x1b[01;31m%}%1{➜%} ) %{\x1b[36m%}%c%{\x1b[00m%} $(git_prompt_info)', 'VSCODE_GIT_ASKPASS_NODE': '/home/ngt/.vscode-server/cli/servers/Stable-1b6a188127eeaf9194f945eb6eb89a657e93c54c/server/node', 'DBUS_SESSION_BUS_ADDRESS': 'unix:path=/run/user/1004/bus', 'PYDEVD_DISABLE_FILE_VALIDATION': '1', 'BUNDLED_DEBUGPY_PATH': '/home/ngt/.vscode-server/extensions/ms-python.debugpy-2026.6.0-linux-arm64/bundled/libs/debugpy', 'GZ_TRANSPORT_SUB_PORT': '11346', 'VSCODE_PYTHON_AUTOACTIVATE_GUARD': '1', 'COLORTERM': 'truecolor', 'ROS_DISTRO': 'jazzy', 'COLCON_PREFIX_PATH': '/home/ngt/ZENS-Final-AUVC/install:/home/ngt/cv_ws/install:/home/ngt/pid_ws/install:/home/ngt/auvc_ws/install:/home/ngt/auv_dancing/install', 'LOGNAME': 'ngt', '_': '/home/ngt/.virtualenvs/ardusub/bin/colcon', 'XDG_SESSION_CLASS': 'user', 'USER_ZDOTDIR': '/home/ngt', 'ROS_VERSION': '2', 'XDG_SESSION_ID': '1', 'TERM': 'xterm-256color', 'PATH': '/home/ngt/ZENS-Final-AUVC/install/hardware/bin:/home/ngt/ZENS-Final-AUVC/install/flashing/bin:/home/ngt/ZENS-Final-AUVC/install/cv/bin:/home/ngt/ZENS-Final-AUVC/install/control/bin:/home/ngt/.virtualenvs/ardusub/bin:/home/ngt/.opencode/bin:/opt/ros/jazzy/opt/gz_msgs_vendor/bin:/opt/ros/jazzy/opt/gz_tools_vendor/bin:/opt/ros/jazzy/opt/gz_ogre_next_vendor/bin:/opt/ros/jazzy/bin:/usr/lib/ccache:/home/ngt/.vscode-server/data/User/globalStorage/github.copilot-chat/debugCommand:/home/ngt/.vscode-server/data/User/globalStorage/github.copilot-chat/copilotCli:/home/ngt/.vscode-server/cli/servers/Stable-1b6a188127eeaf9194f945eb6eb89a657e93c54c/server/bin/remote-cli:/usr/local/sbin:/usr/local/bin:/usr/sbin:/usr/bin:/sbin:/bin:/usr/games:/usr/local/games:/snap/bin:/home/ngt/.vscode-server/extensions/ms-python.debugpy-2026.6.0-linux-arm64/bundled/scripts/noConfigScripts:/home/ngt/.local/bin:/home/ngt/ardupilot/Tools/autotest', 'XDG_RUNTIME_DIR': '/run/user/1004', 'GZ_PARTITION': 'my_sim', 'LANG': 'en_US.UTF-8', 'VSCODE_DEBUGPY_ADAPTER_ENDPOINTS': '/home/ngt/.vscode-server/extensions/ms-python.debugpy-2026.6.0-linux-arm64/.noConfigDebugAdapterEndpoints/endpoint-fe03004f45a03570.txt', 'PYTHONSTARTUP': '/home/ngt/.vscode-server/data/User/workspaceStorage/e30aafa2edaaf296b4a11477f6a9b588/ms-python.python/pythonrc.py', 'VSCODE_INJECTION': '1', 'VIRTUAL_ENV_PROMPT': 'ardusub', 'TERM_PROGRAM': 'vscode', 'VSCODE_GIT_IPC_HANDLE': '/run/user/1004/vscode-git-191b257475.sock', 'LS_COLORS': 'rs=0:di=01;34:ln=01;36:mh=00:pi=40;33:so=01;35:do=01;35:bd=40;33;01:cd=40;33;01:or=40;31;01:mi=00:su=37;41:sg=30;43:ca=00:tw=30;42:ow=34;42:st=37;44:ex=01;32:*.tar=01;31:*.tgz=01;31:*.arc=01;31:*.arj=01;31:*.taz=01;31:*.lha=01;31:*.lz4=01;31:*.lzh=01;31:*.lzma=01;31:*.tlz=01;31:*.txz=01;31:*.tzo=01;31:*.t7z=01;31:*.zip=01;31:*.z=01;31:*.dz=01;31:*.gz=01;31:*.lrz=01;31:*.lz=01;31:*.lzo=01;31:*.xz=01;31:*.zst=01;31:*.tzst=01;31:*.bz2=01;31:*.bz=01;31:*.tbz=01;31:*.tbz2=01;31:*.tz=01;31:*.deb=01;31:*.rpm=01;31:*.jar=01;31:*.war=01;31:*.ear=01;31:*.sar=01;31:*.rar=01;31:*.alz=01;31:*.ace=01;31:*.zoo=01;31:*.cpio=01;31:*.7z=01;31:*.rz=01;31:*.cab=01;31:*.wim=01;31:*.swm=01;31:*.dwm=01;31:*.esd=01;31:*.avif=01;35:*.jpg=01;35:*.jpeg=01;35:*.mjpg=01;35:*.mjpeg=01;35:*.gif=01;35:*.bmp=01;35:*.pbm=01;35:*.pgm=01;35:*.ppm=01;35:*.tga=01;35:*.xbm=01;35:*.xpm=01;35:*.tif=01;35:*.tiff=01;35:*.png=01;35:*.svg=01;35:*.svgz=01;35:*.mng=01;35:*.pcx=01;35:*.mov=01;35:*.mpg=01;35:*.mpeg=01;35:*.m2v=01;35:*.mkv=01;35:*.webm=01;35:*.webp=01;35:*.ogm=01;35:*.mp4=01;35:*.m4v=01;35:*.mp4v=01;35:*.vob=01;35:*.qt=01;35:*.nuv=01;35:*.wmv=01;35:*.asf=01;35:*.rm=01;35:*.rmvb=01;35:*.flc=01;35:*.avi=01;35:*.fli=01;35:*.flv=01;35:*.gl=01;35:*.dl=01;35:*.xcf=01;35:*.xwd=01;35:*.yuv=01;35:*.cgm=01;35:*.emf=01;35:*.ogv=01;35:*.ogx=01;35:*.aac=00;36:*.au=00;36:*.flac=00;36:*.m4a=00;36:*.mid=00;36:*.midi=00;36:*.mka=00;36:*.mp3=00;36:*.mpc=00;36:*.ogg=00;36:*.ra=00;36:*.wav=00;36:*.oga=00;36:*.opus=00;36:*.spx=00;36:*.xspf=00;36:*~=00;90:*#=00;90:*.bak=00;90:*.crdownload=00;90:*.dpkg-dist=00;90:*.dpkg-new=00;90:*.dpkg-old=00;90:*.dpkg-tmp=00;90:*.old=00;90:*.orig=00;90:*.part=00;90:*.rej=00;90:*.rpmnew=00;90:*.rpmorig=00;90:*.rpmsave=00;90:*.swp=00;90:*.tmp=00;90:*.ucf-dist=00;90:*.ucf-new=00;90:*.ucf-old=00;90:', 'AMENT_PREFIX_PATH': '/home/ngt/ZENS-Final-AUVC/install/msgs:/home/ngt/ZENS-Final-AUVC/install/gazebo_bluerov2:/home/ngt/ZENS-Final-AUVC/install/flashing:/home/ngt/ZENS-Final-AUVC/install/cv:/home/ngt/ZENS-Final-AUVC/install/control:/home/ngt/ZENS-Final-AUVC/install/bringup:/home/ngt/auvc_ws/install/tutorial_virtualenvs:/home/ngt/auvc_ws/install/tutorial_pid:/home/ngt/auvc_ws/install/tutorial_ardusub:/home/ngt/auvc_ws/install/tutorial:/home/ngt/auvc_ws/install/rosmav:/home/ngt/auvc_ws/install/example_custom_srv:/home/ngt/cv_ws/install/cv:/home/ngt/pid_ws/install/target_depth_msgs:/home/ngt/pid_ws/install/pid:/home/ngt/auv_dancing/install/tutorial:/opt/ros/jazzy', 'SHELL': '/usr/bin/zsh', 'VIRTUALENVWRAPPER_PROJECT_FILENAME': '.project', 'VIRTUALENVWRAPPER_HOOK_DIR': '/home/ngt/.virtualenvs', 'VSCODE_GIT_ASKPASS_EXTRA_ARGS': '', 'VIRTUALENVWRAPPER_SCRIPT': '/usr/share/virtualenvwrapper/virtualenvwrapper.sh', 'ROS_AUTOMATIC_DISCOVERY_RANGE': 'SUBNET', 'VIRTUAL_ENV': '/home/ngt/.virtualenvs/ardusub', 'LC_ALL': 'en_US.UTF-8', 'PWD': '/home/ngt/ZENS-Final-AUVC/build/gazebo_bluerov2', 'SSH_CONNECTION': '192.168.3.1 64256 192.168.3.2 22', 'COPILOT_DEBUG_NONCE': 'd6eed4c06bd82aa6cee185ab30fdc4f4', 'ZDOTDIR': '/home/ngt', 'PYTHONPATH': '/home/ngt/ZENS-Final-AUVC/install/msgs/lib/python3.12/site-packages:/home/ngt/ZENS-Final-AUVC/install/hardware/lib/python3.12/site-packages:/home/ngt/ZENS-Final-AUVC/install/flashing/lib/python3.12/site-packages:/home/ngt/ZENS-Final-AUVC/install/cv/lib/python3.12/site-packages:/home/ngt/ZENS-Final-AUVC/install/control/lib/python3.12/site-packages:/home/ngt/ZENS-Final-AUVC/install/bringup/lib/python3.12/site-packages:/home/ngt/auvc_ws/install/tutorial_virtualenvs/lib/python3.12/site-packages:/home/ngt/auvc_ws/install/tutorial_pid/lib/python3.12/site-packages:/home/ngt/auvc_ws/install/tutorial_ardusub/lib/python3.12/site-packages:/home/ngt/auvc_ws/install/tutorial/lib/python3.12/site-packages:/home/ngt/auvc_ws/install/rosmav/lib/python3.12/site-packages:/home/ngt/auvc_ws/install/example_custom_srv/lib/python3.12/site-packages:/home/ngt/cv_ws/install/cv/lib/python3.12/site-packages:/home/ngt/pid_ws/install/target_depth_msgs/lib/python3.12/site-packages:/home/ngt/pid_ws/install/pid/lib/python3.12/site-packages:/home/ngt/auv_dancing/install/tutorial/lib/python3.12/site-packages:/opt/ros/jazzy/lib/python3.12/site-packages', 'COLCON': '1', 'CMAKE_PREFIX_PATH': '/home/ngt/ZENS-Final-AUVC/install/msgs:/home/ngt/ZENS-Final-AUVC/install/gazebo_bluerov2:/home/ngt/auvc_ws/install/example_custom_srv:/home/ngt/pid_ws/install/target_depth_msgs:/opt/ros/jazzy/opt/gz_sim_vendor:/opt/ros/jazzy/opt/gz_sensors_vendor:/opt/ros/jazzy/opt/gz_physics_vendor:/opt/ros/jazzy/opt/sdformat_vendor:/opt/ros/jazzy/opt/gz_gui_vendor:/opt/ros/jazzy/opt/gz_transport_vendor:/opt/ros/jazzy/opt/gz_rendering_vendor:/opt/ros/jazzy/opt/gz_plugin_vendor:/opt/ros/jazzy/opt/gz_fuel_tools_vendor:/opt/ros/jazzy/opt/gz_msgs_vendor:/opt/ros/jazzy/opt/gz_common_vendor:/opt/ros/jazzy/opt/gz_math_vendor:/opt/ros/jazzy/opt/gz_utils_vendor:/opt/ros/jazzy/opt/gz_tools_vendor:/opt/ros/jazzy/opt/gz_ogre_next_vendor:/opt/ros/jazzy/opt/gz_dartsim_vendor:/opt/ros/jazzy/opt/gz_cmake_vendor:/home/ngt/ZENS-Final-AUVC/install/flashing:/home/ngt/ZENS-Final-AUVC/install/cv:/home/ngt/ZENS-Final-AUVC/install/control:/home/ngt/ZENS-Final-AUVC/install/bringup:/home/ngt/auvc_ws/install/tutorial_virtualenvs:/home/ngt/auvc_ws/install/tutorial_pid:/home/ngt/auvc_ws/install/tutorial_ardusub:/home/ngt/auvc_ws/install/tutorial:/home/ngt/auvc_ws/install/rosmav:/home/ngt/cv_ws/install/cv:/home/ngt/pid_ws/install/pid:/home/ngt/auv_dancing/install/tutorial:/opt/ros/jazzy'}), 'shell': False}
[41.098449] (bringup) CommandEnded: {'returncode': 0}
[41.131211] (-) TimerEvent: {}
[41.233725] (-) TimerEvent: {}
[41.260433] (bringup) JobEnded: {'identifier': 'bringup', 'rc': 0}
[41.273154] (flashing) CommandEnded: {'returncode': 0}
[41.330910] (gazebo_bluerov2) StdoutLine: {'line': b'-- Install configuration: ""\n'}
[41.343662] (-) TimerEvent: {}
[41.344578] (gazebo_bluerov2) StdoutLine: {'line': b'-- Up-to-date: /home/ngt/ZENS-Final-AUVC/install/gazebo_bluerov2/share/gazebo_bluerov2/models\n'}
[41.346778] (gazebo_bluerov2) StdoutLine: {'line': b'-- Up-to-date: /home/ngt/ZENS-Final-AUVC/install/gazebo_bluerov2/share/gazebo_bluerov2/models/sand_heightmap\n'}
[41.350792] (gazebo_bluerov2) StdoutLine: {'line': b'-- Up-to-date: /home/ngt/ZENS-Final-AUVC/install/gazebo_bluerov2/share/gazebo_bluerov2/models/sand_heightmap/model.sdf\n'}
[41.360043] (gazebo_bluerov2) StdoutLine: {'line': b'-- Up-to-date: /home/ngt/ZENS-Final-AUVC/install/gazebo_bluerov2/share/gazebo_bluerov2/models/sand_heightmap/materials\n'}
[41.360809] (gazebo_bluerov2) StdoutLine: {'line': b'-- Up-to-date: /home/ngt/ZENS-Final-AUVC/install/gazebo_bluerov2/share/gazebo_bluerov2/models/sand_heightmap/materials/flat_normal.png\n'}
[41.361473] (gazebo_bluerov2) StdoutLine: {'line': b'-- Up-to-date: /home/ngt/ZENS-Final-AUVC/install/gazebo_bluerov2/share/gazebo_bluerov2/models/sand_heightmap/materials/soil_sand_0045_01.jpg\n'}
[41.387866] (gazebo_bluerov2) StdoutLine: {'line': b'-- Up-to-date: /home/ngt/ZENS-Final-AUVC/install/gazebo_bluerov2/share/gazebo_bluerov2/models/sand_heightmap/meshes\n'}
[41.388587] (gazebo_bluerov2) StdoutLine: {'line': b'-- Up-to-date: /home/ngt/ZENS-Final-AUVC/install/gazebo_bluerov2/share/gazebo_bluerov2/models/sand_heightmap/meshes/License and source for textures.txt\n'}
[41.389359] (gazebo_bluerov2) StdoutLine: {'line': b'-- Up-to-date: /home/ngt/ZENS-Final-AUVC/install/gazebo_bluerov2/share/gazebo_bluerov2/models/sand_heightmap/meshes/sandseabed.dae\n'}
[41.405148] (gazebo_bluerov2) StdoutLine: {'line': b'-- Up-to-date: /home/ngt/ZENS-Final-AUVC/install/gazebo_bluerov2/share/gazebo_bluerov2/models/sand_heightmap/meshes/heightmap.dae\n'}
[41.405942] (gazebo_bluerov2) StdoutLine: {'line': b'-- Up-to-date: /home/ngt/ZENS-Final-AUVC/install/gazebo_bluerov2/share/gazebo_bluerov2/models/sand_heightmap/meshes/soil_sand_0045_01.jpg\n'}
[41.406511] (gazebo_bluerov2) StdoutLine: {'line': b'-- Up-to-date: /home/ngt/ZENS-Final-AUVC/install/gazebo_bluerov2/share/gazebo_bluerov2/models/sand_heightmap/model.config\n'}
[41.422155] (gazebo_bluerov2) StdoutLine: {'line': b'-- Up-to-date: /home/ngt/ZENS-Final-AUVC/install/gazebo_bluerov2/share/gazebo_bluerov2/models/Apriltag36_11_00001\n'}
[41.422830] (gazebo_bluerov2) StdoutLine: {'line': b'-- Up-to-date: /home/ngt/ZENS-Final-AUVC/install/gazebo_bluerov2/share/gazebo_bluerov2/models/Apriltag36_11_00001/model.sdf\n'}
[41.423450] (gazebo_bluerov2) StdoutLine: {'line': b'-- Up-to-date: /home/ngt/ZENS-Final-AUVC/install/gazebo_bluerov2/share/gazebo_bluerov2/models/Apriltag36_11_00001/materials\n'}
[41.437886] (gazebo_bluerov2) StdoutLine: {'line': b'-- Up-to-date: /home/ngt/ZENS-Final-AUVC/install/gazebo_bluerov2/share/gazebo_bluerov2/models/Apriltag36_11_00001/materials/textures\n'}
[41.438489] (gazebo_bluerov2) StdoutLine: {'line': b'-- Up-to-date: /home/ngt/ZENS-Final-AUVC/install/gazebo_bluerov2/share/gazebo_bluerov2/models/Apriltag36_11_00001/materials/textures/tag36_11_00001.png\n'}
[41.439047] (gazebo_bluerov2) StdoutLine: {'line': b'-- Up-to-date: /home/ngt/ZENS-Final-AUVC/install/gazebo_bluerov2/share/gazebo_bluerov2/models/Apriltag36_11_00001/materials/scripts\n'}
[41.439533] (gazebo_bluerov2) StdoutLine: {'line': b'-- Up-to-date: /home/ngt/ZENS-Final-AUVC/install/gazebo_bluerov2/share/gazebo_bluerov2/models/Apriltag36_11_00001/materials/scripts/Apriltag.material\n'}
[41.460398] (-) TimerEvent: {}
[41.471158] (gazebo_bluerov2) StdoutLine: {'line': b'-- Up-to-date: /home/ngt/ZENS-Final-AUVC/install/gazebo_bluerov2/share/gazebo_bluerov2/models/Apriltag36_11_00001/model.config\n'}
[41.476042] (gazebo_bluerov2) StdoutLine: {'line': b'-- Up-to-date: /home/ngt/ZENS-Final-AUVC/install/gazebo_bluerov2/share/gazebo_bluerov2/models/axes\n'}
[41.477743] (gazebo_bluerov2) StdoutLine: {'line': b'-- Up-to-date: /home/ngt/ZENS-Final-AUVC/install/gazebo_bluerov2/share/gazebo_bluerov2/models/axes/model.sdf\n'}
[41.483893] (gazebo_bluerov2) StdoutLine: {'line': b'-- Up-to-date: /home/ngt/ZENS-Final-AUVC/install/gazebo_bluerov2/share/gazebo_bluerov2/models/axes/model.config\n'}
[41.488084] (gazebo_bluerov2) StdoutLine: {'line': b'-- Up-to-date: /home/ngt/ZENS-Final-AUVC/install/gazebo_bluerov2/share/gazebo_bluerov2/models/Apriltag36_11_00004\n'}
[41.495720] (gazebo_bluerov2) StdoutLine: {'line': b'-- Up-to-date: /home/ngt/ZENS-Final-AUVC/install/gazebo_bluerov2/share/gazebo_bluerov2/models/Apriltag36_11_00004/model.sdf\n'}
[41.497354] (gazebo_bluerov2) StdoutLine: {'line': b'-- Up-to-date: /home/ngt/ZENS-Final-AUVC/install/gazebo_bluerov2/share/gazebo_bluerov2/models/Apriltag36_11_00004/materials\n'}
[41.498471] (gazebo_bluerov2) StdoutLine: {'line': b'-- Up-to-date: /home/ngt/ZENS-Final-AUVC/install/gazebo_bluerov2/share/gazebo_bluerov2/models/Apriltag36_11_00004/materials/textures\n'}
[41.505966] (gazebo_bluerov2) StdoutLine: {'line': b'-- Up-to-date: /home/ngt/ZENS-Final-AUVC/install/gazebo_bluerov2/share/gazebo_bluerov2/models/Apriltag36_11_00004/materials/textures/tag36_11_00004.png\n'}
[41.506755] (gazebo_bluerov2) StdoutLine: {'line': b'-- Up-to-date: /home/ngt/ZENS-Final-AUVC/install/gazebo_bluerov2/share/gazebo_bluerov2/models/Apriltag36_11_00004/materials/scripts\n'}
[41.511458] (gazebo_bluerov2) StdoutLine: {'line': b'-- Up-to-date: /home/ngt/ZENS-Final-AUVC/install/gazebo_bluerov2/share/gazebo_bluerov2/models/Apriltag36_11_00004/materials/scripts/Apriltag.material\n'}
[41.513601] (gazebo_bluerov2) StdoutLine: {'line': b'-- Up-to-date: /home/ngt/ZENS-Final-AUVC/install/gazebo_bluerov2/share/gazebo_bluerov2/models/Apriltag36_11_00004/model.config\n'}
[41.519620] (gazebo_bluerov2) StdoutLine: {'line': b'-- Up-to-date: /home/ngt/ZENS-Final-AUVC/install/gazebo_bluerov2/share/gazebo_bluerov2/models/Apriltag36_11_00008\n'}
[41.525892] (gazebo_bluerov2) StdoutLine: {'line': b'-- Up-to-date: /home/ngt/ZENS-Final-AUVC/install/gazebo_bluerov2/share/gazebo_bluerov2/models/Apriltag36_11_00008/model.sdf\n'}
[41.529042] (gazebo_bluerov2) StdoutLine: {'line': b'-- Up-to-date: /home/ngt/ZENS-Final-AUVC/install/gazebo_bluerov2/share/gazebo_bluerov2/models/Apriltag36_11_00008/materials\n'}
[41.529517] (gazebo_bluerov2) StdoutLine: {'line': b'-- Up-to-date: /home/ngt/ZENS-Final-AUVC/install/gazebo_bluerov2/share/gazebo_bluerov2/models/Apriltag36_11_00008/materials/textures\n'}
[41.545889] (gazebo_bluerov2) StdoutLine: {'line': b'-- Up-to-date: /home/ngt/ZENS-Final-AUVC/install/gazebo_bluerov2/share/gazebo_bluerov2/models/Apriltag36_11_00008/materials/textures/tag36_11_00008.png\n'}
[41.548031] (gazebo_bluerov2) StdoutLine: {'line': b'-- Up-to-date: /home/ngt/ZENS-Final-AUVC/install/gazebo_bluerov2/share/gazebo_bluerov2/models/Apriltag36_11_00008/materials/scripts\n'}
[41.552768] (gazebo_bluerov2) StdoutLine: {'line': b'-- Up-to-date: /home/ngt/ZENS-Final-AUVC/install/gazebo_bluerov2/share/gazebo_bluerov2/models/Apriltag36_11_00008/materials/scripts/Apriltag.material\n'}
[41.557848] (gazebo_bluerov2) StdoutLine: {'line': b'-- Up-to-date: /home/ngt/ZENS-Final-AUVC/install/gazebo_bluerov2/share/gazebo_bluerov2/models/Apriltag36_11_00008/model.config\n'}
[41.558415] (gazebo_bluerov2) StdoutLine: {'line': b'-- Up-to-date: /home/ngt/ZENS-Final-AUVC/install/gazebo_bluerov2/share/gazebo_bluerov2/models/Apriltag36_11_00003\n'}
[41.575962] (-) TimerEvent: {}
[41.577726] (gazebo_bluerov2) StdoutLine: {'line': b'-- Up-to-date: /home/ngt/ZENS-Final-AUVC/install/gazebo_bluerov2/share/gazebo_bluerov2/models/Apriltag36_11_00003/model.sdf\n'}
[41.578568] (gazebo_bluerov2) StdoutLine: {'line': b'-- Up-to-date: /home/ngt/ZENS-Final-AUVC/install/gazebo_bluerov2/share/gazebo_bluerov2/models/Apriltag36_11_00003/materials\n'}
[41.579245] (gazebo_bluerov2) StdoutLine: {'line': b'-- Up-to-date: /home/ngt/ZENS-Final-AUVC/install/gazebo_bluerov2/share/gazebo_bluerov2/models/Apriltag36_11_00003/materials/textures\n'}
[41.583413] (gazebo_bluerov2) StdoutLine: {'line': b'-- Up-to-date: /home/ngt/ZENS-Final-AUVC/install/gazebo_bluerov2/share/gazebo_bluerov2/models/Apriltag36_11_00003/materials/textures/tag36_11_00003.png\n'}
[41.586849] (gazebo_bluerov2) StdoutLine: {'line': b'-- Up-to-date: /home/ngt/ZENS-Final-AUVC/install/gazebo_bluerov2/share/gazebo_bluerov2/models/Apriltag36_11_00003/materials/scripts\n'}
[41.589288] (gazebo_bluerov2) StdoutLine: {'line': b'-- Up-to-date: /home/ngt/ZENS-Final-AUVC/install/gazebo_bluerov2/share/gazebo_bluerov2/models/Apriltag36_11_00003/materials/scripts/Apriltag.material\n'}
[41.591193] (gazebo_bluerov2) StdoutLine: {'line': b'-- Up-to-date: /home/ngt/ZENS-Final-AUVC/install/gazebo_bluerov2/share/gazebo_bluerov2/models/Apriltag36_11_00003/model.config\n'}
[41.596072] (gazebo_bluerov2) StdoutLine: {'line': b'-- Up-to-date: /home/ngt/ZENS-Final-AUVC/install/gazebo_bluerov2/share/gazebo_bluerov2/models/Apriltag36_11_00006\n'}
[41.596687] (gazebo_bluerov2) StdoutLine: {'line': b'-- Up-to-date: /home/ngt/ZENS-Final-AUVC/install/gazebo_bluerov2/share/gazebo_bluerov2/models/Apriltag36_11_00006/model.sdf\n'}
[41.597373] (gazebo_bluerov2) StdoutLine: {'line': b'-- Up-to-date: /home/ngt/ZENS-Final-AUVC/install/gazebo_bluerov2/share/gazebo_bluerov2/models/Apriltag36_11_00006/materials\n'}
[41.615657] (gazebo_bluerov2) StdoutLine: {'line': b'-- Up-to-date: /home/ngt/ZENS-Final-AUVC/install/gazebo_bluerov2/share/gazebo_bluerov2/models/Apriltag36_11_00006/materials/textures\n'}
[41.616413] (gazebo_bluerov2) StdoutLine: {'line': b'-- Up-to-date: /home/ngt/ZENS-Final-AUVC/install/gazebo_bluerov2/share/gazebo_bluerov2/models/Apriltag36_11_00006/materials/textures/tag36_11_00006.png\n'}
[41.617182] (gazebo_bluerov2) StdoutLine: {'line': b'-- Up-to-date: /home/ngt/ZENS-Final-AUVC/install/gazebo_bluerov2/share/gazebo_bluerov2/models/Apriltag36_11_00006/materials/scripts\n'}
[41.621683] (gazebo_bluerov2) StdoutLine: {'line': b'-- Up-to-date: /home/ngt/ZENS-Final-AUVC/install/gazebo_bluerov2/share/gazebo_bluerov2/models/Apriltag36_11_00006/materials/scripts/Apriltag.material\n'}
[41.623648] (gazebo_bluerov2) StdoutLine: {'line': b'-- Up-to-date: /home/ngt/ZENS-Final-AUVC/install/gazebo_bluerov2/share/gazebo_bluerov2/models/Apriltag36_11_00006/model.config\n'}
[41.628844] (gazebo_bluerov2) StdoutLine: {'line': b'-- Up-to-date: /home/ngt/ZENS-Final-AUVC/install/gazebo_bluerov2/share/gazebo_bluerov2/models/bluerov2_2025\n'}
[41.633160] (gazebo_bluerov2) StdoutLine: {'line': b'-- Up-to-date: /home/ngt/ZENS-Final-AUVC/install/gazebo_bluerov2/share/gazebo_bluerov2/models/bluerov2_2025/model.sdf\n'}
[41.633857] (gazebo_bluerov2) StdoutLine: {'line': b'-- Up-to-date: /home/ngt/ZENS-Final-AUVC/install/gazebo_bluerov2/share/gazebo_bluerov2/models/bluerov2_2025/model.sdf.in\n'}
[41.639044] (gazebo_bluerov2) StdoutLine: {'line': b'-- Up-to-date: /home/ngt/ZENS-Final-AUVC/install/gazebo_bluerov2/share/gazebo_bluerov2/models/bluerov2_2025/materials\n'}
[41.642399] (gazebo_bluerov2) StdoutLine: {'line': b'-- Up-to-date: /home/ngt/ZENS-Final-AUVC/install/gazebo_bluerov2/share/gazebo_bluerov2/models/bluerov2_2025/materials/textures\n'}
[41.646837] (gazebo_bluerov2) StdoutLine: {'line': b'-- Up-to-date: /home/ngt/ZENS-Final-AUVC/install/gazebo_bluerov2/share/gazebo_bluerov2/models/bluerov2_2025/materials/textures/april1.png\n'}
[41.647503] (gazebo_bluerov2) StdoutLine: {'line': b'-- Up-to-date: /home/ngt/ZENS-Final-AUVC/install/gazebo_bluerov2/share/gazebo_bluerov2/models/bluerov2_2025/materials/scripts\n'}
[41.655143] (gazebo_bluerov2) StdoutLine: {'line': b'-- Up-to-date: /home/ngt/ZENS-Final-AUVC/install/gazebo_bluerov2/share/gazebo_bluerov2/models/bluerov2_2025/materials/scripts/april_tag_1.material\n'}
[41.655934] (gazebo_bluerov2) StdoutLine: {'line': b'-- Up-to-date: /home/ngt/ZENS-Final-AUVC/install/gazebo_bluerov2/share/gazebo_bluerov2/models/bluerov2_2025/BlueROV2.md\n'}
[41.656501] (gazebo_bluerov2) StdoutLine: {'line': b'-- Up-to-date: /home/ngt/ZENS-Final-AUVC/install/gazebo_bluerov2/share/gazebo_bluerov2/models/bluerov2_2025/configs.yaml\n'}
[41.667103] (gazebo_bluerov2) StdoutLine: {'line': b'-- Up-to-date: /home/ngt/ZENS-Final-AUVC/install/gazebo_bluerov2/share/gazebo_bluerov2/models/bluerov2_2025/meshes\n'}
[41.669665] (gazebo_bluerov2) StdoutLine: {'line': b'-- Up-to-date: /home/ngt/ZENS-Final-AUVC/install/gazebo_bluerov2/share/gazebo_bluerov2/models/bluerov2_2025/meshes/t200_cw_prop.dae\n'}
[41.678368] (-) TimerEvent: {}
[41.680787] (gazebo_bluerov2) StdoutLine: {'line': b'-- Up-to-date: /home/ngt/ZENS-Final-AUVC/install/gazebo_bluerov2/share/gazebo_bluerov2/models/bluerov2_2025/meshes/t200_ccw_prop.dae\n'}
[41.681685] (gazebo_bluerov2) StdoutLine: {'line': b'-- Up-to-date: /home/ngt/ZENS-Final-AUVC/install/gazebo_bluerov2/share/gazebo_bluerov2/models/bluerov2_2025/meshes/bluerov2.dae\n'}
[41.682527] (gazebo_bluerov2) StdoutLine: {'line': b'-- Up-to-date: /home/ngt/ZENS-Final-AUVC/install/gazebo_bluerov2/share/gazebo_bluerov2/models/bluerov2_2025/model.config\n'}
[41.699365] (gazebo_bluerov2) StdoutLine: {'line': b'-- Up-to-date: /home/ngt/ZENS-Final-AUVC/install/gazebo_bluerov2/share/gazebo_bluerov2/models/bluerov2_heavy\n'}
[41.706696] (gazebo_bluerov2) StdoutLine: {'line': b'-- Up-to-date: /home/ngt/ZENS-Final-AUVC/install/gazebo_bluerov2/share/gazebo_bluerov2/models/bluerov2_heavy/model.sdf\n'}
[41.707468] (gazebo_bluerov2) StdoutLine: {'line': b'-- Up-to-date: /home/ngt/ZENS-Final-AUVC/install/gazebo_bluerov2/share/gazebo_bluerov2/models/bluerov2_heavy/model.sdf.in\n'}
[41.708110] (gazebo_bluerov2) StdoutLine: {'line': b'-- Up-to-date: /home/ngt/ZENS-Final-AUVC/install/gazebo_bluerov2/share/gazebo_bluerov2/models/bluerov2_heavy/BlueROV2Heavy.md\n'}
[41.724053] (gazebo_bluerov2) StdoutLine: {'line': b'-- Up-to-date: /home/ngt/ZENS-Final-AUVC/install/gazebo_bluerov2/share/gazebo_bluerov2/models/bluerov2_heavy/configs.yaml\n'}
[41.725377] (gazebo_bluerov2) StdoutLine: {'line': b'-- Up-to-date: /home/ngt/ZENS-Final-AUVC/install/gazebo_bluerov2/share/gazebo_bluerov2/models/bluerov2_heavy/meshes\n'}
[41.729376] (gazebo_bluerov2) StdoutLine: {'line': b'-- Up-to-date: /home/ngt/ZENS-Final-AUVC/install/gazebo_bluerov2/share/gazebo_bluerov2/models/bluerov2_heavy/meshes/t200_cw_prop.dae\n'}
[41.738875] (gazebo_bluerov2) StdoutLine: {'line': b'-- Up-to-date: /home/ngt/ZENS-Final-AUVC/install/gazebo_bluerov2/share/gazebo_bluerov2/models/bluerov2_heavy/meshes/t200_ccw_prop.dae\n'}
[41.745596] (gazebo_bluerov2) StdoutLine: {'line': b'-- Up-to-date: /home/ngt/ZENS-Final-AUVC/install/gazebo_bluerov2/share/gazebo_bluerov2/models/bluerov2_heavy/meshes/bluerov2_heavy.dae\n'}
[41.748961] (gazebo_bluerov2) StdoutLine: {'line': b'-- Up-to-date: /home/ngt/ZENS-Final-AUVC/install/gazebo_bluerov2/share/gazebo_bluerov2/models/bluerov2_heavy/model.config\n'}
[41.764307] (gazebo_bluerov2) StdoutLine: {'line': b'-- Up-to-date: /home/ngt/ZENS-Final-AUVC/install/gazebo_bluerov2/share/gazebo_bluerov2/models/Apriltag36_11_00005\n'}
[41.765057] (gazebo_bluerov2) StdoutLine: {'line': b'-- Up-to-date: /home/ngt/ZENS-Final-AUVC/install/gazebo_bluerov2/share/gazebo_bluerov2/models/Apriltag36_11_00005/model.sdf\n'}
[41.765649] (gazebo_bluerov2) StdoutLine: {'line': b'-- Up-to-date: /home/ngt/ZENS-Final-AUVC/install/gazebo_bluerov2/share/gazebo_bluerov2/models/Apriltag36_11_00005/materials\n'}
[41.766229] (gazebo_bluerov2) StdoutLine: {'line': b'-- Up-to-date: /home/ngt/ZENS-Final-AUVC/install/gazebo_bluerov2/share/gazebo_bluerov2/models/Apriltag36_11_00005/materials/textures\n'}
[41.773782] (gazebo_bluerov2) StdoutLine: {'line': b'-- Up-to-date: /home/ngt/ZENS-Final-AUVC/install/gazebo_bluerov2/share/gazebo_bluerov2/models/Apriltag36_11_00005/materials/textures/tag36_11_00005.png\n'}
[41.777249] (gazebo_bluerov2) StdoutLine: {'line': b'-- Up-to-date: /home/ngt/ZENS-Final-AUVC/install/gazebo_bluerov2/share/gazebo_bluerov2/models/Apriltag36_11_00005/materials/scripts\n'}
[41.791623] (-) TimerEvent: {}
[41.792304] (gazebo_bluerov2) StdoutLine: {'line': b'-- Up-to-date: /home/ngt/ZENS-Final-AUVC/install/gazebo_bluerov2/share/gazebo_bluerov2/models/Apriltag36_11_00005/materials/scripts/Apriltag.material\n'}
[41.792989] (gazebo_bluerov2) StdoutLine: {'line': b'-- Up-to-date: /home/ngt/ZENS-Final-AUVC/install/gazebo_bluerov2/share/gazebo_bluerov2/models/Apriltag36_11_00005/model.config\n'}
[41.802947] (gazebo_bluerov2) StdoutLine: {'line': b'-- Up-to-date: /home/ngt/ZENS-Final-AUVC/install/gazebo_bluerov2/share/gazebo_bluerov2/models/pool_map\n'}
[41.806835] (gazebo_bluerov2) StdoutLine: {'line': b'-- Up-to-date: /home/ngt/ZENS-Final-AUVC/install/gazebo_bluerov2/share/gazebo_bluerov2/models/pool_map/model.sdf\n'}
[41.812324] (gazebo_bluerov2) StdoutLine: {'line': b'-- Up-to-date: /home/ngt/ZENS-Final-AUVC/install/gazebo_bluerov2/share/gazebo_bluerov2/models/pool_map/blenderkit.jpg\n'}
[41.827440] (gazebo_bluerov2) StdoutLine: {'line': b'-- Up-to-date: /home/ngt/ZENS-Final-AUVC/install/gazebo_bluerov2/share/gazebo_bluerov2/models/pool_map/Black.png\n'}
[41.831874] (gazebo_bluerov2) StdoutLine: {'line': b'-- Up-to-date: /home/ngt/ZENS-Final-AUVC/install/gazebo_bluerov2/share/gazebo_bluerov2/models/pool_map/model.config\n'}
[41.832463] (gazebo_bluerov2) StdoutLine: {'line': b'-- Up-to-date: /home/ngt/ZENS-Final-AUVC/install/gazebo_bluerov2/share/gazebo_bluerov2/models/pool_map/model.dae\n'}
[41.838636] (gazebo_bluerov2) StdoutLine: {'line': b'-- Up-to-date: /home/ngt/ZENS-Final-AUVC/install/gazebo_bluerov2/share/gazebo_bluerov2/models/bluerov2_2025_port_9012\n'}
[41.841013] (gazebo_bluerov2) StdoutLine: {'line': b'-- Up-to-date: /home/ngt/ZENS-Final-AUVC/install/gazebo_bluerov2/share/gazebo_bluerov2/models/bluerov2_2025_port_9012/model.sdf\n'}
[41.844190] (gazebo_bluerov2) StdoutLine: {'line': b'-- Up-to-date: /home/ngt/ZENS-Final-AUVC/install/gazebo_bluerov2/share/gazebo_bluerov2/models/bluerov2_2025_port_9012/model.sdf.in\n'}
[41.852252] (gazebo_bluerov2) StdoutLine: {'line': b'-- Up-to-date: /home/ngt/ZENS-Final-AUVC/install/gazebo_bluerov2/share/gazebo_bluerov2/models/bluerov2_2025_port_9012/materials\n'}
[41.854231] (gazebo_bluerov2) StdoutLine: {'line': b'-- Up-to-date: /home/ngt/ZENS-Final-AUVC/install/gazebo_bluerov2/share/gazebo_bluerov2/models/bluerov2_2025_port_9012/materials/textures\n'}
[41.868959] (gazebo_bluerov2) StdoutLine: {'line': b'-- Up-to-date: /home/ngt/ZENS-Final-AUVC/install/gazebo_bluerov2/share/gazebo_bluerov2/models/bluerov2_2025_port_9012/materials/textures/april1.png\n'}
[41.869727] (gazebo_bluerov2) StdoutLine: {'line': b'-- Up-to-date: /home/ngt/ZENS-Final-AUVC/install/gazebo_bluerov2/share/gazebo_bluerov2/models/bluerov2_2025_port_9012/materials/scripts\n'}
[41.870454] (gazebo_bluerov2) StdoutLine: {'line': b'-- Up-to-date: /home/ngt/ZENS-Final-AUVC/install/gazebo_bluerov2/share/gazebo_bluerov2/models/bluerov2_2025_port_9012/materials/scripts/april_tag_1.material\n'}
[41.881092] (gazebo_bluerov2) StdoutLine: {'line': b'-- Up-to-date: /home/ngt/ZENS-Final-AUVC/install/gazebo_bluerov2/share/gazebo_bluerov2/models/bluerov2_2025_port_9012/BlueROV2.md\n'}
[41.881978] (gazebo_bluerov2) StdoutLine: {'line': b'-- Up-to-date: /home/ngt/ZENS-Final-AUVC/install/gazebo_bluerov2/share/gazebo_bluerov2/models/bluerov2_2025_port_9012/configs.yaml\n'}
[41.886299] (gazebo_bluerov2) StdoutLine: {'line': b'-- Up-to-date: /home/ngt/ZENS-Final-AUVC/install/gazebo_bluerov2/share/gazebo_bluerov2/models/bluerov2_2025_port_9012/meshes\n'}
[41.892139] (-) TimerEvent: {}
[41.896119] (gazebo_bluerov2) StdoutLine: {'line': b'-- Up-to-date: /home/ngt/ZENS-Final-AUVC/install/gazebo_bluerov2/share/gazebo_bluerov2/models/bluerov2_2025_port_9012/meshes/t200_cw_prop.dae\n'}
[41.902945] (gazebo_bluerov2) StdoutLine: {'line': b'-- Up-to-date: /home/ngt/ZENS-Final-AUVC/install/gazebo_bluerov2/share/gazebo_bluerov2/models/bluerov2_2025_port_9012/meshes/t200_ccw_prop.dae\n'}
[41.923900] (gazebo_bluerov2) StdoutLine: {'line': b'-- Up-to-date: /home/ngt/ZENS-Final-AUVC/install/gazebo_bluerov2/share/gazebo_bluerov2/models/bluerov2_2025_port_9012/meshes/bluerov2.dae\n'}
[41.924676] (gazebo_bluerov2) StdoutLine: {'line': b'-- Up-to-date: /home/ngt/ZENS-Final-AUVC/install/gazebo_bluerov2/share/gazebo_bluerov2/models/bluerov2_2025_port_9012/model.config\n'}
[41.925323] (gazebo_bluerov2) StdoutLine: {'line': b'-- Up-to-date: /home/ngt/ZENS-Final-AUVC/install/gazebo_bluerov2/share/gazebo_bluerov2/models/Apriltag36_11_00002\n'}
[41.931529] (gazebo_bluerov2) StdoutLine: {'line': b'-- Up-to-date: /home/ngt/ZENS-Final-AUVC/install/gazebo_bluerov2/share/gazebo_bluerov2/models/Apriltag36_11_00002/model.sdf\n'}
[41.947236] (gazebo_bluerov2) StdoutLine: {'line': b'-- Up-to-date: /home/ngt/ZENS-Final-AUVC/install/gazebo_bluerov2/share/gazebo_bluerov2/models/Apriltag36_11_00002/materials\n'}
[41.947969] (gazebo_bluerov2) StdoutLine: {'line': b'-- Up-to-date: /home/ngt/ZENS-Final-AUVC/install/gazebo_bluerov2/share/gazebo_bluerov2/models/Apriltag36_11_00002/materials/textures\n'}
[41.948705] (gazebo_bluerov2) StdoutLine: {'line': b'-- Up-to-date: /home/ngt/ZENS-Final-AUVC/install/gazebo_bluerov2/share/gazebo_bluerov2/models/Apriltag36_11_00002/materials/textures/tag36_11_00002.png\n'}
[41.949312] (gazebo_bluerov2) StdoutLine: {'line': b'-- Up-to-date: /home/ngt/ZENS-Final-AUVC/install/gazebo_bluerov2/share/gazebo_bluerov2/models/Apriltag36_11_00002/materials/scripts\n'}
[41.953718] (gazebo_bluerov2) StdoutLine: {'line': b'-- Up-to-date: /home/ngt/ZENS-Final-AUVC/install/gazebo_bluerov2/share/gazebo_bluerov2/models/Apriltag36_11_00002/materials/scripts/Apriltag.material\n'}
[41.955783] (gazebo_bluerov2) StdoutLine: {'line': b'-- Up-to-date: /home/ngt/ZENS-Final-AUVC/install/gazebo_bluerov2/share/gazebo_bluerov2/models/Apriltag36_11_00002/model.config\n'}
[41.957189] (gazebo_bluerov2) StdoutLine: {'line': b'-- Up-to-date: /home/ngt/ZENS-Final-AUVC/install/gazebo_bluerov2/share/gazebo_bluerov2/models/bluerov2\n'}
[41.961074] (gazebo_bluerov2) StdoutLine: {'line': b'-- Up-to-date: /home/ngt/ZENS-Final-AUVC/install/gazebo_bluerov2/share/gazebo_bluerov2/models/bluerov2/model.sdf\n'}
[41.962112] (gazebo_bluerov2) StdoutLine: {'line': b'-- Up-to-date: /home/ngt/ZENS-Final-AUVC/install/gazebo_bluerov2/share/gazebo_bluerov2/models/bluerov2/model.sdf.in\n'}
[41.976375] (gazebo_bluerov2) StdoutLine: {'line': b'-- Up-to-date: /home/ngt/ZENS-Final-AUVC/install/gazebo_bluerov2/share/gazebo_bluerov2/models/bluerov2/materials\n'}
[41.977190] (gazebo_bluerov2) StdoutLine: {'line': b'-- Up-to-date: /home/ngt/ZENS-Final-AUVC/install/gazebo_bluerov2/share/gazebo_bluerov2/models/bluerov2/materials/textures\n'}
[41.977918] (gazebo_bluerov2) StdoutLine: {'line': b'-- Up-to-date: /home/ngt/ZENS-Final-AUVC/install/gazebo_bluerov2/share/gazebo_bluerov2/models/bluerov2/materials/textures/april1.png\n'}
[41.991445] (gazebo_bluerov2) StdoutLine: {'line': b'-- Up-to-date: /home/ngt/ZENS-Final-AUVC/install/gazebo_bluerov2/share/gazebo_bluerov2/models/bluerov2/materials/scripts\n'}
[41.992957] (-) TimerEvent: {}
[41.997047] (gazebo_bluerov2) StdoutLine: {'line': b'-- Up-to-date: /home/ngt/ZENS-Final-AUVC/install/gazebo_bluerov2/share/gazebo_bluerov2/models/bluerov2/materials/scripts/april_tag_1.material\n'}
[42.001019] (gazebo_bluerov2) StdoutLine: {'line': b'-- Up-to-date: /home/ngt/ZENS-Final-AUVC/install/gazebo_bluerov2/share/gazebo_bluerov2/models/bluerov2/BlueROV2.md\n'}
[42.001543] (gazebo_bluerov2) StdoutLine: {'line': b'-- Up-to-date: /home/ngt/ZENS-Final-AUVC/install/gazebo_bluerov2/share/gazebo_bluerov2/models/bluerov2/configs.yaml\n'}
[42.006020] (gazebo_bluerov2) StdoutLine: {'line': b'-- Up-to-date: /home/ngt/ZENS-Final-AUVC/install/gazebo_bluerov2/share/gazebo_bluerov2/models/bluerov2/meshes\n'}
[42.016230] (gazebo_bluerov2) StdoutLine: {'line': b'-- Up-to-date: /home/ngt/ZENS-Final-AUVC/install/gazebo_bluerov2/share/gazebo_bluerov2/models/bluerov2/meshes/t200_cw_prop.dae\n'}
[42.016852] (gazebo_bluerov2) StdoutLine: {'line': b'-- Up-to-date: /home/ngt/ZENS-Final-AUVC/install/gazebo_bluerov2/share/gazebo_bluerov2/models/bluerov2/meshes/t200_ccw_prop.dae\n'}
[42.033284] (gazebo_bluerov2) StdoutLine: {'line': b'-- Up-to-date: /home/ngt/ZENS-Final-AUVC/install/gazebo_bluerov2/share/gazebo_bluerov2/models/bluerov2/meshes/bluerov2.dae\n'}
[42.034064] (gazebo_bluerov2) StdoutLine: {'line': b'-- Up-to-date: /home/ngt/ZENS-Final-AUVC/install/gazebo_bluerov2/share/gazebo_bluerov2/models/bluerov2/model.config\n'}
[42.038169] (gazebo_bluerov2) StdoutLine: {'line': b'-- Up-to-date: /home/ngt/ZENS-Final-AUVC/install/gazebo_bluerov2/share/gazebo_bluerov2/models/bluerov2_2025_port_9002\n'}
[42.041690] (gazebo_bluerov2) StdoutLine: {'line': b'-- Up-to-date: /home/ngt/ZENS-Final-AUVC/install/gazebo_bluerov2/share/gazebo_bluerov2/models/bluerov2_2025_port_9002/model.sdf\n'}
[42.045801] (gazebo_bluerov2) StdoutLine: {'line': b'-- Up-to-date: /home/ngt/ZENS-Final-AUVC/install/gazebo_bluerov2/share/gazebo_bluerov2/models/bluerov2_2025_port_9002/model.sdf.in\n'}
[42.046939] (gazebo_bluerov2) StdoutLine: {'line': b'-- Up-to-date: /home/ngt/ZENS-Final-AUVC/install/gazebo_bluerov2/share/gazebo_bluerov2/models/bluerov2_2025_port_9002/materials\n'}
[42.051816] (flashing) JobEnded: {'identifier': 'flashing', 'rc': 0}
[42.057830] (msgs) JobStarted: {'identifier': 'msgs'}
[42.058254] (gazebo_bluerov2) StdoutLine: {'line': b'-- Up-to-date: /home/ngt/ZENS-Final-AUVC/install/gazebo_bluerov2/share/gazebo_bluerov2/models/bluerov2_2025_port_9002/materials/textures\n'}
[42.061924] (gazebo_bluerov2) StdoutLine: {'line': b'-- Up-to-date: /home/ngt/ZENS-Final-AUVC/install/gazebo_bluerov2/share/gazebo_bluerov2/models/bluerov2_2025_port_9002/materials/textures/april1.png\n'}
[42.062660] (gazebo_bluerov2) StdoutLine: {'line': b'-- Up-to-date: /home/ngt/ZENS-Final-AUVC/install/gazebo_bluerov2/share/gazebo_bluerov2/models/bluerov2_2025_port_9002/materials/scripts\n'}
[42.063297] (gazebo_bluerov2) StdoutLine: {'line': b'-- Up-to-date: /home/ngt/ZENS-Final-AUVC/install/gazebo_bluerov2/share/gazebo_bluerov2/models/bluerov2_2025_port_9002/materials/scripts/april_tag_1.material\n'}
[42.068230] (gazebo_bluerov2) StdoutLine: {'line': b'-- Up-to-date: /home/ngt/ZENS-Final-AUVC/install/gazebo_bluerov2/share/gazebo_bluerov2/models/bluerov2_2025_port_9002/BlueROV2.md\n'}
[42.071040] (gazebo_bluerov2) StdoutLine: {'line': b'-- Up-to-date: /home/ngt/ZENS-Final-AUVC/install/gazebo_bluerov2/share/gazebo_bluerov2/models/bluerov2_2025_port_9002/configs.yaml\n'}
[42.072772] (gazebo_bluerov2) StdoutLine: {'line': b'-- Up-to-date: /home/ngt/ZENS-Final-AUVC/install/gazebo_bluerov2/share/gazebo_bluerov2/models/bluerov2_2025_port_9002/meshes\n'}
[42.073504] (gazebo_bluerov2) StdoutLine: {'line': b'-- Up-to-date: /home/ngt/ZENS-Final-AUVC/install/gazebo_bluerov2/share/gazebo_bluerov2/models/bluerov2_2025_port_9002/meshes/t200_cw_prop.dae\n'}
[42.082227] (gazebo_bluerov2) StdoutLine: {'line': b'-- Up-to-date: /home/ngt/ZENS-Final-AUVC/install/gazebo_bluerov2/share/gazebo_bluerov2/models/bluerov2_2025_port_9002/meshes/t200_ccw_prop.dae\n'}
[42.083315] (gazebo_bluerov2) StdoutLine: {'line': b'-- Up-to-date: /home/ngt/ZENS-Final-AUVC/install/gazebo_bluerov2/share/gazebo_bluerov2/models/bluerov2_2025_port_9002/meshes/bluerov2.dae\n'}
[42.084412] (gazebo_bluerov2) StdoutLine: {'line': b'-- Up-to-date: /home/ngt/ZENS-Final-AUVC/install/gazebo_bluerov2/share/gazebo_bluerov2/models/bluerov2_2025_port_9002/model.config\n'}
[42.090797] (gazebo_bluerov2) StdoutLine: {'line': b'-- Up-to-date: /home/ngt/ZENS-Final-AUVC/install/gazebo_bluerov2/share/gazebo_bluerov2/models/Apriltag36_11_00000\n'}
[42.093126] (-) TimerEvent: {}
[42.093538] (gazebo_bluerov2) StdoutLine: {'line': b'-- Up-to-date: /home/ngt/ZENS-Final-AUVC/install/gazebo_bluerov2/share/gazebo_bluerov2/models/Apriltag36_11_00000/model.sdf\n'}
[42.101187] (gazebo_bluerov2) StdoutLine: {'line': b'-- Up-to-date: /home/ngt/ZENS-Final-AUVC/install/gazebo_bluerov2/share/gazebo_bluerov2/models/Apriltag36_11_00000/materials\n'}
[42.103198] (gazebo_bluerov2) StdoutLine: {'line': b'-- Up-to-date: /home/ngt/ZENS-Final-AUVC/install/gazebo_bluerov2/share/gazebo_bluerov2/models/Apriltag36_11_00000/materials/textures\n'}
[42.104081] (gazebo_bluerov2) StdoutLine: {'line': b'-- Up-to-date: /home/ngt/ZENS-Final-AUVC/install/gazebo_bluerov2/share/gazebo_bluerov2/models/Apriltag36_11_00000/materials/textures/tag36_11_00000.png\n'}
[42.104748] (gazebo_bluerov2) StdoutLine: {'line': b'-- Up-to-date: /home/ngt/ZENS-Final-AUVC/install/gazebo_bluerov2/share/gazebo_bluerov2/models/Apriltag36_11_00000/materials/scripts\n'}
[42.105456] (gazebo_bluerov2) StdoutLine: {'line': b'-- Up-to-date: /home/ngt/ZENS-Final-AUVC/install/gazebo_bluerov2/share/gazebo_bluerov2/models/Apriltag36_11_00000/materials/scripts/Apriltag.material\n'}
[42.112507] (gazebo_bluerov2) StdoutLine: {'line': b'-- Up-to-date: /home/ngt/ZENS-Final-AUVC/install/gazebo_bluerov2/share/gazebo_bluerov2/models/Apriltag36_11_00000/model.config\n'}
[42.113236] (gazebo_bluerov2) StdoutLine: {'line': b'-- Up-to-date: /home/ngt/ZENS-Final-AUVC/install/gazebo_bluerov2/share/gazebo_bluerov2/models/Apriltag36_11_00007\n'}
[42.126753] (gazebo_bluerov2) StdoutLine: {'line': b'-- Up-to-date: /home/ngt/ZENS-Final-AUVC/install/gazebo_bluerov2/share/gazebo_bluerov2/models/Apriltag36_11_00007/model.sdf\n'}
[42.127633] (gazebo_bluerov2) StdoutLine: {'line': b'-- Up-to-date: /home/ngt/ZENS-Final-AUVC/install/gazebo_bluerov2/share/gazebo_bluerov2/models/Apriltag36_11_00007/materials\n'}
[42.128417] (gazebo_bluerov2) StdoutLine: {'line': b'-- Up-to-date: /home/ngt/ZENS-Final-AUVC/install/gazebo_bluerov2/share/gazebo_bluerov2/models/Apriltag36_11_00007/materials/textures\n'}
[42.137244] (gazebo_bluerov2) StdoutLine: {'line': b'-- Up-to-date: /home/ngt/ZENS-Final-AUVC/install/gazebo_bluerov2/share/gazebo_bluerov2/models/Apriltag36_11_00007/materials/textures/tag36_11_00007.png\n'}
[42.137981] (gazebo_bluerov2) StdoutLine: {'line': b'-- Up-to-date: /home/ngt/ZENS-Final-AUVC/install/gazebo_bluerov2/share/gazebo_bluerov2/models/Apriltag36_11_00007/materials/scripts\n'}
[42.139247] (gazebo_bluerov2) StdoutLine: {'line': b'-- Up-to-date: /home/ngt/ZENS-Final-AUVC/install/gazebo_bluerov2/share/gazebo_bluerov2/models/Apriltag36_11_00007/materials/scripts/Apriltag.material\n'}
[42.139944] (gazebo_bluerov2) StdoutLine: {'line': b'-- Up-to-date: /home/ngt/ZENS-Final-AUVC/install/gazebo_bluerov2/share/gazebo_bluerov2/models/Apriltag36_11_00007/model.config\n'}
[42.140640] (gazebo_bluerov2) StdoutLine: {'line': b'-- Up-to-date: /home/ngt/ZENS-Final-AUVC/install/gazebo_bluerov2/share/gazebo_bluerov2/worlds\n'}
[42.141313] (gazebo_bluerov2) StdoutLine: {'line': b'-- Up-to-date: /home/ngt/ZENS-Final-AUVC/install/gazebo_bluerov2/share/gazebo_bluerov2/worlds/bluerov2_simulation_1x.world\n'}
[42.146256] (gazebo_bluerov2) StdoutLine: {'line': b'-- Up-to-date: /home/ngt/ZENS-Final-AUVC/install/gazebo_bluerov2/share/gazebo_bluerov2/worlds/bluerov2_camera.world\n'}
[42.152314] (gazebo_bluerov2) StdoutLine: {'line': b'-- Up-to-date: /home/ngt/ZENS-Final-AUVC/install/gazebo_bluerov2/share/gazebo_bluerov2/worlds/bluerov2_simulation_2x.world\n'}
[42.152992] (gazebo_bluerov2) StdoutLine: {'line': b'-- Up-to-date: /home/ngt/ZENS-Final-AUVC/install/gazebo_bluerov2/share/gazebo_bluerov2/worlds/bluerov2_2vessels.world\n'}
[42.153490] (gazebo_bluerov2) StdoutLine: {'line': b'-- Up-to-date: /home/ngt/ZENS-Final-AUVC/install/gazebo_bluerov2/share/gazebo_bluerov2/worlds/bluerov2_heavy_underwater.world\n'}
[42.154100] (gazebo_bluerov2) StdoutLine: {'line': b'-- Up-to-date: /home/ngt/ZENS-Final-AUVC/install/gazebo_bluerov2/share/gazebo_bluerov2/worlds/bluerov2_underwater.world\n'}
[42.163975] (gazebo_bluerov2) StdoutLine: {'line': b'-- Up-to-date: /home/ngt/ZENS-Final-AUVC/install/gazebo_bluerov2/share/gazebo_bluerov2/worlds/bluerov2_1x.world\n'}
[42.164844] (gazebo_bluerov2) StdoutLine: {'line': b'-- Up-to-date: /home/ngt/ZENS-Final-AUVC/install/gazebo_bluerov2/share/gazebo_bluerov2/worlds/bluerov2_2x.world\n'}
[42.165524] (gazebo_bluerov2) StdoutLine: {'line': b'-- Up-to-date: /home/ngt/ZENS-Final-AUVC/install/gazebo_bluerov2/share/ament_index/resource_index/package_run_dependencies/gazebo_bluerov2\n'}
[42.166221] (gazebo_bluerov2) StdoutLine: {'line': b'-- Up-to-date: /home/ngt/ZENS-Final-AUVC/install/gazebo_bluerov2/share/ament_index/resource_index/parent_prefix_path/gazebo_bluerov2\n'}
[42.173879] (gazebo_bluerov2) StdoutLine: {'line': b'-- Up-to-date: /home/ngt/ZENS-Final-AUVC/install/gazebo_bluerov2/share/gazebo_bluerov2/environment/ament_prefix_path.sh\n'}
[42.175598] (gazebo_bluerov2) StdoutLine: {'line': b'-- Up-to-date: /home/ngt/ZENS-Final-AUVC/install/gazebo_bluerov2/share/gazebo_bluerov2/environment/ament_prefix_path.dsv\n'}
[42.176349] (gazebo_bluerov2) StdoutLine: {'line': b'-- Up-to-date: /home/ngt/ZENS-Final-AUVC/install/gazebo_bluerov2/share/gazebo_bluerov2/environment/path.sh\n'}
[42.177100] (gazebo_bluerov2) StdoutLine: {'line': b'-- Up-to-date: /home/ngt/ZENS-Final-AUVC/install/gazebo_bluerov2/share/gazebo_bluerov2/environment/path.dsv\n'}
[42.184192] (gazebo_bluerov2) StdoutLine: {'line': b'-- Up-to-date: /home/ngt/ZENS-Final-AUVC/install/gazebo_bluerov2/share/gazebo_bluerov2/local_setup.bash\n'}
[42.185161] (gazebo_bluerov2) StdoutLine: {'line': b'-- Up-to-date: /home/ngt/ZENS-Final-AUVC/install/gazebo_bluerov2/share/gazebo_bluerov2/local_setup.sh\n'}
[42.185859] (gazebo_bluerov2) StdoutLine: {'line': b'-- Up-to-date: /home/ngt/ZENS-Final-AUVC/install/gazebo_bluerov2/share/gazebo_bluerov2/local_setup.zsh\n'}
[42.186485] (gazebo_bluerov2) StdoutLine: {'line': b'-- Up-to-date: /home/ngt/ZENS-Final-AUVC/install/gazebo_bluerov2/share/gazebo_bluerov2/local_setup.dsv\n'}
[42.203705] (-) TimerEvent: {}
[42.204705] (gazebo_bluerov2) StdoutLine: {'line': b'-- Installing: /home/ngt/ZENS-Final-AUVC/install/gazebo_bluerov2/share/gazebo_bluerov2/package.dsv\n'}
[42.210033] (gazebo_bluerov2) StdoutLine: {'line': b'-- Up-to-date: /home/ngt/ZENS-Final-AUVC/install/gazebo_bluerov2/share/ament_index/resource_index/packages/gazebo_bluerov2\n'}
[42.211151] (gazebo_bluerov2) StdoutLine: {'line': b'-- Up-to-date: /home/ngt/ZENS-Final-AUVC/install/gazebo_bluerov2/share/gazebo_bluerov2/cmake/gazebo_bluerov2Config.cmake\n'}
[42.218805] (gazebo_bluerov2) StdoutLine: {'line': b'-- Up-to-date: /home/ngt/ZENS-Final-AUVC/install/gazebo_bluerov2/share/gazebo_bluerov2/cmake/gazebo_bluerov2Config-version.cmake\n'}
[42.219424] (gazebo_bluerov2) StdoutLine: {'line': b'-- Up-to-date: /home/ngt/ZENS-Final-AUVC/install/gazebo_bluerov2/share/gazebo_bluerov2/package.xml\n'}
[42.220081] (gazebo_bluerov2) StdoutLine: {'line': b'-- Up-to-date: /home/ngt/ZENS-Final-AUVC/install/gazebo_bluerov2/share/gazebo_bluerov2/models\n'}
[42.221776] (gazebo_bluerov2) StdoutLine: {'line': b'-- Up-to-date: /home/ngt/ZENS-Final-AUVC/install/gazebo_bluerov2/share/gazebo_bluerov2/models/sand_heightmap\n'}
[42.224969] (gazebo_bluerov2) StdoutLine: {'line': b'-- Up-to-date: /home/ngt/ZENS-Final-AUVC/install/gazebo_bluerov2/share/gazebo_bluerov2/models/sand_heightmap/model.sdf\n'}
[42.225657] (gazebo_bluerov2) StdoutLine: {'line': b'-- Up-to-date: /home/ngt/ZENS-Final-AUVC/install/gazebo_bluerov2/share/gazebo_bluerov2/models/sand_heightmap/materials\n'}
[42.226342] (gazebo_bluerov2) StdoutLine: {'line': b'-- Up-to-date: /home/ngt/ZENS-Final-AUVC/install/gazebo_bluerov2/share/gazebo_bluerov2/models/sand_heightmap/materials/flat_normal.png\n'}
[42.231224] (gazebo_bluerov2) StdoutLine: {'line': b'-- Up-to-date: /home/ngt/ZENS-Final-AUVC/install/gazebo_bluerov2/share/gazebo_bluerov2/models/sand_heightmap/materials/soil_sand_0045_01.jpg\n'}
[42.231935] (gazebo_bluerov2) StdoutLine: {'line': b'-- Up-to-date: /home/ngt/ZENS-Final-AUVC/install/gazebo_bluerov2/share/gazebo_bluerov2/models/sand_heightmap/meshes\n'}
[42.243231] (gazebo_bluerov2) StdoutLine: {'line': b'-- Up-to-date: /home/ngt/ZENS-Final-AUVC/install/gazebo_bluerov2/share/gazebo_bluerov2/models/sand_heightmap/meshes/License and source for textures.txt\n'}
[42.257800] (gazebo_bluerov2) StdoutLine: {'line': b'-- Up-to-date: /home/ngt/ZENS-Final-AUVC/install/gazebo_bluerov2/share/gazebo_bluerov2/models/sand_heightmap/meshes/sandseabed.dae\n'}
[42.258537] (gazebo_bluerov2) StdoutLine: {'line': b'-- Up-to-date: /home/ngt/ZENS-Final-AUVC/install/gazebo_bluerov2/share/gazebo_bluerov2/models/sand_heightmap/meshes/heightmap.dae\n'}
[42.260835] (gazebo_bluerov2) StdoutLine: {'line': b'-- Up-to-date: /home/ngt/ZENS-Final-AUVC/install/gazebo_bluerov2/share/gazebo_bluerov2/models/sand_heightmap/meshes/soil_sand_0045_01.jpg\n'}
[42.270351] (gazebo_bluerov2) StdoutLine: {'line': b'-- Up-to-date: /home/ngt/ZENS-Final-AUVC/install/gazebo_bluerov2/share/gazebo_bluerov2/models/sand_heightmap/model.config\n'}
[42.271217] (gazebo_bluerov2) StdoutLine: {'line': b'-- Up-to-date: /home/ngt/ZENS-Final-AUVC/install/gazebo_bluerov2/share/gazebo_bluerov2/models/Apriltag36_11_00001\n'}
[42.271801] (gazebo_bluerov2) StdoutLine: {'line': b'-- Up-to-date: /home/ngt/ZENS-Final-AUVC/install/gazebo_bluerov2/share/gazebo_bluerov2/models/Apriltag36_11_00001/model.sdf\n'}
[42.296876] (gazebo_bluerov2) StdoutLine: {'line': b'-- Up-to-date: /home/ngt/ZENS-Final-AUVC/install/gazebo_bluerov2/share/gazebo_bluerov2/models/Apriltag36_11_00001/materials\n'}
[42.297951] (gazebo_bluerov2) StdoutLine: {'line': b'-- Up-to-date: /home/ngt/ZENS-Final-AUVC/install/gazebo_bluerov2/share/gazebo_bluerov2/models/Apriltag36_11_00001/materials/textures\n'}
[42.298836] (gazebo_bluerov2) StdoutLine: {'line': b'-- Up-to-date: /home/ngt/ZENS-Final-AUVC/install/gazebo_bluerov2/share/gazebo_bluerov2/models/Apriltag36_11_00001/materials/textures/tag36_11_00001.png\n'}
[42.332004] (-) TimerEvent: {}
[42.332461] (gazebo_bluerov2) StdoutLine: {'line': b'-- Up-to-date: /home/ngt/ZENS-Final-AUVC/install/gazebo_bluerov2/share/gazebo_bluerov2/models/Apriltag36_11_00001/materials/scripts\n'}
[42.333145] (gazebo_bluerov2) StdoutLine: {'line': b'-- Up-to-date: /home/ngt/ZENS-Final-AUVC/install/gazebo_bluerov2/share/gazebo_bluerov2/models/Apriltag36_11_00001/materials/scripts/Apriltag.material\n'}
[42.333728] (gazebo_bluerov2) StdoutLine: {'line': b'-- Up-to-date: /home/ngt/ZENS-Final-AUVC/install/gazebo_bluerov2/share/gazebo_bluerov2/models/Apriltag36_11_00001/model.config\n'}
[42.334209] (gazebo_bluerov2) StdoutLine: {'line': b'-- Up-to-date: /home/ngt/ZENS-Final-AUVC/install/gazebo_bluerov2/share/gazebo_bluerov2/models/axes\n'}
[42.349369] (gazebo_bluerov2) StdoutLine: {'line': b'-- Up-to-date: /home/ngt/ZENS-Final-AUVC/install/gazebo_bluerov2/share/gazebo_bluerov2/models/axes/model.sdf\n'}
[42.366335] (gazebo_bluerov2) StdoutLine: {'line': b'-- Up-to-date: /home/ngt/ZENS-Final-AUVC/install/gazebo_bluerov2/share/gazebo_bluerov2/models/axes/model.config\n'}
[42.367174] (gazebo_bluerov2) StdoutLine: {'line': b'-- Up-to-date: /home/ngt/ZENS-Final-AUVC/install/gazebo_bluerov2/share/gazebo_bluerov2/models/Apriltag36_11_00004\n'}
[42.367965] (gazebo_bluerov2) StdoutLine: {'line': b'-- Up-to-date: /home/ngt/ZENS-Final-AUVC/install/gazebo_bluerov2/share/gazebo_bluerov2/models/Apriltag36_11_00004/model.sdf\n'}
[42.379741] (gazebo_bluerov2) StdoutLine: {'line': b'-- Up-to-date: /home/ngt/ZENS-Final-AUVC/install/gazebo_bluerov2/share/gazebo_bluerov2/models/Apriltag36_11_00004/materials\n'}
[42.380707] (gazebo_bluerov2) StdoutLine: {'line': b'-- Up-to-date: /home/ngt/ZENS-Final-AUVC/install/gazebo_bluerov2/share/gazebo_bluerov2/models/Apriltag36_11_00004/materials/textures\n'}
[42.384693] (gazebo_bluerov2) StdoutLine: {'line': b'-- Up-to-date: /home/ngt/ZENS-Final-AUVC/install/gazebo_bluerov2/share/gazebo_bluerov2/models/Apriltag36_11_00004/materials/textures/tag36_11_00004.png\n'}
[42.395633] (gazebo_bluerov2) StdoutLine: {'line': b'-- Up-to-date: /home/ngt/ZENS-Final-AUVC/install/gazebo_bluerov2/share/gazebo_bluerov2/models/Apriltag36_11_00004/materials/scripts\n'}
[42.400252] (gazebo_bluerov2) StdoutLine: {'line': b'-- Up-to-date: /home/ngt/ZENS-Final-AUVC/install/gazebo_bluerov2/share/gazebo_bluerov2/models/Apriltag36_11_00004/materials/scripts/Apriltag.material\n'}
[42.409459] (gazebo_bluerov2) StdoutLine: {'line': b'-- Up-to-date: /home/ngt/ZENS-Final-AUVC/install/gazebo_bluerov2/share/gazebo_bluerov2/models/Apriltag36_11_00004/model.config\n'}
[42.416718] (gazebo_bluerov2) StdoutLine: {'line': b'-- Up-to-date: /home/ngt/ZENS-Final-AUVC/install/gazebo_bluerov2/share/gazebo_bluerov2/models/Apriltag36_11_00008\n'}
[42.421824] (gazebo_bluerov2) StdoutLine: {'line': b'-- Up-to-date: /home/ngt/ZENS-Final-AUVC/install/gazebo_bluerov2/share/gazebo_bluerov2/models/Apriltag36_11_00008/model.sdf\n'}
[42.422697] (gazebo_bluerov2) StdoutLine: {'line': b'-- Up-to-date: /home/ngt/ZENS-Final-AUVC/install/gazebo_bluerov2/share/gazebo_bluerov2/models/Apriltag36_11_00008/materials\n'}
[42.441093] (-) TimerEvent: {}
[42.442933] (gazebo_bluerov2) StdoutLine: {'line': b'-- Up-to-date: /home/ngt/ZENS-Final-AUVC/install/gazebo_bluerov2/share/gazebo_bluerov2/models/Apriltag36_11_00008/materials/textures\n'}
[42.451009] (gazebo_bluerov2) StdoutLine: {'line': b'-- Up-to-date: /home/ngt/ZENS-Final-AUVC/install/gazebo_bluerov2/share/gazebo_bluerov2/models/Apriltag36_11_00008/materials/textures/tag36_11_00008.png\n'}
[42.451870] (gazebo_bluerov2) StdoutLine: {'line': b'-- Up-to-date: /home/ngt/ZENS-Final-AUVC/install/gazebo_bluerov2/share/gazebo_bluerov2/models/Apriltag36_11_00008/materials/scripts\n'}
[42.464125] (gazebo_bluerov2) StdoutLine: {'line': b'-- Up-to-date: /home/ngt/ZENS-Final-AUVC/install/gazebo_bluerov2/share/gazebo_bluerov2/models/Apriltag36_11_00008/materials/scripts/Apriltag.material\n'}
[42.465269] (gazebo_bluerov2) StdoutLine: {'line': b'-- Up-to-date: /home/ngt/ZENS-Final-AUVC/install/gazebo_bluerov2/share/gazebo_bluerov2/models/Apriltag36_11_00008/model.config\n'}
[42.487206] (gazebo_bluerov2) StdoutLine: {'line': b'-- Up-to-date: /home/ngt/ZENS-Final-AUVC/install/gazebo_bluerov2/share/gazebo_bluerov2/models/Apriltag36_11_00003\n'}
[42.488158] (gazebo_bluerov2) StdoutLine: {'line': b'-- Up-to-date: /home/ngt/ZENS-Final-AUVC/install/gazebo_bluerov2/share/gazebo_bluerov2/models/Apriltag36_11_00003/model.sdf\n'}
[42.489133] (gazebo_bluerov2) StdoutLine: {'line': b'-- Up-to-date: /home/ngt/ZENS-Final-AUVC/install/gazebo_bluerov2/share/gazebo_bluerov2/models/Apriltag36_11_00003/materials\n'}
[42.503156] (gazebo_bluerov2) StdoutLine: {'line': b'-- Up-to-date: /home/ngt/ZENS-Final-AUVC/install/gazebo_bluerov2/share/gazebo_bluerov2/models/Apriltag36_11_00003/materials/textures\n'}
[42.504125] (gazebo_bluerov2) StdoutLine: {'line': b'-- Up-to-date: /home/ngt/ZENS-Final-AUVC/install/gazebo_bluerov2/share/gazebo_bluerov2/models/Apriltag36_11_00003/materials/textures/tag36_11_00003.png\n'}
[42.504753] (gazebo_bluerov2) StdoutLine: {'line': b'-- Up-to-date: /home/ngt/ZENS-Final-AUVC/install/gazebo_bluerov2/share/gazebo_bluerov2/models/Apriltag36_11_00003/materials/scripts\n'}
[42.505542] (gazebo_bluerov2) StdoutLine: {'line': b'-- Up-to-date: /home/ngt/ZENS-Final-AUVC/install/gazebo_bluerov2/share/gazebo_bluerov2/models/Apriltag36_11_00003/materials/scripts/Apriltag.material\n'}
[42.528036] (gazebo_bluerov2) StdoutLine: {'line': b'-- Up-to-date: /home/ngt/ZENS-Final-AUVC/install/gazebo_bluerov2/share/gazebo_bluerov2/models/Apriltag36_11_00003/model.config\n'}
[42.528743] (gazebo_bluerov2) StdoutLine: {'line': b'-- Up-to-date: /home/ngt/ZENS-Final-AUVC/install/gazebo_bluerov2/share/gazebo_bluerov2/models/Apriltag36_11_00006\n'}
[42.529326] (gazebo_bluerov2) StdoutLine: {'line': b'-- Up-to-date: /home/ngt/ZENS-Final-AUVC/install/gazebo_bluerov2/share/gazebo_bluerov2/models/Apriltag36_11_00006/model.sdf\n'}
[42.536988] (gazebo_bluerov2) StdoutLine: {'line': b'-- Up-to-date: /home/ngt/ZENS-Final-AUVC/install/gazebo_bluerov2/share/gazebo_bluerov2/models/Apriltag36_11_00006/materials\n'}
[42.540384] (gazebo_bluerov2) StdoutLine: {'line': b'-- Up-to-date: /home/ngt/ZENS-Final-AUVC/install/gazebo_bluerov2/share/gazebo_bluerov2/models/Apriltag36_11_00006/materials/textures\n'}
[42.570355] (-) TimerEvent: {}
[42.570891] (gazebo_bluerov2) StdoutLine: {'line': b'-- Up-to-date: /home/ngt/ZENS-Final-AUVC/install/gazebo_bluerov2/share/gazebo_bluerov2/models/Apriltag36_11_00006/materials/textures/tag36_11_00006.png\n'}
[42.571659] (gazebo_bluerov2) StdoutLine: {'line': b'-- Up-to-date: /home/ngt/ZENS-Final-AUVC/install/gazebo_bluerov2/share/gazebo_bluerov2/models/Apriltag36_11_00006/materials/scripts\n'}
[42.572272] (gazebo_bluerov2) StdoutLine: {'line': b'-- Up-to-date: /home/ngt/ZENS-Final-AUVC/install/gazebo_bluerov2/share/gazebo_bluerov2/models/Apriltag36_11_00006/materials/scripts/Apriltag.material\n'}
[42.580106] (gazebo_bluerov2) StdoutLine: {'line': b'-- Up-to-date: /home/ngt/ZENS-Final-AUVC/install/gazebo_bluerov2/share/gazebo_bluerov2/models/Apriltag36_11_00006/model.config\n'}
[42.580763] (gazebo_bluerov2) StdoutLine: {'line': b'-- Up-to-date: /home/ngt/ZENS-Final-AUVC/install/gazebo_bluerov2/share/gazebo_bluerov2/models/bluerov2_2025\n'}
[42.581360] (gazebo_bluerov2) StdoutLine: {'line': b'-- Up-to-date: /home/ngt/ZENS-Final-AUVC/install/gazebo_bluerov2/share/gazebo_bluerov2/models/bluerov2_2025/model.sdf\n'}
[42.582181] (gazebo_bluerov2) StdoutLine: {'line': b'-- Up-to-date: /home/ngt/ZENS-Final-AUVC/install/gazebo_bluerov2/share/gazebo_bluerov2/models/bluerov2_2025/model.sdf.in\n'}
[42.604202] (gazebo_bluerov2) StdoutLine: {'line': b'-- Up-to-date: /home/ngt/ZENS-Final-AUVC/install/gazebo_bluerov2/share/gazebo_bluerov2/models/bluerov2_2025/materials\n'}
[42.608287] (gazebo_bluerov2) StdoutLine: {'line': b'-- Up-to-date: /home/ngt/ZENS-Final-AUVC/install/gazebo_bluerov2/share/gazebo_bluerov2/models/bluerov2_2025/materials/textures\n'}
[42.620454] (gazebo_bluerov2) StdoutLine: {'line': b'-- Up-to-date: /home/ngt/ZENS-Final-AUVC/install/gazebo_bluerov2/share/gazebo_bluerov2/models/bluerov2_2025/materials/textures/april1.png\n'}
[42.625087] (gazebo_bluerov2) StdoutLine: {'line': b'-- Up-to-date: /home/ngt/ZENS-Final-AUVC/install/gazebo_bluerov2/share/gazebo_bluerov2/models/bluerov2_2025/materials/scripts\n'}
[42.642126] (gazebo_bluerov2) StdoutLine: {'line': b'-- Up-to-date: /home/ngt/ZENS-Final-AUVC/install/gazebo_bluerov2/share/gazebo_bluerov2/models/bluerov2_2025/materials/scripts/april_tag_1.material\n'}
[42.642885] (gazebo_bluerov2) StdoutLine: {'line': b'-- Up-to-date: /home/ngt/ZENS-Final-AUVC/install/gazebo_bluerov2/share/gazebo_bluerov2/models/bluerov2_2025/BlueROV2.md\n'}
[42.644884] (gazebo_bluerov2) StdoutLine: {'line': b'-- Up-to-date: /home/ngt/ZENS-Final-AUVC/install/gazebo_bluerov2/share/gazebo_bluerov2/models/bluerov2_2025/configs.yaml\n'}
[42.650295] (gazebo_bluerov2) StdoutLine: {'line': b'-- Up-to-date: /home/ngt/ZENS-Final-AUVC/install/gazebo_bluerov2/share/gazebo_bluerov2/models/bluerov2_2025/meshes\n'}
[42.667960] (gazebo_bluerov2) StdoutLine: {'line': b'-- Up-to-date: /home/ngt/ZENS-Final-AUVC/install/gazebo_bluerov2/share/gazebo_bluerov2/models/bluerov2_2025/meshes/t200_cw_prop.dae\n'}
[42.668669] (gazebo_bluerov2) StdoutLine: {'line': b'-- Up-to-date: /home/ngt/ZENS-Final-AUVC/install/gazebo_bluerov2/share/gazebo_bluerov2/models/bluerov2_2025/meshes/t200_ccw_prop.dae\n'}
[42.669354] (gazebo_bluerov2) StdoutLine: {'line': b'-- Up-to-date: /home/ngt/ZENS-Final-AUVC/install/gazebo_bluerov2/share/gazebo_bluerov2/models/bluerov2_2025/meshes/bluerov2.dae\n'}
[42.670049] (gazebo_bluerov2) StdoutLine: {'line': b'-- Up-to-date: /home/ngt/ZENS-Final-AUVC/install/gazebo_bluerov2/share/gazebo_bluerov2/models/bluerov2_2025/model.config\n'}
[42.681511] (-) TimerEvent: {}
[42.682065] (gazebo_bluerov2) StdoutLine: {'line': b'-- Up-to-date: /home/ngt/ZENS-Final-AUVC/install/gazebo_bluerov2/share/gazebo_bluerov2/models/bluerov2_heavy\n'}
[42.684174] (gazebo_bluerov2) StdoutLine: {'line': b'-- Up-to-date: /home/ngt/ZENS-Final-AUVC/install/gazebo_bluerov2/share/gazebo_bluerov2/models/bluerov2_heavy/model.sdf\n'}
[42.698501] (gazebo_bluerov2) StdoutLine: {'line': b'-- Up-to-date: /home/ngt/ZENS-Final-AUVC/install/gazebo_bluerov2/share/gazebo_bluerov2/models/bluerov2_heavy/model.sdf.in\n'}
[42.699961] (gazebo_bluerov2) StdoutLine: {'line': b'-- Up-to-date: /home/ngt/ZENS-Final-AUVC/install/gazebo_bluerov2/share/gazebo_bluerov2/models/bluerov2_heavy/BlueROV2Heavy.md\n'}
[42.705268] (gazebo_bluerov2) StdoutLine: {'line': b'-- Up-to-date: /home/ngt/ZENS-Final-AUVC/install/gazebo_bluerov2/share/gazebo_bluerov2/models/bluerov2_heavy/configs.yaml\n'}
[42.716902] (gazebo_bluerov2) StdoutLine: {'line': b'-- Up-to-date: /home/ngt/ZENS-Final-AUVC/install/gazebo_bluerov2/share/gazebo_bluerov2/models/bluerov2_heavy/meshes\n'}
[42.721657] (gazebo_bluerov2) StdoutLine: {'line': b'-- Up-to-date: /home/ngt/ZENS-Final-AUVC/install/gazebo_bluerov2/share/gazebo_bluerov2/models/bluerov2_heavy/meshes/t200_cw_prop.dae\n'}
[42.726346] (gazebo_bluerov2) StdoutLine: {'line': b'-- Up-to-date: /home/ngt/ZENS-Final-AUVC/install/gazebo_bluerov2/share/gazebo_bluerov2/models/bluerov2_heavy/meshes/t200_ccw_prop.dae\n'}
[42.732135] (gazebo_bluerov2) StdoutLine: {'line': b'-- Up-to-date: /home/ngt/ZENS-Final-AUVC/install/gazebo_bluerov2/share/gazebo_bluerov2/models/bluerov2_heavy/meshes/bluerov2_heavy.dae\n'}
[42.735929] (gazebo_bluerov2) StdoutLine: {'line': b'-- Up-to-date: /home/ngt/ZENS-Final-AUVC/install/gazebo_bluerov2/share/gazebo_bluerov2/models/bluerov2_heavy/model.config\n'}
[42.737235] (gazebo_bluerov2) StdoutLine: {'line': b'-- Up-to-date: /home/ngt/ZENS-Final-AUVC/install/gazebo_bluerov2/share/gazebo_bluerov2/models/Apriltag36_11_00005\n'}
[42.740434] (gazebo_bluerov2) StdoutLine: {'line': b'-- Up-to-date: /home/ngt/ZENS-Final-AUVC/install/gazebo_bluerov2/share/gazebo_bluerov2/models/Apriltag36_11_00005/model.sdf\n'}
[42.746810] (gazebo_bluerov2) StdoutLine: {'line': b'-- Up-to-date: /home/ngt/ZENS-Final-AUVC/install/gazebo_bluerov2/share/gazebo_bluerov2/models/Apriltag36_11_00005/materials\n'}
[42.747673] (gazebo_bluerov2) StdoutLine: {'line': b'-- Up-to-date: /home/ngt/ZENS-Final-AUVC/install/gazebo_bluerov2/share/gazebo_bluerov2/models/Apriltag36_11_00005/materials/textures\n'}
[42.753685] (gazebo_bluerov2) StdoutLine: {'line': b'-- Up-to-date: /home/ngt/ZENS-Final-AUVC/install/gazebo_bluerov2/share/gazebo_bluerov2/models/Apriltag36_11_00005/materials/textures/tag36_11_00005.png\n'}
[42.756537] (gazebo_bluerov2) StdoutLine: {'line': b'-- Up-to-date: /home/ngt/ZENS-Final-AUVC/install/gazebo_bluerov2/share/gazebo_bluerov2/models/Apriltag36_11_00005/materials/scripts\n'}
[42.757246] (gazebo_bluerov2) StdoutLine: {'line': b'-- Up-to-date: /home/ngt/ZENS-Final-AUVC/install/gazebo_bluerov2/share/gazebo_bluerov2/models/Apriltag36_11_00005/materials/scripts/Apriltag.material\n'}
[42.763011] (gazebo_bluerov2) StdoutLine: {'line': b'-- Up-to-date: /home/ngt/ZENS-Final-AUVC/install/gazebo_bluerov2/share/gazebo_bluerov2/models/Apriltag36_11_00005/model.config\n'}
[42.771244] (gazebo_bluerov2) StdoutLine: {'line': b'-- Up-to-date: /home/ngt/ZENS-Final-AUVC/install/gazebo_bluerov2/share/gazebo_bluerov2/models/pool_map\n'}
[42.776389] (gazebo_bluerov2) StdoutLine: {'line': b'-- Up-to-date: /home/ngt/ZENS-Final-AUVC/install/gazebo_bluerov2/share/gazebo_bluerov2/models/pool_map/model.sdf\n'}
[42.782824] (-) TimerEvent: {}
[42.785976] (gazebo_bluerov2) StdoutLine: {'line': b'-- Up-to-date: /home/ngt/ZENS-Final-AUVC/install/gazebo_bluerov2/share/gazebo_bluerov2/models/pool_map/blenderkit.jpg\n'}
[42.786755] (gazebo_bluerov2) StdoutLine: {'line': b'-- Up-to-date: /home/ngt/ZENS-Final-AUVC/install/gazebo_bluerov2/share/gazebo_bluerov2/models/pool_map/Black.png\n'}
[42.787363] (gazebo_bluerov2) StdoutLine: {'line': b'-- Up-to-date: /home/ngt/ZENS-Final-AUVC/install/gazebo_bluerov2/share/gazebo_bluerov2/models/pool_map/model.config\n'}
[42.796074] (gazebo_bluerov2) StdoutLine: {'line': b'-- Up-to-date: /home/ngt/ZENS-Final-AUVC/install/gazebo_bluerov2/share/gazebo_bluerov2/models/pool_map/model.dae\n'}
[42.800733] (gazebo_bluerov2) StdoutLine: {'line': b'-- Up-to-date: /home/ngt/ZENS-Final-AUVC/install/gazebo_bluerov2/share/gazebo_bluerov2/models/bluerov2_2025_port_9012\n'}
[42.804121] (gazebo_bluerov2) StdoutLine: {'line': b'-- Up-to-date: /home/ngt/ZENS-Final-AUVC/install/gazebo_bluerov2/share/gazebo_bluerov2/models/bluerov2_2025_port_9012/model.sdf\n'}
[42.804857] (gazebo_bluerov2) StdoutLine: {'line': b'-- Up-to-date: /home/ngt/ZENS-Final-AUVC/install/gazebo_bluerov2/share/gazebo_bluerov2/models/bluerov2_2025_port_9012/model.sdf.in\n'}
[42.810488] (gazebo_bluerov2) StdoutLine: {'line': b'-- Up-to-date: /home/ngt/ZENS-Final-AUVC/install/gazebo_bluerov2/share/gazebo_bluerov2/models/bluerov2_2025_port_9012/materials\n'}
[42.814286] (gazebo_bluerov2) StdoutLine: {'line': b'-- Up-to-date: /home/ngt/ZENS-Final-AUVC/install/gazebo_bluerov2/share/gazebo_bluerov2/models/bluerov2_2025_port_9012/materials/textures\n'}
[42.820196] (gazebo_bluerov2) StdoutLine: {'line': b'-- Up-to-date: /home/ngt/ZENS-Final-AUVC/install/gazebo_bluerov2/share/gazebo_bluerov2/models/bluerov2_2025_port_9012/materials/textures/april1.png\n'}
[42.827521] (gazebo_bluerov2) StdoutLine: {'line': b'-- Up-to-date: /home/ngt/ZENS-Final-AUVC/install/gazebo_bluerov2/share/gazebo_bluerov2/models/bluerov2_2025_port_9012/materials/scripts\n'}
[42.830914] (gazebo_bluerov2) StdoutLine: {'line': b'-- Up-to-date: /home/ngt/ZENS-Final-AUVC/install/gazebo_bluerov2/share/gazebo_bluerov2/models/bluerov2_2025_port_9012/materials/scripts/april_tag_1.material\n'}
[42.834768] (gazebo_bluerov2) StdoutLine: {'line': b'-- Up-to-date: /home/ngt/ZENS-Final-AUVC/install/gazebo_bluerov2/share/gazebo_bluerov2/models/bluerov2_2025_port_9012/BlueROV2.md\n'}
[42.837082] (gazebo_bluerov2) StdoutLine: {'line': b'-- Up-to-date: /home/ngt/ZENS-Final-AUVC/install/gazebo_bluerov2/share/gazebo_bluerov2/models/bluerov2_2025_port_9012/configs.yaml\n'}
[42.839129] (gazebo_bluerov2) StdoutLine: {'line': b'-- Up-to-date: /home/ngt/ZENS-Final-AUVC/install/gazebo_bluerov2/share/gazebo_bluerov2/models/bluerov2_2025_port_9012/meshes\n'}
[42.839853] (gazebo_bluerov2) StdoutLine: {'line': b'-- Up-to-date: /home/ngt/ZENS-Final-AUVC/install/gazebo_bluerov2/share/gazebo_bluerov2/models/bluerov2_2025_port_9012/meshes/t200_cw_prop.dae\n'}
[42.840492] (msgs) JobProgress: {'identifier': 'msgs', 'progress': 'cmake'}
[42.843890] (gazebo_bluerov2) StdoutLine: {'line': b'-- Up-to-date: /home/ngt/ZENS-Final-AUVC/install/gazebo_bluerov2/share/gazebo_bluerov2/models/bluerov2_2025_port_9012/meshes/t200_ccw_prop.dae\n'}
[42.844723] (gazebo_bluerov2) StdoutLine: {'line': b'-- Up-to-date: /home/ngt/ZENS-Final-AUVC/install/gazebo_bluerov2/share/gazebo_bluerov2/models/bluerov2_2025_port_9012/meshes/bluerov2.dae\n'}
[42.848753] (gazebo_bluerov2) StdoutLine: {'line': b'-- Up-to-date: /home/ngt/ZENS-Final-AUVC/install/gazebo_bluerov2/share/gazebo_bluerov2/models/bluerov2_2025_port_9012/model.config\n'}
[42.850888] (gazebo_bluerov2) StdoutLine: {'line': b'-- Up-to-date: /home/ngt/ZENS-Final-AUVC/install/gazebo_bluerov2/share/gazebo_bluerov2/models/Apriltag36_11_00002\n'}
[42.853167] (gazebo_bluerov2) StdoutLine: {'line': b'-- Up-to-date: /home/ngt/ZENS-Final-AUVC/install/gazebo_bluerov2/share/gazebo_bluerov2/models/Apriltag36_11_00002/model.sdf\n'}
[42.856526] (gazebo_bluerov2) StdoutLine: {'line': b'-- Up-to-date: /home/ngt/ZENS-Final-AUVC/install/gazebo_bluerov2/share/gazebo_bluerov2/models/Apriltag36_11_00002/materials\n'}
[42.858995] (gazebo_bluerov2) StdoutLine: {'line': b'-- Up-to-date: /home/ngt/ZENS-Final-AUVC/install/gazebo_bluerov2/share/gazebo_bluerov2/models/Apriltag36_11_00002/materials/textures\n'}
[42.862649] (msgs) JobProgress: {'identifier': 'msgs', 'progress': 'build'}
[42.864180] (msgs) Command: {'cmd': ['/usr/bin/cmake', '--build', '/home/ngt/ZENS-Final-AUVC/build/msgs', '--', '-j4', '-l4'], 'cwd': '/home/ngt/ZENS-Final-AUVC/build/msgs', 'env': OrderedDict({'PYTHON_BASIC_REPL': '1', 'VIRTUALENVWRAPPER_WORKON_CD': '1', 'USER': 'ngt', 'SSH_CLIENT': '192.168.3.1 64256 22', 'WORKON_HOME': '/home/ngt/.virtualenvs', 'GZ_SIM_RESOURCE_PATH': '/opt/ros/jazzy/share', 'GZ_CONFIG_PATH': '/opt/ros/jazzy/opt/gz_sim_vendor/share/gz:/opt/ros/jazzy/opt/sdformat_vendor/share/gz:/opt/ros/jazzy/opt/gz_gui_vendor/share/gz:/opt/ros/jazzy/opt/gz_transport_vendor/share/gz:/opt/ros/jazzy/opt/gz_rendering_vendor/share/gz:/opt/ros/jazzy/opt/gz_plugin_vendor/share/gz:/opt/ros/jazzy/opt/gz_fuel_tools_vendor/share/gz:/opt/ros/jazzy/opt/gz_msgs_vendor/share/gz:/opt/ros/jazzy/opt/gz_common_vendor/share/gz', 'XDG_SESSION_TYPE': 'tty', 'GIT_ASKPASS': '/home/ngt/.vscode-server/cli/servers/Stable-1b6a188127eeaf9194f945eb6eb89a657e93c54c/server/extensions/git/dist/askpass.sh', 'SHLVL': '1', 'BROWSER': '/home/ngt/.vscode-server/cli/servers/Stable-1b6a188127eeaf9194f945eb6eb89a657e93c54c/server/bin/helpers/browser.sh', 'LD_LIBRARY_PATH': '/home/ngt/ZENS-Final-AUVC/install/msgs/lib:/home/ngt/ZENS-Final-AUVC/install/gazebo_bluerov2/lib:/home/ngt/auvc_ws/install/example_custom_srv/lib:/home/ngt/pid_ws/install/target_depth_msgs/lib:/opt/ros/jazzy/opt/gz_sim_vendor/lib:/opt/ros/jazzy/opt/gz_sensors_vendor/lib:/opt/ros/jazzy/opt/gz_physics_vendor/lib:/opt/ros/jazzy/opt/sdformat_vendor/lib:/opt/ros/jazzy/opt/rviz_ogre_vendor/lib:/opt/ros/jazzy/lib/aarch64-linux-gnu:/opt/ros/jazzy/opt/gz_gui_vendor/lib:/opt/ros/jazzy/opt/gz_transport_vendor/lib:/opt/ros/jazzy/opt/gz_rendering_vendor/lib:/opt/ros/jazzy/opt/gz_plugin_vendor/lib:/opt/ros/jazzy/opt/gz_fuel_tools_vendor/lib:/opt/ros/jazzy/opt/gz_msgs_vendor/lib:/opt/ros/jazzy/opt/gz_common_vendor/lib:/opt/ros/jazzy/opt/gz_math_vendor/lib:/opt/ros/jazzy/opt/gz_utils_vendor/lib:/opt/ros/jazzy/opt/gz_tools_vendor/lib:/opt/ros/jazzy/opt/gz_ogre_next_vendor/lib:/opt/ros/jazzy/opt/gz_dartsim_vendor/lib:/opt/ros/jazzy/opt/gz_cmake_vendor/lib:/opt/ros/jazzy/lib', 'GZ_TRANSPORT_ID': '192.168.3.1', 'HOME': '/home/ngt', 'OLDPWD': '/home/ngt', 'LESS': '-R', 'VIRTUALENVWRAPPER_PYTHON': '/usr/bin/python3', 'TERM_PROGRAM_VERSION': '1.130.0', 'VSCODE_IPC_HOOK_CLI': '/run/user/1004/vscode-ipc-85f34aaf-8c14-4b5e-9609-f108a0457dd3.sock', 'ZSH': '/home/ngt/.oh-my-zsh', 'LSCOLORS': 'Gxfxcxdxbxegedabagacad', 'GZ_TRANSPORT_PUB_PORT': '11345', 'VSCODE_GIT_ASKPASS_MAIN': '/home/ngt/.vscode-server/cli/servers/Stable-1b6a188127eeaf9194f945eb6eb89a657e93c54c/server/extensions/git/dist/askpass-main.js', 'PAGER': 'less', 'ROS_PYTHON_VERSION': '3', 'PS1': '(ardusub) %(?:%{\x1b[01;32m%}%1{➜%} :%{\x1b[01;31m%}%1{➜%} ) %{\x1b[36m%}%c%{\x1b[00m%} $(git_prompt_info)', 'VSCODE_GIT_ASKPASS_NODE': '/home/ngt/.vscode-server/cli/servers/Stable-1b6a188127eeaf9194f945eb6eb89a657e93c54c/server/node', 'DBUS_SESSION_BUS_ADDRESS': 'unix:path=/run/user/1004/bus', 'PYDEVD_DISABLE_FILE_VALIDATION': '1', 'BUNDLED_DEBUGPY_PATH': '/home/ngt/.vscode-server/extensions/ms-python.debugpy-2026.6.0-linux-arm64/bundled/libs/debugpy', 'GZ_TRANSPORT_SUB_PORT': '11346', 'VSCODE_PYTHON_AUTOACTIVATE_GUARD': '1', 'COLORTERM': 'truecolor', 'ROS_DISTRO': 'jazzy', 'COLCON_PREFIX_PATH': '/home/ngt/ZENS-Final-AUVC/install:/home/ngt/cv_ws/install:/home/ngt/pid_ws/install:/home/ngt/auvc_ws/install:/home/ngt/auv_dancing/install', 'LOGNAME': 'ngt', '_': '/home/ngt/.virtualenvs/ardusub/bin/colcon', 'XDG_SESSION_CLASS': 'user', 'USER_ZDOTDIR': '/home/ngt', 'ROS_VERSION': '2', 'XDG_SESSION_ID': '1', 'TERM': 'xterm-256color', 'PATH': '/home/ngt/ZENS-Final-AUVC/install/hardware/bin:/home/ngt/ZENS-Final-AUVC/install/flashing/bin:/home/ngt/ZENS-Final-AUVC/install/cv/bin:/home/ngt/ZENS-Final-AUVC/install/control/bin:/home/ngt/.virtualenvs/ardusub/bin:/home/ngt/.opencode/bin:/opt/ros/jazzy/opt/gz_msgs_vendor/bin:/opt/ros/jazzy/opt/gz_tools_vendor/bin:/opt/ros/jazzy/opt/gz_ogre_next_vendor/bin:/opt/ros/jazzy/bin:/usr/lib/ccache:/home/ngt/.vscode-server/data/User/globalStorage/github.copilot-chat/debugCommand:/home/ngt/.vscode-server/data/User/globalStorage/github.copilot-chat/copilotCli:/home/ngt/.vscode-server/cli/servers/Stable-1b6a188127eeaf9194f945eb6eb89a657e93c54c/server/bin/remote-cli:/usr/local/sbin:/usr/local/bin:/usr/sbin:/usr/bin:/sbin:/bin:/usr/games:/usr/local/games:/snap/bin:/home/ngt/.vscode-server/extensions/ms-python.debugpy-2026.6.0-linux-arm64/bundled/scripts/noConfigScripts:/home/ngt/.local/bin:/home/ngt/ardupilot/Tools/autotest', 'XDG_RUNTIME_DIR': '/run/user/1004', 'GZ_PARTITION': 'my_sim', 'LANG': 'en_US.UTF-8', 'VSCODE_DEBUGPY_ADAPTER_ENDPOINTS': '/home/ngt/.vscode-server/extensions/ms-python.debugpy-2026.6.0-linux-arm64/.noConfigDebugAdapterEndpoints/endpoint-fe03004f45a03570.txt', 'PYTHONSTARTUP': '/home/ngt/.vscode-server/data/User/workspaceStorage/e30aafa2edaaf296b4a11477f6a9b588/ms-python.python/pythonrc.py', 'VSCODE_INJECTION': '1', 'VIRTUAL_ENV_PROMPT': 'ardusub', 'TERM_PROGRAM': 'vscode', 'VSCODE_GIT_IPC_HANDLE': '/run/user/1004/vscode-git-191b257475.sock', 'LS_COLORS': 'rs=0:di=01;34:ln=01;36:mh=00:pi=40;33:so=01;35:do=01;35:bd=40;33;01:cd=40;33;01:or=40;31;01:mi=00:su=37;41:sg=30;43:ca=00:tw=30;42:ow=34;42:st=37;44:ex=01;32:*.tar=01;31:*.tgz=01;31:*.arc=01;31:*.arj=01;31:*.taz=01;31:*.lha=01;31:*.lz4=01;31:*.lzh=01;31:*.lzma=01;31:*.tlz=01;31:*.txz=01;31:*.tzo=01;31:*.t7z=01;31:*.zip=01;31:*.z=01;31:*.dz=01;31:*.gz=01;31:*.lrz=01;31:*.lz=01;31:*.lzo=01;31:*.xz=01;31:*.zst=01;31:*.tzst=01;31:*.bz2=01;31:*.bz=01;31:*.tbz=01;31:*.tbz2=01;31:*.tz=01;31:*.deb=01;31:*.rpm=01;31:*.jar=01;31:*.war=01;31:*.ear=01;31:*.sar=01;31:*.rar=01;31:*.alz=01;31:*.ace=01;31:*.zoo=01;31:*.cpio=01;31:*.7z=01;31:*.rz=01;31:*.cab=01;31:*.wim=01;31:*.swm=01;31:*.dwm=01;31:*.esd=01;31:*.avif=01;35:*.jpg=01;35:*.jpeg=01;35:*.mjpg=01;35:*.mjpeg=01;35:*.gif=01;35:*.bmp=01;35:*.pbm=01;35:*.pgm=01;35:*.ppm=01;35:*.tga=01;35:*.xbm=01;35:*.xpm=01;35:*.tif=01;35:*.tiff=01;35:*.png=01;35:*.svg=01;35:*.svgz=01;35:*.mng=01;35:*.pcx=01;35:*.mov=01;35:*.mpg=01;35:*.mpeg=01;35:*.m2v=01;35:*.mkv=01;35:*.webm=01;35:*.webp=01;35:*.ogm=01;35:*.mp4=01;35:*.m4v=01;35:*.mp4v=01;35:*.vob=01;35:*.qt=01;35:*.nuv=01;35:*.wmv=01;35:*.asf=01;35:*.rm=01;35:*.rmvb=01;35:*.flc=01;35:*.avi=01;35:*.fli=01;35:*.flv=01;35:*.gl=01;35:*.dl=01;35:*.xcf=01;35:*.xwd=01;35:*.yuv=01;35:*.cgm=01;35:*.emf=01;35:*.ogv=01;35:*.ogx=01;35:*.aac=00;36:*.au=00;36:*.flac=00;36:*.m4a=00;36:*.mid=00;36:*.midi=00;36:*.mka=00;36:*.mp3=00;36:*.mpc=00;36:*.ogg=00;36:*.ra=00;36:*.wav=00;36:*.oga=00;36:*.opus=00;36:*.spx=00;36:*.xspf=00;36:*~=00;90:*#=00;90:*.bak=00;90:*.crdownload=00;90:*.dpkg-dist=00;90:*.dpkg-new=00;90:*.dpkg-old=00;90:*.dpkg-tmp=00;90:*.old=00;90:*.orig=00;90:*.part=00;90:*.rej=00;90:*.rpmnew=00;90:*.rpmorig=00;90:*.rpmsave=00;90:*.swp=00;90:*.tmp=00;90:*.ucf-dist=00;90:*.ucf-new=00;90:*.ucf-old=00;90:', 'AMENT_PREFIX_PATH': '/home/ngt/ZENS-Final-AUVC/install/msgs:/home/ngt/ZENS-Final-AUVC/install/gazebo_bluerov2:/home/ngt/ZENS-Final-AUVC/install/flashing:/home/ngt/ZENS-Final-AUVC/install/cv:/home/ngt/ZENS-Final-AUVC/install/control:/home/ngt/ZENS-Final-AUVC/install/bringup:/home/ngt/auvc_ws/install/tutorial_virtualenvs:/home/ngt/auvc_ws/install/tutorial_pid:/home/ngt/auvc_ws/install/tutorial_ardusub:/home/ngt/auvc_ws/install/tutorial:/home/ngt/auvc_ws/install/rosmav:/home/ngt/auvc_ws/install/example_custom_srv:/home/ngt/cv_ws/install/cv:/home/ngt/pid_ws/install/target_depth_msgs:/home/ngt/pid_ws/install/pid:/home/ngt/auv_dancing/install/tutorial:/opt/ros/jazzy', 'SHELL': '/usr/bin/zsh', 'VIRTUALENVWRAPPER_PROJECT_FILENAME': '.project', 'VIRTUALENVWRAPPER_HOOK_DIR': '/home/ngt/.virtualenvs', 'VSCODE_GIT_ASKPASS_EXTRA_ARGS': '', 'VIRTUALENVWRAPPER_SCRIPT': '/usr/share/virtualenvwrapper/virtualenvwrapper.sh', 'ROS_AUTOMATIC_DISCOVERY_RANGE': 'SUBNET', 'VIRTUAL_ENV': '/home/ngt/.virtualenvs/ardusub', 'LC_ALL': 'en_US.UTF-8', 'PWD': '/home/ngt/ZENS-Final-AUVC/build/msgs', 'SSH_CONNECTION': '192.168.3.1 64256 192.168.3.2 22', 'COPILOT_DEBUG_NONCE': 'd6eed4c06bd82aa6cee185ab30fdc4f4', 'ZDOTDIR': '/home/ngt', 'PYTHONPATH': '/home/ngt/ZENS-Final-AUVC/install/msgs/lib/python3.12/site-packages:/home/ngt/ZENS-Final-AUVC/install/hardware/lib/python3.12/site-packages:/home/ngt/ZENS-Final-AUVC/install/flashing/lib/python3.12/site-packages:/home/ngt/ZENS-Final-AUVC/install/cv/lib/python3.12/site-packages:/home/ngt/ZENS-Final-AUVC/install/control/lib/python3.12/site-packages:/home/ngt/ZENS-Final-AUVC/install/bringup/lib/python3.12/site-packages:/home/ngt/auvc_ws/install/tutorial_virtualenvs/lib/python3.12/site-packages:/home/ngt/auvc_ws/install/tutorial_pid/lib/python3.12/site-packages:/home/ngt/auvc_ws/install/tutorial_ardusub/lib/python3.12/site-packages:/home/ngt/auvc_ws/install/tutorial/lib/python3.12/site-packages:/home/ngt/auvc_ws/install/rosmav/lib/python3.12/site-packages:/home/ngt/auvc_ws/install/example_custom_srv/lib/python3.12/site-packages:/home/ngt/cv_ws/install/cv/lib/python3.12/site-packages:/home/ngt/pid_ws/install/target_depth_msgs/lib/python3.12/site-packages:/home/ngt/pid_ws/install/pid/lib/python3.12/site-packages:/home/ngt/auv_dancing/install/tutorial/lib/python3.12/site-packages:/opt/ros/jazzy/lib/python3.12/site-packages', 'COLCON': '1', 'CMAKE_PREFIX_PATH': '/home/ngt/ZENS-Final-AUVC/install/msgs:/home/ngt/ZENS-Final-AUVC/install/gazebo_bluerov2:/home/ngt/auvc_ws/install/example_custom_srv:/home/ngt/pid_ws/install/target_depth_msgs:/opt/ros/jazzy/opt/gz_sim_vendor:/opt/ros/jazzy/opt/gz_sensors_vendor:/opt/ros/jazzy/opt/gz_physics_vendor:/opt/ros/jazzy/opt/sdformat_vendor:/opt/ros/jazzy/opt/gz_gui_vendor:/opt/ros/jazzy/opt/gz_transport_vendor:/opt/ros/jazzy/opt/gz_rendering_vendor:/opt/ros/jazzy/opt/gz_plugin_vendor:/opt/ros/jazzy/opt/gz_fuel_tools_vendor:/opt/ros/jazzy/opt/gz_msgs_vendor:/opt/ros/jazzy/opt/gz_common_vendor:/opt/ros/jazzy/opt/gz_math_vendor:/opt/ros/jazzy/opt/gz_utils_vendor:/opt/ros/jazzy/opt/gz_tools_vendor:/opt/ros/jazzy/opt/gz_ogre_next_vendor:/opt/ros/jazzy/opt/gz_dartsim_vendor:/opt/ros/jazzy/opt/gz_cmake_vendor:/home/ngt/ZENS-Final-AUVC/install/flashing:/home/ngt/ZENS-Final-AUVC/install/cv:/home/ngt/ZENS-Final-AUVC/install/control:/home/ngt/ZENS-Final-AUVC/install/bringup:/home/ngt/auvc_ws/install/tutorial_virtualenvs:/home/ngt/auvc_ws/install/tutorial_pid:/home/ngt/auvc_ws/install/tutorial_ardusub:/home/ngt/auvc_ws/install/tutorial:/home/ngt/auvc_ws/install/rosmav:/home/ngt/cv_ws/install/cv:/home/ngt/pid_ws/install/pid:/home/ngt/auv_dancing/install/tutorial:/opt/ros/jazzy'}), 'shell': False}
[42.878944] (gazebo_bluerov2) StdoutLine: {'line': b'-- Up-to-date: /home/ngt/ZENS-Final-AUVC/install/gazebo_bluerov2/share/gazebo_bluerov2/models/Apriltag36_11_00002/materials/textures/tag36_11_00002.png\n'}
[42.882902] (-) TimerEvent: {}
[42.883952] (gazebo_bluerov2) StdoutLine: {'line': b'-- Up-to-date: /home/ngt/ZENS-Final-AUVC/install/gazebo_bluerov2/share/gazebo_bluerov2/models/Apriltag36_11_00002/materials/scripts\n'}
[42.887341] (gazebo_bluerov2) StdoutLine: {'line': b'-- Up-to-date: /home/ngt/ZENS-Final-AUVC/install/gazebo_bluerov2/share/gazebo_bluerov2/models/Apriltag36_11_00002/materials/scripts/Apriltag.material\n'}
[42.890330] (gazebo_bluerov2) StdoutLine: {'line': b'-- Up-to-date: /home/ngt/ZENS-Final-AUVC/install/gazebo_bluerov2/share/gazebo_bluerov2/models/Apriltag36_11_00002/model.config\n'}
[42.895120] (gazebo_bluerov2) StdoutLine: {'line': b'-- Up-to-date: /home/ngt/ZENS-Final-AUVC/install/gazebo_bluerov2/share/gazebo_bluerov2/models/bluerov2\n'}
[42.897614] (gazebo_bluerov2) StdoutLine: {'line': b'-- Up-to-date: /home/ngt/ZENS-Final-AUVC/install/gazebo_bluerov2/share/gazebo_bluerov2/models/bluerov2/model.sdf\n'}
[42.901676] (gazebo_bluerov2) StdoutLine: {'line': b'-- Up-to-date: /home/ngt/ZENS-Final-AUVC/install/gazebo_bluerov2/share/gazebo_bluerov2/models/bluerov2/model.sdf.in\n'}
[42.902345] (gazebo_bluerov2) StdoutLine: {'line': b'-- Up-to-date: /home/ngt/ZENS-Final-AUVC/install/gazebo_bluerov2/share/gazebo_bluerov2/models/bluerov2/materials\n'}
[42.906203] (gazebo_bluerov2) StdoutLine: {'line': b'-- Up-to-date: /home/ngt/ZENS-Final-AUVC/install/gazebo_bluerov2/share/gazebo_bluerov2/models/bluerov2/materials/textures\n'}
[42.910717] (gazebo_bluerov2) StdoutLine: {'line': b'-- Up-to-date: /home/ngt/ZENS-Final-AUVC/install/gazebo_bluerov2/share/gazebo_bluerov2/models/bluerov2/materials/textures/april1.png\n'}
[42.916110] (gazebo_bluerov2) StdoutLine: {'line': b'-- Up-to-date: /home/ngt/ZENS-Final-AUVC/install/gazebo_bluerov2/share/gazebo_bluerov2/models/bluerov2/materials/scripts\n'}
[42.918272] (gazebo_bluerov2) StdoutLine: {'line': b'-- Up-to-date: /home/ngt/ZENS-Final-AUVC/install/gazebo_bluerov2/share/gazebo_bluerov2/models/bluerov2/materials/scripts/april_tag_1.material\n'}
[42.923235] (gazebo_bluerov2) StdoutLine: {'line': b'-- Up-to-date: /home/ngt/ZENS-Final-AUVC/install/gazebo_bluerov2/share/gazebo_bluerov2/models/bluerov2/BlueROV2.md\n'}
[42.924197] (gazebo_bluerov2) StdoutLine: {'line': b'-- Up-to-date: /home/ngt/ZENS-Final-AUVC/install/gazebo_bluerov2/share/gazebo_bluerov2/models/bluerov2/configs.yaml\n'}
[42.930855] (gazebo_bluerov2) StdoutLine: {'line': b'-- Up-to-date: /home/ngt/ZENS-Final-AUVC/install/gazebo_bluerov2/share/gazebo_bluerov2/models/bluerov2/meshes\n'}
[42.931708] (gazebo_bluerov2) StdoutLine: {'line': b'-- Up-to-date: /home/ngt/ZENS-Final-AUVC/install/gazebo_bluerov2/share/gazebo_bluerov2/models/bluerov2/meshes/t200_cw_prop.dae\n'}
[42.934932] (gazebo_bluerov2) StdoutLine: {'line': b'-- Up-to-date: /home/ngt/ZENS-Final-AUVC/install/gazebo_bluerov2/share/gazebo_bluerov2/models/bluerov2/meshes/t200_ccw_prop.dae\n'}
[42.937097] (gazebo_bluerov2) StdoutLine: {'line': b'-- Up-to-date: /home/ngt/ZENS-Final-AUVC/install/gazebo_bluerov2/share/gazebo_bluerov2/models/bluerov2/meshes/bluerov2.dae\n'}
[42.939201] (gazebo_bluerov2) StdoutLine: {'line': b'-- Up-to-date: /home/ngt/ZENS-Final-AUVC/install/gazebo_bluerov2/share/gazebo_bluerov2/models/bluerov2/model.config\n'}
[42.939992] (gazebo_bluerov2) StdoutLine: {'line': b'-- Up-to-date: /home/ngt/ZENS-Final-AUVC/install/gazebo_bluerov2/share/gazebo_bluerov2/models/bluerov2_2025_port_9002\n'}
[42.945107] (gazebo_bluerov2) StdoutLine: {'line': b'-- Up-to-date: /home/ngt/ZENS-Final-AUVC/install/gazebo_bluerov2/share/gazebo_bluerov2/models/bluerov2_2025_port_9002/model.sdf\n'}
[42.948121] (gazebo_bluerov2) StdoutLine: {'line': b'-- Up-to-date: /home/ngt/ZENS-Final-AUVC/install/gazebo_bluerov2/share/gazebo_bluerov2/models/bluerov2_2025_port_9002/model.sdf.in\n'}
[42.950428] (gazebo_bluerov2) StdoutLine: {'line': b'-- Up-to-date: /home/ngt/ZENS-Final-AUVC/install/gazebo_bluerov2/share/gazebo_bluerov2/models/bluerov2_2025_port_9002/materials\n'}
[42.951294] (gazebo_bluerov2) StdoutLine: {'line': b'-- Up-to-date: /home/ngt/ZENS-Final-AUVC/install/gazebo_bluerov2/share/gazebo_bluerov2/models/bluerov2_2025_port_9002/materials/textures\n'}
[42.956189] (gazebo_bluerov2) StdoutLine: {'line': b'-- Up-to-date: /home/ngt/ZENS-Final-AUVC/install/gazebo_bluerov2/share/gazebo_bluerov2/models/bluerov2_2025_port_9002/materials/textures/april1.png\n'}
[42.958215] (gazebo_bluerov2) StdoutLine: {'line': b'-- Up-to-date: /home/ngt/ZENS-Final-AUVC/install/gazebo_bluerov2/share/gazebo_bluerov2/models/bluerov2_2025_port_9002/materials/scripts\n'}
[42.960805] (gazebo_bluerov2) StdoutLine: {'line': b'-- Up-to-date: /home/ngt/ZENS-Final-AUVC/install/gazebo_bluerov2/share/gazebo_bluerov2/models/bluerov2_2025_port_9002/materials/scripts/april_tag_1.material\n'}
[42.962760] (gazebo_bluerov2) StdoutLine: {'line': b'-- Up-to-date: /home/ngt/ZENS-Final-AUVC/install/gazebo_bluerov2/share/gazebo_bluerov2/models/bluerov2_2025_port_9002/BlueROV2.md\n'}
[42.964355] (gazebo_bluerov2) StdoutLine: {'line': b'-- Up-to-date: /home/ngt/ZENS-Final-AUVC/install/gazebo_bluerov2/share/gazebo_bluerov2/models/bluerov2_2025_port_9002/configs.yaml\n'}
[42.968108] (gazebo_bluerov2) StdoutLine: {'line': b'-- Up-to-date: /home/ngt/ZENS-Final-AUVC/install/gazebo_bluerov2/share/gazebo_bluerov2/models/bluerov2_2025_port_9002/meshes\n'}
[42.969450] (gazebo_bluerov2) StdoutLine: {'line': b'-- Up-to-date: /home/ngt/ZENS-Final-AUVC/install/gazebo_bluerov2/share/gazebo_bluerov2/models/bluerov2_2025_port_9002/meshes/t200_cw_prop.dae\n'}
[42.974259] (gazebo_bluerov2) StdoutLine: {'line': b'-- Up-to-date: /home/ngt/ZENS-Final-AUVC/install/gazebo_bluerov2/share/gazebo_bluerov2/models/bluerov2_2025_port_9002/meshes/t200_ccw_prop.dae\n'}
[42.975229] (gazebo_bluerov2) StdoutLine: {'line': b'-- Up-to-date: /home/ngt/ZENS-Final-AUVC/install/gazebo_bluerov2/share/gazebo_bluerov2/models/bluerov2_2025_port_9002/meshes/bluerov2.dae\n'}
[42.978495] (gazebo_bluerov2) StdoutLine: {'line': b'-- Up-to-date: /home/ngt/ZENS-Final-AUVC/install/gazebo_bluerov2/share/gazebo_bluerov2/models/bluerov2_2025_port_9002/model.config\n'}
[42.980688] (gazebo_bluerov2) StdoutLine: {'line': b'-- Up-to-date: /home/ngt/ZENS-Final-AUVC/install/gazebo_bluerov2/share/gazebo_bluerov2/models/Apriltag36_11_00000\n'}
[42.981431] (gazebo_bluerov2) StdoutLine: {'line': b'-- Up-to-date: /home/ngt/ZENS-Final-AUVC/install/gazebo_bluerov2/share/gazebo_bluerov2/models/Apriltag36_11_00000/model.sdf\n'}
[42.982194] (gazebo_bluerov2) StdoutLine: {'line': b'-- Up-to-date: /home/ngt/ZENS-Final-AUVC/install/gazebo_bluerov2/share/gazebo_bluerov2/models/Apriltag36_11_00000/materials\n'}
[42.986272] (-) TimerEvent: {}
[42.989202] (gazebo_bluerov2) StdoutLine: {'line': b'-- Up-to-date: /home/ngt/ZENS-Final-AUVC/install/gazebo_bluerov2/share/gazebo_bluerov2/models/Apriltag36_11_00000/materials/textures\n'}
[42.991667] (gazebo_bluerov2) StdoutLine: {'line': b'-- Up-to-date: /home/ngt/ZENS-Final-AUVC/install/gazebo_bluerov2/share/gazebo_bluerov2/models/Apriltag36_11_00000/materials/textures/tag36_11_00000.png\n'}
[42.995431] (gazebo_bluerov2) StdoutLine: {'line': b'-- Up-to-date: /home/ngt/ZENS-Final-AUVC/install/gazebo_bluerov2/share/gazebo_bluerov2/models/Apriltag36_11_00000/materials/scripts\n'}
[42.998524] (gazebo_bluerov2) StdoutLine: {'line': b'-- Up-to-date: /home/ngt/ZENS-Final-AUVC/install/gazebo_bluerov2/share/gazebo_bluerov2/models/Apriltag36_11_00000/materials/scripts/Apriltag.material\n'}
[43.002012] (gazebo_bluerov2) StdoutLine: {'line': b'-- Up-to-date: /home/ngt/ZENS-Final-AUVC/install/gazebo_bluerov2/share/gazebo_bluerov2/models/Apriltag36_11_00000/model.config\n'}
[43.004520] (gazebo_bluerov2) StdoutLine: {'line': b'-- Up-to-date: /home/ngt/ZENS-Final-AUVC/install/gazebo_bluerov2/share/gazebo_bluerov2/models/Apriltag36_11_00007\n'}
[43.007698] (gazebo_bluerov2) StdoutLine: {'line': b'-- Up-to-date: /home/ngt/ZENS-Final-AUVC/install/gazebo_bluerov2/share/gazebo_bluerov2/models/Apriltag36_11_00007/model.sdf\n'}
[43.010694] (gazebo_bluerov2) StdoutLine: {'line': b'-- Up-to-date: /home/ngt/ZENS-Final-AUVC/install/gazebo_bluerov2/share/gazebo_bluerov2/models/Apriltag36_11_00007/materials\n'}
[43.013149] (gazebo_bluerov2) StdoutLine: {'line': b'-- Up-to-date: /home/ngt/ZENS-Final-AUVC/install/gazebo_bluerov2/share/gazebo_bluerov2/models/Apriltag36_11_00007/materials/textures\n'}
[43.013931] (gazebo_bluerov2) StdoutLine: {'line': b'-- Up-to-date: /home/ngt/ZENS-Final-AUVC/install/gazebo_bluerov2/share/gazebo_bluerov2/models/Apriltag36_11_00007/materials/textures/tag36_11_00007.png\n'}
[43.016902] (gazebo_bluerov2) StdoutLine: {'line': b'-- Up-to-date: /home/ngt/ZENS-Final-AUVC/install/gazebo_bluerov2/share/gazebo_bluerov2/models/Apriltag36_11_00007/materials/scripts\n'}
[43.017538] (gazebo_bluerov2) StdoutLine: {'line': b'-- Up-to-date: /home/ngt/ZENS-Final-AUVC/install/gazebo_bluerov2/share/gazebo_bluerov2/models/Apriltag36_11_00007/materials/scripts/Apriltag.material\n'}
[43.018188] (gazebo_bluerov2) StdoutLine: {'line': b'-- Up-to-date: /home/ngt/ZENS-Final-AUVC/install/gazebo_bluerov2/share/gazebo_bluerov2/models/Apriltag36_11_00007/model.config\n'}
[43.023158] (gazebo_bluerov2) StdoutLine: {'line': b'-- Up-to-date: /home/ngt/ZENS-Final-AUVC/install/gazebo_bluerov2/share/gazebo_bluerov2/worlds\n'}
[43.026756] (gazebo_bluerov2) StdoutLine: {'line': b'-- Up-to-date: /home/ngt/ZENS-Final-AUVC/install/gazebo_bluerov2/share/gazebo_bluerov2/worlds/bluerov2_simulation_1x.world\n'}
[43.029443] (gazebo_bluerov2) StdoutLine: {'line': b'-- Up-to-date: /home/ngt/ZENS-Final-AUVC/install/gazebo_bluerov2/share/gazebo_bluerov2/worlds/bluerov2_camera.world\n'}
[43.031337] (gazebo_bluerov2) StdoutLine: {'line': b'-- Up-to-date: /home/ngt/ZENS-Final-AUVC/install/gazebo_bluerov2/share/gazebo_bluerov2/worlds/bluerov2_simulation_2x.world\n'}
[43.033292] (gazebo_bluerov2) StdoutLine: {'line': b'-- Up-to-date: /home/ngt/ZENS-Final-AUVC/install/gazebo_bluerov2/share/gazebo_bluerov2/worlds/bluerov2_2vessels.world\n'}
[43.035619] (gazebo_bluerov2) StdoutLine: {'line': b'-- Up-to-date: /home/ngt/ZENS-Final-AUVC/install/gazebo_bluerov2/share/gazebo_bluerov2/worlds/bluerov2_heavy_underwater.world\n'}
[43.037901] (gazebo_bluerov2) StdoutLine: {'line': b'-- Up-to-date: /home/ngt/ZENS-Final-AUVC/install/gazebo_bluerov2/share/gazebo_bluerov2/worlds/bluerov2_underwater.world\n'}
[43.039976] (gazebo_bluerov2) StdoutLine: {'line': b'-- Up-to-date: /home/ngt/ZENS-Final-AUVC/install/gazebo_bluerov2/share/gazebo_bluerov2/worlds/bluerov2_1x.world\n'}
[43.041867] (gazebo_bluerov2) StdoutLine: {'line': b'-- Up-to-date: /home/ngt/ZENS-Final-AUVC/install/gazebo_bluerov2/share/gazebo_bluerov2/worlds/bluerov2_2x.world\n'}
[43.047010] (gazebo_bluerov2) StdoutLine: {'line': b'-- Up-to-date: /home/ngt/ZENS-Final-AUVC/install/gazebo_bluerov2/lib/libPressureSensor.so\n'}
[43.047584] (gazebo_bluerov2) StdoutLine: {'line': b'-- Up-to-date: /home/ngt/ZENS-Final-AUVC/install/gazebo_bluerov2/lib/libPressureSensorSystem.so\n'}
[43.048157] (gazebo_bluerov2) CommandEnded: {'returncode': 0}
[43.051657] (gazebo_bluerov2) JobEnded: {'identifier': 'gazebo_bluerov2', 'rc': 0}
[43.057925] (msgs) StdoutLine: {'line': b'[  2%] Built target msgs__rosidl_generator_type_description\n'}
[43.087609] (-) TimerEvent: {}
[43.190772] (-) TimerEvent: {}
[43.295773] (-) TimerEvent: {}
[43.399738] (-) TimerEvent: {}
[43.500435] (-) TimerEvent: {}
[43.598229] (msgs) StdoutLine: {'line': b'[  2%] Built target ament_cmake_python_copy_msgs\n'}
[43.601630] (-) TimerEvent: {}
[43.705348] (-) TimerEvent: {}
[43.807760] (-) TimerEvent: {}
[43.911848] (-) TimerEvent: {}
[44.017716] (-) TimerEvent: {}
[44.078427] (msgs) StdoutLine: {'line': b'[ 17%] Built target msgs__rosidl_generator_c\n'}
[44.117899] (-) TimerEvent: {}
[44.222791] (-) TimerEvent: {}
[44.323660] (-) TimerEvent: {}
[44.426767] (-) TimerEvent: {}
[44.527696] (-) TimerEvent: {}
[44.631362] (-) TimerEvent: {}
[44.734373] (-) TimerEvent: {}
[44.837703] (-) TimerEvent: {}
[44.940702] (-) TimerEvent: {}
[45.043073] (-) TimerEvent: {}
[45.147605] (-) TimerEvent: {}
[45.250735] (-) TimerEvent: {}
[45.355399] (-) TimerEvent: {}
[45.456959] (-) TimerEvent: {}
[45.557671] (-) TimerEvent: {}
[45.659956] (-) TimerEvent: {}
[45.763735] (-) TimerEvent: {}
[45.864500] (-) TimerEvent: {}
[45.970668] (-) TimerEvent: {}
[46.073816] (-) TimerEvent: {}
[46.176736] (-) TimerEvent: {}
[46.280102] (-) TimerEvent: {}
[46.381163] (-) TimerEvent: {}
[46.485810] (-) TimerEvent: {}
[46.589356] (-) TimerEvent: {}
[46.692713] (-) TimerEvent: {}
[46.794207] (-) TimerEvent: {}
[46.896739] (-) TimerEvent: {}
[47.002790] (-) TimerEvent: {}
[47.103545] (-) TimerEvent: {}
[47.205617] (-) TimerEvent: {}
[47.311747] (-) TimerEvent: {}
[47.412482] (-) TimerEvent: {}
[47.516410] (-) TimerEvent: {}
[47.617664] (-) TimerEvent: {}
[47.718612] (-) TimerEvent: {}
[47.821615] (-) TimerEvent: {}
[47.925735] (-) TimerEvent: {}
[47.989482] (hardware) Command: {'cmd': ['/home/ngt/.virtualenvs/ardusub/bin/python', '-W', 'ignore:setup.py install is deprecated', '-W', 'ignore:easy_install command is deprecated', 'setup.py', 'egg_info', '--egg-base', '../../../build/hardware', 'build', '--build-base', '/home/ngt/ZENS-Final-AUVC/build/hardware/build', 'install', '--record', '/home/ngt/ZENS-Final-AUVC/build/hardware/install.log', '--install-scripts', '$base/lib/hardware', '--single-version-externally-managed', 'install_data'], 'cwd': '/home/ngt/ZENS-Final-AUVC/ros_ws/src/hardware', 'env': {'PYTHON_BASIC_REPL': '1', 'VIRTUALENVWRAPPER_WORKON_CD': '1', 'USER': 'ngt', 'SSH_CLIENT': '192.168.3.1 64256 22', 'WORKON_HOME': '/home/ngt/.virtualenvs', 'GZ_SIM_RESOURCE_PATH': '/opt/ros/jazzy/share', 'GZ_CONFIG_PATH': '/opt/ros/jazzy/opt/gz_sim_vendor/share/gz:/opt/ros/jazzy/opt/sdformat_vendor/share/gz:/opt/ros/jazzy/opt/gz_gui_vendor/share/gz:/opt/ros/jazzy/opt/gz_transport_vendor/share/gz:/opt/ros/jazzy/opt/gz_rendering_vendor/share/gz:/opt/ros/jazzy/opt/gz_plugin_vendor/share/gz:/opt/ros/jazzy/opt/gz_fuel_tools_vendor/share/gz:/opt/ros/jazzy/opt/gz_msgs_vendor/share/gz:/opt/ros/jazzy/opt/gz_common_vendor/share/gz', 'XDG_SESSION_TYPE': 'tty', 'GIT_ASKPASS': '/home/ngt/.vscode-server/cli/servers/Stable-1b6a188127eeaf9194f945eb6eb89a657e93c54c/server/extensions/git/dist/askpass.sh', 'SHLVL': '1', 'BROWSER': '/home/ngt/.vscode-server/cli/servers/Stable-1b6a188127eeaf9194f945eb6eb89a657e93c54c/server/bin/helpers/browser.sh', 'LD_LIBRARY_PATH': '/home/ngt/ZENS-Final-AUVC/install/msgs/lib:/home/ngt/ZENS-Final-AUVC/install/gazebo_bluerov2/lib:/home/ngt/auvc_ws/install/example_custom_srv/lib:/home/ngt/pid_ws/install/target_depth_msgs/lib:/opt/ros/jazzy/opt/gz_sim_vendor/lib:/opt/ros/jazzy/opt/gz_sensors_vendor/lib:/opt/ros/jazzy/opt/gz_physics_vendor/lib:/opt/ros/jazzy/opt/sdformat_vendor/lib:/opt/ros/jazzy/opt/rviz_ogre_vendor/lib:/opt/ros/jazzy/lib/aarch64-linux-gnu:/opt/ros/jazzy/opt/gz_gui_vendor/lib:/opt/ros/jazzy/opt/gz_transport_vendor/lib:/opt/ros/jazzy/opt/gz_rendering_vendor/lib:/opt/ros/jazzy/opt/gz_plugin_vendor/lib:/opt/ros/jazzy/opt/gz_fuel_tools_vendor/lib:/opt/ros/jazzy/opt/gz_msgs_vendor/lib:/opt/ros/jazzy/opt/gz_common_vendor/lib:/opt/ros/jazzy/opt/gz_math_vendor/lib:/opt/ros/jazzy/opt/gz_utils_vendor/lib:/opt/ros/jazzy/opt/gz_tools_vendor/lib:/opt/ros/jazzy/opt/gz_ogre_next_vendor/lib:/opt/ros/jazzy/opt/gz_dartsim_vendor/lib:/opt/ros/jazzy/opt/gz_cmake_vendor/lib:/opt/ros/jazzy/lib', 'GZ_TRANSPORT_ID': '192.168.3.1', 'HOME': '/home/ngt', 'OLDPWD': '/home/ngt', 'LESS': '-R', 'VIRTUALENVWRAPPER_PYTHON': '/usr/bin/python3', 'TERM_PROGRAM_VERSION': '1.130.0', 'VSCODE_IPC_HOOK_CLI': '/run/user/1004/vscode-ipc-85f34aaf-8c14-4b5e-9609-f108a0457dd3.sock', 'ZSH': '/home/ngt/.oh-my-zsh', 'LSCOLORS': 'Gxfxcxdxbxegedabagacad', 'GZ_TRANSPORT_PUB_PORT': '11345', 'VSCODE_GIT_ASKPASS_MAIN': '/home/ngt/.vscode-server/cli/servers/Stable-1b6a188127eeaf9194f945eb6eb89a657e93c54c/server/extensions/git/dist/askpass-main.js', 'PAGER': 'less', 'ROS_PYTHON_VERSION': '3', 'PS1': '(ardusub) %(?:%{\x1b[01;32m%}%1{➜%} :%{\x1b[01;31m%}%1{➜%} ) %{\x1b[36m%}%c%{\x1b[00m%} $(git_prompt_info)', 'VSCODE_GIT_ASKPASS_NODE': '/home/ngt/.vscode-server/cli/servers/Stable-1b6a188127eeaf9194f945eb6eb89a657e93c54c/server/node', 'DBUS_SESSION_BUS_ADDRESS': 'unix:path=/run/user/1004/bus', 'PYDEVD_DISABLE_FILE_VALIDATION': '1', 'BUNDLED_DEBUGPY_PATH': '/home/ngt/.vscode-server/extensions/ms-python.debugpy-2026.6.0-linux-arm64/bundled/libs/debugpy', 'GZ_TRANSPORT_SUB_PORT': '11346', 'VSCODE_PYTHON_AUTOACTIVATE_GUARD': '1', 'COLORTERM': 'truecolor', 'ROS_DISTRO': 'jazzy', 'COLCON_PREFIX_PATH': '/home/ngt/ZENS-Final-AUVC/install:/home/ngt/cv_ws/install:/home/ngt/pid_ws/install:/home/ngt/auvc_ws/install:/home/ngt/auv_dancing/install', 'LOGNAME': 'ngt', '_': '/home/ngt/.virtualenvs/ardusub/bin/colcon', 'XDG_SESSION_CLASS': 'user', 'USER_ZDOTDIR': '/home/ngt', 'ROS_VERSION': '2', 'XDG_SESSION_ID': '1', 'TERM': 'xterm-256color', 'PATH': '/home/ngt/ZENS-Final-AUVC/install/hardware/bin:/home/ngt/ZENS-Final-AUVC/install/flashing/bin:/home/ngt/ZENS-Final-AUVC/install/cv/bin:/home/ngt/ZENS-Final-AUVC/install/control/bin:/home/ngt/.virtualenvs/ardusub/bin:/home/ngt/.opencode/bin:/opt/ros/jazzy/opt/gz_msgs_vendor/bin:/opt/ros/jazzy/opt/gz_tools_vendor/bin:/opt/ros/jazzy/opt/gz_ogre_next_vendor/bin:/opt/ros/jazzy/bin:/usr/lib/ccache:/home/ngt/.vscode-server/data/User/globalStorage/github.copilot-chat/debugCommand:/home/ngt/.vscode-server/data/User/globalStorage/github.copilot-chat/copilotCli:/home/ngt/.vscode-server/cli/servers/Stable-1b6a188127eeaf9194f945eb6eb89a657e93c54c/server/bin/remote-cli:/usr/local/sbin:/usr/local/bin:/usr/sbin:/usr/bin:/sbin:/bin:/usr/games:/usr/local/games:/snap/bin:/home/ngt/.vscode-server/extensions/ms-python.debugpy-2026.6.0-linux-arm64/bundled/scripts/noConfigScripts:/home/ngt/.local/bin:/home/ngt/ardupilot/Tools/autotest', 'XDG_RUNTIME_DIR': '/run/user/1004', 'GZ_PARTITION': 'my_sim', 'LANG': 'en_US.UTF-8', 'VSCODE_DEBUGPY_ADAPTER_ENDPOINTS': '/home/ngt/.vscode-server/extensions/ms-python.debugpy-2026.6.0-linux-arm64/.noConfigDebugAdapterEndpoints/endpoint-fe03004f45a03570.txt', 'PYTHONSTARTUP': '/home/ngt/.vscode-server/data/User/workspaceStorage/e30aafa2edaaf296b4a11477f6a9b588/ms-python.python/pythonrc.py', 'VSCODE_INJECTION': '1', 'VIRTUAL_ENV_PROMPT': 'ardusub', 'TERM_PROGRAM': 'vscode', 'VSCODE_GIT_IPC_HANDLE': '/run/user/1004/vscode-git-191b257475.sock', 'LS_COLORS': 'rs=0:di=01;34:ln=01;36:mh=00:pi=40;33:so=01;35:do=01;35:bd=40;33;01:cd=40;33;01:or=40;31;01:mi=00:su=37;41:sg=30;43:ca=00:tw=30;42:ow=34;42:st=37;44:ex=01;32:*.tar=01;31:*.tgz=01;31:*.arc=01;31:*.arj=01;31:*.taz=01;31:*.lha=01;31:*.lz4=01;31:*.lzh=01;31:*.lzma=01;31:*.tlz=01;31:*.txz=01;31:*.tzo=01;31:*.t7z=01;31:*.zip=01;31:*.z=01;31:*.dz=01;31:*.gz=01;31:*.lrz=01;31:*.lz=01;31:*.lzo=01;31:*.xz=01;31:*.zst=01;31:*.tzst=01;31:*.bz2=01;31:*.bz=01;31:*.tbz=01;31:*.tbz2=01;31:*.tz=01;31:*.deb=01;31:*.rpm=01;31:*.jar=01;31:*.war=01;31:*.ear=01;31:*.sar=01;31:*.rar=01;31:*.alz=01;31:*.ace=01;31:*.zoo=01;31:*.cpio=01;31:*.7z=01;31:*.rz=01;31:*.cab=01;31:*.wim=01;31:*.swm=01;31:*.dwm=01;31:*.esd=01;31:*.avif=01;35:*.jpg=01;35:*.jpeg=01;35:*.mjpg=01;35:*.mjpeg=01;35:*.gif=01;35:*.bmp=01;35:*.pbm=01;35:*.pgm=01;35:*.ppm=01;35:*.tga=01;35:*.xbm=01;35:*.xpm=01;35:*.tif=01;35:*.tiff=01;35:*.png=01;35:*.svg=01;35:*.svgz=01;35:*.mng=01;35:*.pcx=01;35:*.mov=01;35:*.mpg=01;35:*.mpeg=01;35:*.m2v=01;35:*.mkv=01;35:*.webm=01;35:*.webp=01;35:*.ogm=01;35:*.mp4=01;35:*.m4v=01;35:*.mp4v=01;35:*.vob=01;35:*.qt=01;35:*.nuv=01;35:*.wmv=01;35:*.asf=01;35:*.rm=01;35:*.rmvb=01;35:*.flc=01;35:*.avi=01;35:*.fli=01;35:*.flv=01;35:*.gl=01;35:*.dl=01;35:*.xcf=01;35:*.xwd=01;35:*.yuv=01;35:*.cgm=01;35:*.emf=01;35:*.ogv=01;35:*.ogx=01;35:*.aac=00;36:*.au=00;36:*.flac=00;36:*.m4a=00;36:*.mid=00;36:*.midi=00;36:*.mka=00;36:*.mp3=00;36:*.mpc=00;36:*.ogg=00;36:*.ra=00;36:*.wav=00;36:*.oga=00;36:*.opus=00;36:*.spx=00;36:*.xspf=00;36:*~=00;90:*#=00;90:*.bak=00;90:*.crdownload=00;90:*.dpkg-dist=00;90:*.dpkg-new=00;90:*.dpkg-old=00;90:*.dpkg-tmp=00;90:*.old=00;90:*.orig=00;90:*.part=00;90:*.rej=00;90:*.rpmnew=00;90:*.rpmorig=00;90:*.rpmsave=00;90:*.swp=00;90:*.tmp=00;90:*.ucf-dist=00;90:*.ucf-new=00;90:*.ucf-old=00;90:', 'AMENT_PREFIX_PATH': '/home/ngt/ZENS-Final-AUVC/install/msgs:/home/ngt/ZENS-Final-AUVC/install/gazebo_bluerov2:/home/ngt/ZENS-Final-AUVC/install/flashing:/home/ngt/ZENS-Final-AUVC/install/cv:/home/ngt/ZENS-Final-AUVC/install/control:/home/ngt/ZENS-Final-AUVC/install/bringup:/home/ngt/auvc_ws/install/tutorial_virtualenvs:/home/ngt/auvc_ws/install/tutorial_pid:/home/ngt/auvc_ws/install/tutorial_ardusub:/home/ngt/auvc_ws/install/tutorial:/home/ngt/auvc_ws/install/rosmav:/home/ngt/auvc_ws/install/example_custom_srv:/home/ngt/cv_ws/install/cv:/home/ngt/pid_ws/install/target_depth_msgs:/home/ngt/pid_ws/install/pid:/home/ngt/auv_dancing/install/tutorial:/opt/ros/jazzy', 'SHELL': '/usr/bin/zsh', 'VIRTUALENVWRAPPER_PROJECT_FILENAME': '.project', 'VIRTUALENVWRAPPER_HOOK_DIR': '/home/ngt/.virtualenvs', 'VSCODE_GIT_ASKPASS_EXTRA_ARGS': '', 'VIRTUALENVWRAPPER_SCRIPT': '/usr/share/virtualenvwrapper/virtualenvwrapper.sh', 'ROS_AUTOMATIC_DISCOVERY_RANGE': 'SUBNET', 'VIRTUAL_ENV': '/home/ngt/.virtualenvs/ardusub', 'LC_ALL': 'en_US.UTF-8', 'PWD': '/home/ngt/ZENS-Final-AUVC/build/hardware', 'SSH_CONNECTION': '192.168.3.1 64256 192.168.3.2 22', 'COPILOT_DEBUG_NONCE': 'd6eed4c06bd82aa6cee185ab30fdc4f4', 'ZDOTDIR': '/home/ngt', 'PYTHONPATH': '/home/ngt/ZENS-Final-AUVC/build/hardware/prefix_override:/home/ngt/.virtualenvs/ardusub/lib/python3.12/site-packages/colcon_core/task/python/colcon_distutils_commands:/home/ngt/ZENS-Final-AUVC/install/hardware/lib/python3.12/site-packages:/home/ngt/ZENS-Final-AUVC/install/msgs/lib/python3.12/site-packages:/home/ngt/ZENS-Final-AUVC/install/hardware/lib/python3.12/site-packages:/home/ngt/ZENS-Final-AUVC/install/flashing/lib/python3.12/site-packages:/home/ngt/ZENS-Final-AUVC/install/cv/lib/python3.12/site-packages:/home/ngt/ZENS-Final-AUVC/install/control/lib/python3.12/site-packages:/home/ngt/ZENS-Final-AUVC/install/bringup/lib/python3.12/site-packages:/home/ngt/auvc_ws/install/tutorial_virtualenvs/lib/python3.12/site-packages:/home/ngt/auvc_ws/install/tutorial_pid/lib/python3.12/site-packages:/home/ngt/auvc_ws/install/tutorial_ardusub/lib/python3.12/site-packages:/home/ngt/auvc_ws/install/tutorial/lib/python3.12/site-packages:/home/ngt/auvc_ws/install/rosmav/lib/python3.12/site-packages:/home/ngt/auvc_ws/install/example_custom_srv/lib/python3.12/site-packages:/home/ngt/cv_ws/install/cv/lib/python3.12/site-packages:/home/ngt/pid_ws/install/target_depth_msgs/lib/python3.12/site-packages:/home/ngt/pid_ws/install/pid/lib/python3.12/site-packages:/home/ngt/auv_dancing/install/tutorial/lib/python3.12/site-packages:/opt/ros/jazzy/lib/python3.12/site-packages', 'COLCON': '1', 'CMAKE_PREFIX_PATH': '/home/ngt/ZENS-Final-AUVC/install/msgs:/home/ngt/ZENS-Final-AUVC/install/gazebo_bluerov2:/home/ngt/auvc_ws/install/example_custom_srv:/home/ngt/pid_ws/install/target_depth_msgs:/opt/ros/jazzy/opt/gz_sim_vendor:/opt/ros/jazzy/opt/gz_sensors_vendor:/opt/ros/jazzy/opt/gz_physics_vendor:/opt/ros/jazzy/opt/sdformat_vendor:/opt/ros/jazzy/opt/gz_gui_vendor:/opt/ros/jazzy/opt/gz_transport_vendor:/opt/ros/jazzy/opt/gz_rendering_vendor:/opt/ros/jazzy/opt/gz_plugin_vendor:/opt/ros/jazzy/opt/gz_fuel_tools_vendor:/opt/ros/jazzy/opt/gz_msgs_vendor:/opt/ros/jazzy/opt/gz_common_vendor:/opt/ros/jazzy/opt/gz_math_vendor:/opt/ros/jazzy/opt/gz_utils_vendor:/opt/ros/jazzy/opt/gz_tools_vendor:/opt/ros/jazzy/opt/gz_ogre_next_vendor:/opt/ros/jazzy/opt/gz_dartsim_vendor:/opt/ros/jazzy/opt/gz_cmake_vendor'}, 'shell': False}
[48.027130] (-) TimerEvent: {}
[48.130711] (-) TimerEvent: {}
[48.231531] (-) TimerEvent: {}
[48.336527] (-) TimerEvent: {}
[48.439733] (-) TimerEvent: {}
[48.461763] (msgs) StdoutLine: {'line': b'running egg_info\n'}
[48.540503] (-) TimerEvent: {}
[48.643015] (-) TimerEvent: {}
[48.746755] (-) TimerEvent: {}
[48.847436] (-) TimerEvent: {}
[48.893681] (msgs) StdoutLine: {'line': b'writing msgs.egg-info/PKG-INFO\n'}
[48.896164] (msgs) StdoutLine: {'line': b'writing dependency_links to msgs.egg-info/dependency_links.txt\n'}
[48.898416] (msgs) StdoutLine: {'line': b'writing top-level names to msgs.egg-info/top_level.txt\n'}
[48.950731] (-) TimerEvent: {}
[49.053719] (-) TimerEvent: {}
[49.154511] (-) TimerEvent: {}
[49.256708] (-) TimerEvent: {}
[49.359691] (-) TimerEvent: {}
[49.460508] (-) TimerEvent: {}
[49.561438] (-) TimerEvent: {}
[49.605597] (hardware) StderrLine: {'line': b"/home/ngt/.virtualenvs/ardusub/lib/python3.12/site-packages/setuptools/_distutils/dist.py:288: UserWarning: Unknown distribution option: 'tests_require'\n"}
[49.606548] (hardware) StderrLine: {'line': b'  warnings.warn(msg)\n'}
[49.663968] (-) TimerEvent: {}
[49.764736] (-) TimerEvent: {}
[49.866697] (-) TimerEvent: {}
[49.970910] (-) TimerEvent: {}
[50.071736] (-) TimerEvent: {}
[50.174699] (-) TimerEvent: {}
[50.275441] (-) TimerEvent: {}
[50.377711] (-) TimerEvent: {}
[50.478737] (-) TimerEvent: {}
[50.558963] (hardware) StdoutLine: {'line': b'running egg_info\n'}
[50.579736] (-) TimerEvent: {}
[50.684156] (-) TimerEvent: {}
[50.702803] (hardware) StdoutLine: {'line': b'writing ../../../build/hardware/hardware.egg-info/PKG-INFO\n'}
[50.706688] (hardware) StdoutLine: {'line': b'writing dependency_links to ../../../build/hardware/hardware.egg-info/dependency_links.txt\n'}
[50.708525] (hardware) StdoutLine: {'line': b'writing entry points to ../../../build/hardware/hardware.egg-info/entry_points.txt\n'}
[50.713933] (hardware) StdoutLine: {'line': b'writing requirements to ../../../build/hardware/hardware.egg-info/requires.txt\n'}
[50.717006] (hardware) StdoutLine: {'line': b'writing top-level names to ../../../build/hardware/hardware.egg-info/top_level.txt\n'}
[50.786704] (-) TimerEvent: {}
[50.887460] (-) TimerEvent: {}
[50.990750] (-) TimerEvent: {}
[51.016124] (hardware) StdoutLine: {'line': b"reading manifest file '../../../build/hardware/hardware.egg-info/SOURCES.txt'\n"}
[51.023441] (hardware) StdoutLine: {'line': b"writing manifest file '../../../build/hardware/hardware.egg-info/SOURCES.txt'\n"}
[51.025241] (hardware) StdoutLine: {'line': b'running build\n'}
[51.026325] (hardware) StdoutLine: {'line': b'running build_py\n'}
[51.031696] (hardware) StdoutLine: {'line': b'copying hardware/bluerov2_simulation_interface.py -> /home/ngt/ZENS-Final-AUVC/build/hardware/build/lib/hardware\n'}
[51.032404] (hardware) StdoutLine: {'line': b'copying hardware/bluerov2_hardware_interface.py -> /home/ngt/ZENS-Final-AUVC/build/hardware/build/lib/hardware\n'}
[51.033957] (hardware) StdoutLine: {'line': b'copying hardware/bluerov2_camera_interface.py -> /home/ngt/ZENS-Final-AUVC/build/hardware/build/lib/hardware\n'}
[51.038214] (hardware) StdoutLine: {'line': b'copying hardware/__init__.py -> /home/ngt/ZENS-Final-AUVC/build/hardware/build/lib/hardware\n'}
[51.045727] (hardware) StdoutLine: {'line': b'running install\n'}
[51.074097] (hardware) StdoutLine: {'line': b'running install_lib\n'}
[51.094756] (-) TimerEvent: {}
[51.198717] (-) TimerEvent: {}
[51.301266] (-) TimerEvent: {}
[51.386729] (hardware) StdoutLine: {'line': b'running install_data\n'}
[51.394264] (hardware) StdoutLine: {'line': b'copying resource/hardware -> /home/ngt/ZENS-Final-AUVC/install/hardware/share/ament_index/resource_index/packages\n'}
[51.402141] (hardware) StdoutLine: {'line': b'copying package.xml -> /home/ngt/ZENS-Final-AUVC/install/hardware/share/hardware\n'}
[51.403061] (-) TimerEvent: {}
[51.403519] (hardware) StdoutLine: {'line': b'copying launch/simulation.launch.py -> /home/ngt/ZENS-Final-AUVC/install/hardware/share/hardware/launch\n'}
[51.424906] (hardware) StdoutLine: {'line': b'copying config/bridge.yaml -> /home/ngt/ZENS-Final-AUVC/install/hardware/share/hardware/config\n'}
[51.425681] (hardware) StdoutLine: {'line': b'running install_egg_info\n'}
[51.503252] (-) TimerEvent: {}
[51.605735] (-) TimerEvent: {}
[51.608464] (msgs) StdoutLine: {'line': b"reading manifest file 'msgs.egg-info/SOURCES.txt'\n"}
[51.611730] (msgs) StdoutLine: {'line': b"writing manifest file 'msgs.egg-info/SOURCES.txt'\n"}
[51.711399] (-) TimerEvent: {}
[51.812359] (-) TimerEvent: {}
[51.821256] (hardware) StdoutLine: {'line': b"removing '/home/ngt/ZENS-Final-AUVC/install/hardware/lib/python3.12/site-packages/hardware-0.0.0-py3.12.egg-info' (and everything under it)\n"}
[51.835533] (hardware) StdoutLine: {'line': b'Copying ../../../build/hardware/hardware.egg-info to /home/ngt/ZENS-Final-AUVC/install/hardware/lib/python3.12/site-packages/hardware-0.0.0-py3.12.egg-info\n'}
[51.874784] (hardware) StdoutLine: {'line': b'running install_scripts\n'}
[51.919801] (-) TimerEvent: {}
[52.017718] (msgs) StdoutLine: {'line': b'Built target ament_cmake_python_build_msgs_egg\n'}
[52.021728] (-) TimerEvent: {}
[52.125320] (-) TimerEvent: {}
[52.226158] (-) TimerEvent: {}
[52.327066] (-) TimerEvent: {}
[52.339146] (msgs) StdoutLine: {'line': b'Built target msgs__rosidl_typesupport_introspection_c\n'}
[52.391013] (hardware) StdoutLine: {'line': b'Installing bluerov2_camera_interface script to /home/ngt/ZENS-Final-AUVC/install/hardware/lib/hardware\n'}
[52.396545] (hardware) StdoutLine: {'line': b'Installing bluerov2_hardware_interface script to /home/ngt/ZENS-Final-AUVC/install/hardware/lib/hardware\n'}
[52.398616] (hardware) StdoutLine: {'line': b'Installing bluerov2_simulation_interface script to /home/ngt/ZENS-Final-AUVC/install/hardware/lib/hardware\n'}
[52.413288] (hardware) StdoutLine: {'line': b"writing list of installed files to '/home/ngt/ZENS-Final-AUVC/build/hardware/install.log'\n"}
[52.431837] (-) TimerEvent: {}
[52.536080] (-) TimerEvent: {}
[52.641694] (-) TimerEvent: {}
[52.697448] (hardware) CommandEnded: {'returncode': 0}
[52.746067] (-) TimerEvent: {}
[52.782467] (msgs) StdoutLine: {'line': b'Built target msgs__rosidl_typesupport_c\n'}
[52.825238] (hardware) JobEnded: {'identifier': 'hardware', 'rc': 0}
[52.847872] (-) TimerEvent: {}
[52.953047] (-) TimerEvent: {}
[53.053950] (-) TimerEvent: {}
[53.063130] (msgs) StdoutLine: {'line': b'Built target msgs__rosidl_typesupport_fastrtps_c\n'}
[53.155819] (-) TimerEvent: {}
[53.261915] (-) TimerEvent: {}
[53.343276] (msgs) StdoutLine: {'line': b'Built target msgs__cpp\n'}
[53.362757] (-) TimerEvent: {}
[53.464453] (-) TimerEvent: {}
[53.571253] (-) TimerEvent: {}
[53.581810] (msgs) StdoutLine: {'line': b'Built target msgs__rs\n'}
[53.674771] (-) TimerEvent: {}
[53.776696] (-) TimerEvent: {}
[53.830811] (msgs) StdoutLine: {'line': b'Built target msgs__rosidl_typesupport_cpp\n'}
[53.876859] (-) TimerEvent: {}
[53.978736] (-) TimerEvent: {}
[54.042936] (msgs) StdoutLine: {'line': b'Built target msgs__rosidl_typesupport_introspection_cpp\n'}
[54.081688] (-) TimerEvent: {}
[54.182424] (-) TimerEvent: {}
[54.283367] (-) TimerEvent: {}
[54.287821] (msgs) StdoutLine: {'line': b'Built target msgs__rosidl_typesupport_fastrtps_cpp\n'}
[54.383617] (-) TimerEvent: {}
[54.485143] (-) TimerEvent: {}
[54.527518] (msgs) StdoutLine: {'line': b'Built target msgs\n'}
[54.588935] (-) TimerEvent: {}
[54.694629] (-) TimerEvent: {}
[54.726096] (msgs) StdoutLine: {'line': b'Built target msgs__py\n'}
[54.794778] (-) TimerEvent: {}
[54.895919] (-) TimerEvent: {}
[54.965852] (msgs) StdoutLine: {'line': b'Built target msgs__rosidl_generator_py\n'}
[54.998719] (-) TimerEvent: {}
[55.099429] (-) TimerEvent: {}
[55.200219] (-) TimerEvent: {}
[55.203277] (msgs) StdoutLine: {'line': b'Built target msgs_s__rosidl_typesupport_fastrtps_c\n'}
[55.300704] (-) TimerEvent: {}
[55.403758] (-) TimerEvent: {}
[55.437690] (msgs) StdoutLine: {'line': b'Built target msgs_s__rosidl_typesupport_c\n'}
[55.505819] (-) TimerEvent: {}
[55.607693] (-) TimerEvent: {}
[55.652930] (msgs) StdoutLine: {'line': b'Built target msgs_s__rosidl_typesupport_introspection_c\n'}
[55.707906] (-) TimerEvent: {}
[55.748847] (msgs) CommandEnded: {'returncode': 0}
[55.750375] (msgs) JobProgress: {'identifier': 'msgs', 'progress': 'install'}
[55.761801] (msgs) Command: {'cmd': ['/usr/bin/cmake', '--install', '/home/ngt/ZENS-Final-AUVC/build/msgs'], 'cwd': '/home/ngt/ZENS-Final-AUVC/build/msgs', 'env': OrderedDict({'PYTHON_BASIC_REPL': '1', 'VIRTUALENVWRAPPER_WORKON_CD': '1', 'USER': 'ngt', 'SSH_CLIENT': '192.168.3.1 64256 22', 'WORKON_HOME': '/home/ngt/.virtualenvs', 'GZ_SIM_RESOURCE_PATH': '/opt/ros/jazzy/share', 'GZ_CONFIG_PATH': '/opt/ros/jazzy/opt/gz_sim_vendor/share/gz:/opt/ros/jazzy/opt/sdformat_vendor/share/gz:/opt/ros/jazzy/opt/gz_gui_vendor/share/gz:/opt/ros/jazzy/opt/gz_transport_vendor/share/gz:/opt/ros/jazzy/opt/gz_rendering_vendor/share/gz:/opt/ros/jazzy/opt/gz_plugin_vendor/share/gz:/opt/ros/jazzy/opt/gz_fuel_tools_vendor/share/gz:/opt/ros/jazzy/opt/gz_msgs_vendor/share/gz:/opt/ros/jazzy/opt/gz_common_vendor/share/gz', 'XDG_SESSION_TYPE': 'tty', 'GIT_ASKPASS': '/home/ngt/.vscode-server/cli/servers/Stable-1b6a188127eeaf9194f945eb6eb89a657e93c54c/server/extensions/git/dist/askpass.sh', 'SHLVL': '1', 'BROWSER': '/home/ngt/.vscode-server/cli/servers/Stable-1b6a188127eeaf9194f945eb6eb89a657e93c54c/server/bin/helpers/browser.sh', 'LD_LIBRARY_PATH': '/home/ngt/ZENS-Final-AUVC/install/msgs/lib:/home/ngt/ZENS-Final-AUVC/install/gazebo_bluerov2/lib:/home/ngt/auvc_ws/install/example_custom_srv/lib:/home/ngt/pid_ws/install/target_depth_msgs/lib:/opt/ros/jazzy/opt/gz_sim_vendor/lib:/opt/ros/jazzy/opt/gz_sensors_vendor/lib:/opt/ros/jazzy/opt/gz_physics_vendor/lib:/opt/ros/jazzy/opt/sdformat_vendor/lib:/opt/ros/jazzy/opt/rviz_ogre_vendor/lib:/opt/ros/jazzy/lib/aarch64-linux-gnu:/opt/ros/jazzy/opt/gz_gui_vendor/lib:/opt/ros/jazzy/opt/gz_transport_vendor/lib:/opt/ros/jazzy/opt/gz_rendering_vendor/lib:/opt/ros/jazzy/opt/gz_plugin_vendor/lib:/opt/ros/jazzy/opt/gz_fuel_tools_vendor/lib:/opt/ros/jazzy/opt/gz_msgs_vendor/lib:/opt/ros/jazzy/opt/gz_common_vendor/lib:/opt/ros/jazzy/opt/gz_math_vendor/lib:/opt/ros/jazzy/opt/gz_utils_vendor/lib:/opt/ros/jazzy/opt/gz_tools_vendor/lib:/opt/ros/jazzy/opt/gz_ogre_next_vendor/lib:/opt/ros/jazzy/opt/gz_dartsim_vendor/lib:/opt/ros/jazzy/opt/gz_cmake_vendor/lib:/opt/ros/jazzy/lib', 'GZ_TRANSPORT_ID': '192.168.3.1', 'HOME': '/home/ngt', 'OLDPWD': '/home/ngt', 'LESS': '-R', 'VIRTUALENVWRAPPER_PYTHON': '/usr/bin/python3', 'TERM_PROGRAM_VERSION': '1.130.0', 'VSCODE_IPC_HOOK_CLI': '/run/user/1004/vscode-ipc-85f34aaf-8c14-4b5e-9609-f108a0457dd3.sock', 'ZSH': '/home/ngt/.oh-my-zsh', 'LSCOLORS': 'Gxfxcxdxbxegedabagacad', 'GZ_TRANSPORT_PUB_PORT': '11345', 'VSCODE_GIT_ASKPASS_MAIN': '/home/ngt/.vscode-server/cli/servers/Stable-1b6a188127eeaf9194f945eb6eb89a657e93c54c/server/extensions/git/dist/askpass-main.js', 'PAGER': 'less', 'ROS_PYTHON_VERSION': '3', 'PS1': '(ardusub) %(?:%{\x1b[01;32m%}%1{➜%} :%{\x1b[01;31m%}%1{➜%} ) %{\x1b[36m%}%c%{\x1b[00m%} $(git_prompt_info)', 'VSCODE_GIT_ASKPASS_NODE': '/home/ngt/.vscode-server/cli/servers/Stable-1b6a188127eeaf9194f945eb6eb89a657e93c54c/server/node', 'DBUS_SESSION_BUS_ADDRESS': 'unix:path=/run/user/1004/bus', 'PYDEVD_DISABLE_FILE_VALIDATION': '1', 'BUNDLED_DEBUGPY_PATH': '/home/ngt/.vscode-server/extensions/ms-python.debugpy-2026.6.0-linux-arm64/bundled/libs/debugpy', 'GZ_TRANSPORT_SUB_PORT': '11346', 'VSCODE_PYTHON_AUTOACTIVATE_GUARD': '1', 'COLORTERM': 'truecolor', 'ROS_DISTRO': 'jazzy', 'COLCON_PREFIX_PATH': '/home/ngt/ZENS-Final-AUVC/install:/home/ngt/cv_ws/install:/home/ngt/pid_ws/install:/home/ngt/auvc_ws/install:/home/ngt/auv_dancing/install', 'LOGNAME': 'ngt', '_': '/home/ngt/.virtualenvs/ardusub/bin/colcon', 'XDG_SESSION_CLASS': 'user', 'USER_ZDOTDIR': '/home/ngt', 'ROS_VERSION': '2', 'XDG_SESSION_ID': '1', 'TERM': 'xterm-256color', 'PATH': '/home/ngt/ZENS-Final-AUVC/install/hardware/bin:/home/ngt/ZENS-Final-AUVC/install/flashing/bin:/home/ngt/ZENS-Final-AUVC/install/cv/bin:/home/ngt/ZENS-Final-AUVC/install/control/bin:/home/ngt/.virtualenvs/ardusub/bin:/home/ngt/.opencode/bin:/opt/ros/jazzy/opt/gz_msgs_vendor/bin:/opt/ros/jazzy/opt/gz_tools_vendor/bin:/opt/ros/jazzy/opt/gz_ogre_next_vendor/bin:/opt/ros/jazzy/bin:/usr/lib/ccache:/home/ngt/.vscode-server/data/User/globalStorage/github.copilot-chat/debugCommand:/home/ngt/.vscode-server/data/User/globalStorage/github.copilot-chat/copilotCli:/home/ngt/.vscode-server/cli/servers/Stable-1b6a188127eeaf9194f945eb6eb89a657e93c54c/server/bin/remote-cli:/usr/local/sbin:/usr/local/bin:/usr/sbin:/usr/bin:/sbin:/bin:/usr/games:/usr/local/games:/snap/bin:/home/ngt/.vscode-server/extensions/ms-python.debugpy-2026.6.0-linux-arm64/bundled/scripts/noConfigScripts:/home/ngt/.local/bin:/home/ngt/ardupilot/Tools/autotest', 'XDG_RUNTIME_DIR': '/run/user/1004', 'GZ_PARTITION': 'my_sim', 'LANG': 'en_US.UTF-8', 'VSCODE_DEBUGPY_ADAPTER_ENDPOINTS': '/home/ngt/.vscode-server/extensions/ms-python.debugpy-2026.6.0-linux-arm64/.noConfigDebugAdapterEndpoints/endpoint-fe03004f45a03570.txt', 'PYTHONSTARTUP': '/home/ngt/.vscode-server/data/User/workspaceStorage/e30aafa2edaaf296b4a11477f6a9b588/ms-python.python/pythonrc.py', 'VSCODE_INJECTION': '1', 'VIRTUAL_ENV_PROMPT': 'ardusub', 'TERM_PROGRAM': 'vscode', 'VSCODE_GIT_IPC_HANDLE': '/run/user/1004/vscode-git-191b257475.sock', 'LS_COLORS': 'rs=0:di=01;34:ln=01;36:mh=00:pi=40;33:so=01;35:do=01;35:bd=40;33;01:cd=40;33;01:or=40;31;01:mi=00:su=37;41:sg=30;43:ca=00:tw=30;42:ow=34;42:st=37;44:ex=01;32:*.tar=01;31:*.tgz=01;31:*.arc=01;31:*.arj=01;31:*.taz=01;31:*.lha=01;31:*.lz4=01;31:*.lzh=01;31:*.lzma=01;31:*.tlz=01;31:*.txz=01;31:*.tzo=01;31:*.t7z=01;31:*.zip=01;31:*.z=01;31:*.dz=01;31:*.gz=01;31:*.lrz=01;31:*.lz=01;31:*.lzo=01;31:*.xz=01;31:*.zst=01;31:*.tzst=01;31:*.bz2=01;31:*.bz=01;31:*.tbz=01;31:*.tbz2=01;31:*.tz=01;31:*.deb=01;31:*.rpm=01;31:*.jar=01;31:*.war=01;31:*.ear=01;31:*.sar=01;31:*.rar=01;31:*.alz=01;31:*.ace=01;31:*.zoo=01;31:*.cpio=01;31:*.7z=01;31:*.rz=01;31:*.cab=01;31:*.wim=01;31:*.swm=01;31:*.dwm=01;31:*.esd=01;31:*.avif=01;35:*.jpg=01;35:*.jpeg=01;35:*.mjpg=01;35:*.mjpeg=01;35:*.gif=01;35:*.bmp=01;35:*.pbm=01;35:*.pgm=01;35:*.ppm=01;35:*.tga=01;35:*.xbm=01;35:*.xpm=01;35:*.tif=01;35:*.tiff=01;35:*.png=01;35:*.svg=01;35:*.svgz=01;35:*.mng=01;35:*.pcx=01;35:*.mov=01;35:*.mpg=01;35:*.mpeg=01;35:*.m2v=01;35:*.mkv=01;35:*.webm=01;35:*.webp=01;35:*.ogm=01;35:*.mp4=01;35:*.m4v=01;35:*.mp4v=01;35:*.vob=01;35:*.qt=01;35:*.nuv=01;35:*.wmv=01;35:*.asf=01;35:*.rm=01;35:*.rmvb=01;35:*.flc=01;35:*.avi=01;35:*.fli=01;35:*.flv=01;35:*.gl=01;35:*.dl=01;35:*.xcf=01;35:*.xwd=01;35:*.yuv=01;35:*.cgm=01;35:*.emf=01;35:*.ogv=01;35:*.ogx=01;35:*.aac=00;36:*.au=00;36:*.flac=00;36:*.m4a=00;36:*.mid=00;36:*.midi=00;36:*.mka=00;36:*.mp3=00;36:*.mpc=00;36:*.ogg=00;36:*.ra=00;36:*.wav=00;36:*.oga=00;36:*.opus=00;36:*.spx=00;36:*.xspf=00;36:*~=00;90:*#=00;90:*.bak=00;90:*.crdownload=00;90:*.dpkg-dist=00;90:*.dpkg-new=00;90:*.dpkg-old=00;90:*.dpkg-tmp=00;90:*.old=00;90:*.orig=00;90:*.part=00;90:*.rej=00;90:*.rpmnew=00;90:*.rpmorig=00;90:*.rpmsave=00;90:*.swp=00;90:*.tmp=00;90:*.ucf-dist=00;90:*.ucf-new=00;90:*.ucf-old=00;90:', 'AMENT_PREFIX_PATH': '/home/ngt/ZENS-Final-AUVC/install/msgs:/home/ngt/ZENS-Final-AUVC/install/gazebo_bluerov2:/home/ngt/ZENS-Final-AUVC/install/flashing:/home/ngt/ZENS-Final-AUVC/install/cv:/home/ngt/ZENS-Final-AUVC/install/control:/home/ngt/ZENS-Final-AUVC/install/bringup:/home/ngt/auvc_ws/install/tutorial_virtualenvs:/home/ngt/auvc_ws/install/tutorial_pid:/home/ngt/auvc_ws/install/tutorial_ardusub:/home/ngt/auvc_ws/install/tutorial:/home/ngt/auvc_ws/install/rosmav:/home/ngt/auvc_ws/install/example_custom_srv:/home/ngt/cv_ws/install/cv:/home/ngt/pid_ws/install/target_depth_msgs:/home/ngt/pid_ws/install/pid:/home/ngt/auv_dancing/install/tutorial:/opt/ros/jazzy', 'SHELL': '/usr/bin/zsh', 'VIRTUALENVWRAPPER_PROJECT_FILENAME': '.project', 'VIRTUALENVWRAPPER_HOOK_DIR': '/home/ngt/.virtualenvs', 'VSCODE_GIT_ASKPASS_EXTRA_ARGS': '', 'VIRTUALENVWRAPPER_SCRIPT': '/usr/share/virtualenvwrapper/virtualenvwrapper.sh', 'ROS_AUTOMATIC_DISCOVERY_RANGE': 'SUBNET', 'VIRTUAL_ENV': '/home/ngt/.virtualenvs/ardusub', 'LC_ALL': 'en_US.UTF-8', 'PWD': '/home/ngt/ZENS-Final-AUVC/build/msgs', 'SSH_CONNECTION': '192.168.3.1 64256 192.168.3.2 22', 'COPILOT_DEBUG_NONCE': 'd6eed4c06bd82aa6cee185ab30fdc4f4', 'ZDOTDIR': '/home/ngt', 'PYTHONPATH': '/home/ngt/ZENS-Final-AUVC/install/msgs/lib/python3.12/site-packages:/home/ngt/ZENS-Final-AUVC/install/hardware/lib/python3.12/site-packages:/home/ngt/ZENS-Final-AUVC/install/flashing/lib/python3.12/site-packages:/home/ngt/ZENS-Final-AUVC/install/cv/lib/python3.12/site-packages:/home/ngt/ZENS-Final-AUVC/install/control/lib/python3.12/site-packages:/home/ngt/ZENS-Final-AUVC/install/bringup/lib/python3.12/site-packages:/home/ngt/auvc_ws/install/tutorial_virtualenvs/lib/python3.12/site-packages:/home/ngt/auvc_ws/install/tutorial_pid/lib/python3.12/site-packages:/home/ngt/auvc_ws/install/tutorial_ardusub/lib/python3.12/site-packages:/home/ngt/auvc_ws/install/tutorial/lib/python3.12/site-packages:/home/ngt/auvc_ws/install/rosmav/lib/python3.12/site-packages:/home/ngt/auvc_ws/install/example_custom_srv/lib/python3.12/site-packages:/home/ngt/cv_ws/install/cv/lib/python3.12/site-packages:/home/ngt/pid_ws/install/target_depth_msgs/lib/python3.12/site-packages:/home/ngt/pid_ws/install/pid/lib/python3.12/site-packages:/home/ngt/auv_dancing/install/tutorial/lib/python3.12/site-packages:/opt/ros/jazzy/lib/python3.12/site-packages', 'COLCON': '1', 'CMAKE_PREFIX_PATH': '/home/ngt/ZENS-Final-AUVC/install/msgs:/home/ngt/ZENS-Final-AUVC/install/gazebo_bluerov2:/home/ngt/auvc_ws/install/example_custom_srv:/home/ngt/pid_ws/install/target_depth_msgs:/opt/ros/jazzy/opt/gz_sim_vendor:/opt/ros/jazzy/opt/gz_sensors_vendor:/opt/ros/jazzy/opt/gz_physics_vendor:/opt/ros/jazzy/opt/sdformat_vendor:/opt/ros/jazzy/opt/gz_gui_vendor:/opt/ros/jazzy/opt/gz_transport_vendor:/opt/ros/jazzy/opt/gz_rendering_vendor:/opt/ros/jazzy/opt/gz_plugin_vendor:/opt/ros/jazzy/opt/gz_fuel_tools_vendor:/opt/ros/jazzy/opt/gz_msgs_vendor:/opt/ros/jazzy/opt/gz_common_vendor:/opt/ros/jazzy/opt/gz_math_vendor:/opt/ros/jazzy/opt/gz_utils_vendor:/opt/ros/jazzy/opt/gz_tools_vendor:/opt/ros/jazzy/opt/gz_ogre_next_vendor:/opt/ros/jazzy/opt/gz_dartsim_vendor:/opt/ros/jazzy/opt/gz_cmake_vendor:/home/ngt/ZENS-Final-AUVC/install/flashing:/home/ngt/ZENS-Final-AUVC/install/cv:/home/ngt/ZENS-Final-AUVC/install/control:/home/ngt/ZENS-Final-AUVC/install/bringup:/home/ngt/auvc_ws/install/tutorial_virtualenvs:/home/ngt/auvc_ws/install/tutorial_pid:/home/ngt/auvc_ws/install/tutorial_ardusub:/home/ngt/auvc_ws/install/tutorial:/home/ngt/auvc_ws/install/rosmav:/home/ngt/cv_ws/install/cv:/home/ngt/pid_ws/install/pid:/home/ngt/auv_dancing/install/tutorial:/opt/ros/jazzy'}), 'shell': False}
[55.808125] (-) TimerEvent: {}
[55.840852] (msgs) StdoutLine: {'line': b'-- Install configuration: ""\n'}
[55.843463] (msgs) StdoutLine: {'line': b'-- Up-to-date: /home/ngt/ZENS-Final-AUVC/install/msgs/share/ament_index/resource_index/rosidl_interfaces/msgs\n'}
[55.846166] (msgs) StdoutLine: {'line': b'-- Up-to-date: /home/ngt/ZENS-Final-AUVC/install/msgs/share/msgs/msg/TargetDepth.json\n'}
[55.848387] (msgs) StdoutLine: {'line': b'-- Up-to-date: /home/ngt/ZENS-Final-AUVC/install/msgs/include/msgs/msgs\n'}
[55.850199] (msgs) StdoutLine: {'line': b'-- Up-to-date: /home/ngt/ZENS-Final-AUVC/install/msgs/include/msgs/msgs/msg\n'}
[55.851078] (msgs) StdoutLine: {'line': b'-- Up-to-date: /home/ngt/ZENS-Final-AUVC/install/msgs/include/msgs/msgs/msg/detail\n'}
[55.857363] (msgs) StdoutLine: {'line': b'-- Up-to-date: /home/ngt/ZENS-Final-AUVC/install/msgs/include/msgs/msgs/msg/detail/target_depth__struct.h\n'}
[55.858044] (msgs) StdoutLine: {'line': b'-- Installing: /home/ngt/ZENS-Final-AUVC/install/msgs/include/msgs/msgs/msg/detail/target_depth__type_support.c\n'}
[55.862167] (msgs) StdoutLine: {'line': b'-- Up-to-date: /home/ngt/ZENS-Final-AUVC/install/msgs/include/msgs/msgs/msg/detail/target_depth__functions.c\n'}
[55.866054] (msgs) StdoutLine: {'line': b'-- Up-to-date: /home/ngt/ZENS-Final-AUVC/install/msgs/include/msgs/msgs/msg/detail/target_depth__functions.h\n'}
[55.868239] (msgs) StdoutLine: {'line': b'-- Up-to-date: /home/ngt/ZENS-Final-AUVC/install/msgs/include/msgs/msgs/msg/detail/target_depth__description.c\n'}
[55.872984] (msgs) StdoutLine: {'line': b'-- Up-to-date: /home/ngt/ZENS-Final-AUVC/install/msgs/include/msgs/msgs/msg/detail/target_depth__type_support.h\n'}
[55.874947] (msgs) StdoutLine: {'line': b'-- Up-to-date: /home/ngt/ZENS-Final-AUVC/install/msgs/include/msgs/msgs/msg/target_depth.h\n'}
[55.875536] (msgs) StdoutLine: {'line': b'-- Up-to-date: /home/ngt/ZENS-Final-AUVC/install/msgs/include/msgs/msgs/msg/rosidl_generator_c__visibility_control.h\n'}
[55.877872] (msgs) StdoutLine: {'line': b'-- Up-to-date: /home/ngt/ZENS-Final-AUVC/install/msgs/share/msgs/environment/library_path.sh\n'}
[55.879260] (msgs) StdoutLine: {'line': b'-- Up-to-date: /home/ngt/ZENS-Final-AUVC/install/msgs/share/msgs/environment/library_path.dsv\n'}
[55.881152] (msgs) StdoutLine: {'line': b'-- Up-to-date: /home/ngt/ZENS-Final-AUVC/install/msgs/lib/libmsgs__rosidl_generator_c.so\n'}
[55.882822] (msgs) StdoutLine: {'line': b'-- Up-to-date: /home/ngt/ZENS-Final-AUVC/install/msgs/include/msgs/msgs\n'}
[55.885016] (msgs) StdoutLine: {'line': b'-- Up-to-date: /home/ngt/ZENS-Final-AUVC/install/msgs/include/msgs/msgs/msg\n'}
[55.886895] (msgs) StdoutLine: {'line': b'-- Up-to-date: /home/ngt/ZENS-Final-AUVC/install/msgs/include/msgs/msgs/msg/rosidl_typesupport_fastrtps_c__visibility_control.h\n'}
[55.891155] (msgs) StdoutLine: {'line': b'-- Up-to-date: /home/ngt/ZENS-Final-AUVC/install/msgs/include/msgs/msgs/msg/detail\n'}
[55.894012] (msgs) StdoutLine: {'line': b'-- Up-to-date: /home/ngt/ZENS-Final-AUVC/install/msgs/include/msgs/msgs/msg/detail/target_depth__rosidl_typesupport_fastrtps_c.h\n'}
[55.894782] (msgs) StdoutLine: {'line': b'-- Up-to-date: /home/ngt/ZENS-Final-AUVC/install/msgs/lib/libmsgs__rosidl_typesupport_fastrtps_c.so\n'}
[55.895416] (msgs) StdoutLine: {'line': b'-- Up-to-date: /home/ngt/ZENS-Final-AUVC/install/msgs/include/msgs/msgs\n'}
[55.897789] (msgs) StdoutLine: {'line': b'-- Up-to-date: /home/ngt/ZENS-Final-AUVC/install/msgs/include/msgs/msgs/msg\n'}
[55.898487] (msgs) StdoutLine: {'line': b'-- Up-to-date: /home/ngt/ZENS-Final-AUVC/install/msgs/include/msgs/msgs/msg/rosidl_generator_cpp__visibility_control.hpp\n'}
[55.899118] (msgs) StdoutLine: {'line': b'-- Up-to-date: /home/ngt/ZENS-Final-AUVC/install/msgs/include/msgs/msgs/msg/detail\n'}
[55.902139] (msgs) StdoutLine: {'line': b'-- Up-to-date: /home/ngt/ZENS-Final-AUVC/install/msgs/include/msgs/msgs/msg/detail/target_depth__traits.hpp\n'}
[55.902903] (msgs) StdoutLine: {'line': b'-- Up-to-date: /home/ngt/ZENS-Final-AUVC/install/msgs/include/msgs/msgs/msg/detail/target_depth__type_support.hpp\n'}
[55.903424] (msgs) StdoutLine: {'line': b'-- Up-to-date: /home/ngt/ZENS-Final-AUVC/install/msgs/include/msgs/msgs/msg/detail/target_depth__builder.hpp\n'}
[55.903922] (msgs) StdoutLine: {'line': b'-- Up-to-date: /home/ngt/ZENS-Final-AUVC/install/msgs/include/msgs/msgs/msg/detail/target_depth__struct.hpp\n'}
[55.904382] (msgs) StdoutLine: {'line': b'-- Up-to-date: /home/ngt/ZENS-Final-AUVC/install/msgs/include/msgs/msgs/msg/target_depth.hpp\n'}
[55.906723] (msgs) StdoutLine: {'line': b'-- Up-to-date: /home/ngt/ZENS-Final-AUVC/install/msgs/include/msgs/msgs\n'}
[55.907334] (msgs) StdoutLine: {'line': b'-- Up-to-date: /home/ngt/ZENS-Final-AUVC/install/msgs/include/msgs/msgs/msg\n'}
[55.907938] (msgs) StdoutLine: {'line': b'-- Up-to-date: /home/ngt/ZENS-Final-AUVC/install/msgs/include/msgs/msgs/msg/rosidl_typesupport_fastrtps_cpp__visibility_control.h\n'}
[55.908424] (-) TimerEvent: {}
[55.909814] (msgs) StdoutLine: {'line': b'-- Up-to-date: /home/ngt/ZENS-Final-AUVC/install/msgs/include/msgs/msgs/msg/detail\n'}
[55.911691] (msgs) StdoutLine: {'line': b'-- Up-to-date: /home/ngt/ZENS-Final-AUVC/install/msgs/include/msgs/msgs/msg/detail/dds_fastrtps\n'}
[55.912478] (msgs) StdoutLine: {'line': b'-- Up-to-date: /home/ngt/ZENS-Final-AUVC/install/msgs/include/msgs/msgs/msg/detail/target_depth__rosidl_typesupport_fastrtps_cpp.hpp\n'}
[55.913686] (msgs) StdoutLine: {'line': b'-- Up-to-date: /home/ngt/ZENS-Final-AUVC/install/msgs/lib/libmsgs__rosidl_typesupport_fastrtps_cpp.so\n'}
[55.914396] (msgs) StdoutLine: {'line': b'-- Up-to-date: /home/ngt/ZENS-Final-AUVC/install/msgs/include/msgs/msgs\n'}
[55.915071] (msgs) StdoutLine: {'line': b'-- Up-to-date: /home/ngt/ZENS-Final-AUVC/install/msgs/include/msgs/msgs/msg\n'}
[55.916578] (msgs) StdoutLine: {'line': b'-- Up-to-date: /home/ngt/ZENS-Final-AUVC/install/msgs/include/msgs/msgs/msg/rosidl_typesupport_introspection_c__visibility_control.h\n'}
[55.918141] (msgs) StdoutLine: {'line': b'-- Up-to-date: /home/ngt/ZENS-Final-AUVC/install/msgs/include/msgs/msgs/msg/detail\n'}
[55.919022] (msgs) StdoutLine: {'line': b'-- Installing: /home/ngt/ZENS-Final-AUVC/install/msgs/include/msgs/msgs/msg/detail/target_depth__type_support.c\n'}
[55.920767] (msgs) StdoutLine: {'line': b'-- Up-to-date: /home/ngt/ZENS-Final-AUVC/install/msgs/include/msgs/msgs/msg/detail/target_depth__rosidl_typesupport_introspection_c.h\n'}
[55.921848] (msgs) StdoutLine: {'line': b'-- Up-to-date: /home/ngt/ZENS-Final-AUVC/install/msgs/lib/libmsgs__rosidl_typesupport_introspection_c.so\n'}
[55.922498] (msgs) StdoutLine: {'line': b'-- Up-to-date: /home/ngt/ZENS-Final-AUVC/install/msgs/lib/libmsgs__rosidl_typesupport_c.so\n'}
[55.923916] (msgs) StdoutLine: {'line': b'-- Up-to-date: /home/ngt/ZENS-Final-AUVC/install/msgs/include/msgs/msgs\n'}
[55.924665] (msgs) StdoutLine: {'line': b'-- Up-to-date: /home/ngt/ZENS-Final-AUVC/install/msgs/include/msgs/msgs/msg\n'}
[55.925426] (msgs) StdoutLine: {'line': b'-- Up-to-date: /home/ngt/ZENS-Final-AUVC/install/msgs/include/msgs/msgs/msg/detail\n'}
[55.928591] (msgs) StdoutLine: {'line': b'-- Up-to-date: /home/ngt/ZENS-Final-AUVC/install/msgs/include/msgs/msgs/msg/detail/target_depth__rosidl_typesupport_introspection_cpp.hpp\n'}
[55.930180] (msgs) StdoutLine: {'line': b'-- Up-to-date: /home/ngt/ZENS-Final-AUVC/install/msgs/include/msgs/msgs/msg/detail/target_depth__type_support.cpp\n'}
[55.932345] (msgs) StdoutLine: {'line': b'-- Up-to-date: /home/ngt/ZENS-Final-AUVC/install/msgs/lib/libmsgs__rosidl_typesupport_introspection_cpp.so\n'}
[55.933451] (msgs) StdoutLine: {'line': b'-- Up-to-date: /home/ngt/ZENS-Final-AUVC/install/msgs/lib/libmsgs__rosidl_typesupport_cpp.so\n'}
[55.934720] (msgs) StdoutLine: {'line': b'-- Up-to-date: /home/ngt/ZENS-Final-AUVC/install/msgs/share/msgs/environment/pythonpath.sh\n'}
[55.935427] (msgs) StdoutLine: {'line': b'-- Up-to-date: /home/ngt/ZENS-Final-AUVC/install/msgs/share/msgs/environment/pythonpath.dsv\n'}
[55.938090] (msgs) StdoutLine: {'line': b'-- Up-to-date: /home/ngt/ZENS-Final-AUVC/install/msgs/lib/python3.12/site-packages/msgs-0.0.0-py3.12.egg-info\n'}
[55.940035] (msgs) StdoutLine: {'line': b'-- Up-to-date: /home/ngt/ZENS-Final-AUVC/install/msgs/lib/python3.12/site-packages/msgs-0.0.0-py3.12.egg-info/SOURCES.txt\n'}
[55.940810] (msgs) StdoutLine: {'line': b'-- Up-to-date: /home/ngt/ZENS-Final-AUVC/install/msgs/lib/python3.12/site-packages/msgs-0.0.0-py3.12.egg-info/top_level.txt\n'}
[55.941450] (msgs) StdoutLine: {'line': b'-- Up-to-date: /home/ngt/ZENS-Final-AUVC/install/msgs/lib/python3.12/site-packages/msgs-0.0.0-py3.12.egg-info/dependency_links.txt\n'}
[55.942170] (msgs) StdoutLine: {'line': b'-- Up-to-date: /home/ngt/ZENS-Final-AUVC/install/msgs/lib/python3.12/site-packages/msgs-0.0.0-py3.12.egg-info/PKG-INFO\n'}
[55.944465] (msgs) StdoutLine: {'line': b'-- Up-to-date: /home/ngt/ZENS-Final-AUVC/install/msgs/lib/python3.12/site-packages/msgs\n'}
[55.945361] (msgs) StdoutLine: {'line': b'-- Up-to-date: /home/ngt/ZENS-Final-AUVC/install/msgs/lib/python3.12/site-packages/msgs/msgs_s__rosidl_typesupport_fastrtps_c.so\n'}
[55.946120] (msgs) StdoutLine: {'line': b'-- Up-to-date: /home/ngt/ZENS-Final-AUVC/install/msgs/lib/python3.12/site-packages/msgs/msgs_s__rosidl_typesupport_c.so\n'}
[55.947867] (msgs) StdoutLine: {'line': b'-- Up-to-date: /home/ngt/ZENS-Final-AUVC/install/msgs/lib/python3.12/site-packages/msgs/msg\n'}
[55.949422] (msgs) StdoutLine: {'line': b'-- Up-to-date: /home/ngt/ZENS-Final-AUVC/install/msgs/lib/python3.12/site-packages/msgs/msg/_target_depth.py\n'}
[55.950540] (msgs) StdoutLine: {'line': b'-- Up-to-date: /home/ngt/ZENS-Final-AUVC/install/msgs/lib/python3.12/site-packages/msgs/msg/_target_depth_s.c\n'}
[55.951993] (msgs) StdoutLine: {'line': b'-- Up-to-date: /home/ngt/ZENS-Final-AUVC/install/msgs/lib/python3.12/site-packages/msgs/msg/__init__.py\n'}
[55.952863] (msgs) StdoutLine: {'line': b'-- Up-to-date: /home/ngt/ZENS-Final-AUVC/install/msgs/lib/python3.12/site-packages/msgs/_msgs_s.ep.rosidl_typesupport_introspection_c.c\n'}
[55.953495] (msgs) StdoutLine: {'line': b'-- Up-to-date: /home/ngt/ZENS-Final-AUVC/install/msgs/lib/python3.12/site-packages/msgs/_msgs_s.ep.rosidl_typesupport_fastrtps_c.c\n'}
[55.956279] (msgs) StdoutLine: {'line': b'-- Up-to-date: /home/ngt/ZENS-Final-AUVC/install/msgs/lib/python3.12/site-packages/msgs/msgs_s__rosidl_typesupport_introspection_c.so\n'}
[55.957258] (msgs) StdoutLine: {'line': b'-- Up-to-date: /home/ngt/ZENS-Final-AUVC/install/msgs/lib/python3.12/site-packages/msgs/_msgs_s.ep.rosidl_typesupport_c.c\n'}
[55.958657] (msgs) StdoutLine: {'line': b'-- Up-to-date: /home/ngt/ZENS-Final-AUVC/install/msgs/lib/python3.12/site-packages/msgs/__init__.py\n'}
[56.009309] (-) TimerEvent: {}
[56.112711] (-) TimerEvent: {}
[56.215827] (-) TimerEvent: {}
[56.276617] (msgs) StdoutLine: {'line': b"Listing '/home/ngt/ZENS-Final-AUVC/install/msgs/lib/python3.12/site-packages/msgs'...\n"}
[56.281407] (msgs) StdoutLine: {'line': b"Listing '/home/ngt/ZENS-Final-AUVC/install/msgs/lib/python3.12/site-packages/msgs/msg'...\n"}
[56.319031] (-) TimerEvent: {}
[56.343294] (msgs) StdoutLine: {'line': b'-- Up-to-date: /home/ngt/ZENS-Final-AUVC/install/msgs/lib/python3.12/site-packages/msgs/msgs_s__rosidl_typesupport_fastrtps_c.so\n'}
[56.348780] (msgs) StdoutLine: {'line': b'-- Up-to-date: /home/ngt/ZENS-Final-AUVC/install/msgs/lib/python3.12/site-packages/msgs/msgs_s__rosidl_typesupport_introspection_c.so\n'}
[56.350437] (msgs) StdoutLine: {'line': b'-- Up-to-date: /home/ngt/ZENS-Final-AUVC/install/msgs/lib/python3.12/site-packages/msgs/msgs_s__rosidl_typesupport_c.so\n'}
[56.353740] (msgs) StdoutLine: {'line': b'-- Up-to-date: /home/ngt/ZENS-Final-AUVC/install/msgs/lib/libmsgs__rosidl_generator_py.so\n'}
[56.355233] (msgs) StdoutLine: {'line': b'-- Up-to-date: /home/ngt/ZENS-Final-AUVC/install/msgs/share/ament_index/resource_index/rust_packages/msgs\n'}
[56.356941] (msgs) StdoutLine: {'line': b'-- Up-to-date: /home/ngt/ZENS-Final-AUVC/install/msgs/share/msgs/rust\n'}
[56.358384] (msgs) StdoutLine: {'line': b'-- Up-to-date: /home/ngt/ZENS-Final-AUVC/install/msgs/share/msgs/rust/build.rs\n'}
[56.360091] (msgs) StdoutLine: {'line': b'-- Up-to-date: /home/ngt/ZENS-Final-AUVC/install/msgs/share/msgs/rust/Cargo.toml\n'}
[56.364763] (msgs) StdoutLine: {'line': b'-- Up-to-date: /home/ngt/ZENS-Final-AUVC/install/msgs/share/msgs/rust/src\n'}
[56.365463] (msgs) StdoutLine: {'line': b'-- Up-to-date: /home/ngt/ZENS-Final-AUVC/install/msgs/share/msgs/rust/src/lib.rs\n'}
[56.366252] (msgs) StdoutLine: {'line': b'-- Up-to-date: /home/ngt/ZENS-Final-AUVC/install/msgs/share/msgs/rust/src/msg.rs\n'}
[56.372867] (msgs) StdoutLine: {'line': b'-- Up-to-date: /home/ngt/ZENS-Final-AUVC/install/msgs/share/msgs/rust/src/msg\n'}
[56.375001] (msgs) StdoutLine: {'line': b'-- Up-to-date: /home/ngt/ZENS-Final-AUVC/install/msgs/share/msgs/rust/src/msg/rmw.rs\n'}
[56.377862] (msgs) StdoutLine: {'line': b'-- Up-to-date: /home/ngt/ZENS-Final-AUVC/install/msgs/share/msgs/msg/TargetDepth.idl\n'}
[56.379192] (msgs) StdoutLine: {'line': b'-- Up-to-date: /home/ngt/ZENS-Final-AUVC/install/msgs/share/msgs/msg/TargetDepth.msg\n'}
[56.380598] (msgs) StdoutLine: {'line': b'-- Up-to-date: /home/ngt/ZENS-Final-AUVC/install/msgs/share/ament_index/resource_index/package_run_dependencies/msgs\n'}
[56.381457] (msgs) StdoutLine: {'line': b'-- Up-to-date: /home/ngt/ZENS-Final-AUVC/install/msgs/share/ament_index/resource_index/parent_prefix_path/msgs\n'}
[56.382195] (msgs) StdoutLine: {'line': b'-- Up-to-date: /home/ngt/ZENS-Final-AUVC/install/msgs/share/msgs/environment/ament_prefix_path.sh\n'}
[56.382837] (msgs) StdoutLine: {'line': b'-- Up-to-date: /home/ngt/ZENS-Final-AUVC/install/msgs/share/msgs/environment/ament_prefix_path.dsv\n'}
[56.384393] (msgs) StdoutLine: {'line': b'-- Up-to-date: /home/ngt/ZENS-Final-AUVC/install/msgs/share/msgs/environment/path.sh\n'}
[56.386157] (msgs) StdoutLine: {'line': b'-- Up-to-date: /home/ngt/ZENS-Final-AUVC/install/msgs/share/msgs/environment/path.dsv\n'}
[56.387049] (msgs) StdoutLine: {'line': b'-- Up-to-date: /home/ngt/ZENS-Final-AUVC/install/msgs/share/msgs/local_setup.bash\n'}
[56.387900] (msgs) StdoutLine: {'line': b'-- Up-to-date: /home/ngt/ZENS-Final-AUVC/install/msgs/share/msgs/local_setup.sh\n'}
[56.389384] (msgs) StdoutLine: {'line': b'-- Up-to-date: /home/ngt/ZENS-Final-AUVC/install/msgs/share/msgs/local_setup.zsh\n'}
[56.390641] (msgs) StdoutLine: {'line': b'-- Up-to-date: /home/ngt/ZENS-Final-AUVC/install/msgs/share/msgs/local_setup.dsv\n'}
[56.391897] (msgs) StdoutLine: {'line': b'-- Installing: /home/ngt/ZENS-Final-AUVC/install/msgs/share/msgs/package.dsv\n'}
[56.392990] (msgs) StdoutLine: {'line': b'-- Up-to-date: /home/ngt/ZENS-Final-AUVC/install/msgs/share/ament_index/resource_index/packages/msgs\n'}
[56.395042] (msgs) StdoutLine: {'line': b'-- Up-to-date: /home/ngt/ZENS-Final-AUVC/install/msgs/share/msgs/cmake/export_msgs__rosidl_generator_cExport.cmake\n'}
[56.397222] (msgs) StdoutLine: {'line': b'-- Up-to-date: /home/ngt/ZENS-Final-AUVC/install/msgs/share/msgs/cmake/export_msgs__rosidl_generator_cExport-noconfig.cmake\n'}
[56.399367] (msgs) StdoutLine: {'line': b'-- Up-to-date: /home/ngt/ZENS-Final-AUVC/install/msgs/share/msgs/cmake/export_msgs__rosidl_typesupport_fastrtps_cExport.cmake\n'}
[56.400480] (msgs) StdoutLine: {'line': b'-- Up-to-date: /home/ngt/ZENS-Final-AUVC/install/msgs/share/msgs/cmake/export_msgs__rosidl_typesupport_fastrtps_cExport-noconfig.cmake\n'}
[56.402725] (msgs) StdoutLine: {'line': b'-- Up-to-date: /home/ngt/ZENS-Final-AUVC/install/msgs/share/msgs/cmake/export_msgs__rosidl_generator_cppExport.cmake\n'}
[56.406056] (msgs) StdoutLine: {'line': b'-- Up-to-date: /home/ngt/ZENS-Final-AUVC/install/msgs/share/msgs/cmake/export_msgs__rosidl_typesupport_fastrtps_cppExport.cmake\n'}
[56.418644] (msgs) StdoutLine: {'line': b'-- Up-to-date: /home/ngt/ZENS-Final-AUVC/install/msgs/share/msgs/cmake/export_msgs__rosidl_typesupport_fastrtps_cppExport-noconfig.cmake\n'}
[56.419334] (-) TimerEvent: {}
[56.421041] (msgs) StdoutLine: {'line': b'-- Up-to-date: /home/ngt/ZENS-Final-AUVC/install/msgs/share/msgs/cmake/msgs__rosidl_typesupport_introspection_cExport.cmake\n'}
[56.423241] (msgs) StdoutLine: {'line': b'-- Up-to-date: /home/ngt/ZENS-Final-AUVC/install/msgs/share/msgs/cmake/msgs__rosidl_typesupport_introspection_cExport-noconfig.cmake\n'}
[56.425991] (msgs) StdoutLine: {'line': b'-- Up-to-date: /home/ngt/ZENS-Final-AUVC/install/msgs/share/msgs/cmake/msgs__rosidl_typesupport_cExport.cmake\n'}
[56.427109] (msgs) StdoutLine: {'line': b'-- Up-to-date: /home/ngt/ZENS-Final-AUVC/install/msgs/share/msgs/cmake/msgs__rosidl_typesupport_cExport-noconfig.cmake\n'}
[56.431024] (msgs) StdoutLine: {'line': b'-- Up-to-date: /home/ngt/ZENS-Final-AUVC/install/msgs/share/msgs/cmake/msgs__rosidl_typesupport_introspection_cppExport.cmake\n'}
[56.431681] (msgs) StdoutLine: {'line': b'-- Up-to-date: /home/ngt/ZENS-Final-AUVC/install/msgs/share/msgs/cmake/msgs__rosidl_typesupport_introspection_cppExport-noconfig.cmake\n'}
[56.437041] (msgs) StdoutLine: {'line': b'-- Up-to-date: /home/ngt/ZENS-Final-AUVC/install/msgs/share/msgs/cmake/msgs__rosidl_typesupport_cppExport.cmake\n'}
[56.439359] (msgs) StdoutLine: {'line': b'-- Up-to-date: /home/ngt/ZENS-Final-AUVC/install/msgs/share/msgs/cmake/msgs__rosidl_typesupport_cppExport-noconfig.cmake\n'}
[56.443036] (msgs) StdoutLine: {'line': b'-- Up-to-date: /home/ngt/ZENS-Final-AUVC/install/msgs/share/msgs/cmake/export_msgs__rosidl_generator_pyExport.cmake\n'}
[56.445396] (msgs) StdoutLine: {'line': b'-- Up-to-date: /home/ngt/ZENS-Final-AUVC/install/msgs/share/msgs/cmake/export_msgs__rosidl_generator_pyExport-noconfig.cmake\n'}
[56.446136] (msgs) StdoutLine: {'line': b'-- Up-to-date: /home/ngt/ZENS-Final-AUVC/install/msgs/share/msgs/cmake/rosidl_cmake-extras.cmake\n'}
[56.449189] (msgs) StdoutLine: {'line': b'-- Up-to-date: /home/ngt/ZENS-Final-AUVC/install/msgs/share/msgs/cmake/ament_cmake_export_dependencies-extras.cmake\n'}
[56.450019] (msgs) StdoutLine: {'line': b'-- Up-to-date: /home/ngt/ZENS-Final-AUVC/install/msgs/share/msgs/cmake/ament_cmake_export_include_directories-extras.cmake\n'}
[56.451494] (msgs) StdoutLine: {'line': b'-- Up-to-date: /home/ngt/ZENS-Final-AUVC/install/msgs/share/msgs/cmake/ament_cmake_export_libraries-extras.cmake\n'}
[56.452276] (msgs) StdoutLine: {'line': b'-- Up-to-date: /home/ngt/ZENS-Final-AUVC/install/msgs/share/msgs/cmake/ament_cmake_export_targets-extras.cmake\n'}
[56.455225] (msgs) StdoutLine: {'line': b'-- Up-to-date: /home/ngt/ZENS-Final-AUVC/install/msgs/share/msgs/cmake/rosidl_cmake_export_typesupport_targets-extras.cmake\n'}
[56.456292] (msgs) StdoutLine: {'line': b'-- Up-to-date: /home/ngt/ZENS-Final-AUVC/install/msgs/share/msgs/cmake/rosidl_cmake_export_typesupport_libraries-extras.cmake\n'}
[56.458009] (msgs) StdoutLine: {'line': b'-- Up-to-date: /home/ngt/ZENS-Final-AUVC/install/msgs/share/msgs/cmake/rosidl_cmake_aggregate_target-extras.cmake\n'}
[56.461908] (msgs) StdoutLine: {'line': b'-- Up-to-date: /home/ngt/ZENS-Final-AUVC/install/msgs/share/msgs/cmake/msgsConfig.cmake\n'}
[56.462742] (msgs) StdoutLine: {'line': b'-- Up-to-date: /home/ngt/ZENS-Final-AUVC/install/msgs/share/msgs/cmake/msgsConfig-version.cmake\n'}
[56.464885] (msgs) StdoutLine: {'line': b'-- Up-to-date: /home/ngt/ZENS-Final-AUVC/install/msgs/share/msgs/package.xml\n'}
[56.466470] (msgs) CommandEnded: {'returncode': 0}
[56.520037] (-) TimerEvent: {}
[56.623069] (msgs) JobEnded: {'identifier': 'msgs', 'rc': 0}
[56.631207] (-) TimerEvent: {}
[56.631645] (-) EventReactorShutdown: {}
