[1.973s] DEBUG:colcon:Command line arguments: ['/home/ngt/.virtualenvs/ardusub/bin/colcon', 'build']
[1.974s] DEBUG:colcon:Parsed command line arguments: Namespace(log_base=None, log_level=None, verb_name='build', build_base='build', install_base='install', merge_install=False, symlink_install=False, test_result_base=None, continue_on_error=False, executor='parallel', parallel_workers=4, event_handlers=None, ignore_user_meta=False, metas=['./colcon.meta'], base_paths=['.'], packages_ignore=None, packages_ignore_regex=None, paths=None, packages_up_to=None, packages_up_to_regex=None, packages_above=None, packages_above_and_dependencies=None, packages_above_depth=None, packages_select_by_dep=None, packages_skip_by_dep=None, packages_skip_up_to=None, packages_select_build_failed=False, packages_skip_build_finished=False, packages_select_test_failures=False, packages_skip_test_passed=False, packages_select=None, packages_skip=None, packages_select_regex=None, packages_skip_regex=None, packages_start=None, packages_end=None, cmake_args=None, cmake_target=None, cmake_target_skip_unavailable=False, cmake_clean_cache=False, cmake_clean_first=False, cmake_force_configure=False, ament_cmake_args=None, catkin_cmake_args=None, catkin_skip_building_tests=False, verb_parser=<colcon_defaults.argument_parser.defaults.DefaultArgumentsDecorator object at 0xffffb837a2a0>, verb_extension=<colcon_core.verb.build.BuildVerb object at 0xffffb8379c40>, main=<bound method BuildVerb.main of <colcon_core.verb.build.BuildVerb object at 0xffffb8379c40>>)
[2.536s] Level 1:colcon.colcon_core.package_discovery:discover_packages(colcon_meta) check parameters
[2.537s] Level 1:colcon.colcon_core.package_discovery:discover_packages(recursive) check parameters
[2.537s] Level 1:colcon.colcon_core.package_discovery:discover_packages(ignore) check parameters
[2.537s] Level 1:colcon.colcon_core.package_discovery:discover_packages(path) check parameters
[2.538s] Level 1:colcon.colcon_core.package_discovery:discover_packages(colcon_meta) discover
[2.538s] Level 1:colcon.colcon_core.package_discovery:discover_packages(recursive) discover
[2.538s] INFO:colcon.colcon_core.package_discovery:Crawling recursively for packages in '/home/ngt/ZENS-Final-AUVC'
[2.553s] Level 1:colcon.colcon_core.package_identification:_identify(.) by extensions ['ignore', 'ignore_ament_install']
[2.554s] Level 1:colcon.colcon_core.package_identification:_identify(.) by extension 'ignore'
[2.554s] Level 1:colcon.colcon_core.package_identification:_identify(.) by extension 'ignore_ament_install'
[2.555s] Level 1:colcon.colcon_core.package_identification:_identify(.) by extensions ['colcon_pkg']
[2.558s] Level 1:colcon.colcon_core.package_identification:_identify(.) by extension 'colcon_pkg'
[2.558s] Level 1:colcon.colcon_core.package_identification:_identify(.) by extensions ['colcon_meta']
[2.559s] Level 1:colcon.colcon_core.package_identification:_identify(.) by extension 'colcon_meta'
[2.568s] Level 1:colcon.colcon_core.package_identification:_identify(.) by extensions ['ros']
[2.568s] Level 1:colcon.colcon_core.package_identification:_identify(.) by extension 'ros'
[2.985s] Level 1:colcon.colcon_core.package_identification:_identify(.) by extensions ['cmake', 'python']
[2.985s] Level 1:colcon.colcon_core.package_identification:_identify(.) by extension 'cmake'
[2.985s] Level 1:colcon.colcon_core.package_identification:_identify(.) by extension 'python'
[2.986s] Level 1:colcon.colcon_core.package_identification:_identify(.) by extensions ['python_setup_py']
[2.988s] Level 1:colcon.colcon_core.package_identification:_identify(.) by extension 'python_setup_py'
[2.989s] Level 1:colcon.colcon_core.package_identification:_identify(analysis) by extensions ['ignore', 'ignore_ament_install']
[2.994s] Level 1:colcon.colcon_core.package_identification:_identify(analysis) by extension 'ignore'
[2.994s] Level 1:colcon.colcon_core.package_identification:_identify(analysis) by extension 'ignore_ament_install'
[2.995s] Level 1:colcon.colcon_core.package_identification:_identify(analysis) by extensions ['colcon_pkg']
[2.995s] Level 1:colcon.colcon_core.package_identification:_identify(analysis) by extension 'colcon_pkg'
[2.996s] Level 1:colcon.colcon_core.package_identification:_identify(analysis) by extensions ['colcon_meta']
[3.003s] Level 1:colcon.colcon_core.package_identification:_identify(analysis) by extension 'colcon_meta'
[3.004s] Level 1:colcon.colcon_core.package_identification:_identify(analysis) by extensions ['ros']
[3.004s] Level 1:colcon.colcon_core.package_identification:_identify(analysis) by extension 'ros'
[3.005s] Level 1:colcon.colcon_core.package_identification:_identify(analysis) by extensions ['cmake', 'python']
[3.005s] Level 1:colcon.colcon_core.package_identification:_identify(analysis) by extension 'cmake'
[3.006s] Level 1:colcon.colcon_core.package_identification:_identify(analysis) by extension 'python'
[3.008s] Level 1:colcon.colcon_core.package_identification:_identify(analysis) by extensions ['python_setup_py']
[3.009s] Level 1:colcon.colcon_core.package_identification:_identify(analysis) by extension 'python_setup_py'
[3.012s] Level 1:colcon.colcon_core.package_identification:_identify(analysis/notebooks) by extensions ['ignore', 'ignore_ament_install']
[3.013s] Level 1:colcon.colcon_core.package_identification:_identify(analysis/notebooks) by extension 'ignore'
[3.015s] Level 1:colcon.colcon_core.package_identification:_identify(analysis/notebooks) by extension 'ignore_ament_install'
[3.016s] Level 1:colcon.colcon_core.package_identification:_identify(analysis/notebooks) by extensions ['colcon_pkg']
[3.017s] Level 1:colcon.colcon_core.package_identification:_identify(analysis/notebooks) by extension 'colcon_pkg'
[3.017s] Level 1:colcon.colcon_core.package_identification:_identify(analysis/notebooks) by extensions ['colcon_meta']
[3.017s] Level 1:colcon.colcon_core.package_identification:_identify(analysis/notebooks) by extension 'colcon_meta'
[3.018s] Level 1:colcon.colcon_core.package_identification:_identify(analysis/notebooks) by extensions ['ros']
[3.018s] Level 1:colcon.colcon_core.package_identification:_identify(analysis/notebooks) by extension 'ros'
[3.022s] Level 1:colcon.colcon_core.package_identification:_identify(analysis/notebooks) by extensions ['cmake', 'python']
[3.023s] Level 1:colcon.colcon_core.package_identification:_identify(analysis/notebooks) by extension 'cmake'
[3.024s] Level 1:colcon.colcon_core.package_identification:_identify(analysis/notebooks) by extension 'python'
[3.024s] Level 1:colcon.colcon_core.package_identification:_identify(analysis/notebooks) by extensions ['python_setup_py']
[3.025s] Level 1:colcon.colcon_core.package_identification:_identify(analysis/notebooks) by extension 'python_setup_py'
[3.030s] Level 1:colcon.colcon_core.package_identification:_identify(assets) by extensions ['ignore', 'ignore_ament_install']
[3.031s] Level 1:colcon.colcon_core.package_identification:_identify(assets) by extension 'ignore'
[3.031s] Level 1:colcon.colcon_core.package_identification:_identify(assets) by extension 'ignore_ament_install'
[3.031s] Level 1:colcon.colcon_core.package_identification:_identify(assets) by extensions ['colcon_pkg']
[3.032s] Level 1:colcon.colcon_core.package_identification:_identify(assets) by extension 'colcon_pkg'
[3.039s] Level 1:colcon.colcon_core.package_identification:_identify(assets) by extensions ['colcon_meta']
[3.040s] Level 1:colcon.colcon_core.package_identification:_identify(assets) by extension 'colcon_meta'
[3.040s] Level 1:colcon.colcon_core.package_identification:_identify(assets) by extensions ['ros']
[3.040s] Level 1:colcon.colcon_core.package_identification:_identify(assets) by extension 'ros'
[3.041s] Level 1:colcon.colcon_core.package_identification:_identify(assets) by extensions ['cmake', 'python']
[3.046s] Level 1:colcon.colcon_core.package_identification:_identify(assets) by extension 'cmake'
[3.046s] Level 1:colcon.colcon_core.package_identification:_identify(assets) by extension 'python'
[3.047s] Level 1:colcon.colcon_core.package_identification:_identify(assets) by extensions ['python_setup_py']
[3.047s] Level 1:colcon.colcon_core.package_identification:_identify(assets) by extension 'python_setup_py'
[3.048s] Level 1:colcon.colcon_core.package_identification:_identify(assets/AUV YOLO.v4-auvc_yolo26_dataset.yolo26) by extensions ['ignore', 'ignore_ament_install']
[3.049s] Level 1:colcon.colcon_core.package_identification:_identify(assets/AUV YOLO.v4-auvc_yolo26_dataset.yolo26) by extension 'ignore'
[3.051s] Level 1:colcon.colcon_core.package_identification:_identify(assets/AUV YOLO.v4-auvc_yolo26_dataset.yolo26) by extension 'ignore_ament_install'
[3.052s] Level 1:colcon.colcon_core.package_identification:_identify(assets/AUV YOLO.v4-auvc_yolo26_dataset.yolo26) by extensions ['colcon_pkg']
[3.052s] Level 1:colcon.colcon_core.package_identification:_identify(assets/AUV YOLO.v4-auvc_yolo26_dataset.yolo26) by extension 'colcon_pkg'
[3.053s] Level 1:colcon.colcon_core.package_identification:_identify(assets/AUV YOLO.v4-auvc_yolo26_dataset.yolo26) by extensions ['colcon_meta']
[3.053s] Level 1:colcon.colcon_core.package_identification:_identify(assets/AUV YOLO.v4-auvc_yolo26_dataset.yolo26) by extension 'colcon_meta'
[3.053s] Level 1:colcon.colcon_core.package_identification:_identify(assets/AUV YOLO.v4-auvc_yolo26_dataset.yolo26) by extensions ['ros']
[3.054s] Level 1:colcon.colcon_core.package_identification:_identify(assets/AUV YOLO.v4-auvc_yolo26_dataset.yolo26) by extension 'ros'
[3.058s] Level 1:colcon.colcon_core.package_identification:_identify(assets/AUV YOLO.v4-auvc_yolo26_dataset.yolo26) by extensions ['cmake', 'python']
[3.059s] Level 1:colcon.colcon_core.package_identification:_identify(assets/AUV YOLO.v4-auvc_yolo26_dataset.yolo26) by extension 'cmake'
[3.059s] Level 1:colcon.colcon_core.package_identification:_identify(assets/AUV YOLO.v4-auvc_yolo26_dataset.yolo26) by extension 'python'
[3.059s] Level 1:colcon.colcon_core.package_identification:_identify(assets/AUV YOLO.v4-auvc_yolo26_dataset.yolo26) by extensions ['python_setup_py']
[3.060s] Level 1:colcon.colcon_core.package_identification:_identify(assets/AUV YOLO.v4-auvc_yolo26_dataset.yolo26) by extension 'python_setup_py'
[3.061s] Level 1:colcon.colcon_core.package_identification:_identify(assets/AUV YOLO.v4-auvc_yolo26_dataset.yolo26/AUV YOLO.v4-auvc_yolo26_dataset.yolo26) by extensions ['ignore', 'ignore_ament_install']
[3.064s] Level 1:colcon.colcon_core.package_identification:_identify(assets/AUV YOLO.v4-auvc_yolo26_dataset.yolo26/AUV YOLO.v4-auvc_yolo26_dataset.yolo26) by extension 'ignore'
[3.065s] Level 1:colcon.colcon_core.package_identification:_identify(assets/AUV YOLO.v4-auvc_yolo26_dataset.yolo26/AUV YOLO.v4-auvc_yolo26_dataset.yolo26) by extension 'ignore_ament_install'
[3.065s] Level 1:colcon.colcon_core.package_identification:_identify(assets/AUV YOLO.v4-auvc_yolo26_dataset.yolo26/AUV YOLO.v4-auvc_yolo26_dataset.yolo26) by extensions ['colcon_pkg']
[3.066s] Level 1:colcon.colcon_core.package_identification:_identify(assets/AUV YOLO.v4-auvc_yolo26_dataset.yolo26/AUV YOLO.v4-auvc_yolo26_dataset.yolo26) by extension 'colcon_pkg'
[3.068s] Level 1:colcon.colcon_core.package_identification:_identify(assets/AUV YOLO.v4-auvc_yolo26_dataset.yolo26/AUV YOLO.v4-auvc_yolo26_dataset.yolo26) by extensions ['colcon_meta']
[3.068s] Level 1:colcon.colcon_core.package_identification:_identify(assets/AUV YOLO.v4-auvc_yolo26_dataset.yolo26/AUV YOLO.v4-auvc_yolo26_dataset.yolo26) by extension 'colcon_meta'
[3.068s] Level 1:colcon.colcon_core.package_identification:_identify(assets/AUV YOLO.v4-auvc_yolo26_dataset.yolo26/AUV YOLO.v4-auvc_yolo26_dataset.yolo26) by extensions ['ros']
[3.069s] Level 1:colcon.colcon_core.package_identification:_identify(assets/AUV YOLO.v4-auvc_yolo26_dataset.yolo26/AUV YOLO.v4-auvc_yolo26_dataset.yolo26) by extension 'ros'
[3.069s] Level 1:colcon.colcon_core.package_identification:_identify(assets/AUV YOLO.v4-auvc_yolo26_dataset.yolo26/AUV YOLO.v4-auvc_yolo26_dataset.yolo26) by extensions ['cmake', 'python']
[3.070s] Level 1:colcon.colcon_core.package_identification:_identify(assets/AUV YOLO.v4-auvc_yolo26_dataset.yolo26/AUV YOLO.v4-auvc_yolo26_dataset.yolo26) by extension 'cmake'
[3.075s] Level 1:colcon.colcon_core.package_identification:_identify(assets/AUV YOLO.v4-auvc_yolo26_dataset.yolo26/AUV YOLO.v4-auvc_yolo26_dataset.yolo26) by extension 'python'
[3.076s] Level 1:colcon.colcon_core.package_identification:_identify(assets/AUV YOLO.v4-auvc_yolo26_dataset.yolo26/AUV YOLO.v4-auvc_yolo26_dataset.yolo26) by extensions ['python_setup_py']
[3.076s] Level 1:colcon.colcon_core.package_identification:_identify(assets/AUV YOLO.v4-auvc_yolo26_dataset.yolo26/AUV YOLO.v4-auvc_yolo26_dataset.yolo26) by extension 'python_setup_py'
[3.077s] Level 1:colcon.colcon_core.package_identification:_identify(assets/AUV YOLO.v4-auvc_yolo26_dataset.yolo26/AUV YOLO.v4-auvc_yolo26_dataset.yolo26/test) by extensions ['ignore', 'ignore_ament_install']
[3.078s] Level 1:colcon.colcon_core.package_identification:_identify(assets/AUV YOLO.v4-auvc_yolo26_dataset.yolo26/AUV YOLO.v4-auvc_yolo26_dataset.yolo26/test) by extension 'ignore'
[3.081s] Level 1:colcon.colcon_core.package_identification:_identify(assets/AUV YOLO.v4-auvc_yolo26_dataset.yolo26/AUV YOLO.v4-auvc_yolo26_dataset.yolo26/test) by extension 'ignore_ament_install'
[3.082s] Level 1:colcon.colcon_core.package_identification:_identify(assets/AUV YOLO.v4-auvc_yolo26_dataset.yolo26/AUV YOLO.v4-auvc_yolo26_dataset.yolo26/test) by extensions ['colcon_pkg']
[3.082s] Level 1:colcon.colcon_core.package_identification:_identify(assets/AUV YOLO.v4-auvc_yolo26_dataset.yolo26/AUV YOLO.v4-auvc_yolo26_dataset.yolo26/test) by extension 'colcon_pkg'
[3.082s] Level 1:colcon.colcon_core.package_identification:_identify(assets/AUV YOLO.v4-auvc_yolo26_dataset.yolo26/AUV YOLO.v4-auvc_yolo26_dataset.yolo26/test) by extensions ['colcon_meta']
[3.083s] Level 1:colcon.colcon_core.package_identification:_identify(assets/AUV YOLO.v4-auvc_yolo26_dataset.yolo26/AUV YOLO.v4-auvc_yolo26_dataset.yolo26/test) by extension 'colcon_meta'
[3.083s] Level 1:colcon.colcon_core.package_identification:_identify(assets/AUV YOLO.v4-auvc_yolo26_dataset.yolo26/AUV YOLO.v4-auvc_yolo26_dataset.yolo26/test) by extensions ['ros']
[3.083s] Level 1:colcon.colcon_core.package_identification:_identify(assets/AUV YOLO.v4-auvc_yolo26_dataset.yolo26/AUV YOLO.v4-auvc_yolo26_dataset.yolo26/test) by extension 'ros'
[3.087s] Level 1:colcon.colcon_core.package_identification:_identify(assets/AUV YOLO.v4-auvc_yolo26_dataset.yolo26/AUV YOLO.v4-auvc_yolo26_dataset.yolo26/test) by extensions ['cmake', 'python']
[3.088s] Level 1:colcon.colcon_core.package_identification:_identify(assets/AUV YOLO.v4-auvc_yolo26_dataset.yolo26/AUV YOLO.v4-auvc_yolo26_dataset.yolo26/test) by extension 'cmake'
[3.088s] Level 1:colcon.colcon_core.package_identification:_identify(assets/AUV YOLO.v4-auvc_yolo26_dataset.yolo26/AUV YOLO.v4-auvc_yolo26_dataset.yolo26/test) by extension 'python'
[3.088s] Level 1:colcon.colcon_core.package_identification:_identify(assets/AUV YOLO.v4-auvc_yolo26_dataset.yolo26/AUV YOLO.v4-auvc_yolo26_dataset.yolo26/test) by extensions ['python_setup_py']
[3.089s] Level 1:colcon.colcon_core.package_identification:_identify(assets/AUV YOLO.v4-auvc_yolo26_dataset.yolo26/AUV YOLO.v4-auvc_yolo26_dataset.yolo26/test) by extension 'python_setup_py'
[3.096s] Level 1:colcon.colcon_core.package_identification:_identify(assets/AUV YOLO.v4-auvc_yolo26_dataset.yolo26/AUV YOLO.v4-auvc_yolo26_dataset.yolo26/test/images) by extensions ['ignore', 'ignore_ament_install']
[3.097s] Level 1:colcon.colcon_core.package_identification:_identify(assets/AUV YOLO.v4-auvc_yolo26_dataset.yolo26/AUV YOLO.v4-auvc_yolo26_dataset.yolo26/test/images) by extension 'ignore'
[3.097s] Level 1:colcon.colcon_core.package_identification:_identify(assets/AUV YOLO.v4-auvc_yolo26_dataset.yolo26/AUV YOLO.v4-auvc_yolo26_dataset.yolo26/test/images) by extension 'ignore_ament_install'
[3.098s] Level 1:colcon.colcon_core.package_identification:_identify(assets/AUV YOLO.v4-auvc_yolo26_dataset.yolo26/AUV YOLO.v4-auvc_yolo26_dataset.yolo26/test/images) by extensions ['colcon_pkg']
[3.098s] Level 1:colcon.colcon_core.package_identification:_identify(assets/AUV YOLO.v4-auvc_yolo26_dataset.yolo26/AUV YOLO.v4-auvc_yolo26_dataset.yolo26/test/images) by extension 'colcon_pkg'
[3.099s] Level 1:colcon.colcon_core.package_identification:_identify(assets/AUV YOLO.v4-auvc_yolo26_dataset.yolo26/AUV YOLO.v4-auvc_yolo26_dataset.yolo26/test/images) by extensions ['colcon_meta']
[3.099s] Level 1:colcon.colcon_core.package_identification:_identify(assets/AUV YOLO.v4-auvc_yolo26_dataset.yolo26/AUV YOLO.v4-auvc_yolo26_dataset.yolo26/test/images) by extension 'colcon_meta'
[3.105s] Level 1:colcon.colcon_core.package_identification:_identify(assets/AUV YOLO.v4-auvc_yolo26_dataset.yolo26/AUV YOLO.v4-auvc_yolo26_dataset.yolo26/test/images) by extensions ['ros']
[3.106s] Level 1:colcon.colcon_core.package_identification:_identify(assets/AUV YOLO.v4-auvc_yolo26_dataset.yolo26/AUV YOLO.v4-auvc_yolo26_dataset.yolo26/test/images) by extension 'ros'
[3.106s] Level 1:colcon.colcon_core.package_identification:_identify(assets/AUV YOLO.v4-auvc_yolo26_dataset.yolo26/AUV YOLO.v4-auvc_yolo26_dataset.yolo26/test/images) by extensions ['cmake', 'python']
[3.107s] Level 1:colcon.colcon_core.package_identification:_identify(assets/AUV YOLO.v4-auvc_yolo26_dataset.yolo26/AUV YOLO.v4-auvc_yolo26_dataset.yolo26/test/images) by extension 'cmake'
[3.112s] Level 1:colcon.colcon_core.package_identification:_identify(assets/AUV YOLO.v4-auvc_yolo26_dataset.yolo26/AUV YOLO.v4-auvc_yolo26_dataset.yolo26/test/images) by extension 'python'
[3.113s] Level 1:colcon.colcon_core.package_identification:_identify(assets/AUV YOLO.v4-auvc_yolo26_dataset.yolo26/AUV YOLO.v4-auvc_yolo26_dataset.yolo26/test/images) by extensions ['python_setup_py']
[3.113s] Level 1:colcon.colcon_core.package_identification:_identify(assets/AUV YOLO.v4-auvc_yolo26_dataset.yolo26/AUV YOLO.v4-auvc_yolo26_dataset.yolo26/test/images) by extension 'python_setup_py'
[3.114s] Level 1:colcon.colcon_core.package_identification:_identify(assets/AUV YOLO.v4-auvc_yolo26_dataset.yolo26/AUV YOLO.v4-auvc_yolo26_dataset.yolo26/test/labels) by extensions ['ignore', 'ignore_ament_install']
[3.115s] Level 1:colcon.colcon_core.package_identification:_identify(assets/AUV YOLO.v4-auvc_yolo26_dataset.yolo26/AUV YOLO.v4-auvc_yolo26_dataset.yolo26/test/labels) by extension 'ignore'
[3.118s] Level 1:colcon.colcon_core.package_identification:_identify(assets/AUV YOLO.v4-auvc_yolo26_dataset.yolo26/AUV YOLO.v4-auvc_yolo26_dataset.yolo26/test/labels) by extension 'ignore_ament_install'
[3.119s] Level 1:colcon.colcon_core.package_identification:_identify(assets/AUV YOLO.v4-auvc_yolo26_dataset.yolo26/AUV YOLO.v4-auvc_yolo26_dataset.yolo26/test/labels) by extensions ['colcon_pkg']
[3.119s] Level 1:colcon.colcon_core.package_identification:_identify(assets/AUV YOLO.v4-auvc_yolo26_dataset.yolo26/AUV YOLO.v4-auvc_yolo26_dataset.yolo26/test/labels) by extension 'colcon_pkg'
[3.119s] Level 1:colcon.colcon_core.package_identification:_identify(assets/AUV YOLO.v4-auvc_yolo26_dataset.yolo26/AUV YOLO.v4-auvc_yolo26_dataset.yolo26/test/labels) by extensions ['colcon_meta']
[3.120s] Level 1:colcon.colcon_core.package_identification:_identify(assets/AUV YOLO.v4-auvc_yolo26_dataset.yolo26/AUV YOLO.v4-auvc_yolo26_dataset.yolo26/test/labels) by extension 'colcon_meta'
[3.120s] Level 1:colcon.colcon_core.package_identification:_identify(assets/AUV YOLO.v4-auvc_yolo26_dataset.yolo26/AUV YOLO.v4-auvc_yolo26_dataset.yolo26/test/labels) by extensions ['ros']
[3.120s] Level 1:colcon.colcon_core.package_identification:_identify(assets/AUV YOLO.v4-auvc_yolo26_dataset.yolo26/AUV YOLO.v4-auvc_yolo26_dataset.yolo26/test/labels) by extension 'ros'
[3.123s] Level 1:colcon.colcon_core.package_identification:_identify(assets/AUV YOLO.v4-auvc_yolo26_dataset.yolo26/AUV YOLO.v4-auvc_yolo26_dataset.yolo26/test/labels) by extensions ['cmake', 'python']
[3.123s] Level 1:colcon.colcon_core.package_identification:_identify(assets/AUV YOLO.v4-auvc_yolo26_dataset.yolo26/AUV YOLO.v4-auvc_yolo26_dataset.yolo26/test/labels) by extension 'cmake'
[3.124s] Level 1:colcon.colcon_core.package_identification:_identify(assets/AUV YOLO.v4-auvc_yolo26_dataset.yolo26/AUV YOLO.v4-auvc_yolo26_dataset.yolo26/test/labels) by extension 'python'
[3.124s] Level 1:colcon.colcon_core.package_identification:_identify(assets/AUV YOLO.v4-auvc_yolo26_dataset.yolo26/AUV YOLO.v4-auvc_yolo26_dataset.yolo26/test/labels) by extensions ['python_setup_py']
[3.124s] Level 1:colcon.colcon_core.package_identification:_identify(assets/AUV YOLO.v4-auvc_yolo26_dataset.yolo26/AUV YOLO.v4-auvc_yolo26_dataset.yolo26/test/labels) by extension 'python_setup_py'
[3.129s] Level 1:colcon.colcon_core.package_identification:_identify(assets/AUV YOLO.v4-auvc_yolo26_dataset.yolo26/AUV YOLO.v4-auvc_yolo26_dataset.yolo26/train) by extensions ['ignore', 'ignore_ament_install']
[3.130s] Level 1:colcon.colcon_core.package_identification:_identify(assets/AUV YOLO.v4-auvc_yolo26_dataset.yolo26/AUV YOLO.v4-auvc_yolo26_dataset.yolo26/train) by extension 'ignore'
[3.130s] Level 1:colcon.colcon_core.package_identification:_identify(assets/AUV YOLO.v4-auvc_yolo26_dataset.yolo26/AUV YOLO.v4-auvc_yolo26_dataset.yolo26/train) by extension 'ignore_ament_install'
[3.131s] Level 1:colcon.colcon_core.package_identification:_identify(assets/AUV YOLO.v4-auvc_yolo26_dataset.yolo26/AUV YOLO.v4-auvc_yolo26_dataset.yolo26/train) by extensions ['colcon_pkg']
[3.134s] Level 1:colcon.colcon_core.package_identification:_identify(assets/AUV YOLO.v4-auvc_yolo26_dataset.yolo26/AUV YOLO.v4-auvc_yolo26_dataset.yolo26/train) by extension 'colcon_pkg'
[3.134s] Level 1:colcon.colcon_core.package_identification:_identify(assets/AUV YOLO.v4-auvc_yolo26_dataset.yolo26/AUV YOLO.v4-auvc_yolo26_dataset.yolo26/train) by extensions ['colcon_meta']
[3.135s] Level 1:colcon.colcon_core.package_identification:_identify(assets/AUV YOLO.v4-auvc_yolo26_dataset.yolo26/AUV YOLO.v4-auvc_yolo26_dataset.yolo26/train) by extension 'colcon_meta'
[3.135s] Level 1:colcon.colcon_core.package_identification:_identify(assets/AUV YOLO.v4-auvc_yolo26_dataset.yolo26/AUV YOLO.v4-auvc_yolo26_dataset.yolo26/train) by extensions ['ros']
[3.138s] Level 1:colcon.colcon_core.package_identification:_identify(assets/AUV YOLO.v4-auvc_yolo26_dataset.yolo26/AUV YOLO.v4-auvc_yolo26_dataset.yolo26/train) by extension 'ros'
[3.139s] Level 1:colcon.colcon_core.package_identification:_identify(assets/AUV YOLO.v4-auvc_yolo26_dataset.yolo26/AUV YOLO.v4-auvc_yolo26_dataset.yolo26/train) by extensions ['cmake', 'python']
[3.139s] Level 1:colcon.colcon_core.package_identification:_identify(assets/AUV YOLO.v4-auvc_yolo26_dataset.yolo26/AUV YOLO.v4-auvc_yolo26_dataset.yolo26/train) by extension 'cmake'
[3.140s] Level 1:colcon.colcon_core.package_identification:_identify(assets/AUV YOLO.v4-auvc_yolo26_dataset.yolo26/AUV YOLO.v4-auvc_yolo26_dataset.yolo26/train) by extension 'python'
[3.140s] Level 1:colcon.colcon_core.package_identification:_identify(assets/AUV YOLO.v4-auvc_yolo26_dataset.yolo26/AUV YOLO.v4-auvc_yolo26_dataset.yolo26/train) by extensions ['python_setup_py']
[3.140s] Level 1:colcon.colcon_core.package_identification:_identify(assets/AUV YOLO.v4-auvc_yolo26_dataset.yolo26/AUV YOLO.v4-auvc_yolo26_dataset.yolo26/train) by extension 'python_setup_py'
[3.184s] Level 1:colcon.colcon_core.package_identification:_identify(assets/AUV YOLO.v4-auvc_yolo26_dataset.yolo26/AUV YOLO.v4-auvc_yolo26_dataset.yolo26/train/images) by extensions ['ignore', 'ignore_ament_install']
[3.188s] Level 1:colcon.colcon_core.package_identification:_identify(assets/AUV YOLO.v4-auvc_yolo26_dataset.yolo26/AUV YOLO.v4-auvc_yolo26_dataset.yolo26/train/images) by extension 'ignore'
[3.189s] Level 1:colcon.colcon_core.package_identification:_identify(assets/AUV YOLO.v4-auvc_yolo26_dataset.yolo26/AUV YOLO.v4-auvc_yolo26_dataset.yolo26/train/images) by extension 'ignore_ament_install'
[3.192s] Level 1:colcon.colcon_core.package_identification:_identify(assets/AUV YOLO.v4-auvc_yolo26_dataset.yolo26/AUV YOLO.v4-auvc_yolo26_dataset.yolo26/train/images) by extensions ['colcon_pkg']
[3.192s] Level 1:colcon.colcon_core.package_identification:_identify(assets/AUV YOLO.v4-auvc_yolo26_dataset.yolo26/AUV YOLO.v4-auvc_yolo26_dataset.yolo26/train/images) by extension 'colcon_pkg'
[3.194s] Level 1:colcon.colcon_core.package_identification:_identify(assets/AUV YOLO.v4-auvc_yolo26_dataset.yolo26/AUV YOLO.v4-auvc_yolo26_dataset.yolo26/train/images) by extensions ['colcon_meta']
[3.197s] Level 1:colcon.colcon_core.package_identification:_identify(assets/AUV YOLO.v4-auvc_yolo26_dataset.yolo26/AUV YOLO.v4-auvc_yolo26_dataset.yolo26/train/images) by extension 'colcon_meta'
[3.198s] Level 1:colcon.colcon_core.package_identification:_identify(assets/AUV YOLO.v4-auvc_yolo26_dataset.yolo26/AUV YOLO.v4-auvc_yolo26_dataset.yolo26/train/images) by extensions ['ros']
[3.199s] Level 1:colcon.colcon_core.package_identification:_identify(assets/AUV YOLO.v4-auvc_yolo26_dataset.yolo26/AUV YOLO.v4-auvc_yolo26_dataset.yolo26/train/images) by extension 'ros'
[3.202s] Level 1:colcon.colcon_core.package_identification:_identify(assets/AUV YOLO.v4-auvc_yolo26_dataset.yolo26/AUV YOLO.v4-auvc_yolo26_dataset.yolo26/train/images) by extensions ['cmake', 'python']
[3.202s] Level 1:colcon.colcon_core.package_identification:_identify(assets/AUV YOLO.v4-auvc_yolo26_dataset.yolo26/AUV YOLO.v4-auvc_yolo26_dataset.yolo26/train/images) by extension 'cmake'
[3.206s] Level 1:colcon.colcon_core.package_identification:_identify(assets/AUV YOLO.v4-auvc_yolo26_dataset.yolo26/AUV YOLO.v4-auvc_yolo26_dataset.yolo26/train/images) by extension 'python'
[3.206s] Level 1:colcon.colcon_core.package_identification:_identify(assets/AUV YOLO.v4-auvc_yolo26_dataset.yolo26/AUV YOLO.v4-auvc_yolo26_dataset.yolo26/train/images) by extensions ['python_setup_py']
[3.207s] Level 1:colcon.colcon_core.package_identification:_identify(assets/AUV YOLO.v4-auvc_yolo26_dataset.yolo26/AUV YOLO.v4-auvc_yolo26_dataset.yolo26/train/images) by extension 'python_setup_py'
[3.258s] Level 1:colcon.colcon_core.package_identification:_identify(assets/AUV YOLO.v4-auvc_yolo26_dataset.yolo26/AUV YOLO.v4-auvc_yolo26_dataset.yolo26/train/labels) by extensions ['ignore', 'ignore_ament_install']
[3.259s] Level 1:colcon.colcon_core.package_identification:_identify(assets/AUV YOLO.v4-auvc_yolo26_dataset.yolo26/AUV YOLO.v4-auvc_yolo26_dataset.yolo26/train/labels) by extension 'ignore'
[3.260s] Level 1:colcon.colcon_core.package_identification:_identify(assets/AUV YOLO.v4-auvc_yolo26_dataset.yolo26/AUV YOLO.v4-auvc_yolo26_dataset.yolo26/train/labels) by extension 'ignore_ament_install'
[3.263s] Level 1:colcon.colcon_core.package_identification:_identify(assets/AUV YOLO.v4-auvc_yolo26_dataset.yolo26/AUV YOLO.v4-auvc_yolo26_dataset.yolo26/train/labels) by extensions ['colcon_pkg']
[3.263s] Level 1:colcon.colcon_core.package_identification:_identify(assets/AUV YOLO.v4-auvc_yolo26_dataset.yolo26/AUV YOLO.v4-auvc_yolo26_dataset.yolo26/train/labels) by extension 'colcon_pkg'
[3.266s] Level 1:colcon.colcon_core.package_identification:_identify(assets/AUV YOLO.v4-auvc_yolo26_dataset.yolo26/AUV YOLO.v4-auvc_yolo26_dataset.yolo26/train/labels) by extensions ['colcon_meta']
[3.267s] Level 1:colcon.colcon_core.package_identification:_identify(assets/AUV YOLO.v4-auvc_yolo26_dataset.yolo26/AUV YOLO.v4-auvc_yolo26_dataset.yolo26/train/labels) by extension 'colcon_meta'
[3.269s] Level 1:colcon.colcon_core.package_identification:_identify(assets/AUV YOLO.v4-auvc_yolo26_dataset.yolo26/AUV YOLO.v4-auvc_yolo26_dataset.yolo26/train/labels) by extensions ['ros']
[3.270s] Level 1:colcon.colcon_core.package_identification:_identify(assets/AUV YOLO.v4-auvc_yolo26_dataset.yolo26/AUV YOLO.v4-auvc_yolo26_dataset.yolo26/train/labels) by extension 'ros'
[3.272s] Level 1:colcon.colcon_core.package_identification:_identify(assets/AUV YOLO.v4-auvc_yolo26_dataset.yolo26/AUV YOLO.v4-auvc_yolo26_dataset.yolo26/train/labels) by extensions ['cmake', 'python']
[3.272s] Level 1:colcon.colcon_core.package_identification:_identify(assets/AUV YOLO.v4-auvc_yolo26_dataset.yolo26/AUV YOLO.v4-auvc_yolo26_dataset.yolo26/train/labels) by extension 'cmake'
[3.274s] Level 1:colcon.colcon_core.package_identification:_identify(assets/AUV YOLO.v4-auvc_yolo26_dataset.yolo26/AUV YOLO.v4-auvc_yolo26_dataset.yolo26/train/labels) by extension 'python'
[3.275s] Level 1:colcon.colcon_core.package_identification:_identify(assets/AUV YOLO.v4-auvc_yolo26_dataset.yolo26/AUV YOLO.v4-auvc_yolo26_dataset.yolo26/train/labels) by extensions ['python_setup_py']
[3.275s] Level 1:colcon.colcon_core.package_identification:_identify(assets/AUV YOLO.v4-auvc_yolo26_dataset.yolo26/AUV YOLO.v4-auvc_yolo26_dataset.yolo26/train/labels) by extension 'python_setup_py'
[3.282s] Level 1:colcon.colcon_core.package_identification:_identify(assets/AUV YOLO.v4-auvc_yolo26_dataset.yolo26/AUV YOLO.v4-auvc_yolo26_dataset.yolo26/valid) by extensions ['ignore', 'ignore_ament_install']
[3.282s] Level 1:colcon.colcon_core.package_identification:_identify(assets/AUV YOLO.v4-auvc_yolo26_dataset.yolo26/AUV YOLO.v4-auvc_yolo26_dataset.yolo26/valid) by extension 'ignore'
[3.283s] Level 1:colcon.colcon_core.package_identification:_identify(assets/AUV YOLO.v4-auvc_yolo26_dataset.yolo26/AUV YOLO.v4-auvc_yolo26_dataset.yolo26/valid) by extension 'ignore_ament_install'
[3.283s] Level 1:colcon.colcon_core.package_identification:_identify(assets/AUV YOLO.v4-auvc_yolo26_dataset.yolo26/AUV YOLO.v4-auvc_yolo26_dataset.yolo26/valid) by extensions ['colcon_pkg']
[3.286s] Level 1:colcon.colcon_core.package_identification:_identify(assets/AUV YOLO.v4-auvc_yolo26_dataset.yolo26/AUV YOLO.v4-auvc_yolo26_dataset.yolo26/valid) by extension 'colcon_pkg'
[3.287s] Level 1:colcon.colcon_core.package_identification:_identify(assets/AUV YOLO.v4-auvc_yolo26_dataset.yolo26/AUV YOLO.v4-auvc_yolo26_dataset.yolo26/valid) by extensions ['colcon_meta']
[3.289s] Level 1:colcon.colcon_core.package_identification:_identify(assets/AUV YOLO.v4-auvc_yolo26_dataset.yolo26/AUV YOLO.v4-auvc_yolo26_dataset.yolo26/valid) by extension 'colcon_meta'
[3.290s] Level 1:colcon.colcon_core.package_identification:_identify(assets/AUV YOLO.v4-auvc_yolo26_dataset.yolo26/AUV YOLO.v4-auvc_yolo26_dataset.yolo26/valid) by extensions ['ros']
[3.290s] Level 1:colcon.colcon_core.package_identification:_identify(assets/AUV YOLO.v4-auvc_yolo26_dataset.yolo26/AUV YOLO.v4-auvc_yolo26_dataset.yolo26/valid) by extension 'ros'
[3.293s] Level 1:colcon.colcon_core.package_identification:_identify(assets/AUV YOLO.v4-auvc_yolo26_dataset.yolo26/AUV YOLO.v4-auvc_yolo26_dataset.yolo26/valid) by extensions ['cmake', 'python']
[3.294s] Level 1:colcon.colcon_core.package_identification:_identify(assets/AUV YOLO.v4-auvc_yolo26_dataset.yolo26/AUV YOLO.v4-auvc_yolo26_dataset.yolo26/valid) by extension 'cmake'
[3.296s] Level 1:colcon.colcon_core.package_identification:_identify(assets/AUV YOLO.v4-auvc_yolo26_dataset.yolo26/AUV YOLO.v4-auvc_yolo26_dataset.yolo26/valid) by extension 'python'
[3.297s] Level 1:colcon.colcon_core.package_identification:_identify(assets/AUV YOLO.v4-auvc_yolo26_dataset.yolo26/AUV YOLO.v4-auvc_yolo26_dataset.yolo26/valid) by extensions ['python_setup_py']
[3.299s] Level 1:colcon.colcon_core.package_identification:_identify(assets/AUV YOLO.v4-auvc_yolo26_dataset.yolo26/AUV YOLO.v4-auvc_yolo26_dataset.yolo26/valid) by extension 'python_setup_py'
[3.304s] Level 1:colcon.colcon_core.package_identification:_identify(assets/AUV YOLO.v4-auvc_yolo26_dataset.yolo26/AUV YOLO.v4-auvc_yolo26_dataset.yolo26/valid/images) by extensions ['ignore', 'ignore_ament_install']
[3.305s] Level 1:colcon.colcon_core.package_identification:_identify(assets/AUV YOLO.v4-auvc_yolo26_dataset.yolo26/AUV YOLO.v4-auvc_yolo26_dataset.yolo26/valid/images) by extension 'ignore'
[3.306s] Level 1:colcon.colcon_core.package_identification:_identify(assets/AUV YOLO.v4-auvc_yolo26_dataset.yolo26/AUV YOLO.v4-auvc_yolo26_dataset.yolo26/valid/images) by extension 'ignore_ament_install'
[3.307s] Level 1:colcon.colcon_core.package_identification:_identify(assets/AUV YOLO.v4-auvc_yolo26_dataset.yolo26/AUV YOLO.v4-auvc_yolo26_dataset.yolo26/valid/images) by extensions ['colcon_pkg']
[3.309s] Level 1:colcon.colcon_core.package_identification:_identify(assets/AUV YOLO.v4-auvc_yolo26_dataset.yolo26/AUV YOLO.v4-auvc_yolo26_dataset.yolo26/valid/images) by extension 'colcon_pkg'
[3.309s] Level 1:colcon.colcon_core.package_identification:_identify(assets/AUV YOLO.v4-auvc_yolo26_dataset.yolo26/AUV YOLO.v4-auvc_yolo26_dataset.yolo26/valid/images) by extensions ['colcon_meta']
[3.312s] Level 1:colcon.colcon_core.package_identification:_identify(assets/AUV YOLO.v4-auvc_yolo26_dataset.yolo26/AUV YOLO.v4-auvc_yolo26_dataset.yolo26/valid/images) by extension 'colcon_meta'
[3.312s] Level 1:colcon.colcon_core.package_identification:_identify(assets/AUV YOLO.v4-auvc_yolo26_dataset.yolo26/AUV YOLO.v4-auvc_yolo26_dataset.yolo26/valid/images) by extensions ['ros']
[3.313s] Level 1:colcon.colcon_core.package_identification:_identify(assets/AUV YOLO.v4-auvc_yolo26_dataset.yolo26/AUV YOLO.v4-auvc_yolo26_dataset.yolo26/valid/images) by extension 'ros'
[3.316s] Level 1:colcon.colcon_core.package_identification:_identify(assets/AUV YOLO.v4-auvc_yolo26_dataset.yolo26/AUV YOLO.v4-auvc_yolo26_dataset.yolo26/valid/images) by extensions ['cmake', 'python']
[3.318s] Level 1:colcon.colcon_core.package_identification:_identify(assets/AUV YOLO.v4-auvc_yolo26_dataset.yolo26/AUV YOLO.v4-auvc_yolo26_dataset.yolo26/valid/images) by extension 'cmake'
[3.318s] Level 1:colcon.colcon_core.package_identification:_identify(assets/AUV YOLO.v4-auvc_yolo26_dataset.yolo26/AUV YOLO.v4-auvc_yolo26_dataset.yolo26/valid/images) by extension 'python'
[3.321s] Level 1:colcon.colcon_core.package_identification:_identify(assets/AUV YOLO.v4-auvc_yolo26_dataset.yolo26/AUV YOLO.v4-auvc_yolo26_dataset.yolo26/valid/images) by extensions ['python_setup_py']
[3.321s] Level 1:colcon.colcon_core.package_identification:_identify(assets/AUV YOLO.v4-auvc_yolo26_dataset.yolo26/AUV YOLO.v4-auvc_yolo26_dataset.yolo26/valid/images) by extension 'python_setup_py'
[3.323s] Level 1:colcon.colcon_core.package_identification:_identify(assets/AUV YOLO.v4-auvc_yolo26_dataset.yolo26/AUV YOLO.v4-auvc_yolo26_dataset.yolo26/valid/labels) by extensions ['ignore', 'ignore_ament_install']
[3.327s] Level 1:colcon.colcon_core.package_identification:_identify(assets/AUV YOLO.v4-auvc_yolo26_dataset.yolo26/AUV YOLO.v4-auvc_yolo26_dataset.yolo26/valid/labels) by extension 'ignore'
[3.328s] Level 1:colcon.colcon_core.package_identification:_identify(assets/AUV YOLO.v4-auvc_yolo26_dataset.yolo26/AUV YOLO.v4-auvc_yolo26_dataset.yolo26/valid/labels) by extension 'ignore_ament_install'
[3.329s] Level 1:colcon.colcon_core.package_identification:_identify(assets/AUV YOLO.v4-auvc_yolo26_dataset.yolo26/AUV YOLO.v4-auvc_yolo26_dataset.yolo26/valid/labels) by extensions ['colcon_pkg']
[3.329s] Level 1:colcon.colcon_core.package_identification:_identify(assets/AUV YOLO.v4-auvc_yolo26_dataset.yolo26/AUV YOLO.v4-auvc_yolo26_dataset.yolo26/valid/labels) by extension 'colcon_pkg'
[3.329s] Level 1:colcon.colcon_core.package_identification:_identify(assets/AUV YOLO.v4-auvc_yolo26_dataset.yolo26/AUV YOLO.v4-auvc_yolo26_dataset.yolo26/valid/labels) by extensions ['colcon_meta']
[3.330s] Level 1:colcon.colcon_core.package_identification:_identify(assets/AUV YOLO.v4-auvc_yolo26_dataset.yolo26/AUV YOLO.v4-auvc_yolo26_dataset.yolo26/valid/labels) by extension 'colcon_meta'
[3.337s] Level 1:colcon.colcon_core.package_identification:_identify(assets/AUV YOLO.v4-auvc_yolo26_dataset.yolo26/AUV YOLO.v4-auvc_yolo26_dataset.yolo26/valid/labels) by extensions ['ros']
[3.337s] Level 1:colcon.colcon_core.package_identification:_identify(assets/AUV YOLO.v4-auvc_yolo26_dataset.yolo26/AUV YOLO.v4-auvc_yolo26_dataset.yolo26/valid/labels) by extension 'ros'
[3.339s] Level 1:colcon.colcon_core.package_identification:_identify(assets/AUV YOLO.v4-auvc_yolo26_dataset.yolo26/AUV YOLO.v4-auvc_yolo26_dataset.yolo26/valid/labels) by extensions ['cmake', 'python']
[3.342s] Level 1:colcon.colcon_core.package_identification:_identify(assets/AUV YOLO.v4-auvc_yolo26_dataset.yolo26/AUV YOLO.v4-auvc_yolo26_dataset.yolo26/valid/labels) by extension 'cmake'
[3.343s] Level 1:colcon.colcon_core.package_identification:_identify(assets/AUV YOLO.v4-auvc_yolo26_dataset.yolo26/AUV YOLO.v4-auvc_yolo26_dataset.yolo26/valid/labels) by extension 'python'
[3.344s] Level 1:colcon.colcon_core.package_identification:_identify(assets/AUV YOLO.v4-auvc_yolo26_dataset.yolo26/AUV YOLO.v4-auvc_yolo26_dataset.yolo26/valid/labels) by extensions ['python_setup_py']
[3.346s] Level 1:colcon.colcon_core.package_identification:_identify(assets/AUV YOLO.v4-auvc_yolo26_dataset.yolo26/AUV YOLO.v4-auvc_yolo26_dataset.yolo26/valid/labels) by extension 'python_setup_py'
[3.348s] Level 1:colcon.colcon_core.package_identification:_identify(build) by extensions ['ignore', 'ignore_ament_install']
[3.348s] Level 1:colcon.colcon_core.package_identification:_identify(build) by extension 'ignore'
[3.350s] Level 1:colcon.colcon_core.package_identification:_identify(build) ignored
[3.351s] Level 1:colcon.colcon_core.package_identification:_identify(bwsibot) by extensions ['ignore', 'ignore_ament_install']
[3.356s] Level 1:colcon.colcon_core.package_identification:_identify(bwsibot) by extension 'ignore'
[3.356s] Level 1:colcon.colcon_core.package_identification:_identify(bwsibot) by extension 'ignore_ament_install'
[3.357s] Level 1:colcon.colcon_core.package_identification:_identify(bwsibot) by extensions ['colcon_pkg']
[3.357s] Level 1:colcon.colcon_core.package_identification:_identify(bwsibot) by extension 'colcon_pkg'
[3.359s] Level 1:colcon.colcon_core.package_identification:_identify(bwsibot) by extensions ['colcon_meta']
[3.359s] Level 1:colcon.colcon_core.package_identification:_identify(bwsibot) by extension 'colcon_meta'
[3.361s] Level 1:colcon.colcon_core.package_identification:_identify(bwsibot) by extensions ['ros']
[3.361s] Level 1:colcon.colcon_core.package_identification:_identify(bwsibot) by extension 'ros'
[3.365s] Level 1:colcon.colcon_core.package_identification:_identify(bwsibot) by extensions ['cmake', 'python']
[3.366s] Level 1:colcon.colcon_core.package_identification:_identify(bwsibot) by extension 'cmake'
[3.366s] Level 1:colcon.colcon_core.package_identification:_identify(bwsibot) by extension 'python'
[3.368s] Level 1:colcon.colcon_core.package_identification:_identify(bwsibot) by extensions ['python_setup_py']
[3.368s] Level 1:colcon.colcon_core.package_identification:_identify(bwsibot) by extension 'python_setup_py'
[3.372s] Level 1:colcon.colcon_core.package_identification:_identify(bwsibot/logs) by extensions ['ignore', 'ignore_ament_install']
[3.374s] Level 1:colcon.colcon_core.package_identification:_identify(bwsibot/logs) by extension 'ignore'
[3.375s] Level 1:colcon.colcon_core.package_identification:_identify(bwsibot/logs) by extension 'ignore_ament_install'
[3.377s] Level 1:colcon.colcon_core.package_identification:_identify(bwsibot/logs) by extensions ['colcon_pkg']
[3.377s] Level 1:colcon.colcon_core.package_identification:_identify(bwsibot/logs) by extension 'colcon_pkg'
[3.379s] Level 1:colcon.colcon_core.package_identification:_identify(bwsibot/logs) by extensions ['colcon_meta']
[3.379s] Level 1:colcon.colcon_core.package_identification:_identify(bwsibot/logs) by extension 'colcon_meta'
[3.379s] Level 1:colcon.colcon_core.package_identification:_identify(bwsibot/logs) by extensions ['ros']
[3.383s] Level 1:colcon.colcon_core.package_identification:_identify(bwsibot/logs) by extension 'ros'
[3.386s] Level 1:colcon.colcon_core.package_identification:_identify(bwsibot/logs) by extensions ['cmake', 'python']
[3.386s] Level 1:colcon.colcon_core.package_identification:_identify(bwsibot/logs) by extension 'cmake'
[3.386s] Level 1:colcon.colcon_core.package_identification:_identify(bwsibot/logs) by extension 'python'
[3.387s] Level 1:colcon.colcon_core.package_identification:_identify(bwsibot/logs) by extensions ['python_setup_py']
[3.391s] Level 1:colcon.colcon_core.package_identification:_identify(bwsibot/logs) by extension 'python_setup_py'
[3.393s] Level 1:colcon.colcon_core.package_identification:_identify(bwsibot/logs/2026-07-26) by extensions ['ignore', 'ignore_ament_install']
[3.393s] Level 1:colcon.colcon_core.package_identification:_identify(bwsibot/logs/2026-07-26) by extension 'ignore'
[3.395s] Level 1:colcon.colcon_core.package_identification:_identify(bwsibot/logs/2026-07-26) by extension 'ignore_ament_install'
[3.396s] Level 1:colcon.colcon_core.package_identification:_identify(bwsibot/logs/2026-07-26) by extensions ['colcon_pkg']
[3.396s] Level 1:colcon.colcon_core.package_identification:_identify(bwsibot/logs/2026-07-26) by extension 'colcon_pkg'
[3.399s] Level 1:colcon.colcon_core.package_identification:_identify(bwsibot/logs/2026-07-26) by extensions ['colcon_meta']
[3.399s] Level 1:colcon.colcon_core.package_identification:_identify(bwsibot/logs/2026-07-26) by extension 'colcon_meta'
[3.402s] Level 1:colcon.colcon_core.package_identification:_identify(bwsibot/logs/2026-07-26) by extensions ['ros']
[3.402s] Level 1:colcon.colcon_core.package_identification:_identify(bwsibot/logs/2026-07-26) by extension 'ros'
[3.404s] Level 1:colcon.colcon_core.package_identification:_identify(bwsibot/logs/2026-07-26) by extensions ['cmake', 'python']
[3.405s] Level 1:colcon.colcon_core.package_identification:_identify(bwsibot/logs/2026-07-26) by extension 'cmake'
[3.406s] Level 1:colcon.colcon_core.package_identification:_identify(bwsibot/logs/2026-07-26) by extension 'python'
[3.407s] Level 1:colcon.colcon_core.package_identification:_identify(bwsibot/logs/2026-07-26) by extensions ['python_setup_py']
[3.407s] Level 1:colcon.colcon_core.package_identification:_identify(bwsibot/logs/2026-07-26) by extension 'python_setup_py'
[3.409s] Level 1:colcon.colcon_core.package_identification:_identify(bwsibot/logs/2026-07-26/flight1) by extensions ['ignore', 'ignore_ament_install']
[3.411s] Level 1:colcon.colcon_core.package_identification:_identify(bwsibot/logs/2026-07-26/flight1) by extension 'ignore'
[3.412s] Level 1:colcon.colcon_core.package_identification:_identify(bwsibot/logs/2026-07-26/flight1) by extension 'ignore_ament_install'
[3.413s] Level 1:colcon.colcon_core.package_identification:_identify(bwsibot/logs/2026-07-26/flight1) by extensions ['colcon_pkg']
[3.414s] Level 1:colcon.colcon_core.package_identification:_identify(bwsibot/logs/2026-07-26/flight1) by extension 'colcon_pkg'
[3.415s] Level 1:colcon.colcon_core.package_identification:_identify(bwsibot/logs/2026-07-26/flight1) by extensions ['colcon_meta']
[3.416s] Level 1:colcon.colcon_core.package_identification:_identify(bwsibot/logs/2026-07-26/flight1) by extension 'colcon_meta'
[3.417s] Level 1:colcon.colcon_core.package_identification:_identify(bwsibot/logs/2026-07-26/flight1) by extensions ['ros']
[3.418s] Level 1:colcon.colcon_core.package_identification:_identify(bwsibot/logs/2026-07-26/flight1) by extension 'ros'
[3.420s] Level 1:colcon.colcon_core.package_identification:_identify(bwsibot/logs/2026-07-26/flight1) by extensions ['cmake', 'python']
[3.420s] Level 1:colcon.colcon_core.package_identification:_identify(bwsibot/logs/2026-07-26/flight1) by extension 'cmake'
[3.422s] Level 1:colcon.colcon_core.package_identification:_identify(bwsibot/logs/2026-07-26/flight1) by extension 'python'
[3.423s] Level 1:colcon.colcon_core.package_identification:_identify(bwsibot/logs/2026-07-26/flight1) by extensions ['python_setup_py']
[3.424s] Level 1:colcon.colcon_core.package_identification:_identify(bwsibot/logs/2026-07-26/flight1) by extension 'python_setup_py'
[3.428s] Level 1:colcon.colcon_core.package_identification:_identify(bwsibot/logs/2026-07-26/flight2) by extensions ['ignore', 'ignore_ament_install']
[3.429s] Level 1:colcon.colcon_core.package_identification:_identify(bwsibot/logs/2026-07-26/flight2) by extension 'ignore'
[3.429s] Level 1:colcon.colcon_core.package_identification:_identify(bwsibot/logs/2026-07-26/flight2) by extension 'ignore_ament_install'
[3.430s] Level 1:colcon.colcon_core.package_identification:_identify(bwsibot/logs/2026-07-26/flight2) by extensions ['colcon_pkg']
[3.431s] Level 1:colcon.colcon_core.package_identification:_identify(bwsibot/logs/2026-07-26/flight2) by extension 'colcon_pkg'
[3.433s] Level 1:colcon.colcon_core.package_identification:_identify(bwsibot/logs/2026-07-26/flight2) by extensions ['colcon_meta']
[3.433s] Level 1:colcon.colcon_core.package_identification:_identify(bwsibot/logs/2026-07-26/flight2) by extension 'colcon_meta'
[3.435s] Level 1:colcon.colcon_core.package_identification:_identify(bwsibot/logs/2026-07-26/flight2) by extensions ['ros']
[3.435s] Level 1:colcon.colcon_core.package_identification:_identify(bwsibot/logs/2026-07-26/flight2) by extension 'ros'
[3.437s] Level 1:colcon.colcon_core.package_identification:_identify(bwsibot/logs/2026-07-26/flight2) by extensions ['cmake', 'python']
[3.437s] Level 1:colcon.colcon_core.package_identification:_identify(bwsibot/logs/2026-07-26/flight2) by extension 'cmake'
[3.439s] Level 1:colcon.colcon_core.package_identification:_identify(bwsibot/logs/2026-07-26/flight2) by extension 'python'
[3.440s] Level 1:colcon.colcon_core.package_identification:_identify(bwsibot/logs/2026-07-26/flight2) by extensions ['python_setup_py']
[3.441s] Level 1:colcon.colcon_core.package_identification:_identify(bwsibot/logs/2026-07-26/flight2) by extension 'python_setup_py'
[3.443s] Level 1:colcon.colcon_core.package_identification:_identify(bwsibot/logs/2026-07-27) by extensions ['ignore', 'ignore_ament_install']
[3.444s] Level 1:colcon.colcon_core.package_identification:_identify(bwsibot/logs/2026-07-27) by extension 'ignore'
[3.446s] Level 1:colcon.colcon_core.package_identification:_identify(bwsibot/logs/2026-07-27) by extension 'ignore_ament_install'
[3.446s] Level 1:colcon.colcon_core.package_identification:_identify(bwsibot/logs/2026-07-27) by extensions ['colcon_pkg']
[3.448s] Level 1:colcon.colcon_core.package_identification:_identify(bwsibot/logs/2026-07-27) by extension 'colcon_pkg'
[3.449s] Level 1:colcon.colcon_core.package_identification:_identify(bwsibot/logs/2026-07-27) by extensions ['colcon_meta']
[3.449s] Level 1:colcon.colcon_core.package_identification:_identify(bwsibot/logs/2026-07-27) by extension 'colcon_meta'
[3.450s] Level 1:colcon.colcon_core.package_identification:_identify(bwsibot/logs/2026-07-27) by extensions ['ros']
[3.451s] Level 1:colcon.colcon_core.package_identification:_identify(bwsibot/logs/2026-07-27) by extension 'ros'
[3.453s] Level 1:colcon.colcon_core.package_identification:_identify(bwsibot/logs/2026-07-27) by extensions ['cmake', 'python']
[3.453s] Level 1:colcon.colcon_core.package_identification:_identify(bwsibot/logs/2026-07-27) by extension 'cmake'
[3.455s] Level 1:colcon.colcon_core.package_identification:_identify(bwsibot/logs/2026-07-27) by extension 'python'
[3.455s] Level 1:colcon.colcon_core.package_identification:_identify(bwsibot/logs/2026-07-27) by extensions ['python_setup_py']
[3.457s] Level 1:colcon.colcon_core.package_identification:_identify(bwsibot/logs/2026-07-27) by extension 'python_setup_py'
[3.458s] Level 1:colcon.colcon_core.package_identification:_identify(bwsibot/logs/2026-07-27/flight1) by extensions ['ignore', 'ignore_ament_install']
[3.460s] Level 1:colcon.colcon_core.package_identification:_identify(bwsibot/logs/2026-07-27/flight1) by extension 'ignore'
[3.461s] Level 1:colcon.colcon_core.package_identification:_identify(bwsibot/logs/2026-07-27/flight1) by extension 'ignore_ament_install'
[3.462s] Level 1:colcon.colcon_core.package_identification:_identify(bwsibot/logs/2026-07-27/flight1) by extensions ['colcon_pkg']
[3.464s] Level 1:colcon.colcon_core.package_identification:_identify(bwsibot/logs/2026-07-27/flight1) by extension 'colcon_pkg'
[3.464s] Level 1:colcon.colcon_core.package_identification:_identify(bwsibot/logs/2026-07-27/flight1) by extensions ['colcon_meta']
[3.464s] Level 1:colcon.colcon_core.package_identification:_identify(bwsibot/logs/2026-07-27/flight1) by extension 'colcon_meta'
[3.466s] Level 1:colcon.colcon_core.package_identification:_identify(bwsibot/logs/2026-07-27/flight1) by extensions ['ros']
[3.466s] Level 1:colcon.colcon_core.package_identification:_identify(bwsibot/logs/2026-07-27/flight1) by extension 'ros'
[3.469s] Level 1:colcon.colcon_core.package_identification:_identify(bwsibot/logs/2026-07-27/flight1) by extensions ['cmake', 'python']
[3.469s] Level 1:colcon.colcon_core.package_identification:_identify(bwsibot/logs/2026-07-27/flight1) by extension 'cmake'
[3.471s] Level 1:colcon.colcon_core.package_identification:_identify(bwsibot/logs/2026-07-27/flight1) by extension 'python'
[3.473s] Level 1:colcon.colcon_core.package_identification:_identify(bwsibot/logs/2026-07-27/flight1) by extensions ['python_setup_py']
[3.473s] Level 1:colcon.colcon_core.package_identification:_identify(bwsibot/logs/2026-07-27/flight1) by extension 'python_setup_py'
[3.476s] Level 1:colcon.colcon_core.package_identification:_identify(bwsibot/logs/2026-07-27/flight2) by extensions ['ignore', 'ignore_ament_install']
[3.476s] Level 1:colcon.colcon_core.package_identification:_identify(bwsibot/logs/2026-07-27/flight2) by extension 'ignore'
[3.477s] Level 1:colcon.colcon_core.package_identification:_identify(bwsibot/logs/2026-07-27/flight2) by extension 'ignore_ament_install'
[3.479s] Level 1:colcon.colcon_core.package_identification:_identify(bwsibot/logs/2026-07-27/flight2) by extensions ['colcon_pkg']
[3.479s] Level 1:colcon.colcon_core.package_identification:_identify(bwsibot/logs/2026-07-27/flight2) by extension 'colcon_pkg'
[3.481s] Level 1:colcon.colcon_core.package_identification:_identify(bwsibot/logs/2026-07-27/flight2) by extensions ['colcon_meta']
[3.481s] Level 1:colcon.colcon_core.package_identification:_identify(bwsibot/logs/2026-07-27/flight2) by extension 'colcon_meta'
[3.483s] Level 1:colcon.colcon_core.package_identification:_identify(bwsibot/logs/2026-07-27/flight2) by extensions ['ros']
[3.483s] Level 1:colcon.colcon_core.package_identification:_identify(bwsibot/logs/2026-07-27/flight2) by extension 'ros'
[3.487s] Level 1:colcon.colcon_core.package_identification:_identify(bwsibot/logs/2026-07-27/flight2) by extensions ['cmake', 'python']
[3.488s] Level 1:colcon.colcon_core.package_identification:_identify(bwsibot/logs/2026-07-27/flight2) by extension 'cmake'
[3.491s] Level 1:colcon.colcon_core.package_identification:_identify(bwsibot/logs/2026-07-27/flight2) by extension 'python'
[3.492s] Level 1:colcon.colcon_core.package_identification:_identify(bwsibot/logs/2026-07-27/flight2) by extensions ['python_setup_py']
[3.494s] Level 1:colcon.colcon_core.package_identification:_identify(bwsibot/logs/2026-07-27/flight2) by extension 'python_setup_py'
[3.498s] Level 1:colcon.colcon_core.package_identification:_identify(calibration) by extensions ['ignore', 'ignore_ament_install']
[3.499s] Level 1:colcon.colcon_core.package_identification:_identify(calibration) by extension 'ignore'
[3.503s] Level 1:colcon.colcon_core.package_identification:_identify(calibration) by extension 'ignore_ament_install'
[3.504s] Level 1:colcon.colcon_core.package_identification:_identify(calibration) by extensions ['colcon_pkg']
[3.505s] Level 1:colcon.colcon_core.package_identification:_identify(calibration) by extension 'colcon_pkg'
[3.506s] Level 1:colcon.colcon_core.package_identification:_identify(calibration) by extensions ['colcon_meta']
[3.507s] Level 1:colcon.colcon_core.package_identification:_identify(calibration) by extension 'colcon_meta'
[3.508s] Level 1:colcon.colcon_core.package_identification:_identify(calibration) by extensions ['ros']
[3.508s] Level 1:colcon.colcon_core.package_identification:_identify(calibration) by extension 'ros'
[3.512s] Level 1:colcon.colcon_core.package_identification:_identify(calibration) by extensions ['cmake', 'python']
[3.512s] Level 1:colcon.colcon_core.package_identification:_identify(calibration) by extension 'cmake'
[3.514s] Level 1:colcon.colcon_core.package_identification:_identify(calibration) by extension 'python'
[3.515s] Level 1:colcon.colcon_core.package_identification:_identify(calibration) by extensions ['python_setup_py']
[3.515s] Level 1:colcon.colcon_core.package_identification:_identify(calibration) by extension 'python_setup_py'
[3.519s] Level 1:colcon.colcon_core.package_identification:_identify(install) by extensions ['ignore', 'ignore_ament_install']
[3.521s] Level 1:colcon.colcon_core.package_identification:_identify(install) by extension 'ignore'
[3.522s] Level 1:colcon.colcon_core.package_identification:_identify(install) ignored
[3.526s] Level 1:colcon.colcon_core.package_identification:_identify(log) by extensions ['ignore', 'ignore_ament_install']
[3.527s] Level 1:colcon.colcon_core.package_identification:_identify(log) by extension 'ignore'
[3.527s] Level 1:colcon.colcon_core.package_identification:_identify(log) ignored
[3.528s] Level 1:colcon.colcon_core.package_identification:_identify(notebooks) by extensions ['ignore', 'ignore_ament_install']
[3.533s] Level 1:colcon.colcon_core.package_identification:_identify(notebooks) by extension 'ignore'
[3.533s] Level 1:colcon.colcon_core.package_identification:_identify(notebooks) by extension 'ignore_ament_install'
[3.534s] Level 1:colcon.colcon_core.package_identification:_identify(notebooks) by extensions ['colcon_pkg']
[3.534s] Level 1:colcon.colcon_core.package_identification:_identify(notebooks) by extension 'colcon_pkg'
[3.534s] Level 1:colcon.colcon_core.package_identification:_identify(notebooks) by extensions ['colcon_meta']
[3.534s] Level 1:colcon.colcon_core.package_identification:_identify(notebooks) by extension 'colcon_meta'
[3.535s] Level 1:colcon.colcon_core.package_identification:_identify(notebooks) by extensions ['ros']
[3.541s] Level 1:colcon.colcon_core.package_identification:_identify(notebooks) by extension 'ros'
[3.542s] Level 1:colcon.colcon_core.package_identification:_identify(notebooks) by extensions ['cmake', 'python']
[3.542s] Level 1:colcon.colcon_core.package_identification:_identify(notebooks) by extension 'cmake'
[3.543s] Level 1:colcon.colcon_core.package_identification:_identify(notebooks) by extension 'python'
[3.547s] Level 1:colcon.colcon_core.package_identification:_identify(notebooks) by extensions ['python_setup_py']
[3.547s] Level 1:colcon.colcon_core.package_identification:_identify(notebooks) by extension 'python_setup_py'
[3.548s] Level 1:colcon.colcon_core.package_identification:_identify(ros_ws) by extensions ['ignore', 'ignore_ament_install']
[3.548s] Level 1:colcon.colcon_core.package_identification:_identify(ros_ws) by extension 'ignore'
[3.554s] Level 1:colcon.colcon_core.package_identification:_identify(ros_ws) by extension 'ignore_ament_install'
[3.555s] Level 1:colcon.colcon_core.package_identification:_identify(ros_ws) by extensions ['colcon_pkg']
[3.555s] Level 1:colcon.colcon_core.package_identification:_identify(ros_ws) by extension 'colcon_pkg'
[3.556s] Level 1:colcon.colcon_core.package_identification:_identify(ros_ws) by extensions ['colcon_meta']
[3.556s] Level 1:colcon.colcon_core.package_identification:_identify(ros_ws) by extension 'colcon_meta'
[3.556s] Level 1:colcon.colcon_core.package_identification:_identify(ros_ws) by extensions ['ros']
[3.557s] Level 1:colcon.colcon_core.package_identification:_identify(ros_ws) by extension 'ros'
[3.563s] Level 1:colcon.colcon_core.package_identification:_identify(ros_ws) by extensions ['cmake', 'python']
[3.564s] Level 1:colcon.colcon_core.package_identification:_identify(ros_ws) by extension 'cmake'
[3.564s] Level 1:colcon.colcon_core.package_identification:_identify(ros_ws) by extension 'python'
[3.565s] Level 1:colcon.colcon_core.package_identification:_identify(ros_ws) by extensions ['python_setup_py']
[3.565s] Level 1:colcon.colcon_core.package_identification:_identify(ros_ws) by extension 'python_setup_py'
[3.572s] Level 1:colcon.colcon_core.package_identification:_identify(ros_ws/build) by extensions ['ignore', 'ignore_ament_install']
[3.573s] Level 1:colcon.colcon_core.package_identification:_identify(ros_ws/build) by extension 'ignore'
[3.573s] Level 1:colcon.colcon_core.package_identification:_identify(ros_ws/build) ignored
[3.574s] Level 1:colcon.colcon_core.package_identification:_identify(ros_ws/install) by extensions ['ignore', 'ignore_ament_install']
[3.574s] Level 1:colcon.colcon_core.package_identification:_identify(ros_ws/install) by extension 'ignore'
[3.575s] Level 1:colcon.colcon_core.package_identification:_identify(ros_ws/install) ignored
[3.582s] Level 1:colcon.colcon_core.package_identification:_identify(ros_ws/log) by extensions ['ignore', 'ignore_ament_install']
[3.582s] Level 1:colcon.colcon_core.package_identification:_identify(ros_ws/log) by extension 'ignore'
[3.583s] Level 1:colcon.colcon_core.package_identification:_identify(ros_ws/log) ignored
[3.583s] Level 1:colcon.colcon_core.package_identification:_identify(ros_ws/src) by extensions ['ignore', 'ignore_ament_install']
[3.590s] Level 1:colcon.colcon_core.package_identification:_identify(ros_ws/src) by extension 'ignore'
[3.591s] Level 1:colcon.colcon_core.package_identification:_identify(ros_ws/src) by extension 'ignore_ament_install'
[3.592s] Level 1:colcon.colcon_core.package_identification:_identify(ros_ws/src) by extensions ['colcon_pkg']
[3.592s] Level 1:colcon.colcon_core.package_identification:_identify(ros_ws/src) by extension 'colcon_pkg'
[3.592s] Level 1:colcon.colcon_core.package_identification:_identify(ros_ws/src) by extensions ['colcon_meta']
[3.592s] Level 1:colcon.colcon_core.package_identification:_identify(ros_ws/src) by extension 'colcon_meta'
[3.593s] Level 1:colcon.colcon_core.package_identification:_identify(ros_ws/src) by extensions ['ros']
[3.598s] Level 1:colcon.colcon_core.package_identification:_identify(ros_ws/src) by extension 'ros'
[3.598s] Level 1:colcon.colcon_core.package_identification:_identify(ros_ws/src) by extensions ['cmake', 'python']
[3.600s] Level 1:colcon.colcon_core.package_identification:_identify(ros_ws/src) by extension 'cmake'
[3.600s] Level 1:colcon.colcon_core.package_identification:_identify(ros_ws/src) by extension 'python'
[3.603s] Level 1:colcon.colcon_core.package_identification:_identify(ros_ws/src) by extensions ['python_setup_py']
[3.604s] Level 1:colcon.colcon_core.package_identification:_identify(ros_ws/src) by extension 'python_setup_py'
[3.606s] Level 1:colcon.colcon_core.package_identification:_identify(ros_ws/src/bringup) by extensions ['ignore', 'ignore_ament_install']
[3.606s] Level 1:colcon.colcon_core.package_identification:_identify(ros_ws/src/bringup) by extension 'ignore'
[3.608s] Level 1:colcon.colcon_core.package_identification:_identify(ros_ws/src/bringup) by extension 'ignore_ament_install'
[3.608s] Level 1:colcon.colcon_core.package_identification:_identify(ros_ws/src/bringup) by extensions ['colcon_pkg']
[3.610s] Level 1:colcon.colcon_core.package_identification:_identify(ros_ws/src/bringup) by extension 'colcon_pkg'
[3.610s] Level 1:colcon.colcon_core.package_identification:_identify(ros_ws/src/bringup) by extensions ['colcon_meta']
[3.611s] Level 1:colcon.colcon_core.package_identification:_identify(ros_ws/src/bringup) by extension 'colcon_meta'
[3.612s] Level 1:colcon.colcon_core.package_identification:_identify(ros_ws/src/bringup) by extensions ['ros']
[3.613s] Level 1:colcon.colcon_core.package_identification:_identify(ros_ws/src/bringup) by extension 'ros'
[3.647s] DEBUG:colcon.colcon_core.package_identification:Package 'ros_ws/src/bringup' with type 'ros.ament_python' and name 'bringup'
[3.648s] Level 1:colcon.colcon_core.package_identification:_identify(ros_ws/src/control) by extensions ['ignore', 'ignore_ament_install']
[3.648s] Level 1:colcon.colcon_core.package_identification:_identify(ros_ws/src/control) by extension 'ignore'
[3.649s] Level 1:colcon.colcon_core.package_identification:_identify(ros_ws/src/control) by extension 'ignore_ament_install'
[3.649s] Level 1:colcon.colcon_core.package_identification:_identify(ros_ws/src/control) by extensions ['colcon_pkg']
[3.650s] Level 1:colcon.colcon_core.package_identification:_identify(ros_ws/src/control) by extension 'colcon_pkg'
[3.650s] Level 1:colcon.colcon_core.package_identification:_identify(ros_ws/src/control) by extensions ['colcon_meta']
[3.650s] Level 1:colcon.colcon_core.package_identification:_identify(ros_ws/src/control) by extension 'colcon_meta'
[3.651s] Level 1:colcon.colcon_core.package_identification:_identify(ros_ws/src/control) by extensions ['ros']
[3.654s] Level 1:colcon.colcon_core.package_identification:_identify(ros_ws/src/control) by extension 'ros'
[3.670s] DEBUG:colcon.colcon_core.package_identification:Package 'ros_ws/src/control' with type 'ros.ament_python' and name 'control'
[3.671s] Level 1:colcon.colcon_core.package_identification:_identify(ros_ws/src/cv) by extensions ['ignore', 'ignore_ament_install']
[3.674s] Level 1:colcon.colcon_core.package_identification:_identify(ros_ws/src/cv) by extension 'ignore'
[3.675s] Level 1:colcon.colcon_core.package_identification:_identify(ros_ws/src/cv) by extension 'ignore_ament_install'
[3.676s] Level 1:colcon.colcon_core.package_identification:_identify(ros_ws/src/cv) by extensions ['colcon_pkg']
[3.676s] Level 1:colcon.colcon_core.package_identification:_identify(ros_ws/src/cv) by extension 'colcon_pkg'
[3.676s] Level 1:colcon.colcon_core.package_identification:_identify(ros_ws/src/cv) by extensions ['colcon_meta']
[3.677s] Level 1:colcon.colcon_core.package_identification:_identify(ros_ws/src/cv) by extension 'colcon_meta'
[3.680s] Level 1:colcon.colcon_core.package_identification:_identify(ros_ws/src/cv) by extensions ['ros']
[3.680s] Level 1:colcon.colcon_core.package_identification:_identify(ros_ws/src/cv) by extension 'ros'
[3.693s] DEBUG:colcon.colcon_core.package_identification:Package 'ros_ws/src/cv' with type 'ros.ament_python' and name 'cv'
[3.694s] Level 1:colcon.colcon_core.package_identification:_identify(ros_ws/src/flashing) by extensions ['ignore', 'ignore_ament_install']
[3.695s] Level 1:colcon.colcon_core.package_identification:_identify(ros_ws/src/flashing) by extension 'ignore'
[3.698s] Level 1:colcon.colcon_core.package_identification:_identify(ros_ws/src/flashing) by extension 'ignore_ament_install'
[3.699s] Level 1:colcon.colcon_core.package_identification:_identify(ros_ws/src/flashing) by extensions ['colcon_pkg']
[3.699s] Level 1:colcon.colcon_core.package_identification:_identify(ros_ws/src/flashing) by extension 'colcon_pkg'
[3.700s] Level 1:colcon.colcon_core.package_identification:_identify(ros_ws/src/flashing) by extensions ['colcon_meta']
[3.700s] Level 1:colcon.colcon_core.package_identification:_identify(ros_ws/src/flashing) by extension 'colcon_meta'
[3.700s] Level 1:colcon.colcon_core.package_identification:_identify(ros_ws/src/flashing) by extensions ['ros']
[3.700s] Level 1:colcon.colcon_core.package_identification:_identify(ros_ws/src/flashing) by extension 'ros'
[3.717s] DEBUG:colcon.colcon_core.package_identification:Package 'ros_ws/src/flashing' with type 'ros.ament_python' and name 'flashing'
[3.718s] Level 1:colcon.colcon_core.package_identification:_identify(ros_ws/src/hardware) by extensions ['ignore', 'ignore_ament_install']
[3.718s] Level 1:colcon.colcon_core.package_identification:_identify(ros_ws/src/hardware) by extension 'ignore'
[3.719s] Level 1:colcon.colcon_core.package_identification:_identify(ros_ws/src/hardware) by extension 'ignore_ament_install'
[3.724s] Level 1:colcon.colcon_core.package_identification:_identify(ros_ws/src/hardware) by extensions ['colcon_pkg']
[3.724s] Level 1:colcon.colcon_core.package_identification:_identify(ros_ws/src/hardware) by extension 'colcon_pkg'
[3.724s] Level 1:colcon.colcon_core.package_identification:_identify(ros_ws/src/hardware) by extensions ['colcon_meta']
[3.725s] Level 1:colcon.colcon_core.package_identification:_identify(ros_ws/src/hardware) by extension 'colcon_meta'
[3.725s] Level 1:colcon.colcon_core.package_identification:_identify(ros_ws/src/hardware) by extensions ['ros']
[3.725s] Level 1:colcon.colcon_core.package_identification:_identify(ros_ws/src/hardware) by extension 'ros'
[3.736s] DEBUG:colcon.colcon_core.package_identification:Package 'ros_ws/src/hardware' with type 'ros.ament_python' and name 'hardware'
[3.741s] Level 1:colcon.colcon_core.package_identification:_identify(ros_ws/src/msgs) by extensions ['ignore', 'ignore_ament_install']
[3.742s] Level 1:colcon.colcon_core.package_identification:_identify(ros_ws/src/msgs) by extension 'ignore'
[3.743s] Level 1:colcon.colcon_core.package_identification:_identify(ros_ws/src/msgs) by extension 'ignore_ament_install'
[3.743s] Level 1:colcon.colcon_core.package_identification:_identify(ros_ws/src/msgs) by extensions ['colcon_pkg']
[3.743s] Level 1:colcon.colcon_core.package_identification:_identify(ros_ws/src/msgs) by extension 'colcon_pkg'
[3.744s] Level 1:colcon.colcon_core.package_identification:_identify(ros_ws/src/msgs) by extensions ['colcon_meta']
[3.747s] Level 1:colcon.colcon_core.package_identification:_identify(ros_ws/src/msgs) by extension 'colcon_meta'
[3.748s] Level 1:colcon.colcon_core.package_identification:_identify(ros_ws/src/msgs) by extensions ['ros']
[3.748s] Level 1:colcon.colcon_core.package_identification:_identify(ros_ws/src/msgs) by extension 'ros'
[3.761s] DEBUG:colcon.colcon_core.package_identification:Package 'ros_ws/src/msgs' with type 'ros.ament_cmake' and name 'msgs'
[3.762s] Level 1:colcon.colcon_core.package_identification:_identify(scripts) by extensions ['ignore', 'ignore_ament_install']
[3.765s] Level 1:colcon.colcon_core.package_identification:_identify(scripts) by extension 'ignore'
[3.766s] Level 1:colcon.colcon_core.package_identification:_identify(scripts) by extension 'ignore_ament_install'
[3.766s] Level 1:colcon.colcon_core.package_identification:_identify(scripts) by extensions ['colcon_pkg']
[3.766s] Level 1:colcon.colcon_core.package_identification:_identify(scripts) by extension 'colcon_pkg'
[3.767s] Level 1:colcon.colcon_core.package_identification:_identify(scripts) by extensions ['colcon_meta']
[3.770s] Level 1:colcon.colcon_core.package_identification:_identify(scripts) by extension 'colcon_meta'
[3.771s] Level 1:colcon.colcon_core.package_identification:_identify(scripts) by extensions ['ros']
[3.771s] Level 1:colcon.colcon_core.package_identification:_identify(scripts) by extension 'ros'
[3.772s] Level 1:colcon.colcon_core.package_identification:_identify(scripts) by extensions ['cmake', 'python']
[3.772s] Level 1:colcon.colcon_core.package_identification:_identify(scripts) by extension 'cmake'
[3.772s] Level 1:colcon.colcon_core.package_identification:_identify(scripts) by extension 'python'
[3.773s] Level 1:colcon.colcon_core.package_identification:_identify(scripts) by extensions ['python_setup_py']
[3.773s] Level 1:colcon.colcon_core.package_identification:_identify(scripts) by extension 'python_setup_py'
[3.778s] Level 1:colcon.colcon_core.package_identification:_identify(simulation) by extensions ['ignore', 'ignore_ament_install']
[3.778s] Level 1:colcon.colcon_core.package_identification:_identify(simulation) by extension 'ignore'
[3.779s] Level 1:colcon.colcon_core.package_identification:_identify(simulation) by extension 'ignore_ament_install'
[3.782s] Level 1:colcon.colcon_core.package_identification:_identify(simulation) by extensions ['colcon_pkg']
[3.783s] Level 1:colcon.colcon_core.package_identification:_identify(simulation) by extension 'colcon_pkg'
[3.783s] Level 1:colcon.colcon_core.package_identification:_identify(simulation) by extensions ['colcon_meta']
[3.783s] Level 1:colcon.colcon_core.package_identification:_identify(simulation) by extension 'colcon_meta'
[3.784s] Level 1:colcon.colcon_core.package_identification:_identify(simulation) by extensions ['ros']
[3.784s] Level 1:colcon.colcon_core.package_identification:_identify(simulation) by extension 'ros'
[3.784s] Level 1:colcon.colcon_core.package_identification:_identify(simulation) by extensions ['cmake', 'python']
[3.785s] Level 1:colcon.colcon_core.package_identification:_identify(simulation) by extension 'cmake'
[3.787s] Level 1:colcon.colcon_core.package_identification:_identify(simulation) by extension 'python'
[3.787s] Level 1:colcon.colcon_core.package_identification:_identify(simulation) by extensions ['python_setup_py']
[3.787s] Level 1:colcon.colcon_core.package_identification:_identify(simulation) by extension 'python_setup_py'
[3.788s] Level 1:colcon.colcon_core.package_identification:_identify(simulation/gazebo_bluerov2) by extensions ['ignore', 'ignore_ament_install']
[3.794s] Level 1:colcon.colcon_core.package_identification:_identify(simulation/gazebo_bluerov2) by extension 'ignore'
[3.795s] Level 1:colcon.colcon_core.package_identification:_identify(simulation/gazebo_bluerov2) by extension 'ignore_ament_install'
[3.795s] Level 1:colcon.colcon_core.package_identification:_identify(simulation/gazebo_bluerov2) by extensions ['colcon_pkg']
[3.796s] Level 1:colcon.colcon_core.package_identification:_identify(simulation/gazebo_bluerov2) by extension 'colcon_pkg'
[3.796s] Level 1:colcon.colcon_core.package_identification:_identify(simulation/gazebo_bluerov2) by extensions ['colcon_meta']
[3.796s] Level 1:colcon.colcon_core.package_identification:_identify(simulation/gazebo_bluerov2) by extension 'colcon_meta'
[3.796s] Level 1:colcon.colcon_core.package_identification:_identify(simulation/gazebo_bluerov2) by extensions ['ros']
[3.797s] Level 1:colcon.colcon_core.package_identification:_identify(simulation/gazebo_bluerov2) by extension 'ros'
[3.805s] DEBUG:colcon.colcon_core.package_identification:Package 'simulation/gazebo_bluerov2' with type 'ros.ament_cmake' and name 'gazebo_bluerov2'
[3.805s] Level 1:colcon.colcon_core.package_discovery:discover_packages(recursive) using defaults
[3.806s] Level 1:colcon.colcon_core.package_discovery:discover_packages(ignore) discover
[3.806s] Level 1:colcon.colcon_core.package_discovery:discover_packages(ignore) using defaults
[3.806s] Level 1:colcon.colcon_core.package_discovery:discover_packages(path) discover
[3.806s] Level 1:colcon.colcon_core.package_discovery:discover_packages(path) using defaults
[4.069s] Level 5:colcon.colcon_core.verb:set package 'bringup' build argument 'cmake_args' from command line to 'None'
[4.069s] Level 5:colcon.colcon_core.verb:set package 'bringup' build argument 'cmake_target' from command line to 'None'
[4.069s] Level 5:colcon.colcon_core.verb:set package 'bringup' build argument 'cmake_target_skip_unavailable' from command line to 'False'
[4.070s] Level 5:colcon.colcon_core.verb:set package 'bringup' build argument 'cmake_clean_cache' from command line to 'False'
[4.070s] Level 5:colcon.colcon_core.verb:set package 'bringup' build argument 'cmake_clean_first' from command line to 'False'
[4.075s] Level 5:colcon.colcon_core.verb:set package 'bringup' build argument 'cmake_force_configure' from command line to 'False'
[4.075s] Level 5:colcon.colcon_core.verb:set package 'bringup' build argument 'ament_cmake_args' from command line to 'None'
[4.076s] Level 5:colcon.colcon_core.verb:set package 'bringup' build argument 'catkin_cmake_args' from command line to 'None'
[4.076s] Level 5:colcon.colcon_core.verb:set package 'bringup' build argument 'catkin_skip_building_tests' from command line to 'False'
[4.076s] DEBUG:colcon.colcon_core.verb:Building package 'bringup' with the following arguments: {'ament_cmake_args': None, 'build_base': '/home/ngt/ZENS-Final-AUVC/build/bringup', 'catkin_cmake_args': None, 'catkin_skip_building_tests': False, 'cmake_args': None, 'cmake_clean_cache': False, 'cmake_clean_first': False, 'cmake_force_configure': False, 'cmake_target': None, 'cmake_target_skip_unavailable': False, 'install_base': '/home/ngt/ZENS-Final-AUVC/install/bringup', 'merge_install': False, 'path': '/home/ngt/ZENS-Final-AUVC/ros_ws/src/bringup', 'symlink_install': False, 'test_result_base': None}
[4.077s] Level 5:colcon.colcon_core.verb:set package 'control' build argument 'cmake_args' from command line to 'None'
[4.078s] Level 5:colcon.colcon_core.verb:set package 'control' build argument 'cmake_target' from command line to 'None'
[4.078s] Level 5:colcon.colcon_core.verb:set package 'control' build argument 'cmake_target_skip_unavailable' from command line to 'False'
[4.081s] Level 5:colcon.colcon_core.verb:set package 'control' build argument 'cmake_clean_cache' from command line to 'False'
[4.081s] Level 5:colcon.colcon_core.verb:set package 'control' build argument 'cmake_clean_first' from command line to 'False'
[4.081s] Level 5:colcon.colcon_core.verb:set package 'control' build argument 'cmake_force_configure' from command line to 'False'
[4.082s] Level 5:colcon.colcon_core.verb:set package 'control' build argument 'ament_cmake_args' from command line to 'None'
[4.082s] Level 5:colcon.colcon_core.verb:set package 'control' build argument 'catkin_cmake_args' from command line to 'None'
[4.082s] Level 5:colcon.colcon_core.verb:set package 'control' build argument 'catkin_skip_building_tests' from command line to 'False'
[4.082s] DEBUG:colcon.colcon_core.verb:Building package 'control' with the following arguments: {'ament_cmake_args': None, 'build_base': '/home/ngt/ZENS-Final-AUVC/build/control', 'catkin_cmake_args': None, 'catkin_skip_building_tests': False, 'cmake_args': None, 'cmake_clean_cache': False, 'cmake_clean_first': False, 'cmake_force_configure': False, 'cmake_target': None, 'cmake_target_skip_unavailable': False, 'install_base': '/home/ngt/ZENS-Final-AUVC/install/control', 'merge_install': False, 'path': '/home/ngt/ZENS-Final-AUVC/ros_ws/src/control', 'symlink_install': False, 'test_result_base': None}
[4.087s] Level 5:colcon.colcon_core.verb:set package 'cv' build argument 'cmake_args' from command line to 'None'
[4.088s] Level 5:colcon.colcon_core.verb:set package 'cv' build argument 'cmake_target' from command line to 'None'
[4.088s] Level 5:colcon.colcon_core.verb:set package 'cv' build argument 'cmake_target_skip_unavailable' from command line to 'False'
[4.088s] Level 5:colcon.colcon_core.verb:set package 'cv' build argument 'cmake_clean_cache' from command line to 'False'
[4.088s] Level 5:colcon.colcon_core.verb:set package 'cv' build argument 'cmake_clean_first' from command line to 'False'
[4.089s] Level 5:colcon.colcon_core.verb:set package 'cv' build argument 'cmake_force_configure' from command line to 'False'
[4.089s] Level 5:colcon.colcon_core.verb:set package 'cv' build argument 'ament_cmake_args' from command line to 'None'
[4.089s] Level 5:colcon.colcon_core.verb:set package 'cv' build argument 'catkin_cmake_args' from command line to 'None'
[4.093s] Level 5:colcon.colcon_core.verb:set package 'cv' build argument 'catkin_skip_building_tests' from command line to 'False'
[4.093s] DEBUG:colcon.colcon_core.verb:Building package 'cv' with the following arguments: {'ament_cmake_args': None, 'build_base': '/home/ngt/ZENS-Final-AUVC/build/cv', 'catkin_cmake_args': None, 'catkin_skip_building_tests': False, 'cmake_args': None, 'cmake_clean_cache': False, 'cmake_clean_first': False, 'cmake_force_configure': False, 'cmake_target': None, 'cmake_target_skip_unavailable': False, 'install_base': '/home/ngt/ZENS-Final-AUVC/install/cv', 'merge_install': False, 'path': '/home/ngt/ZENS-Final-AUVC/ros_ws/src/cv', 'symlink_install': False, 'test_result_base': None}
[4.094s] Level 5:colcon.colcon_core.verb:set package 'flashing' build argument 'cmake_args' from command line to 'None'
[4.095s] Level 5:colcon.colcon_core.verb:set package 'flashing' build argument 'cmake_target' from command line to 'None'
[4.099s] Level 5:colcon.colcon_core.verb:set package 'flashing' build argument 'cmake_target_skip_unavailable' from command line to 'False'
[4.099s] Level 5:colcon.colcon_core.verb:set package 'flashing' build argument 'cmake_clean_cache' from command line to 'False'
[4.100s] Level 5:colcon.colcon_core.verb:set package 'flashing' build argument 'cmake_clean_first' from command line to 'False'
[4.100s] Level 5:colcon.colcon_core.verb:set package 'flashing' build argument 'cmake_force_configure' from command line to 'False'
[4.100s] Level 5:colcon.colcon_core.verb:set package 'flashing' build argument 'ament_cmake_args' from command line to 'None'
[4.100s] Level 5:colcon.colcon_core.verb:set package 'flashing' build argument 'catkin_cmake_args' from command line to 'None'
[4.100s] Level 5:colcon.colcon_core.verb:set package 'flashing' build argument 'catkin_skip_building_tests' from command line to 'False'
[4.101s] DEBUG:colcon.colcon_core.verb:Building package 'flashing' with the following arguments: {'ament_cmake_args': None, 'build_base': '/home/ngt/ZENS-Final-AUVC/build/flashing', 'catkin_cmake_args': None, 'catkin_skip_building_tests': False, 'cmake_args': None, 'cmake_clean_cache': False, 'cmake_clean_first': False, 'cmake_force_configure': False, 'cmake_target': None, 'cmake_target_skip_unavailable': False, 'install_base': '/home/ngt/ZENS-Final-AUVC/install/flashing', 'merge_install': False, 'path': '/home/ngt/ZENS-Final-AUVC/ros_ws/src/flashing', 'symlink_install': False, 'test_result_base': None}
[4.102s] Level 5:colcon.colcon_core.verb:set package 'gazebo_bluerov2' build argument 'cmake_args' from command line to 'None'
[4.105s] Level 5:colcon.colcon_core.verb:set package 'gazebo_bluerov2' build argument 'cmake_target' from command line to 'None'
[4.105s] Level 5:colcon.colcon_core.verb:set package 'gazebo_bluerov2' build argument 'cmake_target_skip_unavailable' from command line to 'False'
[4.106s] Level 5:colcon.colcon_core.verb:set package 'gazebo_bluerov2' build argument 'cmake_clean_cache' from command line to 'False'
[4.106s] Level 5:colcon.colcon_core.verb:set package 'gazebo_bluerov2' build argument 'cmake_clean_first' from command line to 'False'
[4.106s] Level 5:colcon.colcon_core.verb:set package 'gazebo_bluerov2' build argument 'cmake_force_configure' from command line to 'False'
[4.106s] Level 5:colcon.colcon_core.verb:set package 'gazebo_bluerov2' build argument 'ament_cmake_args' from command line to 'None'
[4.106s] Level 5:colcon.colcon_core.verb:set package 'gazebo_bluerov2' build argument 'catkin_cmake_args' from command line to 'None'
[4.106s] Level 5:colcon.colcon_core.verb:set package 'gazebo_bluerov2' build argument 'catkin_skip_building_tests' from command line to 'False'
[4.107s] DEBUG:colcon.colcon_core.verb:Building package 'gazebo_bluerov2' with the following arguments: {'ament_cmake_args': None, 'build_base': '/home/ngt/ZENS-Final-AUVC/build/gazebo_bluerov2', 'catkin_cmake_args': None, 'catkin_skip_building_tests': False, 'cmake_args': None, 'cmake_clean_cache': False, 'cmake_clean_first': False, 'cmake_force_configure': False, 'cmake_target': None, 'cmake_target_skip_unavailable': False, 'install_base': '/home/ngt/ZENS-Final-AUVC/install/gazebo_bluerov2', 'merge_install': False, 'path': '/home/ngt/ZENS-Final-AUVC/simulation/gazebo_bluerov2', 'symlink_install': False, 'test_result_base': None}
[4.126s] Level 5:colcon.colcon_core.verb:set package 'hardware' build argument 'cmake_args' from command line to 'None'
[4.126s] Level 5:colcon.colcon_core.verb:set package 'hardware' build argument 'cmake_target' from command line to 'None'
[4.127s] Level 5:colcon.colcon_core.verb:set package 'hardware' build argument 'cmake_target_skip_unavailable' from command line to 'False'
[4.127s] Level 5:colcon.colcon_core.verb:set package 'hardware' build argument 'cmake_clean_cache' from command line to 'False'
[4.127s] Level 5:colcon.colcon_core.verb:set package 'hardware' build argument 'cmake_clean_first' from command line to 'False'
[4.127s] Level 5:colcon.colcon_core.verb:set package 'hardware' build argument 'cmake_force_configure' from command line to 'False'
[4.127s] Level 5:colcon.colcon_core.verb:set package 'hardware' build argument 'ament_cmake_args' from command line to 'None'
[4.128s] Level 5:colcon.colcon_core.verb:set package 'hardware' build argument 'catkin_cmake_args' from command line to 'None'
[4.128s] Level 5:colcon.colcon_core.verb:set package 'hardware' build argument 'catkin_skip_building_tests' from command line to 'False'
[4.130s] DEBUG:colcon.colcon_core.verb:Building package 'hardware' with the following arguments: {'ament_cmake_args': None, 'build_base': '/home/ngt/ZENS-Final-AUVC/build/hardware', 'catkin_cmake_args': None, 'catkin_skip_building_tests': False, 'cmake_args': None, 'cmake_clean_cache': False, 'cmake_clean_first': False, 'cmake_force_configure': False, 'cmake_target': None, 'cmake_target_skip_unavailable': False, 'install_base': '/home/ngt/ZENS-Final-AUVC/install/hardware', 'merge_install': False, 'path': '/home/ngt/ZENS-Final-AUVC/ros_ws/src/hardware', 'symlink_install': False, 'test_result_base': None}
[4.132s] Level 5:colcon.colcon_core.verb:set package 'msgs' build argument 'cmake_args' from command line to 'None'
[4.132s] Level 5:colcon.colcon_core.verb:set package 'msgs' build argument 'cmake_target' from command line to 'None'
[4.132s] Level 5:colcon.colcon_core.verb:set package 'msgs' build argument 'cmake_target_skip_unavailable' from command line to 'False'
[4.132s] Level 5:colcon.colcon_core.verb:set package 'msgs' build argument 'cmake_clean_cache' from command line to 'False'
[4.133s] Level 5:colcon.colcon_core.verb:set package 'msgs' build argument 'cmake_clean_first' from command line to 'False'
[4.133s] Level 5:colcon.colcon_core.verb:set package 'msgs' build argument 'cmake_force_configure' from command line to 'False'
[4.133s] Level 5:colcon.colcon_core.verb:set package 'msgs' build argument 'ament_cmake_args' from command line to 'None'
[4.139s] Level 5:colcon.colcon_core.verb:set package 'msgs' build argument 'catkin_cmake_args' from command line to 'None'
[4.139s] Level 5:colcon.colcon_core.verb:set package 'msgs' build argument 'catkin_skip_building_tests' from command line to 'False'
[4.140s] DEBUG:colcon.colcon_core.verb:Building package 'msgs' with the following arguments: {'ament_cmake_args': None, 'build_base': '/home/ngt/ZENS-Final-AUVC/build/msgs', 'catkin_cmake_args': None, 'catkin_skip_building_tests': False, 'cmake_args': None, 'cmake_clean_cache': False, 'cmake_clean_first': False, 'cmake_force_configure': False, 'cmake_target': None, 'cmake_target_skip_unavailable': False, 'install_base': '/home/ngt/ZENS-Final-AUVC/install/msgs', 'merge_install': False, 'path': '/home/ngt/ZENS-Final-AUVC/ros_ws/src/msgs', 'symlink_install': False, 'test_result_base': None}
[4.141s] INFO:colcon.colcon_core.executor:Executing jobs using 'parallel' executor
[4.151s] DEBUG:colcon.colcon_parallel_executor.executor.parallel:run_until_complete
[4.156s] INFO:colcon.colcon_ros.task.ament_python.build:Building ROS package in '/home/ngt/ZENS-Final-AUVC/ros_ws/src/bringup' with build type 'ament_python'
[4.157s] Level 1:colcon.colcon_core.shell:create_environment_hook('bringup', 'ament_prefix_path')
[4.188s] INFO:colcon.colcon_core.plugin_system:Skipping extension 'colcon_core.shell.bat': Not used on non-Windows systems
[4.189s] INFO:colcon.colcon_core.shell:Creating environment hook '/home/ngt/ZENS-Final-AUVC/install/bringup/share/bringup/hook/ament_prefix_path.ps1'
[4.199s] INFO:colcon.colcon_core.shell:Creating environment descriptor '/home/ngt/ZENS-Final-AUVC/install/bringup/share/bringup/hook/ament_prefix_path.dsv'
[4.211s] INFO:colcon.colcon_core.shell:Creating environment hook '/home/ngt/ZENS-Final-AUVC/install/bringup/share/bringup/hook/ament_prefix_path.sh'
[4.218s] INFO:colcon.colcon_core.shell:Skip shell extension 'powershell' for command environment: Not usable outside of PowerShell
[4.218s] DEBUG:colcon.colcon_core.shell:Skip shell extension 'dsv' for command environment
[4.293s] INFO:colcon.colcon_ros.task.ament_python.build:Building ROS package in '/home/ngt/ZENS-Final-AUVC/ros_ws/src/control' with build type 'ament_python'
[4.293s] Level 1:colcon.colcon_core.shell:create_environment_hook('control', 'ament_prefix_path')
[4.294s] INFO:colcon.colcon_core.shell:Creating environment hook '/home/ngt/ZENS-Final-AUVC/install/control/share/control/hook/ament_prefix_path.ps1'
[4.300s] INFO:colcon.colcon_core.shell:Creating environment descriptor '/home/ngt/ZENS-Final-AUVC/install/control/share/control/hook/ament_prefix_path.dsv'
[4.304s] INFO:colcon.colcon_core.shell:Creating environment hook '/home/ngt/ZENS-Final-AUVC/install/control/share/control/hook/ament_prefix_path.sh'
[4.312s] INFO:colcon.colcon_core.shell:Skip shell extension 'powershell' for command environment: Not usable outside of PowerShell
[4.315s] DEBUG:colcon.colcon_core.shell:Skip shell extension 'dsv' for command environment
[4.378s] INFO:colcon.colcon_ros.task.ament_python.build:Building ROS package in '/home/ngt/ZENS-Final-AUVC/ros_ws/src/cv' with build type 'ament_python'
[4.378s] Level 1:colcon.colcon_core.shell:create_environment_hook('cv', 'ament_prefix_path')
[4.379s] INFO:colcon.colcon_core.shell:Creating environment hook '/home/ngt/ZENS-Final-AUVC/install/cv/share/cv/hook/ament_prefix_path.ps1'
[4.392s] INFO:colcon.colcon_core.shell:Creating environment descriptor '/home/ngt/ZENS-Final-AUVC/install/cv/share/cv/hook/ament_prefix_path.dsv'
[4.398s] INFO:colcon.colcon_core.shell:Creating environment hook '/home/ngt/ZENS-Final-AUVC/install/cv/share/cv/hook/ament_prefix_path.sh'
[4.401s] INFO:colcon.colcon_core.shell:Skip shell extension 'powershell' for command environment: Not usable outside of PowerShell
[4.402s] DEBUG:colcon.colcon_core.shell:Skip shell extension 'dsv' for command environment
[4.525s] INFO:colcon.colcon_ros.task.ament_python.build:Building ROS package in '/home/ngt/ZENS-Final-AUVC/ros_ws/src/flashing' with build type 'ament_python'
[4.526s] Level 1:colcon.colcon_core.shell:create_environment_hook('flashing', 'ament_prefix_path')
[4.527s] INFO:colcon.colcon_core.shell:Creating environment hook '/home/ngt/ZENS-Final-AUVC/install/flashing/share/flashing/hook/ament_prefix_path.ps1'
[4.554s] INFO:colcon.colcon_core.shell:Creating environment descriptor '/home/ngt/ZENS-Final-AUVC/install/flashing/share/flashing/hook/ament_prefix_path.dsv'
[4.562s] INFO:colcon.colcon_core.shell:Creating environment hook '/home/ngt/ZENS-Final-AUVC/install/flashing/share/flashing/hook/ament_prefix_path.sh'
[4.572s] INFO:colcon.colcon_core.shell:Skip shell extension 'powershell' for command environment: Not usable outside of PowerShell
[4.580s] DEBUG:colcon.colcon_core.shell:Skip shell extension 'dsv' for command environment
[8.680s] INFO:colcon.colcon_core.task.python.build:Building Python package in '/home/ngt/ZENS-Final-AUVC/ros_ws/src/bringup'
[8.684s] INFO:colcon.colcon_core.shell:Skip shell extension 'powershell' for command environment: Not usable outside of PowerShell
[8.684s] DEBUG:colcon.colcon_core.shell:Skip shell extension 'dsv' for command environment
[12.309s] INFO:colcon.colcon_core.task.python.build:Building Python package in '/home/ngt/ZENS-Final-AUVC/ros_ws/src/control'
[12.313s] INFO:colcon.colcon_core.shell:Skip shell extension 'powershell' for command environment: Not usable outside of PowerShell
[12.313s] DEBUG:colcon.colcon_core.shell:Skip shell extension 'dsv' for command environment
[17.741s] INFO:colcon.colcon_core.task.python.build:Building Python package in '/home/ngt/ZENS-Final-AUVC/ros_ws/src/cv'
[17.745s] INFO:colcon.colcon_core.shell:Skip shell extension 'powershell' for command environment: Not usable outside of PowerShell
[17.745s] DEBUG:colcon.colcon_core.shell:Skip shell extension 'dsv' for command environment
[22.472s] INFO:colcon.colcon_core.task.python.build:Building Python package in '/home/ngt/ZENS-Final-AUVC/ros_ws/src/flashing'
[22.480s] INFO:colcon.colcon_core.shell:Skip shell extension 'powershell' for command environment: Not usable outside of PowerShell
[22.480s] DEBUG:colcon.colcon_core.shell:Skip shell extension 'dsv' for command environment
[32.926s] DEBUG:colcon.colcon_core.task.python.build:Available setuptools commands: install, check, bdist, install_lib, alias, bdist_egg, install_scripts, install_data, saveopts, develop, build_scripts, setopt, build_py, bdist_dumb, dist_info, build_clib, symlink_data, build, build_ext, clean, sdist, easy_install, bdist_wheel, install_headers, rotate, egg_info, bdist_rpm, editable_wheel, install_egg_info
[32.974s] DEBUG:colcon.colcon_core.event_handler.log_command:Invoking command in '/home/ngt/ZENS-Final-AUVC/ros_ws/src/cv': PYTHONPATH=/home/ngt/ZENS-Final-AUVC/build/cv/prefix_override:/home/ngt/.virtualenvs/ardusub/lib/python3.12/site-packages/colcon_core/task/python/colcon_distutils_commands:/home/ngt/ZENS-Final-AUVC/install/cv/lib/python3.12/site-packages:${PYTHONPATH} /home/ngt/.virtualenvs/ardusub/bin/python -W ignore:setup.py install is deprecated -W ignore:easy_install command is deprecated setup.py egg_info --egg-base ../../../build/cv build --build-base /home/ngt/ZENS-Final-AUVC/build/cv/build install --record /home/ngt/ZENS-Final-AUVC/build/cv/install.log --install-scripts $base/lib/cv --single-version-externally-managed install_data
[33.069s] DEBUG:colcon.colcon_core.task.python.build:Available setuptools commands: install, check, bdist, install_lib, alias, bdist_egg, install_scripts, install_data, saveopts, develop, build_scripts, setopt, build_py, bdist_dumb, dist_info, build_clib, symlink_data, build, build_ext, clean, sdist, easy_install, bdist_wheel, install_headers, rotate, egg_info, bdist_rpm, editable_wheel, install_egg_info
[33.110s] DEBUG:colcon.colcon_core.event_handler.log_command:Invoking command in '/home/ngt/ZENS-Final-AUVC/ros_ws/src/control': PYTHONPATH=/home/ngt/ZENS-Final-AUVC/build/control/prefix_override:/home/ngt/.virtualenvs/ardusub/lib/python3.12/site-packages/colcon_core/task/python/colcon_distutils_commands:/home/ngt/ZENS-Final-AUVC/install/control/lib/python3.12/site-packages:${PYTHONPATH} /home/ngt/.virtualenvs/ardusub/bin/python -W ignore:setup.py install is deprecated -W ignore:easy_install command is deprecated setup.py egg_info --egg-base ../../../build/control build --build-base /home/ngt/ZENS-Final-AUVC/build/control/build install --record /home/ngt/ZENS-Final-AUVC/build/control/install.log --install-scripts $base/lib/control --single-version-externally-managed install_data
[33.763s] DEBUG:colcon.colcon_core.task.python.build:Available setuptools commands: install, check, bdist, install_lib, alias, bdist_egg, install_scripts, install_data, saveopts, develop, build_scripts, setopt, build_py, bdist_dumb, dist_info, build_clib, symlink_data, build, build_ext, clean, sdist, easy_install, bdist_wheel, install_headers, rotate, egg_info, bdist_rpm, editable_wheel, install_egg_info
[33.798s] DEBUG:colcon.colcon_core.event_handler.log_command:Invoking command in '/home/ngt/ZENS-Final-AUVC/ros_ws/src/bringup': PYTHONPATH=/home/ngt/ZENS-Final-AUVC/build/bringup/prefix_override:/home/ngt/.virtualenvs/ardusub/lib/python3.12/site-packages/colcon_core/task/python/colcon_distutils_commands:/home/ngt/ZENS-Final-AUVC/install/bringup/lib/python3.12/site-packages:${PYTHONPATH} /home/ngt/.virtualenvs/ardusub/bin/python -W ignore:setup.py install is deprecated -W ignore:easy_install command is deprecated setup.py egg_info --egg-base ../../../build/bringup build --build-base /home/ngt/ZENS-Final-AUVC/build/bringup/build install --record /home/ngt/ZENS-Final-AUVC/build/bringup/install.log --install-scripts $base/lib/bringup --single-version-externally-managed install_data
[34.208s] DEBUG:colcon.colcon_core.task.python.build:Available setuptools commands: install, check, bdist, install_lib, alias, bdist_egg, install_scripts, install_data, saveopts, develop, build_scripts, setopt, build_py, bdist_dumb, dist_info, build_clib, symlink_data, build, build_ext, clean, sdist, easy_install, bdist_wheel, install_headers, rotate, egg_info, bdist_rpm, editable_wheel, install_egg_info
[34.249s] DEBUG:colcon.colcon_core.event_handler.log_command:Invoking command in '/home/ngt/ZENS-Final-AUVC/ros_ws/src/flashing': PYTHONPATH=/home/ngt/ZENS-Final-AUVC/build/flashing/prefix_override:/home/ngt/.virtualenvs/ardusub/lib/python3.12/site-packages/colcon_core/task/python/colcon_distutils_commands:/home/ngt/ZENS-Final-AUVC/install/flashing/lib/python3.12/site-packages:${PYTHONPATH} /home/ngt/.virtualenvs/ardusub/bin/python -W ignore:setup.py install is deprecated -W ignore:easy_install command is deprecated setup.py egg_info --egg-base ../../../build/flashing build --build-base /home/ngt/ZENS-Final-AUVC/build/flashing/build install --record /home/ngt/ZENS-Final-AUVC/build/flashing/install.log --install-scripts $base/lib/flashing --single-version-externally-managed install_data
[40.645s] DEBUG:colcon.colcon_core.event_handler.log_command:Invoked command in '/home/ngt/ZENS-Final-AUVC/ros_ws/src/control' returned '0': PYTHONPATH=/home/ngt/ZENS-Final-AUVC/build/control/prefix_override:/home/ngt/.virtualenvs/ardusub/lib/python3.12/site-packages/colcon_core/task/python/colcon_distutils_commands:/home/ngt/ZENS-Final-AUVC/install/control/lib/python3.12/site-packages:${PYTHONPATH} /home/ngt/.virtualenvs/ardusub/bin/python -W ignore:setup.py install is deprecated -W ignore:easy_install command is deprecated setup.py egg_info --egg-base ../../../build/control build --build-base /home/ngt/ZENS-Final-AUVC/build/control/build install --record /home/ngt/ZENS-Final-AUVC/build/control/install.log --install-scripts $base/lib/control --single-version-externally-managed install_data
[40.707s] Level 1:colcon.colcon_core.environment:checking '/home/ngt/ZENS-Final-AUVC/install/control' for CMake module files
[40.714s] Level 1:colcon.colcon_core.environment:checking '/home/ngt/ZENS-Final-AUVC/install/control' for CMake config files
[40.726s] Level 1:colcon.colcon_core.environment:checking '/home/ngt/ZENS-Final-AUVC/install/control/lib'
[40.728s] Level 1:colcon.colcon_core.environment:checking '/home/ngt/ZENS-Final-AUVC/install/control/bin'
[40.730s] Level 1:colcon.colcon_core.shell:create_environment_hook('control', 'path')
[40.733s] INFO:colcon.colcon_core.shell:Creating environment hook '/home/ngt/ZENS-Final-AUVC/install/control/share/control/hook/path.ps1'
[40.743s] INFO:colcon.colcon_core.shell:Creating environment descriptor '/home/ngt/ZENS-Final-AUVC/install/control/share/control/hook/path.dsv'
[40.749s] INFO:colcon.colcon_core.shell:Creating environment hook '/home/ngt/ZENS-Final-AUVC/install/control/share/control/hook/path.sh'
[40.759s] Level 1:colcon.colcon_core.environment:checking '/home/ngt/ZENS-Final-AUVC/install/control/lib/pkgconfig/control.pc'
[40.762s] Level 1:colcon.colcon_core.environment:checking '/home/ngt/ZENS-Final-AUVC/install/control/lib/python3.12/site-packages'
[40.763s] Level 1:colcon.colcon_core.shell:create_environment_hook('control', 'pythonpath')
[40.766s] INFO:colcon.colcon_core.shell:Creating environment hook '/home/ngt/ZENS-Final-AUVC/install/control/share/control/hook/pythonpath.ps1'
[40.770s] INFO:colcon.colcon_core.shell:Creating environment descriptor '/home/ngt/ZENS-Final-AUVC/install/control/share/control/hook/pythonpath.dsv'
[40.777s] INFO:colcon.colcon_core.shell:Creating environment hook '/home/ngt/ZENS-Final-AUVC/install/control/share/control/hook/pythonpath.sh'
[40.782s] Level 1:colcon.colcon_core.environment:checking '/home/ngt/ZENS-Final-AUVC/install/control/bin'
[40.784s] Level 1:colcon.colcon_core.shell:create_environment_hook('control', 'pythonscriptspath')
[40.786s] INFO:colcon.colcon_core.shell:Creating environment hook '/home/ngt/ZENS-Final-AUVC/install/control/share/control/hook/pythonscriptspath.ps1'
[40.800s] INFO:colcon.colcon_core.shell:Creating environment descriptor '/home/ngt/ZENS-Final-AUVC/install/control/share/control/hook/pythonscriptspath.dsv'
[40.808s] INFO:colcon.colcon_core.shell:Creating environment hook '/home/ngt/ZENS-Final-AUVC/install/control/share/control/hook/pythonscriptspath.sh'
[40.825s] Level 1:colcon.colcon_core.environment:create_environment_scripts_only(control)
[40.831s] INFO:colcon.colcon_core.shell:Creating package script '/home/ngt/ZENS-Final-AUVC/install/control/share/control/package.ps1'
[40.854s] INFO:colcon.colcon_core.shell:Creating package descriptor '/home/ngt/ZENS-Final-AUVC/install/control/share/control/package.dsv'
[40.870s] INFO:colcon.colcon_core.shell:Creating package script '/home/ngt/ZENS-Final-AUVC/install/control/share/control/package.sh'
[40.877s] INFO:colcon.colcon_core.shell:Creating package script '/home/ngt/ZENS-Final-AUVC/install/control/share/control/package.bash'
[40.891s] INFO:colcon.colcon_core.shell:Creating package script '/home/ngt/ZENS-Final-AUVC/install/control/share/control/package.zsh'
[40.903s] Level 1:colcon.colcon_core.environment:create_file_with_runtime_dependencies(/home/ngt/ZENS-Final-AUVC/install/control/share/colcon-core/packages/control)
[40.912s] INFO:colcon.colcon_ros.task.ament_cmake.build:Building ROS package in '/home/ngt/ZENS-Final-AUVC/simulation/gazebo_bluerov2' with build type 'ament_cmake'
[40.913s] INFO:colcon.colcon_cmake.task.cmake.build:Building CMake package in '/home/ngt/ZENS-Final-AUVC/simulation/gazebo_bluerov2'
[40.915s] INFO:colcon.colcon_core.shell:Skip shell extension 'powershell' for command environment: Not usable outside of PowerShell
[40.916s] DEBUG:colcon.colcon_core.shell:Skip shell extension 'dsv' for command environment
[41.045s] DEBUG:colcon.colcon_core.event_handler.log_command:Invoking command in '/home/ngt/ZENS-Final-AUVC/build/gazebo_bluerov2': CMAKE_PREFIX_PATH=${CMAKE_PREFIX_PATH}:/home/ngt/ZENS-Final-AUVC/install/flashing:/home/ngt/ZENS-Final-AUVC/install/cv:/home/ngt/ZENS-Final-AUVC/install/control:/home/ngt/ZENS-Final-AUVC/install/bringup:/home/ngt/auvc_ws/install/tutorial_virtualenvs:/home/ngt/auvc_ws/install/tutorial_pid:/home/ngt/auvc_ws/install/tutorial_ardusub:/home/ngt/auvc_ws/install/tutorial:/home/ngt/auvc_ws/install/rosmav:/home/ngt/cv_ws/install/cv:/home/ngt/pid_ws/install/pid:/home/ngt/auv_dancing/install/tutorial:/opt/ros/jazzy /usr/bin/cmake --build /home/ngt/ZENS-Final-AUVC/build/gazebo_bluerov2 -- -j4 -l4
[42.385s] Level 1:colcon.colcon_core.environment:checking '/home/ngt/ZENS-Final-AUVC/install/cv' for CMake module files
[42.394s] DEBUG:colcon.colcon_core.event_handler.log_command:Invoked command in '/home/ngt/ZENS-Final-AUVC/ros_ws/src/cv' returned '0': PYTHONPATH=/home/ngt/ZENS-Final-AUVC/build/cv/prefix_override:/home/ngt/.virtualenvs/ardusub/lib/python3.12/site-packages/colcon_core/task/python/colcon_distutils_commands:/home/ngt/ZENS-Final-AUVC/install/cv/lib/python3.12/site-packages:${PYTHONPATH} /home/ngt/.virtualenvs/ardusub/bin/python -W ignore:setup.py install is deprecated -W ignore:easy_install command is deprecated setup.py egg_info --egg-base ../../../build/cv build --build-base /home/ngt/ZENS-Final-AUVC/build/cv/build install --record /home/ngt/ZENS-Final-AUVC/build/cv/install.log --install-scripts $base/lib/cv --single-version-externally-managed install_data
[42.409s] Level 1:colcon.colcon_core.environment:checking '/home/ngt/ZENS-Final-AUVC/install/cv' for CMake config files
[42.441s] Level 1:colcon.colcon_core.environment:checking '/home/ngt/ZENS-Final-AUVC/install/cv/lib'
[42.444s] Level 1:colcon.colcon_core.environment:checking '/home/ngt/ZENS-Final-AUVC/install/cv/bin'
[42.446s] Level 1:colcon.colcon_core.shell:create_environment_hook('cv', 'path')
[42.449s] INFO:colcon.colcon_core.shell:Creating environment hook '/home/ngt/ZENS-Final-AUVC/install/cv/share/cv/hook/path.ps1'
[42.458s] INFO:colcon.colcon_core.shell:Creating environment descriptor '/home/ngt/ZENS-Final-AUVC/install/cv/share/cv/hook/path.dsv'
[42.465s] INFO:colcon.colcon_core.shell:Creating environment hook '/home/ngt/ZENS-Final-AUVC/install/cv/share/cv/hook/path.sh'
[42.470s] Level 1:colcon.colcon_core.environment:checking '/home/ngt/ZENS-Final-AUVC/install/cv/lib/pkgconfig/cv.pc'
[42.472s] Level 1:colcon.colcon_core.environment:checking '/home/ngt/ZENS-Final-AUVC/install/cv/lib/python3.12/site-packages'
[42.473s] Level 1:colcon.colcon_core.shell:create_environment_hook('cv', 'pythonpath')
[42.475s] INFO:colcon.colcon_core.shell:Creating environment hook '/home/ngt/ZENS-Final-AUVC/install/cv/share/cv/hook/pythonpath.ps1'
[42.478s] INFO:colcon.colcon_core.shell:Creating environment descriptor '/home/ngt/ZENS-Final-AUVC/install/cv/share/cv/hook/pythonpath.dsv'
[42.482s] INFO:colcon.colcon_core.shell:Creating environment hook '/home/ngt/ZENS-Final-AUVC/install/cv/share/cv/hook/pythonpath.sh'
[42.496s] Level 1:colcon.colcon_core.environment:checking '/home/ngt/ZENS-Final-AUVC/install/cv/bin'
[42.499s] Level 1:colcon.colcon_core.shell:create_environment_hook('cv', 'pythonscriptspath')
[42.501s] INFO:colcon.colcon_core.shell:Creating environment hook '/home/ngt/ZENS-Final-AUVC/install/cv/share/cv/hook/pythonscriptspath.ps1'
[42.506s] INFO:colcon.colcon_core.shell:Creating environment descriptor '/home/ngt/ZENS-Final-AUVC/install/cv/share/cv/hook/pythonscriptspath.dsv'
[42.513s] INFO:colcon.colcon_core.shell:Creating environment hook '/home/ngt/ZENS-Final-AUVC/install/cv/share/cv/hook/pythonscriptspath.sh'
[42.520s] Level 1:colcon.colcon_core.environment:create_environment_scripts_only(cv)
[42.524s] INFO:colcon.colcon_core.shell:Creating package script '/home/ngt/ZENS-Final-AUVC/install/cv/share/cv/package.ps1'
[42.533s] INFO:colcon.colcon_core.shell:Creating package descriptor '/home/ngt/ZENS-Final-AUVC/install/cv/share/cv/package.dsv'
[42.542s] INFO:colcon.colcon_core.shell:Creating package script '/home/ngt/ZENS-Final-AUVC/install/cv/share/cv/package.sh'
[42.551s] INFO:colcon.colcon_core.shell:Creating package script '/home/ngt/ZENS-Final-AUVC/install/cv/share/cv/package.bash'
[42.558s] INFO:colcon.colcon_core.shell:Creating package script '/home/ngt/ZENS-Final-AUVC/install/cv/share/cv/package.zsh'
[42.563s] Level 1:colcon.colcon_core.environment:create_file_with_runtime_dependencies(/home/ngt/ZENS-Final-AUVC/install/cv/share/colcon-core/packages/cv)
[42.569s] INFO:colcon.colcon_ros.task.ament_python.build:Building ROS package in '/home/ngt/ZENS-Final-AUVC/ros_ws/src/hardware' with build type 'ament_python'
[42.569s] Level 1:colcon.colcon_core.shell:create_environment_hook('hardware', 'ament_prefix_path')
[42.573s] INFO:colcon.colcon_core.shell:Creating environment hook '/home/ngt/ZENS-Final-AUVC/install/hardware/share/hardware/hook/ament_prefix_path.ps1'
[42.582s] INFO:colcon.colcon_core.shell:Creating environment descriptor '/home/ngt/ZENS-Final-AUVC/install/hardware/share/hardware/hook/ament_prefix_path.dsv'
[42.597s] INFO:colcon.colcon_core.shell:Creating environment hook '/home/ngt/ZENS-Final-AUVC/install/hardware/share/hardware/hook/ament_prefix_path.sh'
[42.617s] INFO:colcon.colcon_core.shell:Skip shell extension 'powershell' for command environment: Not usable outside of PowerShell
[42.617s] DEBUG:colcon.colcon_core.shell:Skip shell extension 'dsv' for command environment
[44.925s] INFO:colcon.colcon_core.task.python.build:Building Python package in '/home/ngt/ZENS-Final-AUVC/ros_ws/src/hardware'
[44.926s] INFO:colcon.colcon_core.shell:Skip shell extension 'powershell' for command environment: Not usable outside of PowerShell
[44.927s] DEBUG:colcon.colcon_core.shell:Skip shell extension 'dsv' for command environment
[45.018s] DEBUG:colcon.colcon_core.event_handler.log_command:Invoked command in '/home/ngt/ZENS-Final-AUVC/build/gazebo_bluerov2' returned '0': CMAKE_PREFIX_PATH=${CMAKE_PREFIX_PATH}:/home/ngt/ZENS-Final-AUVC/install/flashing:/home/ngt/ZENS-Final-AUVC/install/cv:/home/ngt/ZENS-Final-AUVC/install/control:/home/ngt/ZENS-Final-AUVC/install/bringup:/home/ngt/auvc_ws/install/tutorial_virtualenvs:/home/ngt/auvc_ws/install/tutorial_pid:/home/ngt/auvc_ws/install/tutorial_ardusub:/home/ngt/auvc_ws/install/tutorial:/home/ngt/auvc_ws/install/rosmav:/home/ngt/cv_ws/install/cv:/home/ngt/pid_ws/install/pid:/home/ngt/auv_dancing/install/tutorial:/opt/ros/jazzy /usr/bin/cmake --build /home/ngt/ZENS-Final-AUVC/build/gazebo_bluerov2 -- -j4 -l4
[45.241s] DEBUG:colcon.colcon_core.event_handler.log_command:Invoking command in '/home/ngt/ZENS-Final-AUVC/build/gazebo_bluerov2': CMAKE_PREFIX_PATH=${CMAKE_PREFIX_PATH}:/home/ngt/ZENS-Final-AUVC/install/flashing:/home/ngt/ZENS-Final-AUVC/install/cv:/home/ngt/ZENS-Final-AUVC/install/control:/home/ngt/ZENS-Final-AUVC/install/bringup:/home/ngt/auvc_ws/install/tutorial_virtualenvs:/home/ngt/auvc_ws/install/tutorial_pid:/home/ngt/auvc_ws/install/tutorial_ardusub:/home/ngt/auvc_ws/install/tutorial:/home/ngt/auvc_ws/install/rosmav:/home/ngt/cv_ws/install/cv:/home/ngt/pid_ws/install/pid:/home/ngt/auv_dancing/install/tutorial:/opt/ros/jazzy /usr/bin/cmake --install /home/ngt/ZENS-Final-AUVC/build/gazebo_bluerov2
[45.254s] Level 1:colcon.colcon_core.environment:checking '/home/ngt/ZENS-Final-AUVC/install/bringup' for CMake module files
[45.264s] DEBUG:colcon.colcon_core.event_handler.log_command:Invoked command in '/home/ngt/ZENS-Final-AUVC/ros_ws/src/bringup' returned '0': PYTHONPATH=/home/ngt/ZENS-Final-AUVC/build/bringup/prefix_override:/home/ngt/.virtualenvs/ardusub/lib/python3.12/site-packages/colcon_core/task/python/colcon_distutils_commands:/home/ngt/ZENS-Final-AUVC/install/bringup/lib/python3.12/site-packages:${PYTHONPATH} /home/ngt/.virtualenvs/ardusub/bin/python -W ignore:setup.py install is deprecated -W ignore:easy_install command is deprecated setup.py egg_info --egg-base ../../../build/bringup build --build-base /home/ngt/ZENS-Final-AUVC/build/bringup/build install --record /home/ngt/ZENS-Final-AUVC/build/bringup/install.log --install-scripts $base/lib/bringup --single-version-externally-managed install_data
[45.269s] Level 1:colcon.colcon_core.environment:checking '/home/ngt/ZENS-Final-AUVC/install/bringup' for CMake config files
[45.287s] Level 1:colcon.colcon_core.environment:checking '/home/ngt/ZENS-Final-AUVC/install/bringup/lib'
[45.290s] Level 1:colcon.colcon_core.environment:checking '/home/ngt/ZENS-Final-AUVC/install/bringup/bin'
[45.295s] Level 1:colcon.colcon_core.environment:checking '/home/ngt/ZENS-Final-AUVC/install/bringup/lib/pkgconfig/bringup.pc'
[45.298s] Level 1:colcon.colcon_core.environment:checking '/home/ngt/ZENS-Final-AUVC/install/bringup/lib/python3.12/site-packages'
[45.301s] Level 1:colcon.colcon_core.shell:create_environment_hook('bringup', 'pythonpath')
[45.310s] INFO:colcon.colcon_core.shell:Creating environment hook '/home/ngt/ZENS-Final-AUVC/install/bringup/share/bringup/hook/pythonpath.ps1'
[45.324s] INFO:colcon.colcon_core.shell:Creating environment descriptor '/home/ngt/ZENS-Final-AUVC/install/bringup/share/bringup/hook/pythonpath.dsv'
[45.331s] INFO:colcon.colcon_core.shell:Creating environment hook '/home/ngt/ZENS-Final-AUVC/install/bringup/share/bringup/hook/pythonpath.sh'
[45.345s] Level 1:colcon.colcon_core.environment:checking '/home/ngt/ZENS-Final-AUVC/install/bringup/bin'
[45.349s] Level 1:colcon.colcon_core.environment:create_environment_scripts_only(bringup)
[45.352s] INFO:colcon.colcon_core.shell:Creating package script '/home/ngt/ZENS-Final-AUVC/install/bringup/share/bringup/package.ps1'
[45.365s] INFO:colcon.colcon_core.shell:Creating package descriptor '/home/ngt/ZENS-Final-AUVC/install/bringup/share/bringup/package.dsv'
[45.380s] INFO:colcon.colcon_core.shell:Creating package script '/home/ngt/ZENS-Final-AUVC/install/bringup/share/bringup/package.sh'
[45.390s] INFO:colcon.colcon_core.shell:Creating package script '/home/ngt/ZENS-Final-AUVC/install/bringup/share/bringup/package.bash'
[45.402s] INFO:colcon.colcon_core.shell:Creating package script '/home/ngt/ZENS-Final-AUVC/install/bringup/share/bringup/package.zsh'
[45.407s] Level 1:colcon.colcon_core.environment:create_file_with_runtime_dependencies(/home/ngt/ZENS-Final-AUVC/install/bringup/share/colcon-core/packages/bringup)
[45.415s] Level 1:colcon.colcon_core.environment:checking '/home/ngt/ZENS-Final-AUVC/install/flashing' for CMake module files
[45.427s] Level 1:colcon.colcon_core.environment:checking '/home/ngt/ZENS-Final-AUVC/install/flashing' for CMake config files
[45.432s] DEBUG:colcon.colcon_core.event_handler.log_command:Invoked command in '/home/ngt/ZENS-Final-AUVC/ros_ws/src/flashing' returned '0': PYTHONPATH=/home/ngt/ZENS-Final-AUVC/build/flashing/prefix_override:/home/ngt/.virtualenvs/ardusub/lib/python3.12/site-packages/colcon_core/task/python/colcon_distutils_commands:/home/ngt/ZENS-Final-AUVC/install/flashing/lib/python3.12/site-packages:${PYTHONPATH} /home/ngt/.virtualenvs/ardusub/bin/python -W ignore:setup.py install is deprecated -W ignore:easy_install command is deprecated setup.py egg_info --egg-base ../../../build/flashing build --build-base /home/ngt/ZENS-Final-AUVC/build/flashing/build install --record /home/ngt/ZENS-Final-AUVC/build/flashing/install.log --install-scripts $base/lib/flashing --single-version-externally-managed install_data
[45.452s] Level 1:colcon.colcon_core.environment:checking '/home/ngt/ZENS-Final-AUVC/install/flashing/lib'
[45.453s] Level 1:colcon.colcon_core.environment:checking '/home/ngt/ZENS-Final-AUVC/install/flashing/bin'
[45.454s] Level 1:colcon.colcon_core.shell:create_environment_hook('flashing', 'path')
[45.461s] INFO:colcon.colcon_core.shell:Creating environment hook '/home/ngt/ZENS-Final-AUVC/install/flashing/share/flashing/hook/path.ps1'
[45.468s] INFO:colcon.colcon_core.shell:Creating environment descriptor '/home/ngt/ZENS-Final-AUVC/install/flashing/share/flashing/hook/path.dsv'
[45.477s] INFO:colcon.colcon_core.shell:Creating environment hook '/home/ngt/ZENS-Final-AUVC/install/flashing/share/flashing/hook/path.sh'
[45.491s] Level 1:colcon.colcon_core.environment:checking '/home/ngt/ZENS-Final-AUVC/install/flashing/lib/pkgconfig/flashing.pc'
[45.497s] Level 1:colcon.colcon_core.environment:checking '/home/ngt/ZENS-Final-AUVC/install/flashing/lib/python3.12/site-packages'
[45.498s] Level 1:colcon.colcon_core.shell:create_environment_hook('flashing', 'pythonpath')
[45.509s] INFO:colcon.colcon_core.shell:Creating environment hook '/home/ngt/ZENS-Final-AUVC/install/flashing/share/flashing/hook/pythonpath.ps1'
[45.559s] INFO:colcon.colcon_core.shell:Creating environment descriptor '/home/ngt/ZENS-Final-AUVC/install/flashing/share/flashing/hook/pythonpath.dsv'
[45.575s] INFO:colcon.colcon_core.shell:Creating environment hook '/home/ngt/ZENS-Final-AUVC/install/flashing/share/flashing/hook/pythonpath.sh'
[45.616s] Level 1:colcon.colcon_core.environment:checking '/home/ngt/ZENS-Final-AUVC/install/flashing/bin'
[45.622s] Level 1:colcon.colcon_core.shell:create_environment_hook('flashing', 'pythonscriptspath')
[45.636s] INFO:colcon.colcon_core.shell:Creating environment hook '/home/ngt/ZENS-Final-AUVC/install/flashing/share/flashing/hook/pythonscriptspath.ps1'
[45.648s] INFO:colcon.colcon_core.shell:Creating environment descriptor '/home/ngt/ZENS-Final-AUVC/install/flashing/share/flashing/hook/pythonscriptspath.dsv'
[45.661s] INFO:colcon.colcon_core.shell:Creating environment hook '/home/ngt/ZENS-Final-AUVC/install/flashing/share/flashing/hook/pythonscriptspath.sh'
[45.673s] Level 1:colcon.colcon_core.environment:create_environment_scripts_only(flashing)
[45.675s] INFO:colcon.colcon_core.shell:Creating package script '/home/ngt/ZENS-Final-AUVC/install/flashing/share/flashing/package.ps1'
[45.692s] INFO:colcon.colcon_core.shell:Creating package descriptor '/home/ngt/ZENS-Final-AUVC/install/flashing/share/flashing/package.dsv'
[45.719s] INFO:colcon.colcon_core.shell:Creating package script '/home/ngt/ZENS-Final-AUVC/install/flashing/share/flashing/package.sh'
[45.732s] INFO:colcon.colcon_core.shell:Creating package script '/home/ngt/ZENS-Final-AUVC/install/flashing/share/flashing/package.bash'
[45.743s] INFO:colcon.colcon_core.shell:Creating package script '/home/ngt/ZENS-Final-AUVC/install/flashing/share/flashing/package.zsh'
[45.750s] Level 1:colcon.colcon_core.environment:create_file_with_runtime_dependencies(/home/ngt/ZENS-Final-AUVC/install/flashing/share/colcon-core/packages/flashing)
[45.761s] INFO:colcon.colcon_ros.task.ament_cmake.build:Building ROS package in '/home/ngt/ZENS-Final-AUVC/ros_ws/src/msgs' with build type 'ament_cmake'
[45.761s] INFO:colcon.colcon_cmake.task.cmake.build:Building CMake package in '/home/ngt/ZENS-Final-AUVC/ros_ws/src/msgs'
[45.767s] INFO:colcon.colcon_core.shell:Skip shell extension 'powershell' for command environment: Not usable outside of PowerShell
[45.770s] DEBUG:colcon.colcon_core.shell:Skip shell extension 'dsv' for command environment
[46.278s] Level 1:colcon.colcon_core.environment:create_environment_scripts_only(gazebo_bluerov2)
[46.278s] Level 1:colcon.colcon_core.environment:checking '/home/ngt/ZENS-Final-AUVC/install/gazebo_bluerov2' for CMake module files
[46.293s] Level 1:colcon.colcon_core.environment:checking '/home/ngt/ZENS-Final-AUVC/install/gazebo_bluerov2' for CMake config files
[46.305s] Level 1:colcon.colcon_core.shell:create_environment_hook('gazebo_bluerov2', 'cmake_prefix_path')
[46.307s] INFO:colcon.colcon_core.shell:Creating environment hook '/home/ngt/ZENS-Final-AUVC/install/gazebo_bluerov2/share/gazebo_bluerov2/hook/cmake_prefix_path.ps1'
[46.319s] INFO:colcon.colcon_core.shell:Creating environment descriptor '/home/ngt/ZENS-Final-AUVC/install/gazebo_bluerov2/share/gazebo_bluerov2/hook/cmake_prefix_path.dsv'
[46.329s] INFO:colcon.colcon_core.shell:Creating environment hook '/home/ngt/ZENS-Final-AUVC/install/gazebo_bluerov2/share/gazebo_bluerov2/hook/cmake_prefix_path.sh'
[46.338s] Level 1:colcon.colcon_core.environment:checking '/home/ngt/ZENS-Final-AUVC/install/gazebo_bluerov2/lib'
[46.348s] Level 1:colcon.colcon_core.shell:create_environment_hook('gazebo_bluerov2', 'ld_library_path_lib')
[46.349s] INFO:colcon.colcon_core.shell:Creating environment hook '/home/ngt/ZENS-Final-AUVC/install/gazebo_bluerov2/share/gazebo_bluerov2/hook/ld_library_path_lib.ps1'
[46.356s] INFO:colcon.colcon_core.shell:Creating environment descriptor '/home/ngt/ZENS-Final-AUVC/install/gazebo_bluerov2/share/gazebo_bluerov2/hook/ld_library_path_lib.dsv'
[46.360s] INFO:colcon.colcon_core.shell:Creating environment hook '/home/ngt/ZENS-Final-AUVC/install/gazebo_bluerov2/share/gazebo_bluerov2/hook/ld_library_path_lib.sh'
[46.370s] Level 1:colcon.colcon_core.environment:checking '/home/ngt/ZENS-Final-AUVC/install/gazebo_bluerov2/bin'
[46.371s] Level 1:colcon.colcon_core.environment:checking '/home/ngt/ZENS-Final-AUVC/install/gazebo_bluerov2/lib/pkgconfig/gazebo_bluerov2.pc'
[46.375s] Level 1:colcon.colcon_core.environment:checking '/home/ngt/ZENS-Final-AUVC/install/gazebo_bluerov2/lib/python3.12/site-packages'
[46.381s] Level 1:colcon.colcon_core.environment:checking '/home/ngt/ZENS-Final-AUVC/install/gazebo_bluerov2/bin'
[46.391s] INFO:colcon.colcon_core.shell:Creating package script '/home/ngt/ZENS-Final-AUVC/install/gazebo_bluerov2/share/gazebo_bluerov2/package.ps1'
[46.437s] INFO:colcon.colcon_core.shell:Creating package descriptor '/home/ngt/ZENS-Final-AUVC/install/gazebo_bluerov2/share/gazebo_bluerov2/package.dsv'
[46.469s] INFO:colcon.colcon_core.shell:Creating package script '/home/ngt/ZENS-Final-AUVC/install/gazebo_bluerov2/share/gazebo_bluerov2/package.sh'
[46.480s] INFO:colcon.colcon_core.shell:Creating package script '/home/ngt/ZENS-Final-AUVC/install/gazebo_bluerov2/share/gazebo_bluerov2/package.bash'
[46.503s] INFO:colcon.colcon_core.shell:Creating package script '/home/ngt/ZENS-Final-AUVC/install/gazebo_bluerov2/share/gazebo_bluerov2/package.zsh'
[46.516s] Level 1:colcon.colcon_core.environment:create_file_with_runtime_dependencies(/home/ngt/ZENS-Final-AUVC/install/gazebo_bluerov2/share/colcon-core/packages/gazebo_bluerov2)
[46.536s] Level 1:colcon.colcon_core.environment:create_environment_scripts_only(gazebo_bluerov2)
[46.545s] Level 1:colcon.colcon_core.environment:checking '/home/ngt/ZENS-Final-AUVC/install/gazebo_bluerov2' for CMake module files
[46.564s] Level 1:colcon.colcon_core.environment:checking '/home/ngt/ZENS-Final-AUVC/install/gazebo_bluerov2' for CMake config files
[46.583s] Level 1:colcon.colcon_core.shell:create_environment_hook('gazebo_bluerov2', 'cmake_prefix_path')
[46.588s] INFO:colcon.colcon_core.shell:Creating environment hook '/home/ngt/ZENS-Final-AUVC/install/gazebo_bluerov2/share/gazebo_bluerov2/hook/cmake_prefix_path.ps1'
[46.607s] INFO:colcon.colcon_core.shell:Creating environment descriptor '/home/ngt/ZENS-Final-AUVC/install/gazebo_bluerov2/share/gazebo_bluerov2/hook/cmake_prefix_path.dsv'
[46.634s] INFO:colcon.colcon_core.shell:Creating environment hook '/home/ngt/ZENS-Final-AUVC/install/gazebo_bluerov2/share/gazebo_bluerov2/hook/cmake_prefix_path.sh'
[46.659s] Level 1:colcon.colcon_core.environment:checking '/home/ngt/ZENS-Final-AUVC/install/gazebo_bluerov2/lib'
[46.673s] Level 1:colcon.colcon_core.shell:create_environment_hook('gazebo_bluerov2', 'ld_library_path_lib')
[46.674s] INFO:colcon.colcon_core.shell:Creating environment hook '/home/ngt/ZENS-Final-AUVC/install/gazebo_bluerov2/share/gazebo_bluerov2/hook/ld_library_path_lib.ps1'
[46.703s] INFO:colcon.colcon_core.shell:Creating environment descriptor '/home/ngt/ZENS-Final-AUVC/install/gazebo_bluerov2/share/gazebo_bluerov2/hook/ld_library_path_lib.dsv'
[46.721s] INFO:colcon.colcon_core.shell:Creating environment hook '/home/ngt/ZENS-Final-AUVC/install/gazebo_bluerov2/share/gazebo_bluerov2/hook/ld_library_path_lib.sh'
[46.748s] Level 1:colcon.colcon_core.environment:checking '/home/ngt/ZENS-Final-AUVC/install/gazebo_bluerov2/bin'
[46.748s] Level 1:colcon.colcon_core.environment:checking '/home/ngt/ZENS-Final-AUVC/install/gazebo_bluerov2/lib/pkgconfig/gazebo_bluerov2.pc'
[46.749s] Level 1:colcon.colcon_core.environment:checking '/home/ngt/ZENS-Final-AUVC/install/gazebo_bluerov2/lib/python3.12/site-packages'
[46.765s] Level 1:colcon.colcon_core.environment:checking '/home/ngt/ZENS-Final-AUVC/install/gazebo_bluerov2/bin'
[46.774s] INFO:colcon.colcon_core.shell:Creating package script '/home/ngt/ZENS-Final-AUVC/install/gazebo_bluerov2/share/gazebo_bluerov2/package.ps1'
[46.811s] INFO:colcon.colcon_core.shell:Creating package descriptor '/home/ngt/ZENS-Final-AUVC/install/gazebo_bluerov2/share/gazebo_bluerov2/package.dsv'
[46.823s] INFO:colcon.colcon_core.shell:Creating package script '/home/ngt/ZENS-Final-AUVC/install/gazebo_bluerov2/share/gazebo_bluerov2/package.sh'
[46.845s] INFO:colcon.colcon_core.shell:Creating package script '/home/ngt/ZENS-Final-AUVC/install/gazebo_bluerov2/share/gazebo_bluerov2/package.bash'
[46.854s] INFO:colcon.colcon_core.shell:Creating package script '/home/ngt/ZENS-Final-AUVC/install/gazebo_bluerov2/share/gazebo_bluerov2/package.zsh'
[46.870s] Level 1:colcon.colcon_core.environment:create_file_with_runtime_dependencies(/home/ngt/ZENS-Final-AUVC/install/gazebo_bluerov2/share/colcon-core/packages/gazebo_bluerov2)
[47.034s] DEBUG:colcon.colcon_core.event_handler.log_command:Invoking command in '/home/ngt/ZENS-Final-AUVC/build/msgs': CMAKE_PREFIX_PATH=${CMAKE_PREFIX_PATH}:/home/ngt/ZENS-Final-AUVC/install/flashing:/home/ngt/ZENS-Final-AUVC/install/cv:/home/ngt/ZENS-Final-AUVC/install/control:/home/ngt/ZENS-Final-AUVC/install/bringup:/home/ngt/auvc_ws/install/tutorial_virtualenvs:/home/ngt/auvc_ws/install/tutorial_pid:/home/ngt/auvc_ws/install/tutorial_ardusub:/home/ngt/auvc_ws/install/tutorial:/home/ngt/auvc_ws/install/rosmav:/home/ngt/cv_ws/install/cv:/home/ngt/pid_ws/install/pid:/home/ngt/auv_dancing/install/tutorial:/opt/ros/jazzy /usr/bin/cmake --build /home/ngt/ZENS-Final-AUVC/build/msgs -- -j4 -l4
[47.208s] DEBUG:colcon.colcon_core.event_handler.log_command:Invoked command in '/home/ngt/ZENS-Final-AUVC/build/gazebo_bluerov2' returned '0': CMAKE_PREFIX_PATH=${CMAKE_PREFIX_PATH}:/home/ngt/ZENS-Final-AUVC/install/flashing:/home/ngt/ZENS-Final-AUVC/install/cv:/home/ngt/ZENS-Final-AUVC/install/control:/home/ngt/ZENS-Final-AUVC/install/bringup:/home/ngt/auvc_ws/install/tutorial_virtualenvs:/home/ngt/auvc_ws/install/tutorial_pid:/home/ngt/auvc_ws/install/tutorial_ardusub:/home/ngt/auvc_ws/install/tutorial:/home/ngt/auvc_ws/install/rosmav:/home/ngt/cv_ws/install/cv:/home/ngt/pid_ws/install/pid:/home/ngt/auv_dancing/install/tutorial:/opt/ros/jazzy /usr/bin/cmake --install /home/ngt/ZENS-Final-AUVC/build/gazebo_bluerov2
[52.132s] DEBUG:colcon.colcon_core.task.python.build:Available setuptools commands: install, check, bdist, install_lib, alias, bdist_egg, install_scripts, install_data, saveopts, develop, build_scripts, setopt, build_py, bdist_dumb, dist_info, build_clib, symlink_data, build, build_ext, clean, sdist, easy_install, bdist_wheel, install_headers, rotate, egg_info, bdist_rpm, editable_wheel, install_egg_info
[52.153s] DEBUG:colcon.colcon_core.event_handler.log_command:Invoking command in '/home/ngt/ZENS-Final-AUVC/ros_ws/src/hardware': PYTHONPATH=/home/ngt/ZENS-Final-AUVC/build/hardware/prefix_override:/home/ngt/.virtualenvs/ardusub/lib/python3.12/site-packages/colcon_core/task/python/colcon_distutils_commands:/home/ngt/ZENS-Final-AUVC/install/hardware/lib/python3.12/site-packages:${PYTHONPATH} /home/ngt/.virtualenvs/ardusub/bin/python -W ignore:setup.py install is deprecated -W ignore:easy_install command is deprecated setup.py egg_info --egg-base ../../../build/hardware build --build-base /home/ngt/ZENS-Final-AUVC/build/hardware/build install --record /home/ngt/ZENS-Final-AUVC/build/hardware/install.log --install-scripts $base/lib/hardware --single-version-externally-managed install_data
[56.852s] Level 1:colcon.colcon_core.environment:checking '/home/ngt/ZENS-Final-AUVC/install/hardware' for CMake module files
[56.856s] DEBUG:colcon.colcon_core.event_handler.log_command:Invoked command in '/home/ngt/ZENS-Final-AUVC/ros_ws/src/hardware' returned '0': PYTHONPATH=/home/ngt/ZENS-Final-AUVC/build/hardware/prefix_override:/home/ngt/.virtualenvs/ardusub/lib/python3.12/site-packages/colcon_core/task/python/colcon_distutils_commands:/home/ngt/ZENS-Final-AUVC/install/hardware/lib/python3.12/site-packages:${PYTHONPATH} /home/ngt/.virtualenvs/ardusub/bin/python -W ignore:setup.py install is deprecated -W ignore:easy_install command is deprecated setup.py egg_info --egg-base ../../../build/hardware build --build-base /home/ngt/ZENS-Final-AUVC/build/hardware/build install --record /home/ngt/ZENS-Final-AUVC/build/hardware/install.log --install-scripts $base/lib/hardware --single-version-externally-managed install_data
[56.861s] Level 1:colcon.colcon_core.environment:checking '/home/ngt/ZENS-Final-AUVC/install/hardware' for CMake config files
[56.873s] Level 1:colcon.colcon_core.environment:checking '/home/ngt/ZENS-Final-AUVC/install/hardware/lib'
[56.874s] Level 1:colcon.colcon_core.environment:checking '/home/ngt/ZENS-Final-AUVC/install/hardware/bin'
[56.878s] Level 1:colcon.colcon_core.shell:create_environment_hook('hardware', 'path')
[56.879s] INFO:colcon.colcon_core.shell:Creating environment hook '/home/ngt/ZENS-Final-AUVC/install/hardware/share/hardware/hook/path.ps1'
[56.884s] INFO:colcon.colcon_core.shell:Creating environment descriptor '/home/ngt/ZENS-Final-AUVC/install/hardware/share/hardware/hook/path.dsv'
[56.893s] INFO:colcon.colcon_core.shell:Creating environment hook '/home/ngt/ZENS-Final-AUVC/install/hardware/share/hardware/hook/path.sh'
[56.896s] Level 1:colcon.colcon_core.environment:checking '/home/ngt/ZENS-Final-AUVC/install/hardware/lib/pkgconfig/hardware.pc'
[56.897s] Level 1:colcon.colcon_core.environment:checking '/home/ngt/ZENS-Final-AUVC/install/hardware/lib/python3.12/site-packages'
[56.898s] Level 1:colcon.colcon_core.shell:create_environment_hook('hardware', 'pythonpath')
[56.900s] INFO:colcon.colcon_core.shell:Creating environment hook '/home/ngt/ZENS-Final-AUVC/install/hardware/share/hardware/hook/pythonpath.ps1'
[56.906s] INFO:colcon.colcon_core.shell:Creating environment descriptor '/home/ngt/ZENS-Final-AUVC/install/hardware/share/hardware/hook/pythonpath.dsv'
[56.917s] INFO:colcon.colcon_core.shell:Creating environment hook '/home/ngt/ZENS-Final-AUVC/install/hardware/share/hardware/hook/pythonpath.sh'
[56.924s] Level 1:colcon.colcon_core.environment:checking '/home/ngt/ZENS-Final-AUVC/install/hardware/bin'
[56.926s] Level 1:colcon.colcon_core.shell:create_environment_hook('hardware', 'pythonscriptspath')
[56.931s] INFO:colcon.colcon_core.shell:Creating environment hook '/home/ngt/ZENS-Final-AUVC/install/hardware/share/hardware/hook/pythonscriptspath.ps1'
[56.935s] INFO:colcon.colcon_core.shell:Creating environment descriptor '/home/ngt/ZENS-Final-AUVC/install/hardware/share/hardware/hook/pythonscriptspath.dsv'
[56.947s] INFO:colcon.colcon_core.shell:Creating environment hook '/home/ngt/ZENS-Final-AUVC/install/hardware/share/hardware/hook/pythonscriptspath.sh'
[56.952s] Level 1:colcon.colcon_core.environment:create_environment_scripts_only(hardware)
[56.954s] INFO:colcon.colcon_core.shell:Creating package script '/home/ngt/ZENS-Final-AUVC/install/hardware/share/hardware/package.ps1'
[56.959s] INFO:colcon.colcon_core.shell:Creating package descriptor '/home/ngt/ZENS-Final-AUVC/install/hardware/share/hardware/package.dsv'
[56.967s] INFO:colcon.colcon_core.shell:Creating package script '/home/ngt/ZENS-Final-AUVC/install/hardware/share/hardware/package.sh'
[56.972s] INFO:colcon.colcon_core.shell:Creating package script '/home/ngt/ZENS-Final-AUVC/install/hardware/share/hardware/package.bash'
[56.975s] INFO:colcon.colcon_core.shell:Creating package script '/home/ngt/ZENS-Final-AUVC/install/hardware/share/hardware/package.zsh'
[56.980s] Level 1:colcon.colcon_core.environment:create_file_with_runtime_dependencies(/home/ngt/ZENS-Final-AUVC/install/hardware/share/colcon-core/packages/hardware)
[59.907s] DEBUG:colcon.colcon_core.event_handler.log_command:Invoked command in '/home/ngt/ZENS-Final-AUVC/build/msgs' returned '0': CMAKE_PREFIX_PATH=${CMAKE_PREFIX_PATH}:/home/ngt/ZENS-Final-AUVC/install/flashing:/home/ngt/ZENS-Final-AUVC/install/cv:/home/ngt/ZENS-Final-AUVC/install/control:/home/ngt/ZENS-Final-AUVC/install/bringup:/home/ngt/auvc_ws/install/tutorial_virtualenvs:/home/ngt/auvc_ws/install/tutorial_pid:/home/ngt/auvc_ws/install/tutorial_ardusub:/home/ngt/auvc_ws/install/tutorial:/home/ngt/auvc_ws/install/rosmav:/home/ngt/cv_ws/install/cv:/home/ngt/pid_ws/install/pid:/home/ngt/auv_dancing/install/tutorial:/opt/ros/jazzy /usr/bin/cmake --build /home/ngt/ZENS-Final-AUVC/build/msgs -- -j4 -l4
[59.921s] DEBUG:colcon.colcon_core.event_handler.log_command:Invoking command in '/home/ngt/ZENS-Final-AUVC/build/msgs': CMAKE_PREFIX_PATH=${CMAKE_PREFIX_PATH}:/home/ngt/ZENS-Final-AUVC/install/flashing:/home/ngt/ZENS-Final-AUVC/install/cv:/home/ngt/ZENS-Final-AUVC/install/control:/home/ngt/ZENS-Final-AUVC/install/bringup:/home/ngt/auvc_ws/install/tutorial_virtualenvs:/home/ngt/auvc_ws/install/tutorial_pid:/home/ngt/auvc_ws/install/tutorial_ardusub:/home/ngt/auvc_ws/install/tutorial:/home/ngt/auvc_ws/install/rosmav:/home/ngt/cv_ws/install/cv:/home/ngt/pid_ws/install/pid:/home/ngt/auv_dancing/install/tutorial:/opt/ros/jazzy /usr/bin/cmake --install /home/ngt/ZENS-Final-AUVC/build/msgs
[60.602s] Level 1:colcon.colcon_core.environment:create_environment_scripts_only(msgs)
[60.602s] Level 1:colcon.colcon_core.environment:checking '/home/ngt/ZENS-Final-AUVC/install/msgs' for CMake module files
[60.617s] Level 1:colcon.colcon_core.environment:checking '/home/ngt/ZENS-Final-AUVC/install/msgs' for CMake config files
[60.627s] DEBUG:colcon.colcon_core.event_handler.log_command:Invoked command in '/home/ngt/ZENS-Final-AUVC/build/msgs' returned '0': CMAKE_PREFIX_PATH=${CMAKE_PREFIX_PATH}:/home/ngt/ZENS-Final-AUVC/install/flashing:/home/ngt/ZENS-Final-AUVC/install/cv:/home/ngt/ZENS-Final-AUVC/install/control:/home/ngt/ZENS-Final-AUVC/install/bringup:/home/ngt/auvc_ws/install/tutorial_virtualenvs:/home/ngt/auvc_ws/install/tutorial_pid:/home/ngt/auvc_ws/install/tutorial_ardusub:/home/ngt/auvc_ws/install/tutorial:/home/ngt/auvc_ws/install/rosmav:/home/ngt/cv_ws/install/cv:/home/ngt/pid_ws/install/pid:/home/ngt/auv_dancing/install/tutorial:/opt/ros/jazzy /usr/bin/cmake --install /home/ngt/ZENS-Final-AUVC/build/msgs
[60.628s] Level 1:colcon.colcon_core.shell:create_environment_hook('msgs', 'cmake_prefix_path')
[60.629s] INFO:colcon.colcon_core.shell:Creating environment hook '/home/ngt/ZENS-Final-AUVC/install/msgs/share/msgs/hook/cmake_prefix_path.ps1'
[60.632s] INFO:colcon.colcon_core.shell:Creating environment descriptor '/home/ngt/ZENS-Final-AUVC/install/msgs/share/msgs/hook/cmake_prefix_path.dsv'
[60.637s] INFO:colcon.colcon_core.shell:Creating environment hook '/home/ngt/ZENS-Final-AUVC/install/msgs/share/msgs/hook/cmake_prefix_path.sh'
[60.641s] Level 1:colcon.colcon_core.environment:checking '/home/ngt/ZENS-Final-AUVC/install/msgs/lib'
[60.642s] Level 1:colcon.colcon_core.shell:create_environment_hook('msgs', 'ld_library_path_lib')
[60.643s] INFO:colcon.colcon_core.shell:Creating environment hook '/home/ngt/ZENS-Final-AUVC/install/msgs/share/msgs/hook/ld_library_path_lib.ps1'
[60.646s] INFO:colcon.colcon_core.shell:Creating environment descriptor '/home/ngt/ZENS-Final-AUVC/install/msgs/share/msgs/hook/ld_library_path_lib.dsv'
[60.649s] INFO:colcon.colcon_core.shell:Creating environment hook '/home/ngt/ZENS-Final-AUVC/install/msgs/share/msgs/hook/ld_library_path_lib.sh'
[60.652s] Level 1:colcon.colcon_core.environment:checking '/home/ngt/ZENS-Final-AUVC/install/msgs/bin'
[60.653s] Level 1:colcon.colcon_core.environment:checking '/home/ngt/ZENS-Final-AUVC/install/msgs/lib/pkgconfig/msgs.pc'
[60.654s] Level 1:colcon.colcon_core.environment:checking '/home/ngt/ZENS-Final-AUVC/install/msgs/lib/python3.12/site-packages'
[60.655s] Level 1:colcon.colcon_core.shell:create_environment_hook('msgs', 'pythonpath')
[60.656s] INFO:colcon.colcon_core.shell:Creating environment hook '/home/ngt/ZENS-Final-AUVC/install/msgs/share/msgs/hook/pythonpath.ps1'
[60.659s] INFO:colcon.colcon_core.shell:Creating environment descriptor '/home/ngt/ZENS-Final-AUVC/install/msgs/share/msgs/hook/pythonpath.dsv'
[60.662s] INFO:colcon.colcon_core.shell:Creating environment hook '/home/ngt/ZENS-Final-AUVC/install/msgs/share/msgs/hook/pythonpath.sh'
[60.667s] Level 1:colcon.colcon_core.environment:checking '/home/ngt/ZENS-Final-AUVC/install/msgs/bin'
[60.668s] INFO:colcon.colcon_core.shell:Creating package script '/home/ngt/ZENS-Final-AUVC/install/msgs/share/msgs/package.ps1'
[60.673s] INFO:colcon.colcon_core.shell:Creating package descriptor '/home/ngt/ZENS-Final-AUVC/install/msgs/share/msgs/package.dsv'
[60.676s] INFO:colcon.colcon_core.shell:Creating package script '/home/ngt/ZENS-Final-AUVC/install/msgs/share/msgs/package.sh'
[60.681s] INFO:colcon.colcon_core.shell:Creating package script '/home/ngt/ZENS-Final-AUVC/install/msgs/share/msgs/package.bash'
[60.686s] INFO:colcon.colcon_core.shell:Creating package script '/home/ngt/ZENS-Final-AUVC/install/msgs/share/msgs/package.zsh'
[60.689s] Level 1:colcon.colcon_core.environment:create_file_with_runtime_dependencies(/home/ngt/ZENS-Final-AUVC/install/msgs/share/colcon-core/packages/msgs)
[60.694s] Level 1:colcon.colcon_core.environment:create_environment_scripts_only(msgs)
[60.695s] Level 1:colcon.colcon_core.environment:checking '/home/ngt/ZENS-Final-AUVC/install/msgs' for CMake module files
[60.700s] Level 1:colcon.colcon_core.environment:checking '/home/ngt/ZENS-Final-AUVC/install/msgs' for CMake config files
[60.705s] Level 1:colcon.colcon_core.shell:create_environment_hook('msgs', 'cmake_prefix_path')
[60.706s] INFO:colcon.colcon_core.shell:Creating environment hook '/home/ngt/ZENS-Final-AUVC/install/msgs/share/msgs/hook/cmake_prefix_path.ps1'
[60.711s] INFO:colcon.colcon_core.shell:Creating environment descriptor '/home/ngt/ZENS-Final-AUVC/install/msgs/share/msgs/hook/cmake_prefix_path.dsv'
[60.716s] INFO:colcon.colcon_core.shell:Creating environment hook '/home/ngt/ZENS-Final-AUVC/install/msgs/share/msgs/hook/cmake_prefix_path.sh'
[60.721s] Level 1:colcon.colcon_core.environment:checking '/home/ngt/ZENS-Final-AUVC/install/msgs/lib'
[60.722s] Level 1:colcon.colcon_core.shell:create_environment_hook('msgs', 'ld_library_path_lib')
[60.723s] INFO:colcon.colcon_core.shell:Creating environment hook '/home/ngt/ZENS-Final-AUVC/install/msgs/share/msgs/hook/ld_library_path_lib.ps1'
[60.730s] INFO:colcon.colcon_core.shell:Creating environment descriptor '/home/ngt/ZENS-Final-AUVC/install/msgs/share/msgs/hook/ld_library_path_lib.dsv'
[60.734s] INFO:colcon.colcon_core.shell:Creating environment hook '/home/ngt/ZENS-Final-AUVC/install/msgs/share/msgs/hook/ld_library_path_lib.sh'
[60.737s] Level 1:colcon.colcon_core.environment:checking '/home/ngt/ZENS-Final-AUVC/install/msgs/bin'
[60.738s] Level 1:colcon.colcon_core.environment:checking '/home/ngt/ZENS-Final-AUVC/install/msgs/lib/pkgconfig/msgs.pc'
[60.740s] Level 1:colcon.colcon_core.environment:checking '/home/ngt/ZENS-Final-AUVC/install/msgs/lib/python3.12/site-packages'
[60.742s] Level 1:colcon.colcon_core.shell:create_environment_hook('msgs', 'pythonpath')
[60.743s] INFO:colcon.colcon_core.shell:Creating environment hook '/home/ngt/ZENS-Final-AUVC/install/msgs/share/msgs/hook/pythonpath.ps1'
[60.747s] INFO:colcon.colcon_core.shell:Creating environment descriptor '/home/ngt/ZENS-Final-AUVC/install/msgs/share/msgs/hook/pythonpath.dsv'
[60.751s] INFO:colcon.colcon_core.shell:Creating environment hook '/home/ngt/ZENS-Final-AUVC/install/msgs/share/msgs/hook/pythonpath.sh'
[60.757s] Level 1:colcon.colcon_core.environment:checking '/home/ngt/ZENS-Final-AUVC/install/msgs/bin'
[60.759s] INFO:colcon.colcon_core.shell:Creating package script '/home/ngt/ZENS-Final-AUVC/install/msgs/share/msgs/package.ps1'
[60.764s] INFO:colcon.colcon_core.shell:Creating package descriptor '/home/ngt/ZENS-Final-AUVC/install/msgs/share/msgs/package.dsv'
[60.767s] INFO:colcon.colcon_core.shell:Creating package script '/home/ngt/ZENS-Final-AUVC/install/msgs/share/msgs/package.sh'
[60.771s] INFO:colcon.colcon_core.shell:Creating package script '/home/ngt/ZENS-Final-AUVC/install/msgs/share/msgs/package.bash'
[60.774s] INFO:colcon.colcon_core.shell:Creating package script '/home/ngt/ZENS-Final-AUVC/install/msgs/share/msgs/package.zsh'
[60.777s] Level 1:colcon.colcon_core.environment:create_file_with_runtime_dependencies(/home/ngt/ZENS-Final-AUVC/install/msgs/share/colcon-core/packages/msgs)
[60.780s] DEBUG:colcon.colcon_parallel_executor.executor.parallel:closing loop
[60.781s] DEBUG:colcon.colcon_parallel_executor.executor.parallel:loop closed
[60.782s] DEBUG:colcon.colcon_parallel_executor.executor.parallel:run_until_complete finished with '0'
[60.783s] DEBUG:colcon.colcon_core.event_reactor:joining thread
[60.791s] DEBUG:colcon.colcon_core.event_reactor:joined thread
[60.793s] INFO:colcon.colcon_core.shell:Creating prefix script '/home/ngt/ZENS-Final-AUVC/install/local_setup.ps1'
[60.797s] INFO:colcon.colcon_core.shell:Creating prefix util module '/home/ngt/ZENS-Final-AUVC/install/_local_setup_util_ps1.py'
[60.804s] INFO:colcon.colcon_core.shell:Creating prefix chain script '/home/ngt/ZENS-Final-AUVC/install/setup.ps1'
[60.817s] INFO:colcon.colcon_core.shell:Creating prefix script '/home/ngt/ZENS-Final-AUVC/install/local_setup.sh'
[60.822s] INFO:colcon.colcon_core.shell:Creating prefix util module '/home/ngt/ZENS-Final-AUVC/install/_local_setup_util_sh.py'
[60.828s] INFO:colcon.colcon_core.shell:Creating prefix chain script '/home/ngt/ZENS-Final-AUVC/install/setup.sh'
[60.847s] INFO:colcon.colcon_core.shell:Creating prefix script '/home/ngt/ZENS-Final-AUVC/install/local_setup.bash'
[60.851s] INFO:colcon.colcon_core.shell:Creating prefix chain script '/home/ngt/ZENS-Final-AUVC/install/setup.bash'
[60.866s] INFO:colcon.colcon_core.shell:Creating prefix script '/home/ngt/ZENS-Final-AUVC/install/local_setup.zsh'
[60.870s] INFO:colcon.colcon_core.shell:Creating prefix chain script '/home/ngt/ZENS-Final-AUVC/install/setup.zsh'
