[0.000000] (-) TimerEvent: {}
[0.001936] (bringup) JobQueued: {'identifier': 'bringup', 'dependencies': OrderedDict()}
[0.003695] (control) JobQueued: {'identifier': 'control', 'dependencies': OrderedDict()}
[0.003902] (cv) JobQueued: {'identifier': 'cv', 'dependencies': OrderedDict()}
[0.003988] (flashing) JobQueued: {'identifier': 'flashing', 'dependencies': OrderedDict()}
[0.004181] (gazebo_bluerov2) JobQueued: {'identifier': 'gazebo_bluerov2', 'dependencies': OrderedDict()}
[0.004379] (hardware) JobQueued: {'identifier': 'hardware', 'dependencies': OrderedDict()}
[0.004557] (msgs) JobQueued: {'identifier': 'msgs', 'dependencies': OrderedDict()}
[0.004727] (bringup) JobStarted: {'identifier': 'bringup'}
[0.053066] (control) JobStarted: {'identifier': 'control'}
[0.092355] (cv) JobStarted: {'identifier': 'cv'}
[0.100147] (-) TimerEvent: {}
[0.130052] (flashing) JobStarted: {'identifier': 'flashing'}
[0.200340] (-) TimerEvent: {}
[0.302278] (-) TimerEvent: {}
[0.403105] (-) TimerEvent: {}
[0.503883] (-) TimerEvent: {}
[0.604726] (-) TimerEvent: {}
[0.705525] (-) TimerEvent: {}
[0.806301] (-) TimerEvent: {}
[0.906930] (-) TimerEvent: {}
[1.007599] (-) TimerEvent: {}
[1.108277] (-) TimerEvent: {}
[1.208905] (-) TimerEvent: {}
[1.309643] (-) TimerEvent: {}
[1.410470] (-) TimerEvent: {}
[1.511627] (-) TimerEvent: {}
[1.613031] (-) TimerEvent: {}
[1.713724] (-) TimerEvent: {}
[1.814610] (-) TimerEvent: {}
[1.915350] (-) TimerEvent: {}
[2.016050] (-) TimerEvent: {}
[2.116751] (-) TimerEvent: {}
[2.217416] (-) TimerEvent: {}
[2.318054] (-) TimerEvent: {}
[2.418757] (-) TimerEvent: {}
[2.519426] (-) TimerEvent: {}
[2.620039] (-) TimerEvent: {}
[2.720825] (-) TimerEvent: {}
[2.821969] (-) TimerEvent: {}
[2.922717] (-) TimerEvent: {}
[3.023509] (-) TimerEvent: {}
[3.124223] (-) TimerEvent: {}
[3.224975] (-) TimerEvent: {}
[3.325758] (-) TimerEvent: {}
[3.426532] (-) TimerEvent: {}
[3.527207] (-) TimerEvent: {}
[3.627847] (-) TimerEvent: {}
[3.728543] (-) TimerEvent: {}
[3.829218] (-) TimerEvent: {}
[3.930468] (-) TimerEvent: {}
[4.031288] (-) TimerEvent: {}
[4.132390] (-) TimerEvent: {}
[4.233464] (-) TimerEvent: {}
[4.334123] (-) TimerEvent: {}
[4.434810] (-) TimerEvent: {}
[4.535566] (-) TimerEvent: {}
[4.636216] (-) TimerEvent: {}
[4.736886] (-) TimerEvent: {}
[4.837629] (-) TimerEvent: {}
[4.938315] (-) TimerEvent: {}
[5.039031] (-) TimerEvent: {}
[5.139751] (-) TimerEvent: {}
[5.240416] (-) TimerEvent: {}
[5.341139] (-) TimerEvent: {}
[5.442274] (-) TimerEvent: {}
[5.543542] (-) TimerEvent: {}
[5.644583] (-) TimerEvent: {}
[5.749327] (-) TimerEvent: {}
[5.857000] (-) TimerEvent: {}
[5.959746] (-) TimerEvent: {}
[6.062244] (-) TimerEvent: {}
[6.165615] (-) TimerEvent: {}
[6.269605] (-) TimerEvent: {}
[6.373287] (-) TimerEvent: {}
[6.474225] (-) TimerEvent: {}
[6.575443] (-) TimerEvent: {}
[6.681239] (-) TimerEvent: {}
[6.782149] (-) TimerEvent: {}
[6.883007] (-) TimerEvent: {}
[6.988243] (-) TimerEvent: {}
[7.089167] (-) TimerEvent: {}
[7.192232] (-) TimerEvent: {}
[7.293048] (-) TimerEvent: {}
[7.393973] (-) TimerEvent: {}
[7.497426] (-) TimerEvent: {}
[7.601545] (-) TimerEvent: {}
[7.703384] (-) TimerEvent: {}
[7.805219] (-) TimerEvent: {}
[7.906041] (-) TimerEvent: {}
[8.008526] (-) TimerEvent: {}
[8.111261] (-) TimerEvent: {}
[8.219268] (-) TimerEvent: {}
[8.320043] (-) TimerEvent: {}
[8.420883] (-) TimerEvent: {}
[8.521718] (-) TimerEvent: {}
[8.623738] (-) TimerEvent: {}
[8.728950] (-) TimerEvent: {}
[8.829757] (-) TimerEvent: {}
[8.930652] (-) TimerEvent: {}
[9.035208] (-) TimerEvent: {}
[9.135987] (-) TimerEvent: {}
[9.238173] (-) TimerEvent: {}
[9.339741] (-) TimerEvent: {}
[9.442388] (-) TimerEvent: {}
[9.545495] (-) TimerEvent: {}
[9.646782] (-) TimerEvent: {}
[9.750332] (-) TimerEvent: {}
[9.854232] (-) TimerEvent: {}
[9.955136] (-) TimerEvent: {}
[10.058228] (-) TimerEvent: {}
[10.159060] (-) TimerEvent: {}
[10.260164] (-) TimerEvent: {}
[10.362703] (-) TimerEvent: {}
[10.467513] (-) TimerEvent: {}
[10.569343] (-) TimerEvent: {}
[10.670250] (-) TimerEvent: {}
[10.771187] (-) TimerEvent: {}
[10.873610] (-) TimerEvent: {}
[10.976507] (-) TimerEvent: {}
[11.080552] (-) TimerEvent: {}
[11.181461] (-) TimerEvent: {}
[11.285226] (-) TimerEvent: {}
[11.386044] (-) TimerEvent: {}
[11.486891] (-) TimerEvent: {}
[11.589025] (-) TimerEvent: {}
[11.691209] (-) TimerEvent: {}
[11.793012] (-) TimerEvent: {}
[11.899357] (-) TimerEvent: {}
[12.000494] (-) TimerEvent: {}
[12.042208] (cv) Command: {'cmd': ['/usr/bin/python3', '-W', 'ignore:setup.py install is deprecated', '-W', 'ignore:easy_install command is deprecated', 'setup.py', 'egg_info', '--egg-base', '../../../build/cv', 'build', '--build-base', '/home/ngt/ZENS-Final-AUVC/build/cv/build', 'install', '--record', '/home/ngt/ZENS-Final-AUVC/build/cv/install.log', '--install-scripts', '$base/lib/cv', '--single-version-externally-managed', 'install_data'], 'cwd': '/home/ngt/ZENS-Final-AUVC/ros_ws/src/cv', 'env': {'PYTHON_BASIC_REPL': '1', 'VIRTUALENVWRAPPER_WORKON_CD': '1', 'USER': 'ngt', 'SSH_CLIENT': '192.168.3.1 59167 22', 'WORKON_HOME': '/home/ngt/.virtualenvs', 'GZ_SIM_RESOURCE_PATH': '/opt/ros/jazzy/share', 'GZ_CONFIG_PATH': '/opt/ros/jazzy/opt/gz_sim_vendor/share/gz:/opt/ros/jazzy/opt/sdformat_vendor/share/gz:/opt/ros/jazzy/opt/gz_gui_vendor/share/gz:/opt/ros/jazzy/opt/gz_transport_vendor/share/gz:/opt/ros/jazzy/opt/gz_rendering_vendor/share/gz:/opt/ros/jazzy/opt/gz_plugin_vendor/share/gz:/opt/ros/jazzy/opt/gz_fuel_tools_vendor/share/gz:/opt/ros/jazzy/opt/gz_msgs_vendor/share/gz:/opt/ros/jazzy/opt/gz_common_vendor/share/gz', 'XDG_SESSION_TYPE': 'tty', 'GIT_ASKPASS': '/home/ngt/.vscode-server/cli/servers/Stable-1b6a188127eeaf9194f945eb6eb89a657e93c54c/server/extensions/git/dist/askpass.sh', 'SHLVL': '1', 'BROWSER': '/home/ngt/.vscode-server/cli/servers/Stable-1b6a188127eeaf9194f945eb6eb89a657e93c54c/server/bin/helpers/browser.sh', 'LD_LIBRARY_PATH': '/home/ngt/auvc_ws/install/example_custom_srv/lib:/home/ngt/pid_ws/install/target_depth_msgs/lib:/opt/ros/jazzy/opt/gz_sim_vendor/lib:/opt/ros/jazzy/opt/gz_sensors_vendor/lib:/opt/ros/jazzy/opt/gz_physics_vendor/lib:/opt/ros/jazzy/opt/sdformat_vendor/lib:/opt/ros/jazzy/opt/rviz_ogre_vendor/lib:/opt/ros/jazzy/lib/aarch64-linux-gnu:/opt/ros/jazzy/opt/gz_gui_vendor/lib:/opt/ros/jazzy/opt/gz_transport_vendor/lib:/opt/ros/jazzy/opt/gz_rendering_vendor/lib:/opt/ros/jazzy/opt/gz_plugin_vendor/lib:/opt/ros/jazzy/opt/gz_fuel_tools_vendor/lib:/opt/ros/jazzy/opt/gz_msgs_vendor/lib:/opt/ros/jazzy/opt/gz_common_vendor/lib:/opt/ros/jazzy/opt/gz_math_vendor/lib:/opt/ros/jazzy/opt/gz_utils_vendor/lib:/opt/ros/jazzy/opt/gz_tools_vendor/lib:/opt/ros/jazzy/opt/gz_ogre_next_vendor/lib:/opt/ros/jazzy/opt/gz_dartsim_vendor/lib:/opt/ros/jazzy/opt/gz_cmake_vendor/lib:/opt/ros/jazzy/lib', 'GZ_TRANSPORT_ID': '192.168.3.1', 'HOME': '/home/ngt', 'OLDPWD': '/home/ngt', 'LESS': '-R', 'VIRTUALENVWRAPPER_PYTHON': '/usr/bin/python3', 'TERM_PROGRAM_VERSION': '1.130.0', 'VSCODE_IPC_HOOK_CLI': '/run/user/1004/vscode-ipc-ae3df1e9-d8a2-4837-9e51-55dec6bd592e.sock', 'ZSH': '/home/ngt/.oh-my-zsh', 'LSCOLORS': 'Gxfxcxdxbxegedabagacad', 'GZ_TRANSPORT_PUB_PORT': '11345', 'VSCODE_GIT_ASKPASS_MAIN': '/home/ngt/.vscode-server/cli/servers/Stable-1b6a188127eeaf9194f945eb6eb89a657e93c54c/server/extensions/git/dist/askpass-main.js', 'PAGER': 'less', 'ROS_PYTHON_VERSION': '3', 'PS1': '(rosmav) %(?:%{\x1b[01;32m%}%1{➜%} :%{\x1b[01;31m%}%1{➜%} ) %{\x1b[36m%}%c%{\x1b[00m%} $(git_prompt_info)', 'VSCODE_GIT_ASKPASS_NODE': '/home/ngt/.vscode-server/cli/servers/Stable-1b6a188127eeaf9194f945eb6eb89a657e93c54c/server/node', 'DBUS_SESSION_BUS_ADDRESS': 'unix:path=/run/user/1004/bus', 'PYDEVD_DISABLE_FILE_VALIDATION': '1', 'BUNDLED_DEBUGPY_PATH': '/home/ngt/.vscode-server/extensions/ms-python.debugpy-2026.6.0-linux-arm64/bundled/libs/debugpy', 'GZ_TRANSPORT_SUB_PORT': '11346', 'VSCODE_PYTHON_AUTOACTIVATE_GUARD': '1', 'COLORTERM': 'truecolor', 'ROS_DISTRO': 'jazzy', 'COLCON_PREFIX_PATH': '/home/ngt/cv_ws/install:/home/ngt/pid_ws/install:/home/ngt/auvc_ws/install:/home/ngt/auv_dancing/install', 'LOGNAME': 'ngt', '_': '/usr/bin/colcon', 'XDG_SESSION_CLASS': 'user', 'USER_ZDOTDIR': '/home/ngt', 'ROS_VERSION': '2', 'XDG_SESSION_ID': '2', 'TERM': 'xterm-256color', 'PATH': '/home/ngt/.virtualenvs/rosmav/bin:/home/ngt/.opencode/bin:/opt/ros/jazzy/opt/gz_msgs_vendor/bin:/opt/ros/jazzy/opt/gz_tools_vendor/bin:/opt/ros/jazzy/opt/gz_ogre_next_vendor/bin:/opt/ros/jazzy/bin:/usr/lib/ccache:/home/ngt/.vscode-server/data/User/globalStorage/github.copilot-chat/debugCommand:/home/ngt/.vscode-server/data/User/globalStorage/github.copilot-chat/copilotCli:/home/ngt/.vscode-server/cli/servers/Stable-1b6a188127eeaf9194f945eb6eb89a657e93c54c/server/bin/remote-cli:/usr/local/sbin:/usr/local/bin:/usr/sbin:/usr/bin:/sbin:/bin:/usr/games:/usr/local/games:/snap/bin:/home/ngt/.vscode-server/extensions/ms-python.debugpy-2026.6.0-linux-arm64/bundled/scripts/noConfigScripts:/home/ngt/.local/bin:/home/ngt/ardupilot/Tools/autotest', 'XDG_RUNTIME_DIR': '/run/user/1004', 'GZ_PARTITION': 'my_sim', 'LANG': 'en_US.UTF-8', 'VSCODE_DEBUGPY_ADAPTER_ENDPOINTS': '/home/ngt/.vscode-server/extensions/ms-python.debugpy-2026.6.0-linux-arm64/.noConfigDebugAdapterEndpoints/endpoint-cac51e27cd8c6882.txt', 'PYTHONSTARTUP': '/home/ngt/.vscode-server/data/User/workspaceStorage/e30aafa2edaaf296b4a11477f6a9b588/ms-python.python/pythonrc.py', 'VSCODE_INJECTION': '1', 'VIRTUAL_ENV_PROMPT': 'rosmav', 'TERM_PROGRAM': 'vscode', 'VSCODE_GIT_IPC_HANDLE': '/run/user/1004/vscode-git-191b257475.sock', 'LS_COLORS': 'rs=0:di=01;34:ln=01;36:mh=00:pi=40;33:so=01;35:do=01;35:bd=40;33;01:cd=40;33;01:or=40;31;01:mi=00:su=37;41:sg=30;43:ca=00:tw=30;42:ow=34;42:st=37;44:ex=01;32:*.tar=01;31:*.tgz=01;31:*.arc=01;31:*.arj=01;31:*.taz=01;31:*.lha=01;31:*.lz4=01;31:*.lzh=01;31:*.lzma=01;31:*.tlz=01;31:*.txz=01;31:*.tzo=01;31:*.t7z=01;31:*.zip=01;31:*.z=01;31:*.dz=01;31:*.gz=01;31:*.lrz=01;31:*.lz=01;31:*.lzo=01;31:*.xz=01;31:*.zst=01;31:*.tzst=01;31:*.bz2=01;31:*.bz=01;31:*.tbz=01;31:*.tbz2=01;31:*.tz=01;31:*.deb=01;31:*.rpm=01;31:*.jar=01;31:*.war=01;31:*.ear=01;31:*.sar=01;31:*.rar=01;31:*.alz=01;31:*.ace=01;31:*.zoo=01;31:*.cpio=01;31:*.7z=01;31:*.rz=01;31:*.cab=01;31:*.wim=01;31:*.swm=01;31:*.dwm=01;31:*.esd=01;31:*.avif=01;35:*.jpg=01;35:*.jpeg=01;35:*.mjpg=01;35:*.mjpeg=01;35:*.gif=01;35:*.bmp=01;35:*.pbm=01;35:*.pgm=01;35:*.ppm=01;35:*.tga=01;35:*.xbm=01;35:*.xpm=01;35:*.tif=01;35:*.tiff=01;35:*.png=01;35:*.svg=01;35:*.svgz=01;35:*.mng=01;35:*.pcx=01;35:*.mov=01;35:*.mpg=01;35:*.mpeg=01;35:*.m2v=01;35:*.mkv=01;35:*.webm=01;35:*.webp=01;35:*.ogm=01;35:*.mp4=01;35:*.m4v=01;35:*.mp4v=01;35:*.vob=01;35:*.qt=01;35:*.nuv=01;35:*.wmv=01;35:*.asf=01;35:*.rm=01;35:*.rmvb=01;35:*.flc=01;35:*.avi=01;35:*.fli=01;35:*.flv=01;35:*.gl=01;35:*.dl=01;35:*.xcf=01;35:*.xwd=01;35:*.yuv=01;35:*.cgm=01;35:*.emf=01;35:*.ogv=01;35:*.ogx=01;35:*.aac=00;36:*.au=00;36:*.flac=00;36:*.m4a=00;36:*.mid=00;36:*.midi=00;36:*.mka=00;36:*.mp3=00;36:*.mpc=00;36:*.ogg=00;36:*.ra=00;36:*.wav=00;36:*.oga=00;36:*.opus=00;36:*.spx=00;36:*.xspf=00;36:*~=00;90:*#=00;90:*.bak=00;90:*.crdownload=00;90:*.dpkg-dist=00;90:*.dpkg-new=00;90:*.dpkg-old=00;90:*.dpkg-tmp=00;90:*.old=00;90:*.orig=00;90:*.part=00;90:*.rej=00;90:*.rpmnew=00;90:*.rpmorig=00;90:*.rpmsave=00;90:*.swp=00;90:*.tmp=00;90:*.ucf-dist=00;90:*.ucf-new=00;90:*.ucf-old=00;90:', 'AMENT_PREFIX_PATH': '/home/ngt/auvc_ws/install/tutorial_virtualenvs:/home/ngt/auvc_ws/install/tutorial_pid:/home/ngt/auvc_ws/install/tutorial_ardusub:/home/ngt/auvc_ws/install/tutorial:/home/ngt/auvc_ws/install/rosmav:/home/ngt/auvc_ws/install/example_custom_srv:/home/ngt/cv_ws/install/cv:/home/ngt/pid_ws/install/target_depth_msgs:/home/ngt/pid_ws/install/pid:/home/ngt/auv_dancing/install/tutorial:/opt/ros/jazzy', 'SHELL': '/usr/bin/zsh', 'VIRTUALENVWRAPPER_PROJECT_FILENAME': '.project', 'VIRTUALENVWRAPPER_HOOK_DIR': '/home/ngt/.virtualenvs', 'VSCODE_GIT_ASKPASS_EXTRA_ARGS': '', 'VIRTUALENVWRAPPER_SCRIPT': '/usr/share/virtualenvwrapper/virtualenvwrapper.sh', 'ROS_AUTOMATIC_DISCOVERY_RANGE': 'SUBNET', 'VIRTUAL_ENV': '/home/ngt/.virtualenvs/rosmav', 'LC_ALL': 'en_US.UTF-8', 'PWD': '/home/ngt/ZENS-Final-AUVC/build/cv', 'SSH_CONNECTION': '192.168.3.1 59167 192.168.3.2 22', 'COPILOT_DEBUG_NONCE': 'd6eed4c06bd82aa6cee185ab30fdc4f4', 'ZDOTDIR': '/home/ngt', 'PYTHONPATH': '/home/ngt/ZENS-Final-AUVC/build/cv/prefix_override:/usr/lib/python3/dist-packages/colcon_core/task/python/colcon_distutils_commands:/home/ngt/ZENS-Final-AUVC/install/cv/lib/python3.12/site-packages:/home/ngt/auvc_ws/install/tutorial_virtualenvs/lib/python3.12/site-packages:/home/ngt/auvc_ws/install/tutorial_pid/lib/python3.12/site-packages:/home/ngt/auvc_ws/install/tutorial_ardusub/lib/python3.12/site-packages:/home/ngt/auvc_ws/install/tutorial/lib/python3.12/site-packages:/home/ngt/auvc_ws/install/rosmav/lib/python3.12/site-packages:/home/ngt/auvc_ws/install/example_custom_srv/lib/python3.12/site-packages:/home/ngt/cv_ws/install/cv/lib/python3.12/site-packages:/home/ngt/pid_ws/install/target_depth_msgs/lib/python3.12/site-packages:/home/ngt/pid_ws/install/pid/lib/python3.12/site-packages:/home/ngt/auv_dancing/install/tutorial/lib/python3.12/site-packages:/opt/ros/jazzy/lib/python3.12/site-packages', 'COLCON': '1', 'CMAKE_PREFIX_PATH': '/home/ngt/auvc_ws/install/example_custom_srv:/home/ngt/pid_ws/install/target_depth_msgs:/opt/ros/jazzy/opt/gz_sim_vendor:/opt/ros/jazzy/opt/gz_sensors_vendor:/opt/ros/jazzy/opt/gz_physics_vendor:/opt/ros/jazzy/opt/sdformat_vendor:/opt/ros/jazzy/opt/gz_gui_vendor:/opt/ros/jazzy/opt/gz_transport_vendor:/opt/ros/jazzy/opt/gz_rendering_vendor:/opt/ros/jazzy/opt/gz_plugin_vendor:/opt/ros/jazzy/opt/gz_fuel_tools_vendor:/opt/ros/jazzy/opt/gz_msgs_vendor:/opt/ros/jazzy/opt/gz_common_vendor:/opt/ros/jazzy/opt/gz_math_vendor:/opt/ros/jazzy/opt/gz_utils_vendor:/opt/ros/jazzy/opt/gz_tools_vendor:/opt/ros/jazzy/opt/gz_ogre_next_vendor:/opt/ros/jazzy/opt/gz_dartsim_vendor:/opt/ros/jazzy/opt/gz_cmake_vendor'}, 'shell': False}
[12.101163] (-) TimerEvent: {}
[12.204625] (-) TimerEvent: {}
[12.310929] (bringup) Command: {'cmd': ['/usr/bin/python3', '-W', 'ignore:setup.py install is deprecated', '-W', 'ignore:easy_install command is deprecated', 'setup.py', 'egg_info', '--egg-base', '../../../build/bringup', 'build', '--build-base', '/home/ngt/ZENS-Final-AUVC/build/bringup/build', 'install', '--record', '/home/ngt/ZENS-Final-AUVC/build/bringup/install.log', '--install-scripts', '$base/lib/bringup', '--single-version-externally-managed', 'install_data'], 'cwd': '/home/ngt/ZENS-Final-AUVC/ros_ws/src/bringup', 'env': {'PYTHON_BASIC_REPL': '1', 'VIRTUALENVWRAPPER_WORKON_CD': '1', 'USER': 'ngt', 'SSH_CLIENT': '192.168.3.1 59167 22', 'WORKON_HOME': '/home/ngt/.virtualenvs', 'GZ_SIM_RESOURCE_PATH': '/opt/ros/jazzy/share', 'GZ_CONFIG_PATH': '/opt/ros/jazzy/opt/gz_sim_vendor/share/gz:/opt/ros/jazzy/opt/sdformat_vendor/share/gz:/opt/ros/jazzy/opt/gz_gui_vendor/share/gz:/opt/ros/jazzy/opt/gz_transport_vendor/share/gz:/opt/ros/jazzy/opt/gz_rendering_vendor/share/gz:/opt/ros/jazzy/opt/gz_plugin_vendor/share/gz:/opt/ros/jazzy/opt/gz_fuel_tools_vendor/share/gz:/opt/ros/jazzy/opt/gz_msgs_vendor/share/gz:/opt/ros/jazzy/opt/gz_common_vendor/share/gz', 'XDG_SESSION_TYPE': 'tty', 'GIT_ASKPASS': '/home/ngt/.vscode-server/cli/servers/Stable-1b6a188127eeaf9194f945eb6eb89a657e93c54c/server/extensions/git/dist/askpass.sh', 'SHLVL': '1', 'BROWSER': '/home/ngt/.vscode-server/cli/servers/Stable-1b6a188127eeaf9194f945eb6eb89a657e93c54c/server/bin/helpers/browser.sh', 'LD_LIBRARY_PATH': '/home/ngt/auvc_ws/install/example_custom_srv/lib:/home/ngt/pid_ws/install/target_depth_msgs/lib:/opt/ros/jazzy/opt/gz_sim_vendor/lib:/opt/ros/jazzy/opt/gz_sensors_vendor/lib:/opt/ros/jazzy/opt/gz_physics_vendor/lib:/opt/ros/jazzy/opt/sdformat_vendor/lib:/opt/ros/jazzy/opt/rviz_ogre_vendor/lib:/opt/ros/jazzy/lib/aarch64-linux-gnu:/opt/ros/jazzy/opt/gz_gui_vendor/lib:/opt/ros/jazzy/opt/gz_transport_vendor/lib:/opt/ros/jazzy/opt/gz_rendering_vendor/lib:/opt/ros/jazzy/opt/gz_plugin_vendor/lib:/opt/ros/jazzy/opt/gz_fuel_tools_vendor/lib:/opt/ros/jazzy/opt/gz_msgs_vendor/lib:/opt/ros/jazzy/opt/gz_common_vendor/lib:/opt/ros/jazzy/opt/gz_math_vendor/lib:/opt/ros/jazzy/opt/gz_utils_vendor/lib:/opt/ros/jazzy/opt/gz_tools_vendor/lib:/opt/ros/jazzy/opt/gz_ogre_next_vendor/lib:/opt/ros/jazzy/opt/gz_dartsim_vendor/lib:/opt/ros/jazzy/opt/gz_cmake_vendor/lib:/opt/ros/jazzy/lib', 'GZ_TRANSPORT_ID': '192.168.3.1', 'HOME': '/home/ngt', 'OLDPWD': '/home/ngt', 'LESS': '-R', 'VIRTUALENVWRAPPER_PYTHON': '/usr/bin/python3', 'TERM_PROGRAM_VERSION': '1.130.0', 'VSCODE_IPC_HOOK_CLI': '/run/user/1004/vscode-ipc-ae3df1e9-d8a2-4837-9e51-55dec6bd592e.sock', 'ZSH': '/home/ngt/.oh-my-zsh', 'LSCOLORS': 'Gxfxcxdxbxegedabagacad', 'GZ_TRANSPORT_PUB_PORT': '11345', 'VSCODE_GIT_ASKPASS_MAIN': '/home/ngt/.vscode-server/cli/servers/Stable-1b6a188127eeaf9194f945eb6eb89a657e93c54c/server/extensions/git/dist/askpass-main.js', 'PAGER': 'less', 'ROS_PYTHON_VERSION': '3', 'PS1': '(rosmav) %(?:%{\x1b[01;32m%}%1{➜%} :%{\x1b[01;31m%}%1{➜%} ) %{\x1b[36m%}%c%{\x1b[00m%} $(git_prompt_info)', 'VSCODE_GIT_ASKPASS_NODE': '/home/ngt/.vscode-server/cli/servers/Stable-1b6a188127eeaf9194f945eb6eb89a657e93c54c/server/node', 'DBUS_SESSION_BUS_ADDRESS': 'unix:path=/run/user/1004/bus', 'PYDEVD_DISABLE_FILE_VALIDATION': '1', 'BUNDLED_DEBUGPY_PATH': '/home/ngt/.vscode-server/extensions/ms-python.debugpy-2026.6.0-linux-arm64/bundled/libs/debugpy', 'GZ_TRANSPORT_SUB_PORT': '11346', 'VSCODE_PYTHON_AUTOACTIVATE_GUARD': '1', 'COLORTERM': 'truecolor', 'ROS_DISTRO': 'jazzy', 'COLCON_PREFIX_PATH': '/home/ngt/cv_ws/install:/home/ngt/pid_ws/install:/home/ngt/auvc_ws/install:/home/ngt/auv_dancing/install', 'LOGNAME': 'ngt', '_': '/usr/bin/colcon', 'XDG_SESSION_CLASS': 'user', 'USER_ZDOTDIR': '/home/ngt', 'ROS_VERSION': '2', 'XDG_SESSION_ID': '2', 'TERM': 'xterm-256color', 'PATH': '/home/ngt/.virtualenvs/rosmav/bin:/home/ngt/.opencode/bin:/opt/ros/jazzy/opt/gz_msgs_vendor/bin:/opt/ros/jazzy/opt/gz_tools_vendor/bin:/opt/ros/jazzy/opt/gz_ogre_next_vendor/bin:/opt/ros/jazzy/bin:/usr/lib/ccache:/home/ngt/.vscode-server/data/User/globalStorage/github.copilot-chat/debugCommand:/home/ngt/.vscode-server/data/User/globalStorage/github.copilot-chat/copilotCli:/home/ngt/.vscode-server/cli/servers/Stable-1b6a188127eeaf9194f945eb6eb89a657e93c54c/server/bin/remote-cli:/usr/local/sbin:/usr/local/bin:/usr/sbin:/usr/bin:/sbin:/bin:/usr/games:/usr/local/games:/snap/bin:/home/ngt/.vscode-server/extensions/ms-python.debugpy-2026.6.0-linux-arm64/bundled/scripts/noConfigScripts:/home/ngt/.local/bin:/home/ngt/ardupilot/Tools/autotest', 'XDG_RUNTIME_DIR': '/run/user/1004', 'GZ_PARTITION': 'my_sim', 'LANG': 'en_US.UTF-8', 'VSCODE_DEBUGPY_ADAPTER_ENDPOINTS': '/home/ngt/.vscode-server/extensions/ms-python.debugpy-2026.6.0-linux-arm64/.noConfigDebugAdapterEndpoints/endpoint-cac51e27cd8c6882.txt', 'PYTHONSTARTUP': '/home/ngt/.vscode-server/data/User/workspaceStorage/e30aafa2edaaf296b4a11477f6a9b588/ms-python.python/pythonrc.py', 'VSCODE_INJECTION': '1', 'VIRTUAL_ENV_PROMPT': 'rosmav', 'TERM_PROGRAM': 'vscode', 'VSCODE_GIT_IPC_HANDLE': '/run/user/1004/vscode-git-191b257475.sock', 'LS_COLORS': 'rs=0:di=01;34:ln=01;36:mh=00:pi=40;33:so=01;35:do=01;35:bd=40;33;01:cd=40;33;01:or=40;31;01:mi=00:su=37;41:sg=30;43:ca=00:tw=30;42:ow=34;42:st=37;44:ex=01;32:*.tar=01;31:*.tgz=01;31:*.arc=01;31:*.arj=01;31:*.taz=01;31:*.lha=01;31:*.lz4=01;31:*.lzh=01;31:*.lzma=01;31:*.tlz=01;31:*.txz=01;31:*.tzo=01;31:*.t7z=01;31:*.zip=01;31:*.z=01;31:*.dz=01;31:*.gz=01;31:*.lrz=01;31:*.lz=01;31:*.lzo=01;31:*.xz=01;31:*.zst=01;31:*.tzst=01;31:*.bz2=01;31:*.bz=01;31:*.tbz=01;31:*.tbz2=01;31:*.tz=01;31:*.deb=01;31:*.rpm=01;31:*.jar=01;31:*.war=01;31:*.ear=01;31:*.sar=01;31:*.rar=01;31:*.alz=01;31:*.ace=01;31:*.zoo=01;31:*.cpio=01;31:*.7z=01;31:*.rz=01;31:*.cab=01;31:*.wim=01;31:*.swm=01;31:*.dwm=01;31:*.esd=01;31:*.avif=01;35:*.jpg=01;35:*.jpeg=01;35:*.mjpg=01;35:*.mjpeg=01;35:*.gif=01;35:*.bmp=01;35:*.pbm=01;35:*.pgm=01;35:*.ppm=01;35:*.tga=01;35:*.xbm=01;35:*.xpm=01;35:*.tif=01;35:*.tiff=01;35:*.png=01;35:*.svg=01;35:*.svgz=01;35:*.mng=01;35:*.pcx=01;35:*.mov=01;35:*.mpg=01;35:*.mpeg=01;35:*.m2v=01;35:*.mkv=01;35:*.webm=01;35:*.webp=01;35:*.ogm=01;35:*.mp4=01;35:*.m4v=01;35:*.mp4v=01;35:*.vob=01;35:*.qt=01;35:*.nuv=01;35:*.wmv=01;35:*.asf=01;35:*.rm=01;35:*.rmvb=01;35:*.flc=01;35:*.avi=01;35:*.fli=01;35:*.flv=01;35:*.gl=01;35:*.dl=01;35:*.xcf=01;35:*.xwd=01;35:*.yuv=01;35:*.cgm=01;35:*.emf=01;35:*.ogv=01;35:*.ogx=01;35:*.aac=00;36:*.au=00;36:*.flac=00;36:*.m4a=00;36:*.mid=00;36:*.midi=00;36:*.mka=00;36:*.mp3=00;36:*.mpc=00;36:*.ogg=00;36:*.ra=00;36:*.wav=00;36:*.oga=00;36:*.opus=00;36:*.spx=00;36:*.xspf=00;36:*~=00;90:*#=00;90:*.bak=00;90:*.crdownload=00;90:*.dpkg-dist=00;90:*.dpkg-new=00;90:*.dpkg-old=00;90:*.dpkg-tmp=00;90:*.old=00;90:*.orig=00;90:*.part=00;90:*.rej=00;90:*.rpmnew=00;90:*.rpmorig=00;90:*.rpmsave=00;90:*.swp=00;90:*.tmp=00;90:*.ucf-dist=00;90:*.ucf-new=00;90:*.ucf-old=00;90:', 'AMENT_PREFIX_PATH': '/home/ngt/auvc_ws/install/tutorial_virtualenvs:/home/ngt/auvc_ws/install/tutorial_pid:/home/ngt/auvc_ws/install/tutorial_ardusub:/home/ngt/auvc_ws/install/tutorial:/home/ngt/auvc_ws/install/rosmav:/home/ngt/auvc_ws/install/example_custom_srv:/home/ngt/cv_ws/install/cv:/home/ngt/pid_ws/install/target_depth_msgs:/home/ngt/pid_ws/install/pid:/home/ngt/auv_dancing/install/tutorial:/opt/ros/jazzy', 'SHELL': '/usr/bin/zsh', 'VIRTUALENVWRAPPER_PROJECT_FILENAME': '.project', 'VIRTUALENVWRAPPER_HOOK_DIR': '/home/ngt/.virtualenvs', 'VSCODE_GIT_ASKPASS_EXTRA_ARGS': '', 'VIRTUALENVWRAPPER_SCRIPT': '/usr/share/virtualenvwrapper/virtualenvwrapper.sh', 'ROS_AUTOMATIC_DISCOVERY_RANGE': 'SUBNET', 'VIRTUAL_ENV': '/home/ngt/.virtualenvs/rosmav', 'LC_ALL': 'en_US.UTF-8', 'PWD': '/home/ngt/ZENS-Final-AUVC/build/bringup', 'SSH_CONNECTION': '192.168.3.1 59167 192.168.3.2 22', 'COPILOT_DEBUG_NONCE': 'd6eed4c06bd82aa6cee185ab30fdc4f4', 'ZDOTDIR': '/home/ngt', 'PYTHONPATH': '/home/ngt/ZENS-Final-AUVC/build/bringup/prefix_override:/usr/lib/python3/dist-packages/colcon_core/task/python/colcon_distutils_commands:/home/ngt/ZENS-Final-AUVC/install/bringup/lib/python3.12/site-packages:/home/ngt/auvc_ws/install/tutorial_virtualenvs/lib/python3.12/site-packages:/home/ngt/auvc_ws/install/tutorial_pid/lib/python3.12/site-packages:/home/ngt/auvc_ws/install/tutorial_ardusub/lib/python3.12/site-packages:/home/ngt/auvc_ws/install/tutorial/lib/python3.12/site-packages:/home/ngt/auvc_ws/install/rosmav/lib/python3.12/site-packages:/home/ngt/auvc_ws/install/example_custom_srv/lib/python3.12/site-packages:/home/ngt/cv_ws/install/cv/lib/python3.12/site-packages:/home/ngt/pid_ws/install/target_depth_msgs/lib/python3.12/site-packages:/home/ngt/pid_ws/install/pid/lib/python3.12/site-packages:/home/ngt/auv_dancing/install/tutorial/lib/python3.12/site-packages:/opt/ros/jazzy/lib/python3.12/site-packages', 'COLCON': '1', 'CMAKE_PREFIX_PATH': '/home/ngt/auvc_ws/install/example_custom_srv:/home/ngt/pid_ws/install/target_depth_msgs:/opt/ros/jazzy/opt/gz_sim_vendor:/opt/ros/jazzy/opt/gz_sensors_vendor:/opt/ros/jazzy/opt/gz_physics_vendor:/opt/ros/jazzy/opt/sdformat_vendor:/opt/ros/jazzy/opt/gz_gui_vendor:/opt/ros/jazzy/opt/gz_transport_vendor:/opt/ros/jazzy/opt/gz_rendering_vendor:/opt/ros/jazzy/opt/gz_plugin_vendor:/opt/ros/jazzy/opt/gz_fuel_tools_vendor:/opt/ros/jazzy/opt/gz_msgs_vendor:/opt/ros/jazzy/opt/gz_common_vendor:/opt/ros/jazzy/opt/gz_math_vendor:/opt/ros/jazzy/opt/gz_utils_vendor:/opt/ros/jazzy/opt/gz_tools_vendor:/opt/ros/jazzy/opt/gz_ogre_next_vendor:/opt/ros/jazzy/opt/gz_dartsim_vendor:/opt/ros/jazzy/opt/gz_cmake_vendor'}, 'shell': False}
[12.318991] (-) TimerEvent: {}
[12.421890] (-) TimerEvent: {}
[12.525305] (-) TimerEvent: {}
[12.622821] (flashing) Command: {'cmd': ['/usr/bin/python3', '-W', 'ignore:setup.py install is deprecated', '-W', 'ignore:easy_install command is deprecated', 'setup.py', 'egg_info', '--egg-base', '../../../build/flashing', 'build', '--build-base', '/home/ngt/ZENS-Final-AUVC/build/flashing/build', 'install', '--record', '/home/ngt/ZENS-Final-AUVC/build/flashing/install.log', '--install-scripts', '$base/lib/flashing', '--single-version-externally-managed', 'install_data'], 'cwd': '/home/ngt/ZENS-Final-AUVC/ros_ws/src/flashing', 'env': {'PYTHON_BASIC_REPL': '1', 'VIRTUALENVWRAPPER_WORKON_CD': '1', 'USER': 'ngt', 'SSH_CLIENT': '192.168.3.1 59167 22', 'WORKON_HOME': '/home/ngt/.virtualenvs', 'GZ_SIM_RESOURCE_PATH': '/opt/ros/jazzy/share', 'GZ_CONFIG_PATH': '/opt/ros/jazzy/opt/gz_sim_vendor/share/gz:/opt/ros/jazzy/opt/sdformat_vendor/share/gz:/opt/ros/jazzy/opt/gz_gui_vendor/share/gz:/opt/ros/jazzy/opt/gz_transport_vendor/share/gz:/opt/ros/jazzy/opt/gz_rendering_vendor/share/gz:/opt/ros/jazzy/opt/gz_plugin_vendor/share/gz:/opt/ros/jazzy/opt/gz_fuel_tools_vendor/share/gz:/opt/ros/jazzy/opt/gz_msgs_vendor/share/gz:/opt/ros/jazzy/opt/gz_common_vendor/share/gz', 'XDG_SESSION_TYPE': 'tty', 'GIT_ASKPASS': '/home/ngt/.vscode-server/cli/servers/Stable-1b6a188127eeaf9194f945eb6eb89a657e93c54c/server/extensions/git/dist/askpass.sh', 'SHLVL': '1', 'BROWSER': '/home/ngt/.vscode-server/cli/servers/Stable-1b6a188127eeaf9194f945eb6eb89a657e93c54c/server/bin/helpers/browser.sh', 'LD_LIBRARY_PATH': '/home/ngt/auvc_ws/install/example_custom_srv/lib:/home/ngt/pid_ws/install/target_depth_msgs/lib:/opt/ros/jazzy/opt/gz_sim_vendor/lib:/opt/ros/jazzy/opt/gz_sensors_vendor/lib:/opt/ros/jazzy/opt/gz_physics_vendor/lib:/opt/ros/jazzy/opt/sdformat_vendor/lib:/opt/ros/jazzy/opt/rviz_ogre_vendor/lib:/opt/ros/jazzy/lib/aarch64-linux-gnu:/opt/ros/jazzy/opt/gz_gui_vendor/lib:/opt/ros/jazzy/opt/gz_transport_vendor/lib:/opt/ros/jazzy/opt/gz_rendering_vendor/lib:/opt/ros/jazzy/opt/gz_plugin_vendor/lib:/opt/ros/jazzy/opt/gz_fuel_tools_vendor/lib:/opt/ros/jazzy/opt/gz_msgs_vendor/lib:/opt/ros/jazzy/opt/gz_common_vendor/lib:/opt/ros/jazzy/opt/gz_math_vendor/lib:/opt/ros/jazzy/opt/gz_utils_vendor/lib:/opt/ros/jazzy/opt/gz_tools_vendor/lib:/opt/ros/jazzy/opt/gz_ogre_next_vendor/lib:/opt/ros/jazzy/opt/gz_dartsim_vendor/lib:/opt/ros/jazzy/opt/gz_cmake_vendor/lib:/opt/ros/jazzy/lib', 'GZ_TRANSPORT_ID': '192.168.3.1', 'HOME': '/home/ngt', 'OLDPWD': '/home/ngt', 'LESS': '-R', 'VIRTUALENVWRAPPER_PYTHON': '/usr/bin/python3', 'TERM_PROGRAM_VERSION': '1.130.0', 'VSCODE_IPC_HOOK_CLI': '/run/user/1004/vscode-ipc-ae3df1e9-d8a2-4837-9e51-55dec6bd592e.sock', 'ZSH': '/home/ngt/.oh-my-zsh', 'LSCOLORS': 'Gxfxcxdxbxegedabagacad', 'GZ_TRANSPORT_PUB_PORT': '11345', 'VSCODE_GIT_ASKPASS_MAIN': '/home/ngt/.vscode-server/cli/servers/Stable-1b6a188127eeaf9194f945eb6eb89a657e93c54c/server/extensions/git/dist/askpass-main.js', 'PAGER': 'less', 'ROS_PYTHON_VERSION': '3', 'PS1': '(rosmav) %(?:%{\x1b[01;32m%}%1{➜%} :%{\x1b[01;31m%}%1{➜%} ) %{\x1b[36m%}%c%{\x1b[00m%} $(git_prompt_info)', 'VSCODE_GIT_ASKPASS_NODE': '/home/ngt/.vscode-server/cli/servers/Stable-1b6a188127eeaf9194f945eb6eb89a657e93c54c/server/node', 'DBUS_SESSION_BUS_ADDRESS': 'unix:path=/run/user/1004/bus', 'PYDEVD_DISABLE_FILE_VALIDATION': '1', 'BUNDLED_DEBUGPY_PATH': '/home/ngt/.vscode-server/extensions/ms-python.debugpy-2026.6.0-linux-arm64/bundled/libs/debugpy', 'GZ_TRANSPORT_SUB_PORT': '11346', 'VSCODE_PYTHON_AUTOACTIVATE_GUARD': '1', 'COLORTERM': 'truecolor', 'ROS_DISTRO': 'jazzy', 'COLCON_PREFIX_PATH': '/home/ngt/cv_ws/install:/home/ngt/pid_ws/install:/home/ngt/auvc_ws/install:/home/ngt/auv_dancing/install', 'LOGNAME': 'ngt', '_': '/usr/bin/colcon', 'XDG_SESSION_CLASS': 'user', 'USER_ZDOTDIR': '/home/ngt', 'ROS_VERSION': '2', 'XDG_SESSION_ID': '2', 'TERM': 'xterm-256color', 'PATH': '/home/ngt/.virtualenvs/rosmav/bin:/home/ngt/.opencode/bin:/opt/ros/jazzy/opt/gz_msgs_vendor/bin:/opt/ros/jazzy/opt/gz_tools_vendor/bin:/opt/ros/jazzy/opt/gz_ogre_next_vendor/bin:/opt/ros/jazzy/bin:/usr/lib/ccache:/home/ngt/.vscode-server/data/User/globalStorage/github.copilot-chat/debugCommand:/home/ngt/.vscode-server/data/User/globalStorage/github.copilot-chat/copilotCli:/home/ngt/.vscode-server/cli/servers/Stable-1b6a188127eeaf9194f945eb6eb89a657e93c54c/server/bin/remote-cli:/usr/local/sbin:/usr/local/bin:/usr/sbin:/usr/bin:/sbin:/bin:/usr/games:/usr/local/games:/snap/bin:/home/ngt/.vscode-server/extensions/ms-python.debugpy-2026.6.0-linux-arm64/bundled/scripts/noConfigScripts:/home/ngt/.local/bin:/home/ngt/ardupilot/Tools/autotest', 'XDG_RUNTIME_DIR': '/run/user/1004', 'GZ_PARTITION': 'my_sim', 'LANG': 'en_US.UTF-8', 'VSCODE_DEBUGPY_ADAPTER_ENDPOINTS': '/home/ngt/.vscode-server/extensions/ms-python.debugpy-2026.6.0-linux-arm64/.noConfigDebugAdapterEndpoints/endpoint-cac51e27cd8c6882.txt', 'PYTHONSTARTUP': '/home/ngt/.vscode-server/data/User/workspaceStorage/e30aafa2edaaf296b4a11477f6a9b588/ms-python.python/pythonrc.py', 'VSCODE_INJECTION': '1', 'VIRTUAL_ENV_PROMPT': 'rosmav', 'TERM_PROGRAM': 'vscode', 'VSCODE_GIT_IPC_HANDLE': '/run/user/1004/vscode-git-191b257475.sock', 'LS_COLORS': 'rs=0:di=01;34:ln=01;36:mh=00:pi=40;33:so=01;35:do=01;35:bd=40;33;01:cd=40;33;01:or=40;31;01:mi=00:su=37;41:sg=30;43:ca=00:tw=30;42:ow=34;42:st=37;44:ex=01;32:*.tar=01;31:*.tgz=01;31:*.arc=01;31:*.arj=01;31:*.taz=01;31:*.lha=01;31:*.lz4=01;31:*.lzh=01;31:*.lzma=01;31:*.tlz=01;31:*.txz=01;31:*.tzo=01;31:*.t7z=01;31:*.zip=01;31:*.z=01;31:*.dz=01;31:*.gz=01;31:*.lrz=01;31:*.lz=01;31:*.lzo=01;31:*.xz=01;31:*.zst=01;31:*.tzst=01;31:*.bz2=01;31:*.bz=01;31:*.tbz=01;31:*.tbz2=01;31:*.tz=01;31:*.deb=01;31:*.rpm=01;31:*.jar=01;31:*.war=01;31:*.ear=01;31:*.sar=01;31:*.rar=01;31:*.alz=01;31:*.ace=01;31:*.zoo=01;31:*.cpio=01;31:*.7z=01;31:*.rz=01;31:*.cab=01;31:*.wim=01;31:*.swm=01;31:*.dwm=01;31:*.esd=01;31:*.avif=01;35:*.jpg=01;35:*.jpeg=01;35:*.mjpg=01;35:*.mjpeg=01;35:*.gif=01;35:*.bmp=01;35:*.pbm=01;35:*.pgm=01;35:*.ppm=01;35:*.tga=01;35:*.xbm=01;35:*.xpm=01;35:*.tif=01;35:*.tiff=01;35:*.png=01;35:*.svg=01;35:*.svgz=01;35:*.mng=01;35:*.pcx=01;35:*.mov=01;35:*.mpg=01;35:*.mpeg=01;35:*.m2v=01;35:*.mkv=01;35:*.webm=01;35:*.webp=01;35:*.ogm=01;35:*.mp4=01;35:*.m4v=01;35:*.mp4v=01;35:*.vob=01;35:*.qt=01;35:*.nuv=01;35:*.wmv=01;35:*.asf=01;35:*.rm=01;35:*.rmvb=01;35:*.flc=01;35:*.avi=01;35:*.fli=01;35:*.flv=01;35:*.gl=01;35:*.dl=01;35:*.xcf=01;35:*.xwd=01;35:*.yuv=01;35:*.cgm=01;35:*.emf=01;35:*.ogv=01;35:*.ogx=01;35:*.aac=00;36:*.au=00;36:*.flac=00;36:*.m4a=00;36:*.mid=00;36:*.midi=00;36:*.mka=00;36:*.mp3=00;36:*.mpc=00;36:*.ogg=00;36:*.ra=00;36:*.wav=00;36:*.oga=00;36:*.opus=00;36:*.spx=00;36:*.xspf=00;36:*~=00;90:*#=00;90:*.bak=00;90:*.crdownload=00;90:*.dpkg-dist=00;90:*.dpkg-new=00;90:*.dpkg-old=00;90:*.dpkg-tmp=00;90:*.old=00;90:*.orig=00;90:*.part=00;90:*.rej=00;90:*.rpmnew=00;90:*.rpmorig=00;90:*.rpmsave=00;90:*.swp=00;90:*.tmp=00;90:*.ucf-dist=00;90:*.ucf-new=00;90:*.ucf-old=00;90:', 'AMENT_PREFIX_PATH': '/home/ngt/auvc_ws/install/tutorial_virtualenvs:/home/ngt/auvc_ws/install/tutorial_pid:/home/ngt/auvc_ws/install/tutorial_ardusub:/home/ngt/auvc_ws/install/tutorial:/home/ngt/auvc_ws/install/rosmav:/home/ngt/auvc_ws/install/example_custom_srv:/home/ngt/cv_ws/install/cv:/home/ngt/pid_ws/install/target_depth_msgs:/home/ngt/pid_ws/install/pid:/home/ngt/auv_dancing/install/tutorial:/opt/ros/jazzy', 'SHELL': '/usr/bin/zsh', 'VIRTUALENVWRAPPER_PROJECT_FILENAME': '.project', 'VIRTUALENVWRAPPER_HOOK_DIR': '/home/ngt/.virtualenvs', 'VSCODE_GIT_ASKPASS_EXTRA_ARGS': '', 'VIRTUALENVWRAPPER_SCRIPT': '/usr/share/virtualenvwrapper/virtualenvwrapper.sh', 'ROS_AUTOMATIC_DISCOVERY_RANGE': 'SUBNET', 'VIRTUAL_ENV': '/home/ngt/.virtualenvs/rosmav', 'LC_ALL': 'en_US.UTF-8', 'PWD': '/home/ngt/ZENS-Final-AUVC/build/flashing', 'SSH_CONNECTION': '192.168.3.1 59167 192.168.3.2 22', 'COPILOT_DEBUG_NONCE': 'd6eed4c06bd82aa6cee185ab30fdc4f4', 'ZDOTDIR': '/home/ngt', 'PYTHONPATH': '/home/ngt/ZENS-Final-AUVC/build/flashing/prefix_override:/usr/lib/python3/dist-packages/colcon_core/task/python/colcon_distutils_commands:/home/ngt/ZENS-Final-AUVC/install/flashing/lib/python3.12/site-packages:/home/ngt/auvc_ws/install/tutorial_virtualenvs/lib/python3.12/site-packages:/home/ngt/auvc_ws/install/tutorial_pid/lib/python3.12/site-packages:/home/ngt/auvc_ws/install/tutorial_ardusub/lib/python3.12/site-packages:/home/ngt/auvc_ws/install/tutorial/lib/python3.12/site-packages:/home/ngt/auvc_ws/install/rosmav/lib/python3.12/site-packages:/home/ngt/auvc_ws/install/example_custom_srv/lib/python3.12/site-packages:/home/ngt/cv_ws/install/cv/lib/python3.12/site-packages:/home/ngt/pid_ws/install/target_depth_msgs/lib/python3.12/site-packages:/home/ngt/pid_ws/install/pid/lib/python3.12/site-packages:/home/ngt/auv_dancing/install/tutorial/lib/python3.12/site-packages:/opt/ros/jazzy/lib/python3.12/site-packages', 'COLCON': '1', 'CMAKE_PREFIX_PATH': '/home/ngt/auvc_ws/install/example_custom_srv:/home/ngt/pid_ws/install/target_depth_msgs:/opt/ros/jazzy/opt/gz_sim_vendor:/opt/ros/jazzy/opt/gz_sensors_vendor:/opt/ros/jazzy/opt/gz_physics_vendor:/opt/ros/jazzy/opt/sdformat_vendor:/opt/ros/jazzy/opt/gz_gui_vendor:/opt/ros/jazzy/opt/gz_transport_vendor:/opt/ros/jazzy/opt/gz_rendering_vendor:/opt/ros/jazzy/opt/gz_plugin_vendor:/opt/ros/jazzy/opt/gz_fuel_tools_vendor:/opt/ros/jazzy/opt/gz_msgs_vendor:/opt/ros/jazzy/opt/gz_common_vendor:/opt/ros/jazzy/opt/gz_math_vendor:/opt/ros/jazzy/opt/gz_utils_vendor:/opt/ros/jazzy/opt/gz_tools_vendor:/opt/ros/jazzy/opt/gz_ogre_next_vendor:/opt/ros/jazzy/opt/gz_dartsim_vendor:/opt/ros/jazzy/opt/gz_cmake_vendor'}, 'shell': False}
[12.639954] (-) TimerEvent: {}
[12.740806] (-) TimerEvent: {}
[12.844985] (-) TimerEvent: {}
[12.949185] (-) TimerEvent: {}
[13.013393] (control) Command: {'cmd': ['/usr/bin/python3', '-W', 'ignore:setup.py install is deprecated', '-W', 'ignore:easy_install command is deprecated', 'setup.py', 'egg_info', '--egg-base', '../../../build/control', 'build', '--build-base', '/home/ngt/ZENS-Final-AUVC/build/control/build', 'install', '--record', '/home/ngt/ZENS-Final-AUVC/build/control/install.log', '--install-scripts', '$base/lib/control', '--single-version-externally-managed', 'install_data'], 'cwd': '/home/ngt/ZENS-Final-AUVC/ros_ws/src/control', 'env': {'PYTHON_BASIC_REPL': '1', 'VIRTUALENVWRAPPER_WORKON_CD': '1', 'USER': 'ngt', 'SSH_CLIENT': '192.168.3.1 59167 22', 'WORKON_HOME': '/home/ngt/.virtualenvs', 'GZ_SIM_RESOURCE_PATH': '/opt/ros/jazzy/share', 'GZ_CONFIG_PATH': '/opt/ros/jazzy/opt/gz_sim_vendor/share/gz:/opt/ros/jazzy/opt/sdformat_vendor/share/gz:/opt/ros/jazzy/opt/gz_gui_vendor/share/gz:/opt/ros/jazzy/opt/gz_transport_vendor/share/gz:/opt/ros/jazzy/opt/gz_rendering_vendor/share/gz:/opt/ros/jazzy/opt/gz_plugin_vendor/share/gz:/opt/ros/jazzy/opt/gz_fuel_tools_vendor/share/gz:/opt/ros/jazzy/opt/gz_msgs_vendor/share/gz:/opt/ros/jazzy/opt/gz_common_vendor/share/gz', 'XDG_SESSION_TYPE': 'tty', 'GIT_ASKPASS': '/home/ngt/.vscode-server/cli/servers/Stable-1b6a188127eeaf9194f945eb6eb89a657e93c54c/server/extensions/git/dist/askpass.sh', 'SHLVL': '1', 'BROWSER': '/home/ngt/.vscode-server/cli/servers/Stable-1b6a188127eeaf9194f945eb6eb89a657e93c54c/server/bin/helpers/browser.sh', 'LD_LIBRARY_PATH': '/home/ngt/auvc_ws/install/example_custom_srv/lib:/home/ngt/pid_ws/install/target_depth_msgs/lib:/opt/ros/jazzy/opt/gz_sim_vendor/lib:/opt/ros/jazzy/opt/gz_sensors_vendor/lib:/opt/ros/jazzy/opt/gz_physics_vendor/lib:/opt/ros/jazzy/opt/sdformat_vendor/lib:/opt/ros/jazzy/opt/rviz_ogre_vendor/lib:/opt/ros/jazzy/lib/aarch64-linux-gnu:/opt/ros/jazzy/opt/gz_gui_vendor/lib:/opt/ros/jazzy/opt/gz_transport_vendor/lib:/opt/ros/jazzy/opt/gz_rendering_vendor/lib:/opt/ros/jazzy/opt/gz_plugin_vendor/lib:/opt/ros/jazzy/opt/gz_fuel_tools_vendor/lib:/opt/ros/jazzy/opt/gz_msgs_vendor/lib:/opt/ros/jazzy/opt/gz_common_vendor/lib:/opt/ros/jazzy/opt/gz_math_vendor/lib:/opt/ros/jazzy/opt/gz_utils_vendor/lib:/opt/ros/jazzy/opt/gz_tools_vendor/lib:/opt/ros/jazzy/opt/gz_ogre_next_vendor/lib:/opt/ros/jazzy/opt/gz_dartsim_vendor/lib:/opt/ros/jazzy/opt/gz_cmake_vendor/lib:/opt/ros/jazzy/lib', 'GZ_TRANSPORT_ID': '192.168.3.1', 'HOME': '/home/ngt', 'OLDPWD': '/home/ngt', 'LESS': '-R', 'VIRTUALENVWRAPPER_PYTHON': '/usr/bin/python3', 'TERM_PROGRAM_VERSION': '1.130.0', 'VSCODE_IPC_HOOK_CLI': '/run/user/1004/vscode-ipc-ae3df1e9-d8a2-4837-9e51-55dec6bd592e.sock', 'ZSH': '/home/ngt/.oh-my-zsh', 'LSCOLORS': 'Gxfxcxdxbxegedabagacad', 'GZ_TRANSPORT_PUB_PORT': '11345', 'VSCODE_GIT_ASKPASS_MAIN': '/home/ngt/.vscode-server/cli/servers/Stable-1b6a188127eeaf9194f945eb6eb89a657e93c54c/server/extensions/git/dist/askpass-main.js', 'PAGER': 'less', 'ROS_PYTHON_VERSION': '3', 'PS1': '(rosmav) %(?:%{\x1b[01;32m%}%1{➜%} :%{\x1b[01;31m%}%1{➜%} ) %{\x1b[36m%}%c%{\x1b[00m%} $(git_prompt_info)', 'VSCODE_GIT_ASKPASS_NODE': '/home/ngt/.vscode-server/cli/servers/Stable-1b6a188127eeaf9194f945eb6eb89a657e93c54c/server/node', 'DBUS_SESSION_BUS_ADDRESS': 'unix:path=/run/user/1004/bus', 'PYDEVD_DISABLE_FILE_VALIDATION': '1', 'BUNDLED_DEBUGPY_PATH': '/home/ngt/.vscode-server/extensions/ms-python.debugpy-2026.6.0-linux-arm64/bundled/libs/debugpy', 'GZ_TRANSPORT_SUB_PORT': '11346', 'VSCODE_PYTHON_AUTOACTIVATE_GUARD': '1', 'COLORTERM': 'truecolor', 'ROS_DISTRO': 'jazzy', 'COLCON_PREFIX_PATH': '/home/ngt/cv_ws/install:/home/ngt/pid_ws/install:/home/ngt/auvc_ws/install:/home/ngt/auv_dancing/install', 'LOGNAME': 'ngt', '_': '/usr/bin/colcon', 'XDG_SESSION_CLASS': 'user', 'USER_ZDOTDIR': '/home/ngt', 'ROS_VERSION': '2', 'XDG_SESSION_ID': '2', 'TERM': 'xterm-256color', 'PATH': '/home/ngt/.virtualenvs/rosmav/bin:/home/ngt/.opencode/bin:/opt/ros/jazzy/opt/gz_msgs_vendor/bin:/opt/ros/jazzy/opt/gz_tools_vendor/bin:/opt/ros/jazzy/opt/gz_ogre_next_vendor/bin:/opt/ros/jazzy/bin:/usr/lib/ccache:/home/ngt/.vscode-server/data/User/globalStorage/github.copilot-chat/debugCommand:/home/ngt/.vscode-server/data/User/globalStorage/github.copilot-chat/copilotCli:/home/ngt/.vscode-server/cli/servers/Stable-1b6a188127eeaf9194f945eb6eb89a657e93c54c/server/bin/remote-cli:/usr/local/sbin:/usr/local/bin:/usr/sbin:/usr/bin:/sbin:/bin:/usr/games:/usr/local/games:/snap/bin:/home/ngt/.vscode-server/extensions/ms-python.debugpy-2026.6.0-linux-arm64/bundled/scripts/noConfigScripts:/home/ngt/.local/bin:/home/ngt/ardupilot/Tools/autotest', 'XDG_RUNTIME_DIR': '/run/user/1004', 'GZ_PARTITION': 'my_sim', 'LANG': 'en_US.UTF-8', 'VSCODE_DEBUGPY_ADAPTER_ENDPOINTS': '/home/ngt/.vscode-server/extensions/ms-python.debugpy-2026.6.0-linux-arm64/.noConfigDebugAdapterEndpoints/endpoint-cac51e27cd8c6882.txt', 'PYTHONSTARTUP': '/home/ngt/.vscode-server/data/User/workspaceStorage/e30aafa2edaaf296b4a11477f6a9b588/ms-python.python/pythonrc.py', 'VSCODE_INJECTION': '1', 'VIRTUAL_ENV_PROMPT': 'rosmav', 'TERM_PROGRAM': 'vscode', 'VSCODE_GIT_IPC_HANDLE': '/run/user/1004/vscode-git-191b257475.sock', 'LS_COLORS': 'rs=0:di=01;34:ln=01;36:mh=00:pi=40;33:so=01;35:do=01;35:bd=40;33;01:cd=40;33;01:or=40;31;01:mi=00:su=37;41:sg=30;43:ca=00:tw=30;42:ow=34;42:st=37;44:ex=01;32:*.tar=01;31:*.tgz=01;31:*.arc=01;31:*.arj=01;31:*.taz=01;31:*.lha=01;31:*.lz4=01;31:*.lzh=01;31:*.lzma=01;31:*.tlz=01;31:*.txz=01;31:*.tzo=01;31:*.t7z=01;31:*.zip=01;31:*.z=01;31:*.dz=01;31:*.gz=01;31:*.lrz=01;31:*.lz=01;31:*.lzo=01;31:*.xz=01;31:*.zst=01;31:*.tzst=01;31:*.bz2=01;31:*.bz=01;31:*.tbz=01;31:*.tbz2=01;31:*.tz=01;31:*.deb=01;31:*.rpm=01;31:*.jar=01;31:*.war=01;31:*.ear=01;31:*.sar=01;31:*.rar=01;31:*.alz=01;31:*.ace=01;31:*.zoo=01;31:*.cpio=01;31:*.7z=01;31:*.rz=01;31:*.cab=01;31:*.wim=01;31:*.swm=01;31:*.dwm=01;31:*.esd=01;31:*.avif=01;35:*.jpg=01;35:*.jpeg=01;35:*.mjpg=01;35:*.mjpeg=01;35:*.gif=01;35:*.bmp=01;35:*.pbm=01;35:*.pgm=01;35:*.ppm=01;35:*.tga=01;35:*.xbm=01;35:*.xpm=01;35:*.tif=01;35:*.tiff=01;35:*.png=01;35:*.svg=01;35:*.svgz=01;35:*.mng=01;35:*.pcx=01;35:*.mov=01;35:*.mpg=01;35:*.mpeg=01;35:*.m2v=01;35:*.mkv=01;35:*.webm=01;35:*.webp=01;35:*.ogm=01;35:*.mp4=01;35:*.m4v=01;35:*.mp4v=01;35:*.vob=01;35:*.qt=01;35:*.nuv=01;35:*.wmv=01;35:*.asf=01;35:*.rm=01;35:*.rmvb=01;35:*.flc=01;35:*.avi=01;35:*.fli=01;35:*.flv=01;35:*.gl=01;35:*.dl=01;35:*.xcf=01;35:*.xwd=01;35:*.yuv=01;35:*.cgm=01;35:*.emf=01;35:*.ogv=01;35:*.ogx=01;35:*.aac=00;36:*.au=00;36:*.flac=00;36:*.m4a=00;36:*.mid=00;36:*.midi=00;36:*.mka=00;36:*.mp3=00;36:*.mpc=00;36:*.ogg=00;36:*.ra=00;36:*.wav=00;36:*.oga=00;36:*.opus=00;36:*.spx=00;36:*.xspf=00;36:*~=00;90:*#=00;90:*.bak=00;90:*.crdownload=00;90:*.dpkg-dist=00;90:*.dpkg-new=00;90:*.dpkg-old=00;90:*.dpkg-tmp=00;90:*.old=00;90:*.orig=00;90:*.part=00;90:*.rej=00;90:*.rpmnew=00;90:*.rpmorig=00;90:*.rpmsave=00;90:*.swp=00;90:*.tmp=00;90:*.ucf-dist=00;90:*.ucf-new=00;90:*.ucf-old=00;90:', 'AMENT_PREFIX_PATH': '/home/ngt/auvc_ws/install/tutorial_virtualenvs:/home/ngt/auvc_ws/install/tutorial_pid:/home/ngt/auvc_ws/install/tutorial_ardusub:/home/ngt/auvc_ws/install/tutorial:/home/ngt/auvc_ws/install/rosmav:/home/ngt/auvc_ws/install/example_custom_srv:/home/ngt/cv_ws/install/cv:/home/ngt/pid_ws/install/target_depth_msgs:/home/ngt/pid_ws/install/pid:/home/ngt/auv_dancing/install/tutorial:/opt/ros/jazzy', 'SHELL': '/usr/bin/zsh', 'VIRTUALENVWRAPPER_PROJECT_FILENAME': '.project', 'VIRTUALENVWRAPPER_HOOK_DIR': '/home/ngt/.virtualenvs', 'VSCODE_GIT_ASKPASS_EXTRA_ARGS': '', 'VIRTUALENVWRAPPER_SCRIPT': '/usr/share/virtualenvwrapper/virtualenvwrapper.sh', 'ROS_AUTOMATIC_DISCOVERY_RANGE': 'SUBNET', 'VIRTUAL_ENV': '/home/ngt/.virtualenvs/rosmav', 'LC_ALL': 'en_US.UTF-8', 'PWD': '/home/ngt/ZENS-Final-AUVC/build/control', 'SSH_CONNECTION': '192.168.3.1 59167 192.168.3.2 22', 'COPILOT_DEBUG_NONCE': 'd6eed4c06bd82aa6cee185ab30fdc4f4', 'ZDOTDIR': '/home/ngt', 'PYTHONPATH': '/home/ngt/ZENS-Final-AUVC/build/control/prefix_override:/usr/lib/python3/dist-packages/colcon_core/task/python/colcon_distutils_commands:/home/ngt/ZENS-Final-AUVC/install/control/lib/python3.12/site-packages:/home/ngt/auvc_ws/install/tutorial_virtualenvs/lib/python3.12/site-packages:/home/ngt/auvc_ws/install/tutorial_pid/lib/python3.12/site-packages:/home/ngt/auvc_ws/install/tutorial_ardusub/lib/python3.12/site-packages:/home/ngt/auvc_ws/install/tutorial/lib/python3.12/site-packages:/home/ngt/auvc_ws/install/rosmav/lib/python3.12/site-packages:/home/ngt/auvc_ws/install/example_custom_srv/lib/python3.12/site-packages:/home/ngt/cv_ws/install/cv/lib/python3.12/site-packages:/home/ngt/pid_ws/install/target_depth_msgs/lib/python3.12/site-packages:/home/ngt/pid_ws/install/pid/lib/python3.12/site-packages:/home/ngt/auv_dancing/install/tutorial/lib/python3.12/site-packages:/opt/ros/jazzy/lib/python3.12/site-packages', 'COLCON': '1', 'CMAKE_PREFIX_PATH': '/home/ngt/auvc_ws/install/example_custom_srv:/home/ngt/pid_ws/install/target_depth_msgs:/opt/ros/jazzy/opt/gz_sim_vendor:/opt/ros/jazzy/opt/gz_sensors_vendor:/opt/ros/jazzy/opt/gz_physics_vendor:/opt/ros/jazzy/opt/sdformat_vendor:/opt/ros/jazzy/opt/gz_gui_vendor:/opt/ros/jazzy/opt/gz_transport_vendor:/opt/ros/jazzy/opt/gz_rendering_vendor:/opt/ros/jazzy/opt/gz_plugin_vendor:/opt/ros/jazzy/opt/gz_fuel_tools_vendor:/opt/ros/jazzy/opt/gz_msgs_vendor:/opt/ros/jazzy/opt/gz_common_vendor:/opt/ros/jazzy/opt/gz_math_vendor:/opt/ros/jazzy/opt/gz_utils_vendor:/opt/ros/jazzy/opt/gz_tools_vendor:/opt/ros/jazzy/opt/gz_ogre_next_vendor:/opt/ros/jazzy/opt/gz_dartsim_vendor:/opt/ros/jazzy/opt/gz_cmake_vendor'}, 'shell': False}
[13.049499] (-) TimerEvent: {}
[13.151374] (-) TimerEvent: {}
[13.254343] (-) TimerEvent: {}
[13.357207] (-) TimerEvent: {}
[13.459639] (-) TimerEvent: {}
[13.563438] (-) TimerEvent: {}
[13.665413] (-) TimerEvent: {}
[13.767570] (-) TimerEvent: {}
[13.870718] (-) TimerEvent: {}
[13.977220] (-) TimerEvent: {}
[14.078116] (-) TimerEvent: {}
[14.178951] (-) TimerEvent: {}
[14.280162] (-) TimerEvent: {}
[14.383548] (-) TimerEvent: {}
[14.487282] (-) TimerEvent: {}
[14.588168] (-) TimerEvent: {}
[14.690670] (-) TimerEvent: {}
[14.791547] (-) TimerEvent: {}
[14.892720] (-) TimerEvent: {}
[14.995524] (-) TimerEvent: {}
[15.099519] (-) TimerEvent: {}
[15.200701] (-) TimerEvent: {}
[15.304877] (-) TimerEvent: {}
[15.390958] (cv) StdoutLine: {'line': b'running egg_info\n'}
[15.405233] (-) TimerEvent: {}
[15.507539] (-) TimerEvent: {}
[15.524714] (bringup) StdoutLine: {'line': b'running egg_info\n'}
[15.608662] (-) TimerEvent: {}
[15.698234] (cv) StdoutLine: {'line': b'writing ../../../build/cv/cv.egg-info/PKG-INFO\n'}
[15.701354] (cv) StdoutLine: {'line': b'writing dependency_links to ../../../build/cv/cv.egg-info/dependency_links.txt\n'}
[15.702108] (cv) StdoutLine: {'line': b'writing entry points to ../../../build/cv/cv.egg-info/entry_points.txt\n'}
[15.707277] (cv) StdoutLine: {'line': b'writing requirements to ../../../build/cv/cv.egg-info/requires.txt\n'}
[15.708137] (cv) StdoutLine: {'line': b'writing top-level names to ../../../build/cv/cv.egg-info/top_level.txt\n'}
[15.708829] (-) TimerEvent: {}
[15.763203] (flashing) StdoutLine: {'line': b'running egg_info\n'}
[15.806213] (bringup) StdoutLine: {'line': b'writing ../../../build/bringup/bringup.egg-info/PKG-INFO\n'}
[15.807106] (bringup) StdoutLine: {'line': b'writing dependency_links to ../../../build/bringup/bringup.egg-info/dependency_links.txt\n'}
[15.809067] (bringup) StdoutLine: {'line': b'writing requirements to ../../../build/bringup/bringup.egg-info/requires.txt\n'}
[15.809978] (-) TimerEvent: {}
[15.813337] (bringup) StdoutLine: {'line': b'writing top-level names to ../../../build/bringup/bringup.egg-info/top_level.txt\n'}
[15.814303] (control) StdoutLine: {'line': b'running egg_info\n'}
[15.911212] (-) TimerEvent: {}
[16.017357] (-) TimerEvent: {}
[16.037228] (control) StdoutLine: {'line': b'writing ../../../build/control/control.egg-info/PKG-INFO\n'}
[16.038149] (control) StdoutLine: {'line': b'writing dependency_links to ../../../build/control/control.egg-info/dependency_links.txt\n'}
[16.039046] (control) StdoutLine: {'line': b'writing entry points to ../../../build/control/control.egg-info/entry_points.txt\n'}
[16.039911] (control) StdoutLine: {'line': b'writing requirements to ../../../build/control/control.egg-info/requires.txt\n'}
[16.043256] (control) StdoutLine: {'line': b'writing top-level names to ../../../build/control/control.egg-info/top_level.txt\n'}
[16.117535] (-) TimerEvent: {}
[16.138674] (flashing) StdoutLine: {'line': b'writing ../../../build/flashing/flashing.egg-info/PKG-INFO\n'}
[16.139851] (flashing) StdoutLine: {'line': b'writing dependency_links to ../../../build/flashing/flashing.egg-info/dependency_links.txt\n'}
[16.149026] (flashing) StdoutLine: {'line': b'writing entry points to ../../../build/flashing/flashing.egg-info/entry_points.txt\n'}
[16.179666] (flashing) StdoutLine: {'line': b'writing requirements to ../../../build/flashing/flashing.egg-info/requires.txt\n'}
[16.191210] (flashing) StdoutLine: {'line': b'writing top-level names to ../../../build/flashing/flashing.egg-info/top_level.txt\n'}
[16.218255] (-) TimerEvent: {}
[16.319059] (-) TimerEvent: {}
[16.421109] (-) TimerEvent: {}
[16.524281] (-) TimerEvent: {}
[16.625014] (-) TimerEvent: {}
[16.730211] (-) TimerEvent: {}
[16.830998] (-) TimerEvent: {}
[16.932587] (-) TimerEvent: {}
[17.035259] (-) TimerEvent: {}
[17.139534] (-) TimerEvent: {}
[17.285032] (-) TimerEvent: {}
[17.374702] (bringup) StdoutLine: {'line': b"reading manifest file '../../../build/bringup/bringup.egg-info/SOURCES.txt'\n"}
[17.406188] (-) TimerEvent: {}
[17.409272] (bringup) StdoutLine: {'line': b"writing manifest file '../../../build/bringup/bringup.egg-info/SOURCES.txt'\n"}
[17.410064] (bringup) StdoutLine: {'line': b'running build\n'}
[17.414443] (bringup) StdoutLine: {'line': b'running build_py\n'}
[17.417621] (bringup) StdoutLine: {'line': b'running install\n'}
[17.439860] (bringup) StdoutLine: {'line': b'running install_lib\n'}
[17.508183] (-) TimerEvent: {}
[17.610154] (-) TimerEvent: {}
[17.659489] (cv) StdoutLine: {'line': b"reading manifest file '../../../build/cv/cv.egg-info/SOURCES.txt'\n"}
[17.664913] (cv) StdoutLine: {'line': b"writing manifest file '../../../build/cv/cv.egg-info/SOURCES.txt'\n"}
[17.666959] (bringup) StdoutLine: {'line': b'running install_data\n'}
[17.669758] (bringup) StdoutLine: {'line': b'running install_egg_info\n'}
[17.673401] (cv) StdoutLine: {'line': b'running build\n'}
[17.674167] (cv) StdoutLine: {'line': b'running build_py\n'}
[17.684443] (cv) StdoutLine: {'line': b'running install\n'}
[17.710771] (-) TimerEvent: {}
[17.761400] (cv) StdoutLine: {'line': b'running install_lib\n'}
[17.812012] (-) TimerEvent: {}
[17.822377] (control) StdoutLine: {'line': b"reading manifest file '../../../build/control/control.egg-info/SOURCES.txt'\n"}
[17.826949] (control) StdoutLine: {'line': b"writing manifest file '../../../build/control/control.egg-info/SOURCES.txt'\n"}
[17.882240] (bringup) StdoutLine: {'line': b"removing '/home/ngt/ZENS-Final-AUVC/install/bringup/lib/python3.12/site-packages/bringup-0.0.0-py3.12.egg-info' (and everything under it)\n"}
[17.884765] (bringup) StdoutLine: {'line': b'Copying ../../../build/bringup/bringup.egg-info to /home/ngt/ZENS-Final-AUVC/install/bringup/lib/python3.12/site-packages/bringup-0.0.0-py3.12.egg-info\n'}
[17.894324] (bringup) StdoutLine: {'line': b'running install_scripts\n'}
[17.913253] (-) TimerEvent: {}
[17.952993] (control) StdoutLine: {'line': b'running build\n'}
[17.953843] (control) StdoutLine: {'line': b'running build_py\n'}
[17.957922] (control) StdoutLine: {'line': b'copying control/depth_pid.py -> /home/ngt/ZENS-Final-AUVC/build/control/build/lib/control\n'}
[18.223596] (-) TimerEvent: {}
[18.223992] (flashing) StdoutLine: {'line': b"reading manifest file '../../../build/flashing/flashing.egg-info/SOURCES.txt'\n"}
[18.224573] (cv) StdoutLine: {'line': b'running install_data\n'}
[18.230328] (cv) StdoutLine: {'line': b'running install_egg_info\n'}
[18.233427] (cv) StdoutLine: {'line': b"removing '/home/ngt/ZENS-Final-AUVC/install/cv/lib/python3.12/site-packages/cv-0.0.0-py3.12.egg-info' (and everything under it)\n"}
[18.239328] (control) StdoutLine: {'line': b'running install\n'}
[18.240560] (flashing) StdoutLine: {'line': b"writing manifest file '../../../build/flashing/flashing.egg-info/SOURCES.txt'\n"}
[18.245908] (cv) StdoutLine: {'line': b'Copying ../../../build/cv/cv.egg-info to /home/ngt/ZENS-Final-AUVC/install/cv/lib/python3.12/site-packages/cv-0.0.0-py3.12.egg-info\n'}
[18.260299] (cv) StdoutLine: {'line': b'running install_scripts\n'}
[18.264157] (control) StdoutLine: {'line': b'running install_lib\n'}
[18.323783] (-) TimerEvent: {}
[18.329754] (flashing) StdoutLine: {'line': b'running build\n'}
[18.330543] (flashing) StdoutLine: {'line': b'running build_py\n'}
[18.335744] (flashing) StdoutLine: {'line': b'running install\n'}
[18.380335] (flashing) StdoutLine: {'line': b'running install_lib\n'}
[18.427227] (-) TimerEvent: {}
[18.454901] (bringup) StdoutLine: {'line': b"writing list of installed files to '/home/ngt/ZENS-Final-AUVC/build/bringup/install.log'\n"}
[18.485203] (control) StdoutLine: {'line': b'copying /home/ngt/ZENS-Final-AUVC/build/control/build/lib/control/depth_pid.py -> /home/ngt/ZENS-Final-AUVC/install/control/lib/python3.12/site-packages/control\n'}
[18.491358] (control) StdoutLine: {'line': b'byte-compiling /home/ngt/ZENS-Final-AUVC/install/control/lib/python3.12/site-packages/control/depth_pid.py to depth_pid.cpython-312.pyc\n'}
[18.501309] (control) StdoutLine: {'line': b'running install_data\n'}
[18.502289] (control) StdoutLine: {'line': b'running install_egg_info\n'}
[18.536148] (-) TimerEvent: {}
[18.640285] (-) TimerEvent: {}
[18.741471] (-) TimerEvent: {}
[19.168447] (bringup) CommandEnded: {'returncode': 0}
[19.173700] (-) TimerEvent: {}
[19.174798] (flashing) StdoutLine: {'line': b'running install_data\n'}
[19.175658] (flashing) StdoutLine: {'line': b'running install_egg_info\n'}
[19.179246] (control) StdoutLine: {'line': b"removing '/home/ngt/ZENS-Final-AUVC/install/control/lib/python3.12/site-packages/control-0.0.0-py3.12.egg-info' (and everything under it)\n"}
[19.179934] (cv) StdoutLine: {'line': b'Installing apriltag_detector_node script to /home/ngt/ZENS-Final-AUVC/install/cv/lib/cv\n'}
[19.185219] (flashing) StdoutLine: {'line': b"removing '/home/ngt/ZENS-Final-AUVC/install/flashing/lib/python3.12/site-packages/flashing-0.0.0-py3.12.egg-info' (and everything under it)\n"}
[19.185971] (flashing) StdoutLine: {'line': b'Copying ../../../build/flashing/flashing.egg-info to /home/ngt/ZENS-Final-AUVC/install/flashing/lib/python3.12/site-packages/flashing-0.0.0-py3.12.egg-info\n'}
[19.186646] (control) StdoutLine: {'line': b'Copying ../../../build/control/control.egg-info to /home/ngt/ZENS-Final-AUVC/install/control/lib/python3.12/site-packages/control-0.0.0-py3.12.egg-info\n'}
[19.191006] (control) StdoutLine: {'line': b'running install_scripts\n'}
[19.191930] (flashing) StdoutLine: {'line': b'running install_scripts\n'}
[19.197650] (cv) StdoutLine: {'line': b'Installing calibrate_camera script to /home/ngt/ZENS-Final-AUVC/install/cv/lib/cv\n'}
[19.231323] (bringup) JobEnded: {'identifier': 'bringup', 'rc': 0}
[19.233465] (gazebo_bluerov2) JobStarted: {'identifier': 'gazebo_bluerov2'}
[19.274126] (-) TimerEvent: {}
[19.290177] (gazebo_bluerov2) JobProgress: {'identifier': 'gazebo_bluerov2', 'progress': 'cmake'}
[19.293337] (gazebo_bluerov2) JobProgress: {'identifier': 'gazebo_bluerov2', 'progress': 'build'}
[19.299605] (gazebo_bluerov2) Command: {'cmd': ['/usr/bin/cmake', '--build', '/home/ngt/ZENS-Final-AUVC/build/gazebo_bluerov2', '--', '-j4', '-l4'], 'cwd': '/home/ngt/ZENS-Final-AUVC/build/gazebo_bluerov2', 'env': OrderedDict({'PYTHON_BASIC_REPL': '1', 'VIRTUALENVWRAPPER_WORKON_CD': '1', 'USER': 'ngt', 'SSH_CLIENT': '192.168.3.1 59167 22', 'WORKON_HOME': '/home/ngt/.virtualenvs', 'GZ_SIM_RESOURCE_PATH': '/opt/ros/jazzy/share', 'GZ_CONFIG_PATH': '/opt/ros/jazzy/opt/gz_sim_vendor/share/gz:/opt/ros/jazzy/opt/sdformat_vendor/share/gz:/opt/ros/jazzy/opt/gz_gui_vendor/share/gz:/opt/ros/jazzy/opt/gz_transport_vendor/share/gz:/opt/ros/jazzy/opt/gz_rendering_vendor/share/gz:/opt/ros/jazzy/opt/gz_plugin_vendor/share/gz:/opt/ros/jazzy/opt/gz_fuel_tools_vendor/share/gz:/opt/ros/jazzy/opt/gz_msgs_vendor/share/gz:/opt/ros/jazzy/opt/gz_common_vendor/share/gz', 'XDG_SESSION_TYPE': 'tty', 'GIT_ASKPASS': '/home/ngt/.vscode-server/cli/servers/Stable-1b6a188127eeaf9194f945eb6eb89a657e93c54c/server/extensions/git/dist/askpass.sh', 'SHLVL': '1', 'BROWSER': '/home/ngt/.vscode-server/cli/servers/Stable-1b6a188127eeaf9194f945eb6eb89a657e93c54c/server/bin/helpers/browser.sh', 'LD_LIBRARY_PATH': '/home/ngt/auvc_ws/install/example_custom_srv/lib:/home/ngt/pid_ws/install/target_depth_msgs/lib:/opt/ros/jazzy/opt/gz_sim_vendor/lib:/opt/ros/jazzy/opt/gz_sensors_vendor/lib:/opt/ros/jazzy/opt/gz_physics_vendor/lib:/opt/ros/jazzy/opt/sdformat_vendor/lib:/opt/ros/jazzy/opt/rviz_ogre_vendor/lib:/opt/ros/jazzy/lib/aarch64-linux-gnu:/opt/ros/jazzy/opt/gz_gui_vendor/lib:/opt/ros/jazzy/opt/gz_transport_vendor/lib:/opt/ros/jazzy/opt/gz_rendering_vendor/lib:/opt/ros/jazzy/opt/gz_plugin_vendor/lib:/opt/ros/jazzy/opt/gz_fuel_tools_vendor/lib:/opt/ros/jazzy/opt/gz_msgs_vendor/lib:/opt/ros/jazzy/opt/gz_common_vendor/lib:/opt/ros/jazzy/opt/gz_math_vendor/lib:/opt/ros/jazzy/opt/gz_utils_vendor/lib:/opt/ros/jazzy/opt/gz_tools_vendor/lib:/opt/ros/jazzy/opt/gz_ogre_next_vendor/lib:/opt/ros/jazzy/opt/gz_dartsim_vendor/lib:/opt/ros/jazzy/opt/gz_cmake_vendor/lib:/opt/ros/jazzy/lib', 'GZ_TRANSPORT_ID': '192.168.3.1', 'HOME': '/home/ngt', 'OLDPWD': '/home/ngt', 'LESS': '-R', 'VIRTUALENVWRAPPER_PYTHON': '/usr/bin/python3', 'TERM_PROGRAM_VERSION': '1.130.0', 'VSCODE_IPC_HOOK_CLI': '/run/user/1004/vscode-ipc-ae3df1e9-d8a2-4837-9e51-55dec6bd592e.sock', 'ZSH': '/home/ngt/.oh-my-zsh', 'LSCOLORS': 'Gxfxcxdxbxegedabagacad', 'GZ_TRANSPORT_PUB_PORT': '11345', 'VSCODE_GIT_ASKPASS_MAIN': '/home/ngt/.vscode-server/cli/servers/Stable-1b6a188127eeaf9194f945eb6eb89a657e93c54c/server/extensions/git/dist/askpass-main.js', 'PAGER': 'less', 'ROS_PYTHON_VERSION': '3', 'PS1': '(rosmav) %(?:%{\x1b[01;32m%}%1{➜%} :%{\x1b[01;31m%}%1{➜%} ) %{\x1b[36m%}%c%{\x1b[00m%} $(git_prompt_info)', 'VSCODE_GIT_ASKPASS_NODE': '/home/ngt/.vscode-server/cli/servers/Stable-1b6a188127eeaf9194f945eb6eb89a657e93c54c/server/node', 'DBUS_SESSION_BUS_ADDRESS': 'unix:path=/run/user/1004/bus', 'PYDEVD_DISABLE_FILE_VALIDATION': '1', 'BUNDLED_DEBUGPY_PATH': '/home/ngt/.vscode-server/extensions/ms-python.debugpy-2026.6.0-linux-arm64/bundled/libs/debugpy', 'GZ_TRANSPORT_SUB_PORT': '11346', 'VSCODE_PYTHON_AUTOACTIVATE_GUARD': '1', 'COLORTERM': 'truecolor', 'ROS_DISTRO': 'jazzy', 'COLCON_PREFIX_PATH': '/home/ngt/cv_ws/install:/home/ngt/pid_ws/install:/home/ngt/auvc_ws/install:/home/ngt/auv_dancing/install', 'LOGNAME': 'ngt', '_': '/usr/bin/colcon', 'XDG_SESSION_CLASS': 'user', 'USER_ZDOTDIR': '/home/ngt', 'ROS_VERSION': '2', 'XDG_SESSION_ID': '2', 'TERM': 'xterm-256color', 'PATH': '/home/ngt/.virtualenvs/rosmav/bin:/home/ngt/.opencode/bin:/opt/ros/jazzy/opt/gz_msgs_vendor/bin:/opt/ros/jazzy/opt/gz_tools_vendor/bin:/opt/ros/jazzy/opt/gz_ogre_next_vendor/bin:/opt/ros/jazzy/bin:/usr/lib/ccache:/home/ngt/.vscode-server/data/User/globalStorage/github.copilot-chat/debugCommand:/home/ngt/.vscode-server/data/User/globalStorage/github.copilot-chat/copilotCli:/home/ngt/.vscode-server/cli/servers/Stable-1b6a188127eeaf9194f945eb6eb89a657e93c54c/server/bin/remote-cli:/usr/local/sbin:/usr/local/bin:/usr/sbin:/usr/bin:/sbin:/bin:/usr/games:/usr/local/games:/snap/bin:/home/ngt/.vscode-server/extensions/ms-python.debugpy-2026.6.0-linux-arm64/bundled/scripts/noConfigScripts:/home/ngt/.local/bin:/home/ngt/ardupilot/Tools/autotest', 'XDG_RUNTIME_DIR': '/run/user/1004', 'GZ_PARTITION': 'my_sim', 'LANG': 'en_US.UTF-8', 'VSCODE_DEBUGPY_ADAPTER_ENDPOINTS': '/home/ngt/.vscode-server/extensions/ms-python.debugpy-2026.6.0-linux-arm64/.noConfigDebugAdapterEndpoints/endpoint-cac51e27cd8c6882.txt', 'PYTHONSTARTUP': '/home/ngt/.vscode-server/data/User/workspaceStorage/e30aafa2edaaf296b4a11477f6a9b588/ms-python.python/pythonrc.py', 'VSCODE_INJECTION': '1', 'VIRTUAL_ENV_PROMPT': 'rosmav', 'TERM_PROGRAM': 'vscode', 'VSCODE_GIT_IPC_HANDLE': '/run/user/1004/vscode-git-191b257475.sock', 'LS_COLORS': 'rs=0:di=01;34:ln=01;36:mh=00:pi=40;33:so=01;35:do=01;35:bd=40;33;01:cd=40;33;01:or=40;31;01:mi=00:su=37;41:sg=30;43:ca=00:tw=30;42:ow=34;42:st=37;44:ex=01;32:*.tar=01;31:*.tgz=01;31:*.arc=01;31:*.arj=01;31:*.taz=01;31:*.lha=01;31:*.lz4=01;31:*.lzh=01;31:*.lzma=01;31:*.tlz=01;31:*.txz=01;31:*.tzo=01;31:*.t7z=01;31:*.zip=01;31:*.z=01;31:*.dz=01;31:*.gz=01;31:*.lrz=01;31:*.lz=01;31:*.lzo=01;31:*.xz=01;31:*.zst=01;31:*.tzst=01;31:*.bz2=01;31:*.bz=01;31:*.tbz=01;31:*.tbz2=01;31:*.tz=01;31:*.deb=01;31:*.rpm=01;31:*.jar=01;31:*.war=01;31:*.ear=01;31:*.sar=01;31:*.rar=01;31:*.alz=01;31:*.ace=01;31:*.zoo=01;31:*.cpio=01;31:*.7z=01;31:*.rz=01;31:*.cab=01;31:*.wim=01;31:*.swm=01;31:*.dwm=01;31:*.esd=01;31:*.avif=01;35:*.jpg=01;35:*.jpeg=01;35:*.mjpg=01;35:*.mjpeg=01;35:*.gif=01;35:*.bmp=01;35:*.pbm=01;35:*.pgm=01;35:*.ppm=01;35:*.tga=01;35:*.xbm=01;35:*.xpm=01;35:*.tif=01;35:*.tiff=01;35:*.png=01;35:*.svg=01;35:*.svgz=01;35:*.mng=01;35:*.pcx=01;35:*.mov=01;35:*.mpg=01;35:*.mpeg=01;35:*.m2v=01;35:*.mkv=01;35:*.webm=01;35:*.webp=01;35:*.ogm=01;35:*.mp4=01;35:*.m4v=01;35:*.mp4v=01;35:*.vob=01;35:*.qt=01;35:*.nuv=01;35:*.wmv=01;35:*.asf=01;35:*.rm=01;35:*.rmvb=01;35:*.flc=01;35:*.avi=01;35:*.fli=01;35:*.flv=01;35:*.gl=01;35:*.dl=01;35:*.xcf=01;35:*.xwd=01;35:*.yuv=01;35:*.cgm=01;35:*.emf=01;35:*.ogv=01;35:*.ogx=01;35:*.aac=00;36:*.au=00;36:*.flac=00;36:*.m4a=00;36:*.mid=00;36:*.midi=00;36:*.mka=00;36:*.mp3=00;36:*.mpc=00;36:*.ogg=00;36:*.ra=00;36:*.wav=00;36:*.oga=00;36:*.opus=00;36:*.spx=00;36:*.xspf=00;36:*~=00;90:*#=00;90:*.bak=00;90:*.crdownload=00;90:*.dpkg-dist=00;90:*.dpkg-new=00;90:*.dpkg-old=00;90:*.dpkg-tmp=00;90:*.old=00;90:*.orig=00;90:*.part=00;90:*.rej=00;90:*.rpmnew=00;90:*.rpmorig=00;90:*.rpmsave=00;90:*.swp=00;90:*.tmp=00;90:*.ucf-dist=00;90:*.ucf-new=00;90:*.ucf-old=00;90:', 'AMENT_PREFIX_PATH': '/home/ngt/auvc_ws/install/tutorial_virtualenvs:/home/ngt/auvc_ws/install/tutorial_pid:/home/ngt/auvc_ws/install/tutorial_ardusub:/home/ngt/auvc_ws/install/tutorial:/home/ngt/auvc_ws/install/rosmav:/home/ngt/auvc_ws/install/example_custom_srv:/home/ngt/cv_ws/install/cv:/home/ngt/pid_ws/install/target_depth_msgs:/home/ngt/pid_ws/install/pid:/home/ngt/auv_dancing/install/tutorial:/opt/ros/jazzy', 'SHELL': '/usr/bin/zsh', 'VIRTUALENVWRAPPER_PROJECT_FILENAME': '.project', 'VIRTUALENVWRAPPER_HOOK_DIR': '/home/ngt/.virtualenvs', 'VSCODE_GIT_ASKPASS_EXTRA_ARGS': '', 'VIRTUALENVWRAPPER_SCRIPT': '/usr/share/virtualenvwrapper/virtualenvwrapper.sh', 'ROS_AUTOMATIC_DISCOVERY_RANGE': 'SUBNET', 'VIRTUAL_ENV': '/home/ngt/.virtualenvs/rosmav', 'LC_ALL': 'en_US.UTF-8', 'PWD': '/home/ngt/ZENS-Final-AUVC/build/gazebo_bluerov2', 'SSH_CONNECTION': '192.168.3.1 59167 192.168.3.2 22', 'COPILOT_DEBUG_NONCE': 'd6eed4c06bd82aa6cee185ab30fdc4f4', 'ZDOTDIR': '/home/ngt', 'PYTHONPATH': '/home/ngt/auvc_ws/install/tutorial_virtualenvs/lib/python3.12/site-packages:/home/ngt/auvc_ws/install/tutorial_pid/lib/python3.12/site-packages:/home/ngt/auvc_ws/install/tutorial_ardusub/lib/python3.12/site-packages:/home/ngt/auvc_ws/install/tutorial/lib/python3.12/site-packages:/home/ngt/auvc_ws/install/rosmav/lib/python3.12/site-packages:/home/ngt/auvc_ws/install/example_custom_srv/lib/python3.12/site-packages:/home/ngt/cv_ws/install/cv/lib/python3.12/site-packages:/home/ngt/pid_ws/install/target_depth_msgs/lib/python3.12/site-packages:/home/ngt/pid_ws/install/pid/lib/python3.12/site-packages:/home/ngt/auv_dancing/install/tutorial/lib/python3.12/site-packages:/opt/ros/jazzy/lib/python3.12/site-packages', 'COLCON': '1', 'CMAKE_PREFIX_PATH': '/home/ngt/auvc_ws/install/example_custom_srv:/home/ngt/pid_ws/install/target_depth_msgs:/opt/ros/jazzy/opt/gz_sim_vendor:/opt/ros/jazzy/opt/gz_sensors_vendor:/opt/ros/jazzy/opt/gz_physics_vendor:/opt/ros/jazzy/opt/sdformat_vendor:/opt/ros/jazzy/opt/gz_gui_vendor:/opt/ros/jazzy/opt/gz_transport_vendor:/opt/ros/jazzy/opt/gz_rendering_vendor:/opt/ros/jazzy/opt/gz_plugin_vendor:/opt/ros/jazzy/opt/gz_fuel_tools_vendor:/opt/ros/jazzy/opt/gz_msgs_vendor:/opt/ros/jazzy/opt/gz_common_vendor:/opt/ros/jazzy/opt/gz_math_vendor:/opt/ros/jazzy/opt/gz_utils_vendor:/opt/ros/jazzy/opt/gz_tools_vendor:/opt/ros/jazzy/opt/gz_ogre_next_vendor:/opt/ros/jazzy/opt/gz_dartsim_vendor:/opt/ros/jazzy/opt/gz_cmake_vendor:/home/ngt/auvc_ws/install/tutorial_virtualenvs:/home/ngt/auvc_ws/install/tutorial_pid:/home/ngt/auvc_ws/install/tutorial_ardusub:/home/ngt/auvc_ws/install/tutorial:/home/ngt/auvc_ws/install/rosmav:/home/ngt/cv_ws/install/cv:/home/ngt/pid_ws/install/pid:/home/ngt/auv_dancing/install/tutorial:/opt/ros/jazzy'}), 'shell': False}
[19.374321] (-) TimerEvent: {}
[19.476232] (-) TimerEvent: {}
[19.480251] (cv) StdoutLine: {'line': b'Installing detect_from_image script to /home/ngt/ZENS-Final-AUVC/install/cv/lib/cv\n'}
[19.481149] (cv) StdoutLine: {'line': b'Installing fake_camera_node script to /home/ngt/ZENS-Final-AUVC/install/cv/lib/cv\n'}
[19.484892] (cv) StdoutLine: {'line': b'Installing image_saver_node script to /home/ngt/ZENS-Final-AUVC/install/cv/lib/cv\n'}
[19.492352] (cv) StdoutLine: {'line': b"writing list of installed files to '/home/ngt/ZENS-Final-AUVC/build/cv/install.log'\n"}
[19.579300] (-) TimerEvent: {}
[19.680376] (-) TimerEvent: {}
[19.786290] (cv) CommandEnded: {'returncode': 0}
[19.788011] (-) TimerEvent: {}
[19.852799] (control) StdoutLine: {'line': b'Installing depth_pid script to /home/ngt/ZENS-Final-AUVC/install/control/lib/control\n'}
[19.854791] (control) StdoutLine: {'line': b'Installing heading_pid script to /home/ngt/ZENS-Final-AUVC/install/control/lib/control\n'}
[19.861880] (control) StdoutLine: {'line': b'Installing self_arm script to /home/ngt/ZENS-Final-AUVC/install/control/lib/control\n'}
[19.884584] (control) StdoutLine: {'line': b'Installing self_disarm script to /home/ngt/ZENS-Final-AUVC/install/control/lib/control\n'}
[19.885982] (control) StdoutLine: {'line': b"writing list of installed files to '/home/ngt/ZENS-Final-AUVC/build/control/install.log'\n"}
[19.900810] (-) TimerEvent: {}
[20.012211] (-) TimerEvent: {}
[20.021044] (cv) JobEnded: {'identifier': 'cv', 'rc': 0}
[20.028121] (hardware) JobStarted: {'identifier': 'hardware'}
[20.061503] (flashing) StdoutLine: {'line': b'Installing flashing_node script to /home/ngt/ZENS-Final-AUVC/install/flashing/lib/flashing\n'}
[20.063724] (flashing) StdoutLine: {'line': b"writing list of installed files to '/home/ngt/ZENS-Final-AUVC/build/flashing/install.log'\n"}
[20.124612] (-) TimerEvent: {}
[20.156304] (gazebo_bluerov2) StdoutLine: {'line': b'[ 33%] Built target stream_camera\n'}
[20.229117] (-) TimerEvent: {}
[20.236255] (gazebo_bluerov2) StdoutLine: {'line': b'[ 66%] Built target PressureSensor\n'}
[20.331428] (-) TimerEvent: {}
[20.440256] (-) TimerEvent: {}
[20.545307] (-) TimerEvent: {}
[20.646502] (-) TimerEvent: {}
[20.751581] (-) TimerEvent: {}
[20.835702] (gazebo_bluerov2) StdoutLine: {'line': b'[100%] Built target PressureSensorSystem\n'}
[20.852305] (-) TimerEvent: {}
[20.956481] (-) TimerEvent: {}
[21.058126] (-) TimerEvent: {}
[21.160257] (-) TimerEvent: {}
[21.261579] (-) TimerEvent: {}
[21.363200] (-) TimerEvent: {}
[21.465409] (-) TimerEvent: {}
[21.566365] (-) TimerEvent: {}
[21.667822] (-) TimerEvent: {}
[21.769974] (-) TimerEvent: {}
[21.870736] (-) TimerEvent: {}
[21.972777] (-) TimerEvent: {}
[22.075238] (-) TimerEvent: {}
[22.177450] (-) TimerEvent: {}
[22.284234] (-) TimerEvent: {}
[22.387297] (-) TimerEvent: {}
[22.492234] (-) TimerEvent: {}
[22.593175] (-) TimerEvent: {}
[22.695269] (-) TimerEvent: {}
[22.800227] (-) TimerEvent: {}
[22.901065] (-) TimerEvent: {}
[23.006598] (-) TimerEvent: {}
[23.117272] (-) TimerEvent: {}
[23.218415] (-) TimerEvent: {}
[23.325395] (-) TimerEvent: {}
[23.351327] (flashing) CommandEnded: {'returncode': 0}
[23.426011] (flashing) JobEnded: {'identifier': 'flashing', 'rc': 0}
[23.430978] (-) TimerEvent: {}
[23.431416] (gazebo_bluerov2) CommandEnded: {'returncode': 0}
[23.432840] (gazebo_bluerov2) JobProgress: {'identifier': 'gazebo_bluerov2', 'progress': 'install'}
[23.496527] (gazebo_bluerov2) Command: {'cmd': ['/usr/bin/cmake', '--install', '/home/ngt/ZENS-Final-AUVC/build/gazebo_bluerov2'], 'cwd': '/home/ngt/ZENS-Final-AUVC/build/gazebo_bluerov2', 'env': OrderedDict({'PYTHON_BASIC_REPL': '1', 'VIRTUALENVWRAPPER_WORKON_CD': '1', 'USER': 'ngt', 'SSH_CLIENT': '192.168.3.1 59167 22', 'WORKON_HOME': '/home/ngt/.virtualenvs', 'GZ_SIM_RESOURCE_PATH': '/opt/ros/jazzy/share', 'GZ_CONFIG_PATH': '/opt/ros/jazzy/opt/gz_sim_vendor/share/gz:/opt/ros/jazzy/opt/sdformat_vendor/share/gz:/opt/ros/jazzy/opt/gz_gui_vendor/share/gz:/opt/ros/jazzy/opt/gz_transport_vendor/share/gz:/opt/ros/jazzy/opt/gz_rendering_vendor/share/gz:/opt/ros/jazzy/opt/gz_plugin_vendor/share/gz:/opt/ros/jazzy/opt/gz_fuel_tools_vendor/share/gz:/opt/ros/jazzy/opt/gz_msgs_vendor/share/gz:/opt/ros/jazzy/opt/gz_common_vendor/share/gz', 'XDG_SESSION_TYPE': 'tty', 'GIT_ASKPASS': '/home/ngt/.vscode-server/cli/servers/Stable-1b6a188127eeaf9194f945eb6eb89a657e93c54c/server/extensions/git/dist/askpass.sh', 'SHLVL': '1', 'BROWSER': '/home/ngt/.vscode-server/cli/servers/Stable-1b6a188127eeaf9194f945eb6eb89a657e93c54c/server/bin/helpers/browser.sh', 'LD_LIBRARY_PATH': '/home/ngt/auvc_ws/install/example_custom_srv/lib:/home/ngt/pid_ws/install/target_depth_msgs/lib:/opt/ros/jazzy/opt/gz_sim_vendor/lib:/opt/ros/jazzy/opt/gz_sensors_vendor/lib:/opt/ros/jazzy/opt/gz_physics_vendor/lib:/opt/ros/jazzy/opt/sdformat_vendor/lib:/opt/ros/jazzy/opt/rviz_ogre_vendor/lib:/opt/ros/jazzy/lib/aarch64-linux-gnu:/opt/ros/jazzy/opt/gz_gui_vendor/lib:/opt/ros/jazzy/opt/gz_transport_vendor/lib:/opt/ros/jazzy/opt/gz_rendering_vendor/lib:/opt/ros/jazzy/opt/gz_plugin_vendor/lib:/opt/ros/jazzy/opt/gz_fuel_tools_vendor/lib:/opt/ros/jazzy/opt/gz_msgs_vendor/lib:/opt/ros/jazzy/opt/gz_common_vendor/lib:/opt/ros/jazzy/opt/gz_math_vendor/lib:/opt/ros/jazzy/opt/gz_utils_vendor/lib:/opt/ros/jazzy/opt/gz_tools_vendor/lib:/opt/ros/jazzy/opt/gz_ogre_next_vendor/lib:/opt/ros/jazzy/opt/gz_dartsim_vendor/lib:/opt/ros/jazzy/opt/gz_cmake_vendor/lib:/opt/ros/jazzy/lib', 'GZ_TRANSPORT_ID': '192.168.3.1', 'HOME': '/home/ngt', 'OLDPWD': '/home/ngt', 'LESS': '-R', 'VIRTUALENVWRAPPER_PYTHON': '/usr/bin/python3', 'TERM_PROGRAM_VERSION': '1.130.0', 'VSCODE_IPC_HOOK_CLI': '/run/user/1004/vscode-ipc-ae3df1e9-d8a2-4837-9e51-55dec6bd592e.sock', 'ZSH': '/home/ngt/.oh-my-zsh', 'LSCOLORS': 'Gxfxcxdxbxegedabagacad', 'GZ_TRANSPORT_PUB_PORT': '11345', 'VSCODE_GIT_ASKPASS_MAIN': '/home/ngt/.vscode-server/cli/servers/Stable-1b6a188127eeaf9194f945eb6eb89a657e93c54c/server/extensions/git/dist/askpass-main.js', 'PAGER': 'less', 'ROS_PYTHON_VERSION': '3', 'PS1': '(rosmav) %(?:%{\x1b[01;32m%}%1{➜%} :%{\x1b[01;31m%}%1{➜%} ) %{\x1b[36m%}%c%{\x1b[00m%} $(git_prompt_info)', 'VSCODE_GIT_ASKPASS_NODE': '/home/ngt/.vscode-server/cli/servers/Stable-1b6a188127eeaf9194f945eb6eb89a657e93c54c/server/node', 'DBUS_SESSION_BUS_ADDRESS': 'unix:path=/run/user/1004/bus', 'PYDEVD_DISABLE_FILE_VALIDATION': '1', 'BUNDLED_DEBUGPY_PATH': '/home/ngt/.vscode-server/extensions/ms-python.debugpy-2026.6.0-linux-arm64/bundled/libs/debugpy', 'GZ_TRANSPORT_SUB_PORT': '11346', 'VSCODE_PYTHON_AUTOACTIVATE_GUARD': '1', 'COLORTERM': 'truecolor', 'ROS_DISTRO': 'jazzy', 'COLCON_PREFIX_PATH': '/home/ngt/cv_ws/install:/home/ngt/pid_ws/install:/home/ngt/auvc_ws/install:/home/ngt/auv_dancing/install', 'LOGNAME': 'ngt', '_': '/usr/bin/colcon', 'XDG_SESSION_CLASS': 'user', 'USER_ZDOTDIR': '/home/ngt', 'ROS_VERSION': '2', 'XDG_SESSION_ID': '2', 'TERM': 'xterm-256color', 'PATH': '/home/ngt/.virtualenvs/rosmav/bin:/home/ngt/.opencode/bin:/opt/ros/jazzy/opt/gz_msgs_vendor/bin:/opt/ros/jazzy/opt/gz_tools_vendor/bin:/opt/ros/jazzy/opt/gz_ogre_next_vendor/bin:/opt/ros/jazzy/bin:/usr/lib/ccache:/home/ngt/.vscode-server/data/User/globalStorage/github.copilot-chat/debugCommand:/home/ngt/.vscode-server/data/User/globalStorage/github.copilot-chat/copilotCli:/home/ngt/.vscode-server/cli/servers/Stable-1b6a188127eeaf9194f945eb6eb89a657e93c54c/server/bin/remote-cli:/usr/local/sbin:/usr/local/bin:/usr/sbin:/usr/bin:/sbin:/bin:/usr/games:/usr/local/games:/snap/bin:/home/ngt/.vscode-server/extensions/ms-python.debugpy-2026.6.0-linux-arm64/bundled/scripts/noConfigScripts:/home/ngt/.local/bin:/home/ngt/ardupilot/Tools/autotest', 'XDG_RUNTIME_DIR': '/run/user/1004', 'GZ_PARTITION': 'my_sim', 'LANG': 'en_US.UTF-8', 'VSCODE_DEBUGPY_ADAPTER_ENDPOINTS': '/home/ngt/.vscode-server/extensions/ms-python.debugpy-2026.6.0-linux-arm64/.noConfigDebugAdapterEndpoints/endpoint-cac51e27cd8c6882.txt', 'PYTHONSTARTUP': '/home/ngt/.vscode-server/data/User/workspaceStorage/e30aafa2edaaf296b4a11477f6a9b588/ms-python.python/pythonrc.py', 'VSCODE_INJECTION': '1', 'VIRTUAL_ENV_PROMPT': 'rosmav', 'TERM_PROGRAM': 'vscode', 'VSCODE_GIT_IPC_HANDLE': '/run/user/1004/vscode-git-191b257475.sock', 'LS_COLORS': 'rs=0:di=01;34:ln=01;36:mh=00:pi=40;33:so=01;35:do=01;35:bd=40;33;01:cd=40;33;01:or=40;31;01:mi=00:su=37;41:sg=30;43:ca=00:tw=30;42:ow=34;42:st=37;44:ex=01;32:*.tar=01;31:*.tgz=01;31:*.arc=01;31:*.arj=01;31:*.taz=01;31:*.lha=01;31:*.lz4=01;31:*.lzh=01;31:*.lzma=01;31:*.tlz=01;31:*.txz=01;31:*.tzo=01;31:*.t7z=01;31:*.zip=01;31:*.z=01;31:*.dz=01;31:*.gz=01;31:*.lrz=01;31:*.lz=01;31:*.lzo=01;31:*.xz=01;31:*.zst=01;31:*.tzst=01;31:*.bz2=01;31:*.bz=01;31:*.tbz=01;31:*.tbz2=01;31:*.tz=01;31:*.deb=01;31:*.rpm=01;31:*.jar=01;31:*.war=01;31:*.ear=01;31:*.sar=01;31:*.rar=01;31:*.alz=01;31:*.ace=01;31:*.zoo=01;31:*.cpio=01;31:*.7z=01;31:*.rz=01;31:*.cab=01;31:*.wim=01;31:*.swm=01;31:*.dwm=01;31:*.esd=01;31:*.avif=01;35:*.jpg=01;35:*.jpeg=01;35:*.mjpg=01;35:*.mjpeg=01;35:*.gif=01;35:*.bmp=01;35:*.pbm=01;35:*.pgm=01;35:*.ppm=01;35:*.tga=01;35:*.xbm=01;35:*.xpm=01;35:*.tif=01;35:*.tiff=01;35:*.png=01;35:*.svg=01;35:*.svgz=01;35:*.mng=01;35:*.pcx=01;35:*.mov=01;35:*.mpg=01;35:*.mpeg=01;35:*.m2v=01;35:*.mkv=01;35:*.webm=01;35:*.webp=01;35:*.ogm=01;35:*.mp4=01;35:*.m4v=01;35:*.mp4v=01;35:*.vob=01;35:*.qt=01;35:*.nuv=01;35:*.wmv=01;35:*.asf=01;35:*.rm=01;35:*.rmvb=01;35:*.flc=01;35:*.avi=01;35:*.fli=01;35:*.flv=01;35:*.gl=01;35:*.dl=01;35:*.xcf=01;35:*.xwd=01;35:*.yuv=01;35:*.cgm=01;35:*.emf=01;35:*.ogv=01;35:*.ogx=01;35:*.aac=00;36:*.au=00;36:*.flac=00;36:*.m4a=00;36:*.mid=00;36:*.midi=00;36:*.mka=00;36:*.mp3=00;36:*.mpc=00;36:*.ogg=00;36:*.ra=00;36:*.wav=00;36:*.oga=00;36:*.opus=00;36:*.spx=00;36:*.xspf=00;36:*~=00;90:*#=00;90:*.bak=00;90:*.crdownload=00;90:*.dpkg-dist=00;90:*.dpkg-new=00;90:*.dpkg-old=00;90:*.dpkg-tmp=00;90:*.old=00;90:*.orig=00;90:*.part=00;90:*.rej=00;90:*.rpmnew=00;90:*.rpmorig=00;90:*.rpmsave=00;90:*.swp=00;90:*.tmp=00;90:*.ucf-dist=00;90:*.ucf-new=00;90:*.ucf-old=00;90:', 'AMENT_PREFIX_PATH': '/home/ngt/auvc_ws/install/tutorial_virtualenvs:/home/ngt/auvc_ws/install/tutorial_pid:/home/ngt/auvc_ws/install/tutorial_ardusub:/home/ngt/auvc_ws/install/tutorial:/home/ngt/auvc_ws/install/rosmav:/home/ngt/auvc_ws/install/example_custom_srv:/home/ngt/cv_ws/install/cv:/home/ngt/pid_ws/install/target_depth_msgs:/home/ngt/pid_ws/install/pid:/home/ngt/auv_dancing/install/tutorial:/opt/ros/jazzy', 'SHELL': '/usr/bin/zsh', 'VIRTUALENVWRAPPER_PROJECT_FILENAME': '.project', 'VIRTUALENVWRAPPER_HOOK_DIR': '/home/ngt/.virtualenvs', 'VSCODE_GIT_ASKPASS_EXTRA_ARGS': '', 'VIRTUALENVWRAPPER_SCRIPT': '/usr/share/virtualenvwrapper/virtualenvwrapper.sh', 'ROS_AUTOMATIC_DISCOVERY_RANGE': 'SUBNET', 'VIRTUAL_ENV': '/home/ngt/.virtualenvs/rosmav', 'LC_ALL': 'en_US.UTF-8', 'PWD': '/home/ngt/ZENS-Final-AUVC/build/gazebo_bluerov2', 'SSH_CONNECTION': '192.168.3.1 59167 192.168.3.2 22', 'COPILOT_DEBUG_NONCE': 'd6eed4c06bd82aa6cee185ab30fdc4f4', 'ZDOTDIR': '/home/ngt', 'PYTHONPATH': '/home/ngt/auvc_ws/install/tutorial_virtualenvs/lib/python3.12/site-packages:/home/ngt/auvc_ws/install/tutorial_pid/lib/python3.12/site-packages:/home/ngt/auvc_ws/install/tutorial_ardusub/lib/python3.12/site-packages:/home/ngt/auvc_ws/install/tutorial/lib/python3.12/site-packages:/home/ngt/auvc_ws/install/rosmav/lib/python3.12/site-packages:/home/ngt/auvc_ws/install/example_custom_srv/lib/python3.12/site-packages:/home/ngt/cv_ws/install/cv/lib/python3.12/site-packages:/home/ngt/pid_ws/install/target_depth_msgs/lib/python3.12/site-packages:/home/ngt/pid_ws/install/pid/lib/python3.12/site-packages:/home/ngt/auv_dancing/install/tutorial/lib/python3.12/site-packages:/opt/ros/jazzy/lib/python3.12/site-packages', 'COLCON': '1', 'CMAKE_PREFIX_PATH': '/home/ngt/auvc_ws/install/example_custom_srv:/home/ngt/pid_ws/install/target_depth_msgs:/opt/ros/jazzy/opt/gz_sim_vendor:/opt/ros/jazzy/opt/gz_sensors_vendor:/opt/ros/jazzy/opt/gz_physics_vendor:/opt/ros/jazzy/opt/sdformat_vendor:/opt/ros/jazzy/opt/gz_gui_vendor:/opt/ros/jazzy/opt/gz_transport_vendor:/opt/ros/jazzy/opt/gz_rendering_vendor:/opt/ros/jazzy/opt/gz_plugin_vendor:/opt/ros/jazzy/opt/gz_fuel_tools_vendor:/opt/ros/jazzy/opt/gz_msgs_vendor:/opt/ros/jazzy/opt/gz_common_vendor:/opt/ros/jazzy/opt/gz_math_vendor:/opt/ros/jazzy/opt/gz_utils_vendor:/opt/ros/jazzy/opt/gz_tools_vendor:/opt/ros/jazzy/opt/gz_ogre_next_vendor:/opt/ros/jazzy/opt/gz_dartsim_vendor:/opt/ros/jazzy/opt/gz_cmake_vendor:/home/ngt/auvc_ws/install/tutorial_virtualenvs:/home/ngt/auvc_ws/install/tutorial_pid:/home/ngt/auvc_ws/install/tutorial_ardusub:/home/ngt/auvc_ws/install/tutorial:/home/ngt/auvc_ws/install/rosmav:/home/ngt/cv_ws/install/cv:/home/ngt/pid_ws/install/pid:/home/ngt/auv_dancing/install/tutorial:/opt/ros/jazzy'}), 'shell': False}
[23.505743] (control) CommandEnded: {'returncode': 0}
[23.531512] (-) TimerEvent: {}
[23.606625] (control) JobEnded: {'identifier': 'control', 'rc': 0}
[23.614893] (msgs) JobStarted: {'identifier': 'msgs'}
[23.631906] (-) TimerEvent: {}
[23.654299] (gazebo_bluerov2) StdoutLine: {'line': b'-- Install configuration: ""\n'}
[23.657878] (gazebo_bluerov2) StdoutLine: {'line': b'-- Up-to-date: /home/ngt/ZENS-Final-AUVC/install/gazebo_bluerov2/share/gazebo_bluerov2/models\n'}
[23.660426] (gazebo_bluerov2) StdoutLine: {'line': b'-- Up-to-date: /home/ngt/ZENS-Final-AUVC/install/gazebo_bluerov2/share/gazebo_bluerov2/models/sand_heightmap\n'}
[23.660969] (gazebo_bluerov2) StdoutLine: {'line': b'-- Up-to-date: /home/ngt/ZENS-Final-AUVC/install/gazebo_bluerov2/share/gazebo_bluerov2/models/sand_heightmap/model.sdf\n'}
[23.661524] (gazebo_bluerov2) StdoutLine: {'line': b'-- Up-to-date: /home/ngt/ZENS-Final-AUVC/install/gazebo_bluerov2/share/gazebo_bluerov2/models/sand_heightmap/materials\n'}
[23.662031] (gazebo_bluerov2) StdoutLine: {'line': b'-- Up-to-date: /home/ngt/ZENS-Final-AUVC/install/gazebo_bluerov2/share/gazebo_bluerov2/models/sand_heightmap/materials/flat_normal.png\n'}
[23.668789] (gazebo_bluerov2) StdoutLine: {'line': b'-- Up-to-date: /home/ngt/ZENS-Final-AUVC/install/gazebo_bluerov2/share/gazebo_bluerov2/models/sand_heightmap/materials/soil_sand_0045_01.jpg\n'}
[23.669569] (gazebo_bluerov2) StdoutLine: {'line': b'-- Up-to-date: /home/ngt/ZENS-Final-AUVC/install/gazebo_bluerov2/share/gazebo_bluerov2/models/sand_heightmap/meshes\n'}
[23.670059] (gazebo_bluerov2) StdoutLine: {'line': b'-- Up-to-date: /home/ngt/ZENS-Final-AUVC/install/gazebo_bluerov2/share/gazebo_bluerov2/models/sand_heightmap/meshes/License and source for textures.txt\n'}
[23.670576] (gazebo_bluerov2) StdoutLine: {'line': b'-- Up-to-date: /home/ngt/ZENS-Final-AUVC/install/gazebo_bluerov2/share/gazebo_bluerov2/models/sand_heightmap/meshes/sandseabed.dae\n'}
[23.671343] (gazebo_bluerov2) StdoutLine: {'line': b'-- Up-to-date: /home/ngt/ZENS-Final-AUVC/install/gazebo_bluerov2/share/gazebo_bluerov2/models/sand_heightmap/meshes/heightmap.dae\n'}
[23.680442] (gazebo_bluerov2) StdoutLine: {'line': b'-- Up-to-date: /home/ngt/ZENS-Final-AUVC/install/gazebo_bluerov2/share/gazebo_bluerov2/models/sand_heightmap/meshes/soil_sand_0045_01.jpg\n'}
[23.681675] (gazebo_bluerov2) StdoutLine: {'line': b'-- Up-to-date: /home/ngt/ZENS-Final-AUVC/install/gazebo_bluerov2/share/gazebo_bluerov2/models/sand_heightmap/model.config\n'}
[23.685692] (gazebo_bluerov2) StdoutLine: {'line': b'-- Up-to-date: /home/ngt/ZENS-Final-AUVC/install/gazebo_bluerov2/share/gazebo_bluerov2/models/Apriltag36_11_00001\n'}
[23.686726] (gazebo_bluerov2) StdoutLine: {'line': b'-- Up-to-date: /home/ngt/ZENS-Final-AUVC/install/gazebo_bluerov2/share/gazebo_bluerov2/models/Apriltag36_11_00001/model.sdf\n'}
[23.689329] (gazebo_bluerov2) StdoutLine: {'line': b'-- Up-to-date: /home/ngt/ZENS-Final-AUVC/install/gazebo_bluerov2/share/gazebo_bluerov2/models/Apriltag36_11_00001/materials\n'}
[23.694427] (gazebo_bluerov2) StdoutLine: {'line': b'-- Up-to-date: /home/ngt/ZENS-Final-AUVC/install/gazebo_bluerov2/share/gazebo_bluerov2/models/Apriltag36_11_00001/materials/textures\n'}
[23.695342] (gazebo_bluerov2) StdoutLine: {'line': b'-- Up-to-date: /home/ngt/ZENS-Final-AUVC/install/gazebo_bluerov2/share/gazebo_bluerov2/models/Apriltag36_11_00001/materials/textures/tag36_11_00001.png\n'}
[23.696418] (gazebo_bluerov2) StdoutLine: {'line': b'-- Up-to-date: /home/ngt/ZENS-Final-AUVC/install/gazebo_bluerov2/share/gazebo_bluerov2/models/Apriltag36_11_00001/materials/scripts\n'}
[23.699261] (gazebo_bluerov2) StdoutLine: {'line': b'-- Up-to-date: /home/ngt/ZENS-Final-AUVC/install/gazebo_bluerov2/share/gazebo_bluerov2/models/Apriltag36_11_00001/materials/scripts/Apriltag.material\n'}
[23.705235] (gazebo_bluerov2) StdoutLine: {'line': b'-- Up-to-date: /home/ngt/ZENS-Final-AUVC/install/gazebo_bluerov2/share/gazebo_bluerov2/models/Apriltag36_11_00001/model.config\n'}
[23.710710] (gazebo_bluerov2) StdoutLine: {'line': b'-- Up-to-date: /home/ngt/ZENS-Final-AUVC/install/gazebo_bluerov2/share/gazebo_bluerov2/models/axes\n'}
[23.720014] (gazebo_bluerov2) StdoutLine: {'line': b'-- Up-to-date: /home/ngt/ZENS-Final-AUVC/install/gazebo_bluerov2/share/gazebo_bluerov2/models/axes/model.sdf\n'}
[23.728277] (gazebo_bluerov2) StdoutLine: {'line': b'-- Up-to-date: /home/ngt/ZENS-Final-AUVC/install/gazebo_bluerov2/share/gazebo_bluerov2/models/axes/model.config\n'}
[23.730778] (gazebo_bluerov2) StdoutLine: {'line': b'-- Up-to-date: /home/ngt/ZENS-Final-AUVC/install/gazebo_bluerov2/share/gazebo_bluerov2/models/Apriltag36_11_00004\n'}
[23.735195] (-) TimerEvent: {}
[23.738860] (gazebo_bluerov2) StdoutLine: {'line': b'-- Up-to-date: /home/ngt/ZENS-Final-AUVC/install/gazebo_bluerov2/share/gazebo_bluerov2/models/Apriltag36_11_00004/model.sdf\n'}
[23.741596] (gazebo_bluerov2) StdoutLine: {'line': b'-- Up-to-date: /home/ngt/ZENS-Final-AUVC/install/gazebo_bluerov2/share/gazebo_bluerov2/models/Apriltag36_11_00004/materials\n'}
[23.748940] (gazebo_bluerov2) StdoutLine: {'line': b'-- Up-to-date: /home/ngt/ZENS-Final-AUVC/install/gazebo_bluerov2/share/gazebo_bluerov2/models/Apriltag36_11_00004/materials/textures\n'}
[23.749815] (gazebo_bluerov2) StdoutLine: {'line': b'-- Up-to-date: /home/ngt/ZENS-Final-AUVC/install/gazebo_bluerov2/share/gazebo_bluerov2/models/Apriltag36_11_00004/materials/textures/tag36_11_00004.png\n'}
[23.750716] (gazebo_bluerov2) StdoutLine: {'line': b'-- Up-to-date: /home/ngt/ZENS-Final-AUVC/install/gazebo_bluerov2/share/gazebo_bluerov2/models/Apriltag36_11_00004/materials/scripts\n'}
[23.756836] (gazebo_bluerov2) StdoutLine: {'line': b'-- Up-to-date: /home/ngt/ZENS-Final-AUVC/install/gazebo_bluerov2/share/gazebo_bluerov2/models/Apriltag36_11_00004/materials/scripts/Apriltag.material\n'}
[23.759241] (gazebo_bluerov2) StdoutLine: {'line': b'-- Up-to-date: /home/ngt/ZENS-Final-AUVC/install/gazebo_bluerov2/share/gazebo_bluerov2/models/Apriltag36_11_00004/model.config\n'}
[23.764797] (gazebo_bluerov2) StdoutLine: {'line': b'-- Up-to-date: /home/ngt/ZENS-Final-AUVC/install/gazebo_bluerov2/share/gazebo_bluerov2/models/Apriltag36_11_00008\n'}
[23.767463] (gazebo_bluerov2) StdoutLine: {'line': b'-- Up-to-date: /home/ngt/ZENS-Final-AUVC/install/gazebo_bluerov2/share/gazebo_bluerov2/models/Apriltag36_11_00008/model.sdf\n'}
[23.768351] (gazebo_bluerov2) StdoutLine: {'line': b'-- Up-to-date: /home/ngt/ZENS-Final-AUVC/install/gazebo_bluerov2/share/gazebo_bluerov2/models/Apriltag36_11_00008/materials\n'}
[23.770247] (gazebo_bluerov2) StdoutLine: {'line': b'-- Up-to-date: /home/ngt/ZENS-Final-AUVC/install/gazebo_bluerov2/share/gazebo_bluerov2/models/Apriltag36_11_00008/materials/textures\n'}
[23.772107] (gazebo_bluerov2) StdoutLine: {'line': b'-- Up-to-date: /home/ngt/ZENS-Final-AUVC/install/gazebo_bluerov2/share/gazebo_bluerov2/models/Apriltag36_11_00008/materials/textures/tag36_11_00008.png\n'}
[23.772789] (gazebo_bluerov2) StdoutLine: {'line': b'-- Up-to-date: /home/ngt/ZENS-Final-AUVC/install/gazebo_bluerov2/share/gazebo_bluerov2/models/Apriltag36_11_00008/materials/scripts\n'}
[23.774223] (gazebo_bluerov2) StdoutLine: {'line': b'-- Up-to-date: /home/ngt/ZENS-Final-AUVC/install/gazebo_bluerov2/share/gazebo_bluerov2/models/Apriltag36_11_00008/materials/scripts/Apriltag.material\n'}
[23.776283] (gazebo_bluerov2) StdoutLine: {'line': b'-- Up-to-date: /home/ngt/ZENS-Final-AUVC/install/gazebo_bluerov2/share/gazebo_bluerov2/models/Apriltag36_11_00008/model.config\n'}
[23.785039] (gazebo_bluerov2) StdoutLine: {'line': b'-- Up-to-date: /home/ngt/ZENS-Final-AUVC/install/gazebo_bluerov2/share/gazebo_bluerov2/models/Apriltag36_11_00003\n'}
[23.790878] (gazebo_bluerov2) StdoutLine: {'line': b'-- Up-to-date: /home/ngt/ZENS-Final-AUVC/install/gazebo_bluerov2/share/gazebo_bluerov2/models/Apriltag36_11_00003/model.sdf\n'}
[23.791634] (gazebo_bluerov2) StdoutLine: {'line': b'-- Up-to-date: /home/ngt/ZENS-Final-AUVC/install/gazebo_bluerov2/share/gazebo_bluerov2/models/Apriltag36_11_00003/materials\n'}
[23.794017] (gazebo_bluerov2) StdoutLine: {'line': b'-- Up-to-date: /home/ngt/ZENS-Final-AUVC/install/gazebo_bluerov2/share/gazebo_bluerov2/models/Apriltag36_11_00003/materials/textures\n'}
[23.797635] (gazebo_bluerov2) StdoutLine: {'line': b'-- Up-to-date: /home/ngt/ZENS-Final-AUVC/install/gazebo_bluerov2/share/gazebo_bluerov2/models/Apriltag36_11_00003/materials/textures/tag36_11_00003.png\n'}
[23.800260] (gazebo_bluerov2) StdoutLine: {'line': b'-- Up-to-date: /home/ngt/ZENS-Final-AUVC/install/gazebo_bluerov2/share/gazebo_bluerov2/models/Apriltag36_11_00003/materials/scripts\n'}
[23.801872] (gazebo_bluerov2) StdoutLine: {'line': b'-- Up-to-date: /home/ngt/ZENS-Final-AUVC/install/gazebo_bluerov2/share/gazebo_bluerov2/models/Apriltag36_11_00003/materials/scripts/Apriltag.material\n'}
[23.803897] (gazebo_bluerov2) StdoutLine: {'line': b'-- Up-to-date: /home/ngt/ZENS-Final-AUVC/install/gazebo_bluerov2/share/gazebo_bluerov2/models/Apriltag36_11_00003/model.config\n'}
[23.810995] (gazebo_bluerov2) StdoutLine: {'line': b'-- Up-to-date: /home/ngt/ZENS-Final-AUVC/install/gazebo_bluerov2/share/gazebo_bluerov2/models/Apriltag36_11_00006\n'}
[23.814619] (gazebo_bluerov2) StdoutLine: {'line': b'-- Up-to-date: /home/ngt/ZENS-Final-AUVC/install/gazebo_bluerov2/share/gazebo_bluerov2/models/Apriltag36_11_00006/model.sdf\n'}
[23.815724] (gazebo_bluerov2) StdoutLine: {'line': b'-- Up-to-date: /home/ngt/ZENS-Final-AUVC/install/gazebo_bluerov2/share/gazebo_bluerov2/models/Apriltag36_11_00006/materials\n'}
[23.816300] (gazebo_bluerov2) StdoutLine: {'line': b'-- Up-to-date: /home/ngt/ZENS-Final-AUVC/install/gazebo_bluerov2/share/gazebo_bluerov2/models/Apriltag36_11_00006/materials/textures\n'}
[23.818030] (gazebo_bluerov2) StdoutLine: {'line': b'-- Up-to-date: /home/ngt/ZENS-Final-AUVC/install/gazebo_bluerov2/share/gazebo_bluerov2/models/Apriltag36_11_00006/materials/textures/tag36_11_00006.png\n'}
[23.822262] (gazebo_bluerov2) StdoutLine: {'line': b'-- Up-to-date: /home/ngt/ZENS-Final-AUVC/install/gazebo_bluerov2/share/gazebo_bluerov2/models/Apriltag36_11_00006/materials/scripts\n'}
[23.823653] (gazebo_bluerov2) StdoutLine: {'line': b'-- Up-to-date: /home/ngt/ZENS-Final-AUVC/install/gazebo_bluerov2/share/gazebo_bluerov2/models/Apriltag36_11_00006/materials/scripts/Apriltag.material\n'}
[23.828010] (gazebo_bluerov2) StdoutLine: {'line': b'-- Up-to-date: /home/ngt/ZENS-Final-AUVC/install/gazebo_bluerov2/share/gazebo_bluerov2/models/Apriltag36_11_00006/model.config\n'}
[23.830264] (gazebo_bluerov2) StdoutLine: {'line': b'-- Up-to-date: /home/ngt/ZENS-Final-AUVC/install/gazebo_bluerov2/share/gazebo_bluerov2/models/bluerov2_2025\n'}
[23.832383] (gazebo_bluerov2) StdoutLine: {'line': b'-- Up-to-date: /home/ngt/ZENS-Final-AUVC/install/gazebo_bluerov2/share/gazebo_bluerov2/models/bluerov2_2025/model.sdf\n'}
[23.833191] (gazebo_bluerov2) StdoutLine: {'line': b'-- Up-to-date: /home/ngt/ZENS-Final-AUVC/install/gazebo_bluerov2/share/gazebo_bluerov2/models/bluerov2_2025/model.sdf.in\n'}
[23.833930] (gazebo_bluerov2) StdoutLine: {'line': b'-- Up-to-date: /home/ngt/ZENS-Final-AUVC/install/gazebo_bluerov2/share/gazebo_bluerov2/models/bluerov2_2025/materials\n'}
[23.836648] (-) TimerEvent: {}
[23.838118] (gazebo_bluerov2) StdoutLine: {'line': b'-- Up-to-date: /home/ngt/ZENS-Final-AUVC/install/gazebo_bluerov2/share/gazebo_bluerov2/models/bluerov2_2025/materials/textures\n'}
[23.841117] (gazebo_bluerov2) StdoutLine: {'line': b'-- Up-to-date: /home/ngt/ZENS-Final-AUVC/install/gazebo_bluerov2/share/gazebo_bluerov2/models/bluerov2_2025/materials/textures/april1.png\n'}
[23.842622] (gazebo_bluerov2) StdoutLine: {'line': b'-- Up-to-date: /home/ngt/ZENS-Final-AUVC/install/gazebo_bluerov2/share/gazebo_bluerov2/models/bluerov2_2025/materials/scripts\n'}
[23.846390] (gazebo_bluerov2) StdoutLine: {'line': b'-- Up-to-date: /home/ngt/ZENS-Final-AUVC/install/gazebo_bluerov2/share/gazebo_bluerov2/models/bluerov2_2025/materials/scripts/april_tag_1.material\n'}
[23.849019] (gazebo_bluerov2) StdoutLine: {'line': b'-- Up-to-date: /home/ngt/ZENS-Final-AUVC/install/gazebo_bluerov2/share/gazebo_bluerov2/models/bluerov2_2025/BlueROV2.md\n'}
[23.850690] (gazebo_bluerov2) StdoutLine: {'line': b'-- Up-to-date: /home/ngt/ZENS-Final-AUVC/install/gazebo_bluerov2/share/gazebo_bluerov2/models/bluerov2_2025/configs.yaml\n'}
[23.851327] (gazebo_bluerov2) StdoutLine: {'line': b'-- Up-to-date: /home/ngt/ZENS-Final-AUVC/install/gazebo_bluerov2/share/gazebo_bluerov2/models/bluerov2_2025/meshes\n'}
[23.851918] (gazebo_bluerov2) StdoutLine: {'line': b'-- Up-to-date: /home/ngt/ZENS-Final-AUVC/install/gazebo_bluerov2/share/gazebo_bluerov2/models/bluerov2_2025/meshes/t200_cw_prop.dae\n'}
[23.853105] (gazebo_bluerov2) StdoutLine: {'line': b'-- Up-to-date: /home/ngt/ZENS-Final-AUVC/install/gazebo_bluerov2/share/gazebo_bluerov2/models/bluerov2_2025/meshes/t200_ccw_prop.dae\n'}
[23.854319] (gazebo_bluerov2) StdoutLine: {'line': b'-- Up-to-date: /home/ngt/ZENS-Final-AUVC/install/gazebo_bluerov2/share/gazebo_bluerov2/models/bluerov2_2025/meshes/bluerov2.dae\n'}
[23.854899] (gazebo_bluerov2) StdoutLine: {'line': b'-- Up-to-date: /home/ngt/ZENS-Final-AUVC/install/gazebo_bluerov2/share/gazebo_bluerov2/models/bluerov2_2025/model.config\n'}
[23.855772] (gazebo_bluerov2) StdoutLine: {'line': b'-- Up-to-date: /home/ngt/ZENS-Final-AUVC/install/gazebo_bluerov2/share/gazebo_bluerov2/models/bluerov2_heavy\n'}
[23.856374] (gazebo_bluerov2) StdoutLine: {'line': b'-- Up-to-date: /home/ngt/ZENS-Final-AUVC/install/gazebo_bluerov2/share/gazebo_bluerov2/models/bluerov2_heavy/model.sdf\n'}
[23.857038] (gazebo_bluerov2) StdoutLine: {'line': b'-- Up-to-date: /home/ngt/ZENS-Final-AUVC/install/gazebo_bluerov2/share/gazebo_bluerov2/models/bluerov2_heavy/model.sdf.in\n'}
[23.858437] (gazebo_bluerov2) StdoutLine: {'line': b'-- Up-to-date: /home/ngt/ZENS-Final-AUVC/install/gazebo_bluerov2/share/gazebo_bluerov2/models/bluerov2_heavy/BlueROV2Heavy.md\n'}
[23.864219] (gazebo_bluerov2) StdoutLine: {'line': b'-- Up-to-date: /home/ngt/ZENS-Final-AUVC/install/gazebo_bluerov2/share/gazebo_bluerov2/models/bluerov2_heavy/configs.yaml\n'}
[23.864950] (gazebo_bluerov2) StdoutLine: {'line': b'-- Up-to-date: /home/ngt/ZENS-Final-AUVC/install/gazebo_bluerov2/share/gazebo_bluerov2/models/bluerov2_heavy/meshes\n'}
[23.866702] (gazebo_bluerov2) StdoutLine: {'line': b'-- Up-to-date: /home/ngt/ZENS-Final-AUVC/install/gazebo_bluerov2/share/gazebo_bluerov2/models/bluerov2_heavy/meshes/t200_cw_prop.dae\n'}
[23.873535] (gazebo_bluerov2) StdoutLine: {'line': b'-- Up-to-date: /home/ngt/ZENS-Final-AUVC/install/gazebo_bluerov2/share/gazebo_bluerov2/models/bluerov2_heavy/meshes/t200_ccw_prop.dae\n'}
[23.875542] (gazebo_bluerov2) StdoutLine: {'line': b'-- Up-to-date: /home/ngt/ZENS-Final-AUVC/install/gazebo_bluerov2/share/gazebo_bluerov2/models/bluerov2_heavy/meshes/bluerov2_heavy.dae\n'}
[23.879693] (gazebo_bluerov2) StdoutLine: {'line': b'-- Up-to-date: /home/ngt/ZENS-Final-AUVC/install/gazebo_bluerov2/share/gazebo_bluerov2/models/bluerov2_heavy/model.config\n'}
[23.887584] (gazebo_bluerov2) StdoutLine: {'line': b'-- Up-to-date: /home/ngt/ZENS-Final-AUVC/install/gazebo_bluerov2/share/gazebo_bluerov2/models/Apriltag36_11_00005\n'}
[23.891626] (gazebo_bluerov2) StdoutLine: {'line': b'-- Up-to-date: /home/ngt/ZENS-Final-AUVC/install/gazebo_bluerov2/share/gazebo_bluerov2/models/Apriltag36_11_00005/model.sdf\n'}
[23.892444] (gazebo_bluerov2) StdoutLine: {'line': b'-- Up-to-date: /home/ngt/ZENS-Final-AUVC/install/gazebo_bluerov2/share/gazebo_bluerov2/models/Apriltag36_11_00005/materials\n'}
[23.893002] (gazebo_bluerov2) StdoutLine: {'line': b'-- Up-to-date: /home/ngt/ZENS-Final-AUVC/install/gazebo_bluerov2/share/gazebo_bluerov2/models/Apriltag36_11_00005/materials/textures\n'}
[23.893727] (gazebo_bluerov2) StdoutLine: {'line': b'-- Up-to-date: /home/ngt/ZENS-Final-AUVC/install/gazebo_bluerov2/share/gazebo_bluerov2/models/Apriltag36_11_00005/materials/textures/tag36_11_00005.png\n'}
[23.894697] (gazebo_bluerov2) StdoutLine: {'line': b'-- Up-to-date: /home/ngt/ZENS-Final-AUVC/install/gazebo_bluerov2/share/gazebo_bluerov2/models/Apriltag36_11_00005/materials/scripts\n'}
[23.895395] (gazebo_bluerov2) StdoutLine: {'line': b'-- Up-to-date: /home/ngt/ZENS-Final-AUVC/install/gazebo_bluerov2/share/gazebo_bluerov2/models/Apriltag36_11_00005/materials/scripts/Apriltag.material\n'}
[23.896064] (gazebo_bluerov2) StdoutLine: {'line': b'-- Up-to-date: /home/ngt/ZENS-Final-AUVC/install/gazebo_bluerov2/share/gazebo_bluerov2/models/Apriltag36_11_00005/model.config\n'}
[23.903158] (gazebo_bluerov2) StdoutLine: {'line': b'-- Up-to-date: /home/ngt/ZENS-Final-AUVC/install/gazebo_bluerov2/share/gazebo_bluerov2/models/pool_map\n'}
[23.905987] (gazebo_bluerov2) StdoutLine: {'line': b'-- Up-to-date: /home/ngt/ZENS-Final-AUVC/install/gazebo_bluerov2/share/gazebo_bluerov2/models/pool_map/model.sdf\n'}
[23.920803] (gazebo_bluerov2) StdoutLine: {'line': b'-- Up-to-date: /home/ngt/ZENS-Final-AUVC/install/gazebo_bluerov2/share/gazebo_bluerov2/models/pool_map/blenderkit.jpg\n'}
[23.925978] (gazebo_bluerov2) StdoutLine: {'line': b'-- Up-to-date: /home/ngt/ZENS-Final-AUVC/install/gazebo_bluerov2/share/gazebo_bluerov2/models/pool_map/Black.png\n'}
[23.926644] (gazebo_bluerov2) StdoutLine: {'line': b'-- Up-to-date: /home/ngt/ZENS-Final-AUVC/install/gazebo_bluerov2/share/gazebo_bluerov2/models/pool_map/model.config\n'}
[23.928552] (gazebo_bluerov2) StdoutLine: {'line': b'-- Up-to-date: /home/ngt/ZENS-Final-AUVC/install/gazebo_bluerov2/share/gazebo_bluerov2/models/pool_map/model.dae\n'}
[23.929607] (gazebo_bluerov2) StdoutLine: {'line': b'-- Up-to-date: /home/ngt/ZENS-Final-AUVC/install/gazebo_bluerov2/share/gazebo_bluerov2/models/bluerov2_2025_port_9012\n'}
[23.933455] (gazebo_bluerov2) StdoutLine: {'line': b'-- Up-to-date: /home/ngt/ZENS-Final-AUVC/install/gazebo_bluerov2/share/gazebo_bluerov2/models/bluerov2_2025_port_9012/model.sdf\n'}
[23.934192] (gazebo_bluerov2) StdoutLine: {'line': b'-- Up-to-date: /home/ngt/ZENS-Final-AUVC/install/gazebo_bluerov2/share/gazebo_bluerov2/models/bluerov2_2025_port_9012/model.sdf.in\n'}
[23.934777] (gazebo_bluerov2) StdoutLine: {'line': b'-- Up-to-date: /home/ngt/ZENS-Final-AUVC/install/gazebo_bluerov2/share/gazebo_bluerov2/models/bluerov2_2025_port_9012/materials\n'}
[23.944111] (-) TimerEvent: {}
[23.945032] (gazebo_bluerov2) StdoutLine: {'line': b'-- Up-to-date: /home/ngt/ZENS-Final-AUVC/install/gazebo_bluerov2/share/gazebo_bluerov2/models/bluerov2_2025_port_9012/materials/textures\n'}
[23.947247] (gazebo_bluerov2) StdoutLine: {'line': b'-- Up-to-date: /home/ngt/ZENS-Final-AUVC/install/gazebo_bluerov2/share/gazebo_bluerov2/models/bluerov2_2025_port_9012/materials/textures/april1.png\n'}
[23.948213] (gazebo_bluerov2) StdoutLine: {'line': b'-- Up-to-date: /home/ngt/ZENS-Final-AUVC/install/gazebo_bluerov2/share/gazebo_bluerov2/models/bluerov2_2025_port_9012/materials/scripts\n'}
[23.957726] (gazebo_bluerov2) StdoutLine: {'line': b'-- Up-to-date: /home/ngt/ZENS-Final-AUVC/install/gazebo_bluerov2/share/gazebo_bluerov2/models/bluerov2_2025_port_9012/materials/scripts/april_tag_1.material\n'}
[23.965576] (gazebo_bluerov2) StdoutLine: {'line': b'-- Up-to-date: /home/ngt/ZENS-Final-AUVC/install/gazebo_bluerov2/share/gazebo_bluerov2/models/bluerov2_2025_port_9012/BlueROV2.md\n'}
[23.966448] (gazebo_bluerov2) StdoutLine: {'line': b'-- Up-to-date: /home/ngt/ZENS-Final-AUVC/install/gazebo_bluerov2/share/gazebo_bluerov2/models/bluerov2_2025_port_9012/configs.yaml\n'}
[23.968334] (gazebo_bluerov2) StdoutLine: {'line': b'-- Up-to-date: /home/ngt/ZENS-Final-AUVC/install/gazebo_bluerov2/share/gazebo_bluerov2/models/bluerov2_2025_port_9012/meshes\n'}
[23.969037] (gazebo_bluerov2) StdoutLine: {'line': b'-- Up-to-date: /home/ngt/ZENS-Final-AUVC/install/gazebo_bluerov2/share/gazebo_bluerov2/models/bluerov2_2025_port_9012/meshes/t200_cw_prop.dae\n'}
[23.973815] (gazebo_bluerov2) StdoutLine: {'line': b'-- Up-to-date: /home/ngt/ZENS-Final-AUVC/install/gazebo_bluerov2/share/gazebo_bluerov2/models/bluerov2_2025_port_9012/meshes/t200_ccw_prop.dae\n'}
[23.982235] (gazebo_bluerov2) StdoutLine: {'line': b'-- Up-to-date: /home/ngt/ZENS-Final-AUVC/install/gazebo_bluerov2/share/gazebo_bluerov2/models/bluerov2_2025_port_9012/meshes/bluerov2.dae\n'}
[23.983269] (gazebo_bluerov2) StdoutLine: {'line': b'-- Up-to-date: /home/ngt/ZENS-Final-AUVC/install/gazebo_bluerov2/share/gazebo_bluerov2/models/bluerov2_2025_port_9012/model.config\n'}
[23.984134] (gazebo_bluerov2) StdoutLine: {'line': b'-- Up-to-date: /home/ngt/ZENS-Final-AUVC/install/gazebo_bluerov2/share/gazebo_bluerov2/models/Apriltag36_11_00002\n'}
[23.996907] (gazebo_bluerov2) StdoutLine: {'line': b'-- Up-to-date: /home/ngt/ZENS-Final-AUVC/install/gazebo_bluerov2/share/gazebo_bluerov2/models/Apriltag36_11_00002/model.sdf\n'}
[23.998986] (gazebo_bluerov2) StdoutLine: {'line': b'-- Up-to-date: /home/ngt/ZENS-Final-AUVC/install/gazebo_bluerov2/share/gazebo_bluerov2/models/Apriltag36_11_00002/materials\n'}
[24.004038] (gazebo_bluerov2) StdoutLine: {'line': b'-- Up-to-date: /home/ngt/ZENS-Final-AUVC/install/gazebo_bluerov2/share/gazebo_bluerov2/models/Apriltag36_11_00002/materials/textures\n'}
[24.008592] (gazebo_bluerov2) StdoutLine: {'line': b'-- Up-to-date: /home/ngt/ZENS-Final-AUVC/install/gazebo_bluerov2/share/gazebo_bluerov2/models/Apriltag36_11_00002/materials/textures/tag36_11_00002.png\n'}
[24.009393] (gazebo_bluerov2) StdoutLine: {'line': b'-- Up-to-date: /home/ngt/ZENS-Final-AUVC/install/gazebo_bluerov2/share/gazebo_bluerov2/models/Apriltag36_11_00002/materials/scripts\n'}
[24.010067] (gazebo_bluerov2) StdoutLine: {'line': b'-- Up-to-date: /home/ngt/ZENS-Final-AUVC/install/gazebo_bluerov2/share/gazebo_bluerov2/models/Apriltag36_11_00002/materials/scripts/Apriltag.material\n'}
[24.016419] (gazebo_bluerov2) StdoutLine: {'line': b'-- Up-to-date: /home/ngt/ZENS-Final-AUVC/install/gazebo_bluerov2/share/gazebo_bluerov2/models/Apriltag36_11_00002/model.config\n'}
[24.020350] (gazebo_bluerov2) StdoutLine: {'line': b'-- Up-to-date: /home/ngt/ZENS-Final-AUVC/install/gazebo_bluerov2/share/gazebo_bluerov2/models/bluerov2\n'}
[24.021208] (gazebo_bluerov2) StdoutLine: {'line': b'-- Up-to-date: /home/ngt/ZENS-Final-AUVC/install/gazebo_bluerov2/share/gazebo_bluerov2/models/bluerov2/model.sdf\n'}
[24.021883] (gazebo_bluerov2) StdoutLine: {'line': b'-- Up-to-date: /home/ngt/ZENS-Final-AUVC/install/gazebo_bluerov2/share/gazebo_bluerov2/models/bluerov2/model.sdf.in\n'}
[24.026640] (gazebo_bluerov2) StdoutLine: {'line': b'-- Up-to-date: /home/ngt/ZENS-Final-AUVC/install/gazebo_bluerov2/share/gazebo_bluerov2/models/bluerov2/materials\n'}
[24.027454] (gazebo_bluerov2) StdoutLine: {'line': b'-- Up-to-date: /home/ngt/ZENS-Final-AUVC/install/gazebo_bluerov2/share/gazebo_bluerov2/models/bluerov2/materials/textures\n'}
[24.028008] (gazebo_bluerov2) StdoutLine: {'line': b'-- Up-to-date: /home/ngt/ZENS-Final-AUVC/install/gazebo_bluerov2/share/gazebo_bluerov2/models/bluerov2/materials/textures/april1.png\n'}
[24.035950] (gazebo_bluerov2) StdoutLine: {'line': b'-- Up-to-date: /home/ngt/ZENS-Final-AUVC/install/gazebo_bluerov2/share/gazebo_bluerov2/models/bluerov2/materials/scripts\n'}
[24.036614] (gazebo_bluerov2) StdoutLine: {'line': b'-- Up-to-date: /home/ngt/ZENS-Final-AUVC/install/gazebo_bluerov2/share/gazebo_bluerov2/models/bluerov2/materials/scripts/april_tag_1.material\n'}
[24.037023] (gazebo_bluerov2) StdoutLine: {'line': b'-- Up-to-date: /home/ngt/ZENS-Final-AUVC/install/gazebo_bluerov2/share/gazebo_bluerov2/models/bluerov2/BlueROV2.md\n'}
[24.037524] (gazebo_bluerov2) StdoutLine: {'line': b'-- Up-to-date: /home/ngt/ZENS-Final-AUVC/install/gazebo_bluerov2/share/gazebo_bluerov2/models/bluerov2/configs.yaml\n'}
[24.037940] (gazebo_bluerov2) StdoutLine: {'line': b'-- Up-to-date: /home/ngt/ZENS-Final-AUVC/install/gazebo_bluerov2/share/gazebo_bluerov2/models/bluerov2/meshes\n'}
[24.038879] (gazebo_bluerov2) StdoutLine: {'line': b'-- Up-to-date: /home/ngt/ZENS-Final-AUVC/install/gazebo_bluerov2/share/gazebo_bluerov2/models/bluerov2/meshes/t200_cw_prop.dae\n'}
[24.039803] (gazebo_bluerov2) StdoutLine: {'line': b'-- Up-to-date: /home/ngt/ZENS-Final-AUVC/install/gazebo_bluerov2/share/gazebo_bluerov2/models/bluerov2/meshes/t200_ccw_prop.dae\n'}
[24.044452] (-) TimerEvent: {}
[24.044885] (gazebo_bluerov2) StdoutLine: {'line': b'-- Up-to-date: /home/ngt/ZENS-Final-AUVC/install/gazebo_bluerov2/share/gazebo_bluerov2/models/bluerov2/meshes/bluerov2.dae\n'}
[24.049666] (gazebo_bluerov2) StdoutLine: {'line': b'-- Up-to-date: /home/ngt/ZENS-Final-AUVC/install/gazebo_bluerov2/share/gazebo_bluerov2/models/bluerov2/model.config\n'}
[24.050224] (gazebo_bluerov2) StdoutLine: {'line': b'-- Up-to-date: /home/ngt/ZENS-Final-AUVC/install/gazebo_bluerov2/share/gazebo_bluerov2/models/bluerov2_2025_port_9002\n'}
[24.054524] (gazebo_bluerov2) StdoutLine: {'line': b'-- Up-to-date: /home/ngt/ZENS-Final-AUVC/install/gazebo_bluerov2/share/gazebo_bluerov2/models/bluerov2_2025_port_9002/model.sdf\n'}
[24.055187] (gazebo_bluerov2) StdoutLine: {'line': b'-- Up-to-date: /home/ngt/ZENS-Final-AUVC/install/gazebo_bluerov2/share/gazebo_bluerov2/models/bluerov2_2025_port_9002/model.sdf.in\n'}
[24.055740] (gazebo_bluerov2) StdoutLine: {'line': b'-- Up-to-date: /home/ngt/ZENS-Final-AUVC/install/gazebo_bluerov2/share/gazebo_bluerov2/models/bluerov2_2025_port_9002/materials\n'}
[24.061167] (gazebo_bluerov2) StdoutLine: {'line': b'-- Up-to-date: /home/ngt/ZENS-Final-AUVC/install/gazebo_bluerov2/share/gazebo_bluerov2/models/bluerov2_2025_port_9002/materials/textures\n'}
[24.065595] (gazebo_bluerov2) StdoutLine: {'line': b'-- Up-to-date: /home/ngt/ZENS-Final-AUVC/install/gazebo_bluerov2/share/gazebo_bluerov2/models/bluerov2_2025_port_9002/materials/textures/april1.png\n'}
[24.069568] (gazebo_bluerov2) StdoutLine: {'line': b'-- Up-to-date: /home/ngt/ZENS-Final-AUVC/install/gazebo_bluerov2/share/gazebo_bluerov2/models/bluerov2_2025_port_9002/materials/scripts\n'}
[24.076012] (gazebo_bluerov2) StdoutLine: {'line': b'-- Up-to-date: /home/ngt/ZENS-Final-AUVC/install/gazebo_bluerov2/share/gazebo_bluerov2/models/bluerov2_2025_port_9002/materials/scripts/april_tag_1.material\n'}
[24.078008] (gazebo_bluerov2) StdoutLine: {'line': b'-- Up-to-date: /home/ngt/ZENS-Final-AUVC/install/gazebo_bluerov2/share/gazebo_bluerov2/models/bluerov2_2025_port_9002/BlueROV2.md\n'}
[24.083573] (gazebo_bluerov2) StdoutLine: {'line': b'-- Up-to-date: /home/ngt/ZENS-Final-AUVC/install/gazebo_bluerov2/share/gazebo_bluerov2/models/bluerov2_2025_port_9002/configs.yaml\n'}
[24.097537] (gazebo_bluerov2) StdoutLine: {'line': b'-- Up-to-date: /home/ngt/ZENS-Final-AUVC/install/gazebo_bluerov2/share/gazebo_bluerov2/models/bluerov2_2025_port_9002/meshes\n'}
[24.098364] (gazebo_bluerov2) StdoutLine: {'line': b'-- Up-to-date: /home/ngt/ZENS-Final-AUVC/install/gazebo_bluerov2/share/gazebo_bluerov2/models/bluerov2_2025_port_9002/meshes/t200_cw_prop.dae\n'}
[24.098994] (gazebo_bluerov2) StdoutLine: {'line': b'-- Up-to-date: /home/ngt/ZENS-Final-AUVC/install/gazebo_bluerov2/share/gazebo_bluerov2/models/bluerov2_2025_port_9002/meshes/t200_ccw_prop.dae\n'}
[24.099601] (gazebo_bluerov2) StdoutLine: {'line': b'-- Up-to-date: /home/ngt/ZENS-Final-AUVC/install/gazebo_bluerov2/share/gazebo_bluerov2/models/bluerov2_2025_port_9002/meshes/bluerov2.dae\n'}
[24.100204] (gazebo_bluerov2) StdoutLine: {'line': b'-- Up-to-date: /home/ngt/ZENS-Final-AUVC/install/gazebo_bluerov2/share/gazebo_bluerov2/models/bluerov2_2025_port_9002/model.config\n'}
[24.111502] (gazebo_bluerov2) StdoutLine: {'line': b'-- Up-to-date: /home/ngt/ZENS-Final-AUVC/install/gazebo_bluerov2/share/gazebo_bluerov2/models/Apriltag36_11_00000\n'}
[24.112030] (gazebo_bluerov2) StdoutLine: {'line': b'-- Up-to-date: /home/ngt/ZENS-Final-AUVC/install/gazebo_bluerov2/share/gazebo_bluerov2/models/Apriltag36_11_00000/model.sdf\n'}
[24.112603] (gazebo_bluerov2) StdoutLine: {'line': b'-- Up-to-date: /home/ngt/ZENS-Final-AUVC/install/gazebo_bluerov2/share/gazebo_bluerov2/models/Apriltag36_11_00000/materials\n'}
[24.113151] (gazebo_bluerov2) StdoutLine: {'line': b'-- Up-to-date: /home/ngt/ZENS-Final-AUVC/install/gazebo_bluerov2/share/gazebo_bluerov2/models/Apriltag36_11_00000/materials/textures\n'}
[24.113759] (gazebo_bluerov2) StdoutLine: {'line': b'-- Up-to-date: /home/ngt/ZENS-Final-AUVC/install/gazebo_bluerov2/share/gazebo_bluerov2/models/Apriltag36_11_00000/materials/textures/tag36_11_00000.png\n'}
[24.124176] (gazebo_bluerov2) StdoutLine: {'line': b'-- Up-to-date: /home/ngt/ZENS-Final-AUVC/install/gazebo_bluerov2/share/gazebo_bluerov2/models/Apriltag36_11_00000/materials/scripts\n'}
[24.124934] (gazebo_bluerov2) StdoutLine: {'line': b'-- Up-to-date: /home/ngt/ZENS-Final-AUVC/install/gazebo_bluerov2/share/gazebo_bluerov2/models/Apriltag36_11_00000/materials/scripts/Apriltag.material\n'}
[24.127917] (gazebo_bluerov2) StdoutLine: {'line': b'-- Up-to-date: /home/ngt/ZENS-Final-AUVC/install/gazebo_bluerov2/share/gazebo_bluerov2/models/Apriltag36_11_00000/model.config\n'}
[24.133998] (gazebo_bluerov2) StdoutLine: {'line': b'-- Up-to-date: /home/ngt/ZENS-Final-AUVC/install/gazebo_bluerov2/share/gazebo_bluerov2/models/Apriltag36_11_00007\n'}
[24.137911] (gazebo_bluerov2) StdoutLine: {'line': b'-- Up-to-date: /home/ngt/ZENS-Final-AUVC/install/gazebo_bluerov2/share/gazebo_bluerov2/models/Apriltag36_11_00007/model.sdf\n'}
[24.138679] (gazebo_bluerov2) StdoutLine: {'line': b'-- Up-to-date: /home/ngt/ZENS-Final-AUVC/install/gazebo_bluerov2/share/gazebo_bluerov2/models/Apriltag36_11_00007/materials\n'}
[24.145819] (-) TimerEvent: {}
[24.146520] (gazebo_bluerov2) StdoutLine: {'line': b'-- Up-to-date: /home/ngt/ZENS-Final-AUVC/install/gazebo_bluerov2/share/gazebo_bluerov2/models/Apriltag36_11_00007/materials/textures\n'}
[24.147562] (gazebo_bluerov2) StdoutLine: {'line': b'-- Up-to-date: /home/ngt/ZENS-Final-AUVC/install/gazebo_bluerov2/share/gazebo_bluerov2/models/Apriltag36_11_00007/materials/textures/tag36_11_00007.png\n'}
[24.152439] (gazebo_bluerov2) StdoutLine: {'line': b'-- Up-to-date: /home/ngt/ZENS-Final-AUVC/install/gazebo_bluerov2/share/gazebo_bluerov2/models/Apriltag36_11_00007/materials/scripts\n'}
[24.153129] (gazebo_bluerov2) StdoutLine: {'line': b'-- Up-to-date: /home/ngt/ZENS-Final-AUVC/install/gazebo_bluerov2/share/gazebo_bluerov2/models/Apriltag36_11_00007/materials/scripts/Apriltag.material\n'}
[24.153766] (gazebo_bluerov2) StdoutLine: {'line': b'-- Up-to-date: /home/ngt/ZENS-Final-AUVC/install/gazebo_bluerov2/share/gazebo_bluerov2/models/Apriltag36_11_00007/model.config\n'}
[24.178226] (gazebo_bluerov2) StdoutLine: {'line': b'-- Up-to-date: /home/ngt/ZENS-Final-AUVC/install/gazebo_bluerov2/share/gazebo_bluerov2/worlds\n'}
[24.179136] (gazebo_bluerov2) StdoutLine: {'line': b'-- Up-to-date: /home/ngt/ZENS-Final-AUVC/install/gazebo_bluerov2/share/gazebo_bluerov2/worlds/bluerov2_simulation_1x.world\n'}
[24.179842] (gazebo_bluerov2) StdoutLine: {'line': b'-- Up-to-date: /home/ngt/ZENS-Final-AUVC/install/gazebo_bluerov2/share/gazebo_bluerov2/worlds/bluerov2_camera.world\n'}
[24.180708] (gazebo_bluerov2) StdoutLine: {'line': b'-- Up-to-date: /home/ngt/ZENS-Final-AUVC/install/gazebo_bluerov2/share/gazebo_bluerov2/worlds/bluerov2_simulation_2x.world\n'}
[24.187417] (gazebo_bluerov2) StdoutLine: {'line': b'-- Up-to-date: /home/ngt/ZENS-Final-AUVC/install/gazebo_bluerov2/share/gazebo_bluerov2/worlds/bluerov2_2vessels.world\n'}
[24.188546] (gazebo_bluerov2) StdoutLine: {'line': b'-- Up-to-date: /home/ngt/ZENS-Final-AUVC/install/gazebo_bluerov2/share/gazebo_bluerov2/worlds/bluerov2_heavy_underwater.world\n'}
[24.209493] (gazebo_bluerov2) StdoutLine: {'line': b'-- Up-to-date: /home/ngt/ZENS-Final-AUVC/install/gazebo_bluerov2/share/gazebo_bluerov2/worlds/bluerov2_underwater.world\n'}
[24.210265] (gazebo_bluerov2) StdoutLine: {'line': b'-- Up-to-date: /home/ngt/ZENS-Final-AUVC/install/gazebo_bluerov2/share/gazebo_bluerov2/worlds/bluerov2_1x.world\n'}
[24.216542] (gazebo_bluerov2) StdoutLine: {'line': b'-- Up-to-date: /home/ngt/ZENS-Final-AUVC/install/gazebo_bluerov2/share/gazebo_bluerov2/worlds/bluerov2_2x.world\n'}
[24.217962] (gazebo_bluerov2) StdoutLine: {'line': b'-- Up-to-date: /home/ngt/ZENS-Final-AUVC/install/gazebo_bluerov2/share/ament_index/resource_index/package_run_dependencies/gazebo_bluerov2\n'}
[24.223804] (gazebo_bluerov2) StdoutLine: {'line': b'-- Up-to-date: /home/ngt/ZENS-Final-AUVC/install/gazebo_bluerov2/share/ament_index/resource_index/parent_prefix_path/gazebo_bluerov2\n'}
[24.226731] (gazebo_bluerov2) StdoutLine: {'line': b'-- Up-to-date: /home/ngt/ZENS-Final-AUVC/install/gazebo_bluerov2/share/gazebo_bluerov2/environment/ament_prefix_path.sh\n'}
[24.231453] (gazebo_bluerov2) StdoutLine: {'line': b'-- Up-to-date: /home/ngt/ZENS-Final-AUVC/install/gazebo_bluerov2/share/gazebo_bluerov2/environment/ament_prefix_path.dsv\n'}
[24.234534] (gazebo_bluerov2) StdoutLine: {'line': b'-- Up-to-date: /home/ngt/ZENS-Final-AUVC/install/gazebo_bluerov2/share/gazebo_bluerov2/environment/path.sh\n'}
[24.240343] (gazebo_bluerov2) StdoutLine: {'line': b'-- Up-to-date: /home/ngt/ZENS-Final-AUVC/install/gazebo_bluerov2/share/gazebo_bluerov2/environment/path.dsv\n'}
[24.248189] (-) TimerEvent: {}
[24.250284] (gazebo_bluerov2) StdoutLine: {'line': b'-- Up-to-date: /home/ngt/ZENS-Final-AUVC/install/gazebo_bluerov2/share/gazebo_bluerov2/local_setup.bash\n'}
[24.251062] (gazebo_bluerov2) StdoutLine: {'line': b'-- Up-to-date: /home/ngt/ZENS-Final-AUVC/install/gazebo_bluerov2/share/gazebo_bluerov2/local_setup.sh\n'}
[24.255326] (gazebo_bluerov2) StdoutLine: {'line': b'-- Up-to-date: /home/ngt/ZENS-Final-AUVC/install/gazebo_bluerov2/share/gazebo_bluerov2/local_setup.zsh\n'}
[24.264635] (gazebo_bluerov2) StdoutLine: {'line': b'-- Up-to-date: /home/ngt/ZENS-Final-AUVC/install/gazebo_bluerov2/share/gazebo_bluerov2/local_setup.dsv\n'}
[24.268460] (gazebo_bluerov2) StdoutLine: {'line': b'-- Installing: /home/ngt/ZENS-Final-AUVC/install/gazebo_bluerov2/share/gazebo_bluerov2/package.dsv\n'}
[24.269209] (gazebo_bluerov2) StdoutLine: {'line': b'-- Up-to-date: /home/ngt/ZENS-Final-AUVC/install/gazebo_bluerov2/share/ament_index/resource_index/packages/gazebo_bluerov2\n'}
[24.269723] (gazebo_bluerov2) StdoutLine: {'line': b'-- Up-to-date: /home/ngt/ZENS-Final-AUVC/install/gazebo_bluerov2/share/gazebo_bluerov2/cmake/gazebo_bluerov2Config.cmake\n'}
[24.273941] (gazebo_bluerov2) StdoutLine: {'line': b'-- Up-to-date: /home/ngt/ZENS-Final-AUVC/install/gazebo_bluerov2/share/gazebo_bluerov2/cmake/gazebo_bluerov2Config-version.cmake\n'}
[24.277011] (gazebo_bluerov2) StdoutLine: {'line': b'-- Up-to-date: /home/ngt/ZENS-Final-AUVC/install/gazebo_bluerov2/share/gazebo_bluerov2/package.xml\n'}
[24.281691] (gazebo_bluerov2) StdoutLine: {'line': b'-- Up-to-date: /home/ngt/ZENS-Final-AUVC/install/gazebo_bluerov2/share/gazebo_bluerov2/models\n'}
[24.284520] (gazebo_bluerov2) StdoutLine: {'line': b'-- Up-to-date: /home/ngt/ZENS-Final-AUVC/install/gazebo_bluerov2/share/gazebo_bluerov2/models/sand_heightmap\n'}
[24.288951] (gazebo_bluerov2) StdoutLine: {'line': b'-- Up-to-date: /home/ngt/ZENS-Final-AUVC/install/gazebo_bluerov2/share/gazebo_bluerov2/models/sand_heightmap/model.sdf\n'}
[24.289654] (gazebo_bluerov2) StdoutLine: {'line': b'-- Up-to-date: /home/ngt/ZENS-Final-AUVC/install/gazebo_bluerov2/share/gazebo_bluerov2/models/sand_heightmap/materials\n'}
[24.292810] (gazebo_bluerov2) StdoutLine: {'line': b'-- Up-to-date: /home/ngt/ZENS-Final-AUVC/install/gazebo_bluerov2/share/gazebo_bluerov2/models/sand_heightmap/materials/flat_normal.png\n'}
[24.295015] (gazebo_bluerov2) StdoutLine: {'line': b'-- Up-to-date: /home/ngt/ZENS-Final-AUVC/install/gazebo_bluerov2/share/gazebo_bluerov2/models/sand_heightmap/materials/soil_sand_0045_01.jpg\n'}
[24.295914] (gazebo_bluerov2) StdoutLine: {'line': b'-- Up-to-date: /home/ngt/ZENS-Final-AUVC/install/gazebo_bluerov2/share/gazebo_bluerov2/models/sand_heightmap/meshes\n'}
[24.298224] (gazebo_bluerov2) StdoutLine: {'line': b'-- Up-to-date: /home/ngt/ZENS-Final-AUVC/install/gazebo_bluerov2/share/gazebo_bluerov2/models/sand_heightmap/meshes/License and source for textures.txt\n'}
[24.298999] (gazebo_bluerov2) StdoutLine: {'line': b'-- Up-to-date: /home/ngt/ZENS-Final-AUVC/install/gazebo_bluerov2/share/gazebo_bluerov2/models/sand_heightmap/meshes/sandseabed.dae\n'}
[24.299659] (gazebo_bluerov2) StdoutLine: {'line': b'-- Up-to-date: /home/ngt/ZENS-Final-AUVC/install/gazebo_bluerov2/share/gazebo_bluerov2/models/sand_heightmap/meshes/heightmap.dae\n'}
[24.302199] (msgs) JobProgress: {'identifier': 'msgs', 'progress': 'cmake'}
[24.302519] (gazebo_bluerov2) StdoutLine: {'line': b'-- Up-to-date: /home/ngt/ZENS-Final-AUVC/install/gazebo_bluerov2/share/gazebo_bluerov2/models/sand_heightmap/meshes/soil_sand_0045_01.jpg\n'}
[24.304754] (gazebo_bluerov2) StdoutLine: {'line': b'-- Up-to-date: /home/ngt/ZENS-Final-AUVC/install/gazebo_bluerov2/share/gazebo_bluerov2/models/sand_heightmap/model.config\n'}
[24.307169] (gazebo_bluerov2) StdoutLine: {'line': b'-- Up-to-date: /home/ngt/ZENS-Final-AUVC/install/gazebo_bluerov2/share/gazebo_bluerov2/models/Apriltag36_11_00001\n'}
[24.309559] (gazebo_bluerov2) StdoutLine: {'line': b'-- Up-to-date: /home/ngt/ZENS-Final-AUVC/install/gazebo_bluerov2/share/gazebo_bluerov2/models/Apriltag36_11_00001/model.sdf\n'}
[24.311728] (gazebo_bluerov2) StdoutLine: {'line': b'-- Up-to-date: /home/ngt/ZENS-Final-AUVC/install/gazebo_bluerov2/share/gazebo_bluerov2/models/Apriltag36_11_00001/materials\n'}
[24.315049] (gazebo_bluerov2) StdoutLine: {'line': b'-- Up-to-date: /home/ngt/ZENS-Final-AUVC/install/gazebo_bluerov2/share/gazebo_bluerov2/models/Apriltag36_11_00001/materials/textures\n'}
[24.317249] (gazebo_bluerov2) StdoutLine: {'line': b'-- Up-to-date: /home/ngt/ZENS-Final-AUVC/install/gazebo_bluerov2/share/gazebo_bluerov2/models/Apriltag36_11_00001/materials/textures/tag36_11_00001.png\n'}
[24.318024] (gazebo_bluerov2) StdoutLine: {'line': b'-- Up-to-date: /home/ngt/ZENS-Final-AUVC/install/gazebo_bluerov2/share/gazebo_bluerov2/models/Apriltag36_11_00001/materials/scripts\n'}
[24.318636] (gazebo_bluerov2) StdoutLine: {'line': b'-- Up-to-date: /home/ngt/ZENS-Final-AUVC/install/gazebo_bluerov2/share/gazebo_bluerov2/models/Apriltag36_11_00001/materials/scripts/Apriltag.material\n'}
[24.320494] (gazebo_bluerov2) StdoutLine: {'line': b'-- Up-to-date: /home/ngt/ZENS-Final-AUVC/install/gazebo_bluerov2/share/gazebo_bluerov2/models/Apriltag36_11_00001/model.config\n'}
[24.323664] (gazebo_bluerov2) StdoutLine: {'line': b'-- Up-to-date: /home/ngt/ZENS-Final-AUVC/install/gazebo_bluerov2/share/gazebo_bluerov2/models/axes\n'}
[24.326397] (gazebo_bluerov2) StdoutLine: {'line': b'-- Up-to-date: /home/ngt/ZENS-Final-AUVC/install/gazebo_bluerov2/share/gazebo_bluerov2/models/axes/model.sdf\n'}
[24.331918] (gazebo_bluerov2) StdoutLine: {'line': b'-- Up-to-date: /home/ngt/ZENS-Final-AUVC/install/gazebo_bluerov2/share/gazebo_bluerov2/models/axes/model.config\n'}
[24.333804] (gazebo_bluerov2) StdoutLine: {'line': b'-- Up-to-date: /home/ngt/ZENS-Final-AUVC/install/gazebo_bluerov2/share/gazebo_bluerov2/models/Apriltag36_11_00004\n'}
[24.338202] (gazebo_bluerov2) StdoutLine: {'line': b'-- Up-to-date: /home/ngt/ZENS-Final-AUVC/install/gazebo_bluerov2/share/gazebo_bluerov2/models/Apriltag36_11_00004/model.sdf\n'}
[24.338977] (gazebo_bluerov2) StdoutLine: {'line': b'-- Up-to-date: /home/ngt/ZENS-Final-AUVC/install/gazebo_bluerov2/share/gazebo_bluerov2/models/Apriltag36_11_00004/materials\n'}
[24.340969] (gazebo_bluerov2) StdoutLine: {'line': b'-- Up-to-date: /home/ngt/ZENS-Final-AUVC/install/gazebo_bluerov2/share/gazebo_bluerov2/models/Apriltag36_11_00004/materials/textures\n'}
[24.346035] (gazebo_bluerov2) StdoutLine: {'line': b'-- Up-to-date: /home/ngt/ZENS-Final-AUVC/install/gazebo_bluerov2/share/gazebo_bluerov2/models/Apriltag36_11_00004/materials/textures/tag36_11_00004.png\n'}
[24.349573] (-) TimerEvent: {}
[24.354380] (gazebo_bluerov2) StdoutLine: {'line': b'-- Up-to-date: /home/ngt/ZENS-Final-AUVC/install/gazebo_bluerov2/share/gazebo_bluerov2/models/Apriltag36_11_00004/materials/scripts\n'}
[24.355216] (gazebo_bluerov2) StdoutLine: {'line': b'-- Up-to-date: /home/ngt/ZENS-Final-AUVC/install/gazebo_bluerov2/share/gazebo_bluerov2/models/Apriltag36_11_00004/materials/scripts/Apriltag.material\n'}
[24.355837] (gazebo_bluerov2) StdoutLine: {'line': b'-- Up-to-date: /home/ngt/ZENS-Final-AUVC/install/gazebo_bluerov2/share/gazebo_bluerov2/models/Apriltag36_11_00004/model.config\n'}
[24.356488] (gazebo_bluerov2) StdoutLine: {'line': b'-- Up-to-date: /home/ngt/ZENS-Final-AUVC/install/gazebo_bluerov2/share/gazebo_bluerov2/models/Apriltag36_11_00008\n'}
[24.357038] (gazebo_bluerov2) StdoutLine: {'line': b'-- Up-to-date: /home/ngt/ZENS-Final-AUVC/install/gazebo_bluerov2/share/gazebo_bluerov2/models/Apriltag36_11_00008/model.sdf\n'}
[24.364313] (gazebo_bluerov2) StdoutLine: {'line': b'-- Up-to-date: /home/ngt/ZENS-Final-AUVC/install/gazebo_bluerov2/share/gazebo_bluerov2/models/Apriltag36_11_00008/materials\n'}
[24.364860] (gazebo_bluerov2) StdoutLine: {'line': b'-- Up-to-date: /home/ngt/ZENS-Final-AUVC/install/gazebo_bluerov2/share/gazebo_bluerov2/models/Apriltag36_11_00008/materials/textures\n'}
[24.368397] (gazebo_bluerov2) StdoutLine: {'line': b'-- Up-to-date: /home/ngt/ZENS-Final-AUVC/install/gazebo_bluerov2/share/gazebo_bluerov2/models/Apriltag36_11_00008/materials/textures/tag36_11_00008.png\n'}
[24.369343] (gazebo_bluerov2) StdoutLine: {'line': b'-- Up-to-date: /home/ngt/ZENS-Final-AUVC/install/gazebo_bluerov2/share/gazebo_bluerov2/models/Apriltag36_11_00008/materials/scripts\n'}
[24.370356] (gazebo_bluerov2) StdoutLine: {'line': b'-- Up-to-date: /home/ngt/ZENS-Final-AUVC/install/gazebo_bluerov2/share/gazebo_bluerov2/models/Apriltag36_11_00008/materials/scripts/Apriltag.material\n'}
[24.371055] (gazebo_bluerov2) StdoutLine: {'line': b'-- Up-to-date: /home/ngt/ZENS-Final-AUVC/install/gazebo_bluerov2/share/gazebo_bluerov2/models/Apriltag36_11_00008/model.config\n'}
[24.371625] (gazebo_bluerov2) StdoutLine: {'line': b'-- Up-to-date: /home/ngt/ZENS-Final-AUVC/install/gazebo_bluerov2/share/gazebo_bluerov2/models/Apriltag36_11_00003\n'}
[24.372186] (gazebo_bluerov2) StdoutLine: {'line': b'-- Up-to-date: /home/ngt/ZENS-Final-AUVC/install/gazebo_bluerov2/share/gazebo_bluerov2/models/Apriltag36_11_00003/model.sdf\n'}
[24.373539] (gazebo_bluerov2) StdoutLine: {'line': b'-- Up-to-date: /home/ngt/ZENS-Final-AUVC/install/gazebo_bluerov2/share/gazebo_bluerov2/models/Apriltag36_11_00003/materials\n'}
[24.375422] (gazebo_bluerov2) StdoutLine: {'line': b'-- Up-to-date: /home/ngt/ZENS-Final-AUVC/install/gazebo_bluerov2/share/gazebo_bluerov2/models/Apriltag36_11_00003/materials/textures\n'}
[24.376190] (gazebo_bluerov2) StdoutLine: {'line': b'-- Up-to-date: /home/ngt/ZENS-Final-AUVC/install/gazebo_bluerov2/share/gazebo_bluerov2/models/Apriltag36_11_00003/materials/textures/tag36_11_00003.png\n'}
[24.376654] (msgs) JobProgress: {'identifier': 'msgs', 'progress': 'build'}
[24.376740] (gazebo_bluerov2) StdoutLine: {'line': b'-- Up-to-date: /home/ngt/ZENS-Final-AUVC/install/gazebo_bluerov2/share/gazebo_bluerov2/models/Apriltag36_11_00003/materials/scripts\n'}
[24.379825] (gazebo_bluerov2) StdoutLine: {'line': b'-- Up-to-date: /home/ngt/ZENS-Final-AUVC/install/gazebo_bluerov2/share/gazebo_bluerov2/models/Apriltag36_11_00003/materials/scripts/Apriltag.material\n'}
[24.380590] (msgs) Command: {'cmd': ['/usr/bin/cmake', '--build', '/home/ngt/ZENS-Final-AUVC/build/msgs', '--', '-j4', '-l4'], 'cwd': '/home/ngt/ZENS-Final-AUVC/build/msgs', 'env': OrderedDict({'PYTHON_BASIC_REPL': '1', 'VIRTUALENVWRAPPER_WORKON_CD': '1', 'USER': 'ngt', 'SSH_CLIENT': '192.168.3.1 59167 22', 'WORKON_HOME': '/home/ngt/.virtualenvs', 'GZ_SIM_RESOURCE_PATH': '/opt/ros/jazzy/share', 'GZ_CONFIG_PATH': '/opt/ros/jazzy/opt/gz_sim_vendor/share/gz:/opt/ros/jazzy/opt/sdformat_vendor/share/gz:/opt/ros/jazzy/opt/gz_gui_vendor/share/gz:/opt/ros/jazzy/opt/gz_transport_vendor/share/gz:/opt/ros/jazzy/opt/gz_rendering_vendor/share/gz:/opt/ros/jazzy/opt/gz_plugin_vendor/share/gz:/opt/ros/jazzy/opt/gz_fuel_tools_vendor/share/gz:/opt/ros/jazzy/opt/gz_msgs_vendor/share/gz:/opt/ros/jazzy/opt/gz_common_vendor/share/gz', 'XDG_SESSION_TYPE': 'tty', 'GIT_ASKPASS': '/home/ngt/.vscode-server/cli/servers/Stable-1b6a188127eeaf9194f945eb6eb89a657e93c54c/server/extensions/git/dist/askpass.sh', 'SHLVL': '1', 'BROWSER': '/home/ngt/.vscode-server/cli/servers/Stable-1b6a188127eeaf9194f945eb6eb89a657e93c54c/server/bin/helpers/browser.sh', 'LD_LIBRARY_PATH': '/home/ngt/auvc_ws/install/example_custom_srv/lib:/home/ngt/pid_ws/install/target_depth_msgs/lib:/opt/ros/jazzy/opt/gz_sim_vendor/lib:/opt/ros/jazzy/opt/gz_sensors_vendor/lib:/opt/ros/jazzy/opt/gz_physics_vendor/lib:/opt/ros/jazzy/opt/sdformat_vendor/lib:/opt/ros/jazzy/opt/rviz_ogre_vendor/lib:/opt/ros/jazzy/lib/aarch64-linux-gnu:/opt/ros/jazzy/opt/gz_gui_vendor/lib:/opt/ros/jazzy/opt/gz_transport_vendor/lib:/opt/ros/jazzy/opt/gz_rendering_vendor/lib:/opt/ros/jazzy/opt/gz_plugin_vendor/lib:/opt/ros/jazzy/opt/gz_fuel_tools_vendor/lib:/opt/ros/jazzy/opt/gz_msgs_vendor/lib:/opt/ros/jazzy/opt/gz_common_vendor/lib:/opt/ros/jazzy/opt/gz_math_vendor/lib:/opt/ros/jazzy/opt/gz_utils_vendor/lib:/opt/ros/jazzy/opt/gz_tools_vendor/lib:/opt/ros/jazzy/opt/gz_ogre_next_vendor/lib:/opt/ros/jazzy/opt/gz_dartsim_vendor/lib:/opt/ros/jazzy/opt/gz_cmake_vendor/lib:/opt/ros/jazzy/lib', 'GZ_TRANSPORT_ID': '192.168.3.1', 'HOME': '/home/ngt', 'OLDPWD': '/home/ngt', 'LESS': '-R', 'VIRTUALENVWRAPPER_PYTHON': '/usr/bin/python3', 'TERM_PROGRAM_VERSION': '1.130.0', 'VSCODE_IPC_HOOK_CLI': '/run/user/1004/vscode-ipc-ae3df1e9-d8a2-4837-9e51-55dec6bd592e.sock', 'ZSH': '/home/ngt/.oh-my-zsh', 'LSCOLORS': 'Gxfxcxdxbxegedabagacad', 'GZ_TRANSPORT_PUB_PORT': '11345', 'VSCODE_GIT_ASKPASS_MAIN': '/home/ngt/.vscode-server/cli/servers/Stable-1b6a188127eeaf9194f945eb6eb89a657e93c54c/server/extensions/git/dist/askpass-main.js', 'PAGER': 'less', 'ROS_PYTHON_VERSION': '3', 'PS1': '(rosmav) %(?:%{\x1b[01;32m%}%1{➜%} :%{\x1b[01;31m%}%1{➜%} ) %{\x1b[36m%}%c%{\x1b[00m%} $(git_prompt_info)', 'VSCODE_GIT_ASKPASS_NODE': '/home/ngt/.vscode-server/cli/servers/Stable-1b6a188127eeaf9194f945eb6eb89a657e93c54c/server/node', 'DBUS_SESSION_BUS_ADDRESS': 'unix:path=/run/user/1004/bus', 'PYDEVD_DISABLE_FILE_VALIDATION': '1', 'BUNDLED_DEBUGPY_PATH': '/home/ngt/.vscode-server/extensions/ms-python.debugpy-2026.6.0-linux-arm64/bundled/libs/debugpy', 'GZ_TRANSPORT_SUB_PORT': '11346', 'VSCODE_PYTHON_AUTOACTIVATE_GUARD': '1', 'COLORTERM': 'truecolor', 'ROS_DISTRO': 'jazzy', 'COLCON_PREFIX_PATH': '/home/ngt/cv_ws/install:/home/ngt/pid_ws/install:/home/ngt/auvc_ws/install:/home/ngt/auv_dancing/install', 'LOGNAME': 'ngt', '_': '/usr/bin/colcon', 'XDG_SESSION_CLASS': 'user', 'USER_ZDOTDIR': '/home/ngt', 'ROS_VERSION': '2', 'XDG_SESSION_ID': '2', 'TERM': 'xterm-256color', 'PATH': '/home/ngt/.virtualenvs/rosmav/bin:/home/ngt/.opencode/bin:/opt/ros/jazzy/opt/gz_msgs_vendor/bin:/opt/ros/jazzy/opt/gz_tools_vendor/bin:/opt/ros/jazzy/opt/gz_ogre_next_vendor/bin:/opt/ros/jazzy/bin:/usr/lib/ccache:/home/ngt/.vscode-server/data/User/globalStorage/github.copilot-chat/debugCommand:/home/ngt/.vscode-server/data/User/globalStorage/github.copilot-chat/copilotCli:/home/ngt/.vscode-server/cli/servers/Stable-1b6a188127eeaf9194f945eb6eb89a657e93c54c/server/bin/remote-cli:/usr/local/sbin:/usr/local/bin:/usr/sbin:/usr/bin:/sbin:/bin:/usr/games:/usr/local/games:/snap/bin:/home/ngt/.vscode-server/extensions/ms-python.debugpy-2026.6.0-linux-arm64/bundled/scripts/noConfigScripts:/home/ngt/.local/bin:/home/ngt/ardupilot/Tools/autotest', 'XDG_RUNTIME_DIR': '/run/user/1004', 'GZ_PARTITION': 'my_sim', 'LANG': 'en_US.UTF-8', 'VSCODE_DEBUGPY_ADAPTER_ENDPOINTS': '/home/ngt/.vscode-server/extensions/ms-python.debugpy-2026.6.0-linux-arm64/.noConfigDebugAdapterEndpoints/endpoint-cac51e27cd8c6882.txt', 'PYTHONSTARTUP': '/home/ngt/.vscode-server/data/User/workspaceStorage/e30aafa2edaaf296b4a11477f6a9b588/ms-python.python/pythonrc.py', 'VSCODE_INJECTION': '1', 'VIRTUAL_ENV_PROMPT': 'rosmav', 'TERM_PROGRAM': 'vscode', 'VSCODE_GIT_IPC_HANDLE': '/run/user/1004/vscode-git-191b257475.sock', 'LS_COLORS': 'rs=0:di=01;34:ln=01;36:mh=00:pi=40;33:so=01;35:do=01;35:bd=40;33;01:cd=40;33;01:or=40;31;01:mi=00:su=37;41:sg=30;43:ca=00:tw=30;42:ow=34;42:st=37;44:ex=01;32:*.tar=01;31:*.tgz=01;31:*.arc=01;31:*.arj=01;31:*.taz=01;31:*.lha=01;31:*.lz4=01;31:*.lzh=01;31:*.lzma=01;31:*.tlz=01;31:*.txz=01;31:*.tzo=01;31:*.t7z=01;31:*.zip=01;31:*.z=01;31:*.dz=01;31:*.gz=01;31:*.lrz=01;31:*.lz=01;31:*.lzo=01;31:*.xz=01;31:*.zst=01;31:*.tzst=01;31:*.bz2=01;31:*.bz=01;31:*.tbz=01;31:*.tbz2=01;31:*.tz=01;31:*.deb=01;31:*.rpm=01;31:*.jar=01;31:*.war=01;31:*.ear=01;31:*.sar=01;31:*.rar=01;31:*.alz=01;31:*.ace=01;31:*.zoo=01;31:*.cpio=01;31:*.7z=01;31:*.rz=01;31:*.cab=01;31:*.wim=01;31:*.swm=01;31:*.dwm=01;31:*.esd=01;31:*.avif=01;35:*.jpg=01;35:*.jpeg=01;35:*.mjpg=01;35:*.mjpeg=01;35:*.gif=01;35:*.bmp=01;35:*.pbm=01;35:*.pgm=01;35:*.ppm=01;35:*.tga=01;35:*.xbm=01;35:*.xpm=01;35:*.tif=01;35:*.tiff=01;35:*.png=01;35:*.svg=01;35:*.svgz=01;35:*.mng=01;35:*.pcx=01;35:*.mov=01;35:*.mpg=01;35:*.mpeg=01;35:*.m2v=01;35:*.mkv=01;35:*.webm=01;35:*.webp=01;35:*.ogm=01;35:*.mp4=01;35:*.m4v=01;35:*.mp4v=01;35:*.vob=01;35:*.qt=01;35:*.nuv=01;35:*.wmv=01;35:*.asf=01;35:*.rm=01;35:*.rmvb=01;35:*.flc=01;35:*.avi=01;35:*.fli=01;35:*.flv=01;35:*.gl=01;35:*.dl=01;35:*.xcf=01;35:*.xwd=01;35:*.yuv=01;35:*.cgm=01;35:*.emf=01;35:*.ogv=01;35:*.ogx=01;35:*.aac=00;36:*.au=00;36:*.flac=00;36:*.m4a=00;36:*.mid=00;36:*.midi=00;36:*.mka=00;36:*.mp3=00;36:*.mpc=00;36:*.ogg=00;36:*.ra=00;36:*.wav=00;36:*.oga=00;36:*.opus=00;36:*.spx=00;36:*.xspf=00;36:*~=00;90:*#=00;90:*.bak=00;90:*.crdownload=00;90:*.dpkg-dist=00;90:*.dpkg-new=00;90:*.dpkg-old=00;90:*.dpkg-tmp=00;90:*.old=00;90:*.orig=00;90:*.part=00;90:*.rej=00;90:*.rpmnew=00;90:*.rpmorig=00;90:*.rpmsave=00;90:*.swp=00;90:*.tmp=00;90:*.ucf-dist=00;90:*.ucf-new=00;90:*.ucf-old=00;90:', 'AMENT_PREFIX_PATH': '/home/ngt/auvc_ws/install/tutorial_virtualenvs:/home/ngt/auvc_ws/install/tutorial_pid:/home/ngt/auvc_ws/install/tutorial_ardusub:/home/ngt/auvc_ws/install/tutorial:/home/ngt/auvc_ws/install/rosmav:/home/ngt/auvc_ws/install/example_custom_srv:/home/ngt/cv_ws/install/cv:/home/ngt/pid_ws/install/target_depth_msgs:/home/ngt/pid_ws/install/pid:/home/ngt/auv_dancing/install/tutorial:/opt/ros/jazzy', 'SHELL': '/usr/bin/zsh', 'VIRTUALENVWRAPPER_PROJECT_FILENAME': '.project', 'VIRTUALENVWRAPPER_HOOK_DIR': '/home/ngt/.virtualenvs', 'VSCODE_GIT_ASKPASS_EXTRA_ARGS': '', 'VIRTUALENVWRAPPER_SCRIPT': '/usr/share/virtualenvwrapper/virtualenvwrapper.sh', 'ROS_AUTOMATIC_DISCOVERY_RANGE': 'SUBNET', 'VIRTUAL_ENV': '/home/ngt/.virtualenvs/rosmav', 'LC_ALL': 'en_US.UTF-8', 'PWD': '/home/ngt/ZENS-Final-AUVC/build/msgs', 'SSH_CONNECTION': '192.168.3.1 59167 192.168.3.2 22', 'COPILOT_DEBUG_NONCE': 'd6eed4c06bd82aa6cee185ab30fdc4f4', 'ZDOTDIR': '/home/ngt', 'PYTHONPATH': '/home/ngt/auvc_ws/install/tutorial_virtualenvs/lib/python3.12/site-packages:/home/ngt/auvc_ws/install/tutorial_pid/lib/python3.12/site-packages:/home/ngt/auvc_ws/install/tutorial_ardusub/lib/python3.12/site-packages:/home/ngt/auvc_ws/install/tutorial/lib/python3.12/site-packages:/home/ngt/auvc_ws/install/rosmav/lib/python3.12/site-packages:/home/ngt/auvc_ws/install/example_custom_srv/lib/python3.12/site-packages:/home/ngt/cv_ws/install/cv/lib/python3.12/site-packages:/home/ngt/pid_ws/install/target_depth_msgs/lib/python3.12/site-packages:/home/ngt/pid_ws/install/pid/lib/python3.12/site-packages:/home/ngt/auv_dancing/install/tutorial/lib/python3.12/site-packages:/opt/ros/jazzy/lib/python3.12/site-packages', 'COLCON': '1', 'CMAKE_PREFIX_PATH': '/home/ngt/auvc_ws/install/example_custom_srv:/home/ngt/pid_ws/install/target_depth_msgs:/opt/ros/jazzy/opt/gz_sim_vendor:/opt/ros/jazzy/opt/gz_sensors_vendor:/opt/ros/jazzy/opt/gz_physics_vendor:/opt/ros/jazzy/opt/sdformat_vendor:/opt/ros/jazzy/opt/gz_gui_vendor:/opt/ros/jazzy/opt/gz_transport_vendor:/opt/ros/jazzy/opt/gz_rendering_vendor:/opt/ros/jazzy/opt/gz_plugin_vendor:/opt/ros/jazzy/opt/gz_fuel_tools_vendor:/opt/ros/jazzy/opt/gz_msgs_vendor:/opt/ros/jazzy/opt/gz_common_vendor:/opt/ros/jazzy/opt/gz_math_vendor:/opt/ros/jazzy/opt/gz_utils_vendor:/opt/ros/jazzy/opt/gz_tools_vendor:/opt/ros/jazzy/opt/gz_ogre_next_vendor:/opt/ros/jazzy/opt/gz_dartsim_vendor:/opt/ros/jazzy/opt/gz_cmake_vendor:/home/ngt/auvc_ws/install/tutorial_virtualenvs:/home/ngt/auvc_ws/install/tutorial_pid:/home/ngt/auvc_ws/install/tutorial_ardusub:/home/ngt/auvc_ws/install/tutorial:/home/ngt/auvc_ws/install/rosmav:/home/ngt/cv_ws/install/cv:/home/ngt/pid_ws/install/pid:/home/ngt/auv_dancing/install/tutorial:/opt/ros/jazzy'}), 'shell': False}
[24.394141] (gazebo_bluerov2) StdoutLine: {'line': b'-- Up-to-date: /home/ngt/ZENS-Final-AUVC/install/gazebo_bluerov2/share/gazebo_bluerov2/models/Apriltag36_11_00003/model.config\n'}
[24.396675] (gazebo_bluerov2) StdoutLine: {'line': b'-- Up-to-date: /home/ngt/ZENS-Final-AUVC/install/gazebo_bluerov2/share/gazebo_bluerov2/models/Apriltag36_11_00006\n'}
[24.398593] (gazebo_bluerov2) StdoutLine: {'line': b'-- Up-to-date: /home/ngt/ZENS-Final-AUVC/install/gazebo_bluerov2/share/gazebo_bluerov2/models/Apriltag36_11_00006/model.sdf\n'}
[24.399371] (gazebo_bluerov2) StdoutLine: {'line': b'-- Up-to-date: /home/ngt/ZENS-Final-AUVC/install/gazebo_bluerov2/share/gazebo_bluerov2/models/Apriltag36_11_00006/materials\n'}
[24.403537] (gazebo_bluerov2) StdoutLine: {'line': b'-- Up-to-date: /home/ngt/ZENS-Final-AUVC/install/gazebo_bluerov2/share/gazebo_bluerov2/models/Apriltag36_11_00006/materials/textures\n'}
[24.406681] (gazebo_bluerov2) StdoutLine: {'line': b'-- Up-to-date: /home/ngt/ZENS-Final-AUVC/install/gazebo_bluerov2/share/gazebo_bluerov2/models/Apriltag36_11_00006/materials/textures/tag36_11_00006.png\n'}
[24.408919] (gazebo_bluerov2) StdoutLine: {'line': b'-- Up-to-date: /home/ngt/ZENS-Final-AUVC/install/gazebo_bluerov2/share/gazebo_bluerov2/models/Apriltag36_11_00006/materials/scripts\n'}
[24.411509] (gazebo_bluerov2) StdoutLine: {'line': b'-- Up-to-date: /home/ngt/ZENS-Final-AUVC/install/gazebo_bluerov2/share/gazebo_bluerov2/models/Apriltag36_11_00006/materials/scripts/Apriltag.material\n'}
[24.413296] (gazebo_bluerov2) StdoutLine: {'line': b'-- Up-to-date: /home/ngt/ZENS-Final-AUVC/install/gazebo_bluerov2/share/gazebo_bluerov2/models/Apriltag36_11_00006/model.config\n'}
[24.413976] (gazebo_bluerov2) StdoutLine: {'line': b'-- Up-to-date: /home/ngt/ZENS-Final-AUVC/install/gazebo_bluerov2/share/gazebo_bluerov2/models/bluerov2_2025\n'}
[24.416234] (gazebo_bluerov2) StdoutLine: {'line': b'-- Up-to-date: /home/ngt/ZENS-Final-AUVC/install/gazebo_bluerov2/share/gazebo_bluerov2/models/bluerov2_2025/model.sdf\n'}
[24.419654] (gazebo_bluerov2) StdoutLine: {'line': b'-- Up-to-date: /home/ngt/ZENS-Final-AUVC/install/gazebo_bluerov2/share/gazebo_bluerov2/models/bluerov2_2025/model.sdf.in\n'}
[24.424968] (gazebo_bluerov2) StdoutLine: {'line': b'-- Up-to-date: /home/ngt/ZENS-Final-AUVC/install/gazebo_bluerov2/share/gazebo_bluerov2/models/bluerov2_2025/materials\n'}
[24.427782] (gazebo_bluerov2) StdoutLine: {'line': b'-- Up-to-date: /home/ngt/ZENS-Final-AUVC/install/gazebo_bluerov2/share/gazebo_bluerov2/models/bluerov2_2025/materials/textures\n'}
[24.429656] (gazebo_bluerov2) StdoutLine: {'line': b'-- Up-to-date: /home/ngt/ZENS-Final-AUVC/install/gazebo_bluerov2/share/gazebo_bluerov2/models/bluerov2_2025/materials/textures/april1.png\n'}
[24.430547] (gazebo_bluerov2) StdoutLine: {'line': b'-- Up-to-date: /home/ngt/ZENS-Final-AUVC/install/gazebo_bluerov2/share/gazebo_bluerov2/models/bluerov2_2025/materials/scripts\n'}
[24.431390] (gazebo_bluerov2) StdoutLine: {'line': b'-- Up-to-date: /home/ngt/ZENS-Final-AUVC/install/gazebo_bluerov2/share/gazebo_bluerov2/models/bluerov2_2025/materials/scripts/april_tag_1.material\n'}
[24.431963] (gazebo_bluerov2) StdoutLine: {'line': b'-- Up-to-date: /home/ngt/ZENS-Final-AUVC/install/gazebo_bluerov2/share/gazebo_bluerov2/models/bluerov2_2025/BlueROV2.md\n'}
[24.432777] (gazebo_bluerov2) StdoutLine: {'line': b'-- Up-to-date: /home/ngt/ZENS-Final-AUVC/install/gazebo_bluerov2/share/gazebo_bluerov2/models/bluerov2_2025/configs.yaml\n'}
[24.437111] (gazebo_bluerov2) StdoutLine: {'line': b'-- Up-to-date: /home/ngt/ZENS-Final-AUVC/install/gazebo_bluerov2/share/gazebo_bluerov2/models/bluerov2_2025/meshes\n'}
[24.441048] (gazebo_bluerov2) StdoutLine: {'line': b'-- Up-to-date: /home/ngt/ZENS-Final-AUVC/install/gazebo_bluerov2/share/gazebo_bluerov2/models/bluerov2_2025/meshes/t200_cw_prop.dae\n'}
[24.442257] (gazebo_bluerov2) StdoutLine: {'line': b'-- Up-to-date: /home/ngt/ZENS-Final-AUVC/install/gazebo_bluerov2/share/gazebo_bluerov2/models/bluerov2_2025/meshes/t200_ccw_prop.dae\n'}
[24.442814] (gazebo_bluerov2) StdoutLine: {'line': b'-- Up-to-date: /home/ngt/ZENS-Final-AUVC/install/gazebo_bluerov2/share/gazebo_bluerov2/models/bluerov2_2025/meshes/bluerov2.dae\n'}
[24.449998] (-) TimerEvent: {}
[24.453050] (gazebo_bluerov2) StdoutLine: {'line': b'-- Up-to-date: /home/ngt/ZENS-Final-AUVC/install/gazebo_bluerov2/share/gazebo_bluerov2/models/bluerov2_2025/model.config\n'}
[24.458116] (gazebo_bluerov2) StdoutLine: {'line': b'-- Up-to-date: /home/ngt/ZENS-Final-AUVC/install/gazebo_bluerov2/share/gazebo_bluerov2/models/bluerov2_heavy\n'}
[24.463281] (gazebo_bluerov2) StdoutLine: {'line': b'-- Up-to-date: /home/ngt/ZENS-Final-AUVC/install/gazebo_bluerov2/share/gazebo_bluerov2/models/bluerov2_heavy/model.sdf\n'}
[24.465804] (gazebo_bluerov2) StdoutLine: {'line': b'-- Up-to-date: /home/ngt/ZENS-Final-AUVC/install/gazebo_bluerov2/share/gazebo_bluerov2/models/bluerov2_heavy/model.sdf.in\n'}
[24.467793] (gazebo_bluerov2) StdoutLine: {'line': b'-- Up-to-date: /home/ngt/ZENS-Final-AUVC/install/gazebo_bluerov2/share/gazebo_bluerov2/models/bluerov2_heavy/BlueROV2Heavy.md\n'}
[24.468607] (gazebo_bluerov2) StdoutLine: {'line': b'-- Up-to-date: /home/ngt/ZENS-Final-AUVC/install/gazebo_bluerov2/share/gazebo_bluerov2/models/bluerov2_heavy/configs.yaml\n'}
[24.475156] (gazebo_bluerov2) StdoutLine: {'line': b'-- Up-to-date: /home/ngt/ZENS-Final-AUVC/install/gazebo_bluerov2/share/gazebo_bluerov2/models/bluerov2_heavy/meshes\n'}
[24.477342] (gazebo_bluerov2) StdoutLine: {'line': b'-- Up-to-date: /home/ngt/ZENS-Final-AUVC/install/gazebo_bluerov2/share/gazebo_bluerov2/models/bluerov2_heavy/meshes/t200_cw_prop.dae\n'}
[24.479833] (gazebo_bluerov2) StdoutLine: {'line': b'-- Up-to-date: /home/ngt/ZENS-Final-AUVC/install/gazebo_bluerov2/share/gazebo_bluerov2/models/bluerov2_heavy/meshes/t200_ccw_prop.dae\n'}
[24.483822] (gazebo_bluerov2) StdoutLine: {'line': b'-- Up-to-date: /home/ngt/ZENS-Final-AUVC/install/gazebo_bluerov2/share/gazebo_bluerov2/models/bluerov2_heavy/meshes/bluerov2_heavy.dae\n'}
[24.484790] (gazebo_bluerov2) StdoutLine: {'line': b'-- Up-to-date: /home/ngt/ZENS-Final-AUVC/install/gazebo_bluerov2/share/gazebo_bluerov2/models/bluerov2_heavy/model.config\n'}
[24.486571] (gazebo_bluerov2) StdoutLine: {'line': b'-- Up-to-date: /home/ngt/ZENS-Final-AUVC/install/gazebo_bluerov2/share/gazebo_bluerov2/models/Apriltag36_11_00005\n'}
[24.487580] (gazebo_bluerov2) StdoutLine: {'line': b'-- Up-to-date: /home/ngt/ZENS-Final-AUVC/install/gazebo_bluerov2/share/gazebo_bluerov2/models/Apriltag36_11_00005/model.sdf\n'}
[24.491897] (gazebo_bluerov2) StdoutLine: {'line': b'-- Up-to-date: /home/ngt/ZENS-Final-AUVC/install/gazebo_bluerov2/share/gazebo_bluerov2/models/Apriltag36_11_00005/materials\n'}
[24.492790] (gazebo_bluerov2) StdoutLine: {'line': b'-- Up-to-date: /home/ngt/ZENS-Final-AUVC/install/gazebo_bluerov2/share/gazebo_bluerov2/models/Apriltag36_11_00005/materials/textures\n'}
[24.493592] (gazebo_bluerov2) StdoutLine: {'line': b'-- Up-to-date: /home/ngt/ZENS-Final-AUVC/install/gazebo_bluerov2/share/gazebo_bluerov2/models/Apriltag36_11_00005/materials/textures/tag36_11_00005.png\n'}
[24.498304] (gazebo_bluerov2) StdoutLine: {'line': b'-- Up-to-date: /home/ngt/ZENS-Final-AUVC/install/gazebo_bluerov2/share/gazebo_bluerov2/models/Apriltag36_11_00005/materials/scripts\n'}
[24.502443] (gazebo_bluerov2) StdoutLine: {'line': b'-- Up-to-date: /home/ngt/ZENS-Final-AUVC/install/gazebo_bluerov2/share/gazebo_bluerov2/models/Apriltag36_11_00005/materials/scripts/Apriltag.material\n'}
[24.505432] (gazebo_bluerov2) StdoutLine: {'line': b'-- Up-to-date: /home/ngt/ZENS-Final-AUVC/install/gazebo_bluerov2/share/gazebo_bluerov2/models/Apriltag36_11_00005/model.config\n'}
[24.506926] (gazebo_bluerov2) StdoutLine: {'line': b'-- Up-to-date: /home/ngt/ZENS-Final-AUVC/install/gazebo_bluerov2/share/gazebo_bluerov2/models/pool_map\n'}
[24.507703] (gazebo_bluerov2) StdoutLine: {'line': b'-- Up-to-date: /home/ngt/ZENS-Final-AUVC/install/gazebo_bluerov2/share/gazebo_bluerov2/models/pool_map/model.sdf\n'}
[24.511382] (gazebo_bluerov2) StdoutLine: {'line': b'-- Up-to-date: /home/ngt/ZENS-Final-AUVC/install/gazebo_bluerov2/share/gazebo_bluerov2/models/pool_map/blenderkit.jpg\n'}
[24.515105] (gazebo_bluerov2) StdoutLine: {'line': b'-- Up-to-date: /home/ngt/ZENS-Final-AUVC/install/gazebo_bluerov2/share/gazebo_bluerov2/models/pool_map/Black.png\n'}
[24.518866] (gazebo_bluerov2) StdoutLine: {'line': b'-- Up-to-date: /home/ngt/ZENS-Final-AUVC/install/gazebo_bluerov2/share/gazebo_bluerov2/models/pool_map/model.config\n'}
[24.519929] (gazebo_bluerov2) StdoutLine: {'line': b'-- Up-to-date: /home/ngt/ZENS-Final-AUVC/install/gazebo_bluerov2/share/gazebo_bluerov2/models/pool_map/model.dae\n'}
[24.522491] (gazebo_bluerov2) StdoutLine: {'line': b'-- Up-to-date: /home/ngt/ZENS-Final-AUVC/install/gazebo_bluerov2/share/gazebo_bluerov2/models/bluerov2_2025_port_9012\n'}
[24.526271] (gazebo_bluerov2) StdoutLine: {'line': b'-- Up-to-date: /home/ngt/ZENS-Final-AUVC/install/gazebo_bluerov2/share/gazebo_bluerov2/models/bluerov2_2025_port_9012/model.sdf\n'}
[24.527178] (gazebo_bluerov2) StdoutLine: {'line': b'-- Up-to-date: /home/ngt/ZENS-Final-AUVC/install/gazebo_bluerov2/share/gazebo_bluerov2/models/bluerov2_2025_port_9012/model.sdf.in\n'}
[24.528016] (gazebo_bluerov2) StdoutLine: {'line': b'-- Up-to-date: /home/ngt/ZENS-Final-AUVC/install/gazebo_bluerov2/share/gazebo_bluerov2/models/bluerov2_2025_port_9012/materials\n'}
[24.531705] (gazebo_bluerov2) StdoutLine: {'line': b'-- Up-to-date: /home/ngt/ZENS-Final-AUVC/install/gazebo_bluerov2/share/gazebo_bluerov2/models/bluerov2_2025_port_9012/materials/textures\n'}
[24.534981] (gazebo_bluerov2) StdoutLine: {'line': b'-- Up-to-date: /home/ngt/ZENS-Final-AUVC/install/gazebo_bluerov2/share/gazebo_bluerov2/models/bluerov2_2025_port_9012/materials/textures/april1.png\n'}
[24.539017] (gazebo_bluerov2) StdoutLine: {'line': b'-- Up-to-date: /home/ngt/ZENS-Final-AUVC/install/gazebo_bluerov2/share/gazebo_bluerov2/models/bluerov2_2025_port_9012/materials/scripts\n'}
[24.542070] (gazebo_bluerov2) StdoutLine: {'line': b'-- Up-to-date: /home/ngt/ZENS-Final-AUVC/install/gazebo_bluerov2/share/gazebo_bluerov2/models/bluerov2_2025_port_9012/materials/scripts/april_tag_1.material\n'}
[24.543198] (gazebo_bluerov2) StdoutLine: {'line': b'-- Up-to-date: /home/ngt/ZENS-Final-AUVC/install/gazebo_bluerov2/share/gazebo_bluerov2/models/bluerov2_2025_port_9012/BlueROV2.md\n'}
[24.543947] (gazebo_bluerov2) StdoutLine: {'line': b'-- Up-to-date: /home/ngt/ZENS-Final-AUVC/install/gazebo_bluerov2/share/gazebo_bluerov2/models/bluerov2_2025_port_9012/configs.yaml\n'}
[24.544781] (gazebo_bluerov2) StdoutLine: {'line': b'-- Up-to-date: /home/ngt/ZENS-Final-AUVC/install/gazebo_bluerov2/share/gazebo_bluerov2/models/bluerov2_2025_port_9012/meshes\n'}
[24.545875] (gazebo_bluerov2) StdoutLine: {'line': b'-- Up-to-date: /home/ngt/ZENS-Final-AUVC/install/gazebo_bluerov2/share/gazebo_bluerov2/models/bluerov2_2025_port_9012/meshes/t200_cw_prop.dae\n'}
[24.547198] (gazebo_bluerov2) StdoutLine: {'line': b'-- Up-to-date: /home/ngt/ZENS-Final-AUVC/install/gazebo_bluerov2/share/gazebo_bluerov2/models/bluerov2_2025_port_9012/meshes/t200_ccw_prop.dae\n'}
[24.548050] (gazebo_bluerov2) StdoutLine: {'line': b'-- Up-to-date: /home/ngt/ZENS-Final-AUVC/install/gazebo_bluerov2/share/gazebo_bluerov2/models/bluerov2_2025_port_9012/meshes/bluerov2.dae\n'}
[24.548792] (gazebo_bluerov2) StdoutLine: {'line': b'-- Up-to-date: /home/ngt/ZENS-Final-AUVC/install/gazebo_bluerov2/share/gazebo_bluerov2/models/bluerov2_2025_port_9012/model.config\n'}
[24.549746] (gazebo_bluerov2) StdoutLine: {'line': b'-- Up-to-date: /home/ngt/ZENS-Final-AUVC/install/gazebo_bluerov2/share/gazebo_bluerov2/models/Apriltag36_11_00002\n'}
[24.550407] (-) TimerEvent: {}
[24.550882] (gazebo_bluerov2) StdoutLine: {'line': b'-- Up-to-date: /home/ngt/ZENS-Final-AUVC/install/gazebo_bluerov2/share/gazebo_bluerov2/models/Apriltag36_11_00002/model.sdf\n'}
[24.552868] (gazebo_bluerov2) StdoutLine: {'line': b'-- Up-to-date: /home/ngt/ZENS-Final-AUVC/install/gazebo_bluerov2/share/gazebo_bluerov2/models/Apriltag36_11_00002/materials\n'}
[24.553857] (gazebo_bluerov2) StdoutLine: {'line': b'-- Up-to-date: /home/ngt/ZENS-Final-AUVC/install/gazebo_bluerov2/share/gazebo_bluerov2/models/Apriltag36_11_00002/materials/textures\n'}
[24.554909] (gazebo_bluerov2) StdoutLine: {'line': b'-- Up-to-date: /home/ngt/ZENS-Final-AUVC/install/gazebo_bluerov2/share/gazebo_bluerov2/models/Apriltag36_11_00002/materials/textures/tag36_11_00002.png\n'}
[24.555840] (gazebo_bluerov2) StdoutLine: {'line': b'-- Up-to-date: /home/ngt/ZENS-Final-AUVC/install/gazebo_bluerov2/share/gazebo_bluerov2/models/Apriltag36_11_00002/materials/scripts\n'}
[24.556597] (gazebo_bluerov2) StdoutLine: {'line': b'-- Up-to-date: /home/ngt/ZENS-Final-AUVC/install/gazebo_bluerov2/share/gazebo_bluerov2/models/Apriltag36_11_00002/materials/scripts/Apriltag.material\n'}
[24.558120] (gazebo_bluerov2) StdoutLine: {'line': b'-- Up-to-date: /home/ngt/ZENS-Final-AUVC/install/gazebo_bluerov2/share/gazebo_bluerov2/models/Apriltag36_11_00002/model.config\n'}
[24.558734] (gazebo_bluerov2) StdoutLine: {'line': b'-- Up-to-date: /home/ngt/ZENS-Final-AUVC/install/gazebo_bluerov2/share/gazebo_bluerov2/models/bluerov2\n'}
[24.559414] (gazebo_bluerov2) StdoutLine: {'line': b'-- Up-to-date: /home/ngt/ZENS-Final-AUVC/install/gazebo_bluerov2/share/gazebo_bluerov2/models/bluerov2/model.sdf\n'}
[24.559963] (gazebo_bluerov2) StdoutLine: {'line': b'-- Up-to-date: /home/ngt/ZENS-Final-AUVC/install/gazebo_bluerov2/share/gazebo_bluerov2/models/bluerov2/model.sdf.in\n'}
[24.562745] (gazebo_bluerov2) StdoutLine: {'line': b'-- Up-to-date: /home/ngt/ZENS-Final-AUVC/install/gazebo_bluerov2/share/gazebo_bluerov2/models/bluerov2/materials\n'}
[24.563571] (gazebo_bluerov2) StdoutLine: {'line': b'-- Up-to-date: /home/ngt/ZENS-Final-AUVC/install/gazebo_bluerov2/share/gazebo_bluerov2/models/bluerov2/materials/textures\n'}
[24.564000] (gazebo_bluerov2) StdoutLine: {'line': b'-- Up-to-date: /home/ngt/ZENS-Final-AUVC/install/gazebo_bluerov2/share/gazebo_bluerov2/models/bluerov2/materials/textures/april1.png\n'}
[24.566611] (gazebo_bluerov2) StdoutLine: {'line': b'-- Up-to-date: /home/ngt/ZENS-Final-AUVC/install/gazebo_bluerov2/share/gazebo_bluerov2/models/bluerov2/materials/scripts\n'}
[24.567023] (gazebo_bluerov2) StdoutLine: {'line': b'-- Up-to-date: /home/ngt/ZENS-Final-AUVC/install/gazebo_bluerov2/share/gazebo_bluerov2/models/bluerov2/materials/scripts/april_tag_1.material\n'}
[24.567585] (gazebo_bluerov2) StdoutLine: {'line': b'-- Up-to-date: /home/ngt/ZENS-Final-AUVC/install/gazebo_bluerov2/share/gazebo_bluerov2/models/bluerov2/BlueROV2.md\n'}
[24.568297] (gazebo_bluerov2) StdoutLine: {'line': b'-- Up-to-date: /home/ngt/ZENS-Final-AUVC/install/gazebo_bluerov2/share/gazebo_bluerov2/models/bluerov2/configs.yaml\n'}
[24.569283] (gazebo_bluerov2) StdoutLine: {'line': b'-- Up-to-date: /home/ngt/ZENS-Final-AUVC/install/gazebo_bluerov2/share/gazebo_bluerov2/models/bluerov2/meshes\n'}
[24.570557] (gazebo_bluerov2) StdoutLine: {'line': b'-- Up-to-date: /home/ngt/ZENS-Final-AUVC/install/gazebo_bluerov2/share/gazebo_bluerov2/models/bluerov2/meshes/t200_cw_prop.dae\n'}
[24.572052] (gazebo_bluerov2) StdoutLine: {'line': b'-- Up-to-date: /home/ngt/ZENS-Final-AUVC/install/gazebo_bluerov2/share/gazebo_bluerov2/models/bluerov2/meshes/t200_ccw_prop.dae\n'}
[24.573362] (gazebo_bluerov2) StdoutLine: {'line': b'-- Up-to-date: /home/ngt/ZENS-Final-AUVC/install/gazebo_bluerov2/share/gazebo_bluerov2/models/bluerov2/meshes/bluerov2.dae\n'}
[24.573973] (gazebo_bluerov2) StdoutLine: {'line': b'-- Up-to-date: /home/ngt/ZENS-Final-AUVC/install/gazebo_bluerov2/share/gazebo_bluerov2/models/bluerov2/model.config\n'}
[24.577471] (gazebo_bluerov2) StdoutLine: {'line': b'-- Up-to-date: /home/ngt/ZENS-Final-AUVC/install/gazebo_bluerov2/share/gazebo_bluerov2/models/bluerov2_2025_port_9002\n'}
[24.578106] (gazebo_bluerov2) StdoutLine: {'line': b'-- Up-to-date: /home/ngt/ZENS-Final-AUVC/install/gazebo_bluerov2/share/gazebo_bluerov2/models/bluerov2_2025_port_9002/model.sdf\n'}
[24.578609] (gazebo_bluerov2) StdoutLine: {'line': b'-- Up-to-date: /home/ngt/ZENS-Final-AUVC/install/gazebo_bluerov2/share/gazebo_bluerov2/models/bluerov2_2025_port_9002/model.sdf.in\n'}
[24.579952] (gazebo_bluerov2) StdoutLine: {'line': b'-- Up-to-date: /home/ngt/ZENS-Final-AUVC/install/gazebo_bluerov2/share/gazebo_bluerov2/models/bluerov2_2025_port_9002/materials\n'}
[24.580932] (gazebo_bluerov2) StdoutLine: {'line': b'-- Up-to-date: /home/ngt/ZENS-Final-AUVC/install/gazebo_bluerov2/share/gazebo_bluerov2/models/bluerov2_2025_port_9002/materials/textures\n'}
[24.581546] (gazebo_bluerov2) StdoutLine: {'line': b'-- Up-to-date: /home/ngt/ZENS-Final-AUVC/install/gazebo_bluerov2/share/gazebo_bluerov2/models/bluerov2_2025_port_9002/materials/textures/april1.png\n'}
[24.582017] (gazebo_bluerov2) StdoutLine: {'line': b'-- Up-to-date: /home/ngt/ZENS-Final-AUVC/install/gazebo_bluerov2/share/gazebo_bluerov2/models/bluerov2_2025_port_9002/materials/scripts\n'}
[24.582580] (gazebo_bluerov2) StdoutLine: {'line': b'-- Up-to-date: /home/ngt/ZENS-Final-AUVC/install/gazebo_bluerov2/share/gazebo_bluerov2/models/bluerov2_2025_port_9002/materials/scripts/april_tag_1.material\n'}
[24.584307] (gazebo_bluerov2) StdoutLine: {'line': b'-- Up-to-date: /home/ngt/ZENS-Final-AUVC/install/gazebo_bluerov2/share/gazebo_bluerov2/models/bluerov2_2025_port_9002/BlueROV2.md\n'}
[24.587555] (gazebo_bluerov2) StdoutLine: {'line': b'-- Up-to-date: /home/ngt/ZENS-Final-AUVC/install/gazebo_bluerov2/share/gazebo_bluerov2/models/bluerov2_2025_port_9002/configs.yaml\n'}
[24.589647] (gazebo_bluerov2) StdoutLine: {'line': b'-- Up-to-date: /home/ngt/ZENS-Final-AUVC/install/gazebo_bluerov2/share/gazebo_bluerov2/models/bluerov2_2025_port_9002/meshes\n'}
[24.590556] (gazebo_bluerov2) StdoutLine: {'line': b'-- Up-to-date: /home/ngt/ZENS-Final-AUVC/install/gazebo_bluerov2/share/gazebo_bluerov2/models/bluerov2_2025_port_9002/meshes/t200_cw_prop.dae\n'}
[24.591008] (gazebo_bluerov2) StdoutLine: {'line': b'-- Up-to-date: /home/ngt/ZENS-Final-AUVC/install/gazebo_bluerov2/share/gazebo_bluerov2/models/bluerov2_2025_port_9002/meshes/t200_ccw_prop.dae\n'}
[24.593906] (gazebo_bluerov2) StdoutLine: {'line': b'-- Up-to-date: /home/ngt/ZENS-Final-AUVC/install/gazebo_bluerov2/share/gazebo_bluerov2/models/bluerov2_2025_port_9002/meshes/bluerov2.dae\n'}
[24.594539] (gazebo_bluerov2) StdoutLine: {'line': b'-- Up-to-date: /home/ngt/ZENS-Final-AUVC/install/gazebo_bluerov2/share/gazebo_bluerov2/models/bluerov2_2025_port_9002/model.config\n'}
[24.594955] (gazebo_bluerov2) StdoutLine: {'line': b'-- Up-to-date: /home/ngt/ZENS-Final-AUVC/install/gazebo_bluerov2/share/gazebo_bluerov2/models/Apriltag36_11_00000\n'}
[24.595550] (gazebo_bluerov2) StdoutLine: {'line': b'-- Up-to-date: /home/ngt/ZENS-Final-AUVC/install/gazebo_bluerov2/share/gazebo_bluerov2/models/Apriltag36_11_00000/model.sdf\n'}
[24.595992] (gazebo_bluerov2) StdoutLine: {'line': b'-- Up-to-date: /home/ngt/ZENS-Final-AUVC/install/gazebo_bluerov2/share/gazebo_bluerov2/models/Apriltag36_11_00000/materials\n'}
[24.600138] (gazebo_bluerov2) StdoutLine: {'line': b'-- Up-to-date: /home/ngt/ZENS-Final-AUVC/install/gazebo_bluerov2/share/gazebo_bluerov2/models/Apriltag36_11_00000/materials/textures\n'}
[24.601033] (gazebo_bluerov2) StdoutLine: {'line': b'-- Up-to-date: /home/ngt/ZENS-Final-AUVC/install/gazebo_bluerov2/share/gazebo_bluerov2/models/Apriltag36_11_00000/materials/textures/tag36_11_00000.png\n'}
[24.602789] (gazebo_bluerov2) StdoutLine: {'line': b'-- Up-to-date: /home/ngt/ZENS-Final-AUVC/install/gazebo_bluerov2/share/gazebo_bluerov2/models/Apriltag36_11_00000/materials/scripts\n'}
[24.604379] (gazebo_bluerov2) StdoutLine: {'line': b'-- Up-to-date: /home/ngt/ZENS-Final-AUVC/install/gazebo_bluerov2/share/gazebo_bluerov2/models/Apriltag36_11_00000/materials/scripts/Apriltag.material\n'}
[24.605813] (gazebo_bluerov2) StdoutLine: {'line': b'-- Up-to-date: /home/ngt/ZENS-Final-AUVC/install/gazebo_bluerov2/share/gazebo_bluerov2/models/Apriltag36_11_00000/model.config\n'}
[24.609019] (gazebo_bluerov2) StdoutLine: {'line': b'-- Up-to-date: /home/ngt/ZENS-Final-AUVC/install/gazebo_bluerov2/share/gazebo_bluerov2/models/Apriltag36_11_00007\n'}
[24.610896] (gazebo_bluerov2) StdoutLine: {'line': b'-- Up-to-date: /home/ngt/ZENS-Final-AUVC/install/gazebo_bluerov2/share/gazebo_bluerov2/models/Apriltag36_11_00007/model.sdf\n'}
[24.612706] (gazebo_bluerov2) StdoutLine: {'line': b'-- Up-to-date: /home/ngt/ZENS-Final-AUVC/install/gazebo_bluerov2/share/gazebo_bluerov2/models/Apriltag36_11_00007/materials\n'}
[24.613767] (gazebo_bluerov2) StdoutLine: {'line': b'-- Up-to-date: /home/ngt/ZENS-Final-AUVC/install/gazebo_bluerov2/share/gazebo_bluerov2/models/Apriltag36_11_00007/materials/textures\n'}
[24.616413] (gazebo_bluerov2) StdoutLine: {'line': b'-- Up-to-date: /home/ngt/ZENS-Final-AUVC/install/gazebo_bluerov2/share/gazebo_bluerov2/models/Apriltag36_11_00007/materials/textures/tag36_11_00007.png\n'}
[24.617201] (gazebo_bluerov2) StdoutLine: {'line': b'-- Up-to-date: /home/ngt/ZENS-Final-AUVC/install/gazebo_bluerov2/share/gazebo_bluerov2/models/Apriltag36_11_00007/materials/scripts\n'}
[24.617927] (gazebo_bluerov2) StdoutLine: {'line': b'-- Up-to-date: /home/ngt/ZENS-Final-AUVC/install/gazebo_bluerov2/share/gazebo_bluerov2/models/Apriltag36_11_00007/materials/scripts/Apriltag.material\n'}
[24.620816] (gazebo_bluerov2) StdoutLine: {'line': b'-- Up-to-date: /home/ngt/ZENS-Final-AUVC/install/gazebo_bluerov2/share/gazebo_bluerov2/models/Apriltag36_11_00007/model.config\n'}
[24.621440] (gazebo_bluerov2) StdoutLine: {'line': b'-- Up-to-date: /home/ngt/ZENS-Final-AUVC/install/gazebo_bluerov2/share/gazebo_bluerov2/worlds\n'}
[24.621889] (gazebo_bluerov2) StdoutLine: {'line': b'-- Up-to-date: /home/ngt/ZENS-Final-AUVC/install/gazebo_bluerov2/share/gazebo_bluerov2/worlds/bluerov2_simulation_1x.world\n'}
[24.623373] (gazebo_bluerov2) StdoutLine: {'line': b'-- Up-to-date: /home/ngt/ZENS-Final-AUVC/install/gazebo_bluerov2/share/gazebo_bluerov2/worlds/bluerov2_camera.world\n'}
[24.624203] (gazebo_bluerov2) StdoutLine: {'line': b'-- Up-to-date: /home/ngt/ZENS-Final-AUVC/install/gazebo_bluerov2/share/gazebo_bluerov2/worlds/bluerov2_simulation_2x.world\n'}
[24.624989] (gazebo_bluerov2) StdoutLine: {'line': b'-- Up-to-date: /home/ngt/ZENS-Final-AUVC/install/gazebo_bluerov2/share/gazebo_bluerov2/worlds/bluerov2_2vessels.world\n'}
[24.627267] (gazebo_bluerov2) StdoutLine: {'line': b'-- Up-to-date: /home/ngt/ZENS-Final-AUVC/install/gazebo_bluerov2/share/gazebo_bluerov2/worlds/bluerov2_heavy_underwater.world\n'}
[24.627775] (gazebo_bluerov2) StdoutLine: {'line': b'-- Up-to-date: /home/ngt/ZENS-Final-AUVC/install/gazebo_bluerov2/share/gazebo_bluerov2/worlds/bluerov2_underwater.world\n'}
[24.628261] (gazebo_bluerov2) StdoutLine: {'line': b'-- Up-to-date: /home/ngt/ZENS-Final-AUVC/install/gazebo_bluerov2/share/gazebo_bluerov2/worlds/bluerov2_1x.world\n'}
[24.628776] (gazebo_bluerov2) StdoutLine: {'line': b'-- Up-to-date: /home/ngt/ZENS-Final-AUVC/install/gazebo_bluerov2/share/gazebo_bluerov2/worlds/bluerov2_2x.world\n'}
[24.630789] (gazebo_bluerov2) StdoutLine: {'line': b'-- Up-to-date: /home/ngt/ZENS-Final-AUVC/install/gazebo_bluerov2/lib/libPressureSensor.so\n'}
[24.632185] (gazebo_bluerov2) StdoutLine: {'line': b'-- Up-to-date: /home/ngt/ZENS-Final-AUVC/install/gazebo_bluerov2/lib/libPressureSensorSystem.so\n'}
[24.632772] (gazebo_bluerov2) CommandEnded: {'returncode': 0}
[24.635036] (gazebo_bluerov2) JobEnded: {'identifier': 'gazebo_bluerov2', 'rc': 0}
[24.638290] (msgs) StdoutLine: {'line': b'[  2%] Built target msgs__rosidl_generator_type_description\n'}
[24.639630] (msgs) StdoutLine: {'line': b'[  5%] Built target msgs__rs\n'}
[24.640404] (msgs) StdoutLine: {'line': b'[  5%] Built target ament_cmake_python_copy_msgs\n'}
[24.652239] (-) TimerEvent: {}
[24.715488] (msgs) StdoutLine: {'line': b'[ 20%] Built target msgs__rosidl_generator_c\n'}
[24.752912] (-) TimerEvent: {}
[24.761221] (msgs) StdoutLine: {'line': b'[ 22%] Built target msgs__cpp\n'}
[24.853204] (-) TimerEvent: {}
[24.958436] (-) TimerEvent: {}
[24.993271] (msgs) StdoutLine: {'line': b'[ 31%] Built target msgs__rosidl_typesupport_fastrtps_c\n'}
[25.036582] (msgs) StdoutLine: {'line': b'[ 40%] Built target msgs__rosidl_typesupport_introspection_c\n'}
[25.062717] (-) TimerEvent: {}
[25.163850] (-) TimerEvent: {}
[25.226599] (msgs) StdoutLine: {'line': b'[ 48%] Built target msgs__rosidl_typesupport_c\n'}
[25.269265] (-) TimerEvent: {}
[25.346683] (msgs) StdoutLine: {'line': b'[ 57%] Built target msgs__rosidl_typesupport_cpp\n'}
[25.369828] (-) TimerEvent: {}
[25.390589] (msgs) StdoutLine: {'line': b'[ 65%] Built target msgs__rosidl_typesupport_introspection_cpp\n'}
[25.474384] (-) TimerEvent: {}
[25.576992] (-) TimerEvent: {}
[25.618751] (msgs) StdoutLine: {'line': b'[ 74%] Built target msgs__rosidl_typesupport_fastrtps_cpp\n'}
[25.678556] (-) TimerEvent: {}
[25.782188] (-) TimerEvent: {}
[25.874741] (msgs) StdoutLine: {'line': b'[ 74%] Built target msgs\n'}
[25.883470] (-) TimerEvent: {}
[25.986394] (-) TimerEvent: {}
[26.090217] (-) TimerEvent: {}
[26.151175] (msgs) StdoutLine: {'line': b'[ 77%] Built target msgs__py\n'}
[26.190685] (-) TimerEvent: {}
[26.292566] (-) TimerEvent: {}
[26.397308] (-) TimerEvent: {}
[26.416704] (msgs) StdoutLine: {'line': b'[ 82%] Built target msgs__rosidl_generator_py\n'}
[26.498250] (-) TimerEvent: {}
[26.604268] (-) TimerEvent: {}
[26.705267] (-) TimerEvent: {}
[26.718706] (msgs) StdoutLine: {'line': b'[ 88%] Built target msgs_s__rosidl_typesupport_c\n'}
[26.802268] (msgs) StdoutLine: {'line': b'[ 94%] Built target msgs_s__rosidl_typesupport_fastrtps_c\n'}
[26.806725] (-) TimerEvent: {}
[26.851388] (msgs) StdoutLine: {'line': b'[100%] Built target msgs_s__rosidl_typesupport_introspection_c\n'}
[26.906987] (-) TimerEvent: {}
[27.009833] (-) TimerEvent: {}
[27.113865] (-) TimerEvent: {}
[27.214782] (-) TimerEvent: {}
[27.317539] (-) TimerEvent: {}
[27.418598] (-) TimerEvent: {}
[27.436611] (msgs) StdoutLine: {'line': b'running egg_info\n'}
[27.518772] (-) TimerEvent: {}
[27.620047] (-) TimerEvent: {}
[27.648476] (msgs) StdoutLine: {'line': b'writing msgs.egg-info/PKG-INFO\n'}
[27.650052] (msgs) StdoutLine: {'line': b'writing dependency_links to msgs.egg-info/dependency_links.txt\n'}
[27.652255] (msgs) StdoutLine: {'line': b'writing top-level names to msgs.egg-info/top_level.txt\n'}
[27.721296] (-) TimerEvent: {}
[27.822156] (-) TimerEvent: {}
[27.924276] (-) TimerEvent: {}
[28.029220] (-) TimerEvent: {}
[28.131222] (-) TimerEvent: {}
[28.233170] (-) TimerEvent: {}
[28.335156] (-) TimerEvent: {}
[28.439014] (-) TimerEvent: {}
[28.543684] (-) TimerEvent: {}
[28.646918] (-) TimerEvent: {}
[28.748724] (-) TimerEvent: {}
[28.852289] (-) TimerEvent: {}
[28.956685] (-) TimerEvent: {}
[29.057926] (-) TimerEvent: {}
[29.162500] (-) TimerEvent: {}
[29.263613] (-) TimerEvent: {}
[29.367206] (-) TimerEvent: {}
[29.471231] (-) TimerEvent: {}
[29.510340] (msgs) StdoutLine: {'line': b"reading manifest file 'msgs.egg-info/SOURCES.txt'\n"}
[29.511971] (msgs) StdoutLine: {'line': b"writing manifest file 'msgs.egg-info/SOURCES.txt'\n"}
[29.571528] (-) TimerEvent: {}
[29.675700] (-) TimerEvent: {}
[29.778697] (-) TimerEvent: {}
[29.790591] (msgs) StdoutLine: {'line': b'[100%] Built target ament_cmake_python_build_msgs_egg\n'}
[29.881212] (-) TimerEvent: {}
[29.950470] (msgs) CommandEnded: {'returncode': 0}
[29.966375] (msgs) JobProgress: {'identifier': 'msgs', 'progress': 'install'}
[29.966619] (msgs) Command: {'cmd': ['/usr/bin/cmake', '--install', '/home/ngt/ZENS-Final-AUVC/build/msgs'], 'cwd': '/home/ngt/ZENS-Final-AUVC/build/msgs', 'env': OrderedDict({'PYTHON_BASIC_REPL': '1', 'VIRTUALENVWRAPPER_WORKON_CD': '1', 'USER': 'ngt', 'SSH_CLIENT': '192.168.3.1 59167 22', 'WORKON_HOME': '/home/ngt/.virtualenvs', 'GZ_SIM_RESOURCE_PATH': '/opt/ros/jazzy/share', 'GZ_CONFIG_PATH': '/opt/ros/jazzy/opt/gz_sim_vendor/share/gz:/opt/ros/jazzy/opt/sdformat_vendor/share/gz:/opt/ros/jazzy/opt/gz_gui_vendor/share/gz:/opt/ros/jazzy/opt/gz_transport_vendor/share/gz:/opt/ros/jazzy/opt/gz_rendering_vendor/share/gz:/opt/ros/jazzy/opt/gz_plugin_vendor/share/gz:/opt/ros/jazzy/opt/gz_fuel_tools_vendor/share/gz:/opt/ros/jazzy/opt/gz_msgs_vendor/share/gz:/opt/ros/jazzy/opt/gz_common_vendor/share/gz', 'XDG_SESSION_TYPE': 'tty', 'GIT_ASKPASS': '/home/ngt/.vscode-server/cli/servers/Stable-1b6a188127eeaf9194f945eb6eb89a657e93c54c/server/extensions/git/dist/askpass.sh', 'SHLVL': '1', 'BROWSER': '/home/ngt/.vscode-server/cli/servers/Stable-1b6a188127eeaf9194f945eb6eb89a657e93c54c/server/bin/helpers/browser.sh', 'LD_LIBRARY_PATH': '/home/ngt/auvc_ws/install/example_custom_srv/lib:/home/ngt/pid_ws/install/target_depth_msgs/lib:/opt/ros/jazzy/opt/gz_sim_vendor/lib:/opt/ros/jazzy/opt/gz_sensors_vendor/lib:/opt/ros/jazzy/opt/gz_physics_vendor/lib:/opt/ros/jazzy/opt/sdformat_vendor/lib:/opt/ros/jazzy/opt/rviz_ogre_vendor/lib:/opt/ros/jazzy/lib/aarch64-linux-gnu:/opt/ros/jazzy/opt/gz_gui_vendor/lib:/opt/ros/jazzy/opt/gz_transport_vendor/lib:/opt/ros/jazzy/opt/gz_rendering_vendor/lib:/opt/ros/jazzy/opt/gz_plugin_vendor/lib:/opt/ros/jazzy/opt/gz_fuel_tools_vendor/lib:/opt/ros/jazzy/opt/gz_msgs_vendor/lib:/opt/ros/jazzy/opt/gz_common_vendor/lib:/opt/ros/jazzy/opt/gz_math_vendor/lib:/opt/ros/jazzy/opt/gz_utils_vendor/lib:/opt/ros/jazzy/opt/gz_tools_vendor/lib:/opt/ros/jazzy/opt/gz_ogre_next_vendor/lib:/opt/ros/jazzy/opt/gz_dartsim_vendor/lib:/opt/ros/jazzy/opt/gz_cmake_vendor/lib:/opt/ros/jazzy/lib', 'GZ_TRANSPORT_ID': '192.168.3.1', 'HOME': '/home/ngt', 'OLDPWD': '/home/ngt', 'LESS': '-R', 'VIRTUALENVWRAPPER_PYTHON': '/usr/bin/python3', 'TERM_PROGRAM_VERSION': '1.130.0', 'VSCODE_IPC_HOOK_CLI': '/run/user/1004/vscode-ipc-ae3df1e9-d8a2-4837-9e51-55dec6bd592e.sock', 'ZSH': '/home/ngt/.oh-my-zsh', 'LSCOLORS': 'Gxfxcxdxbxegedabagacad', 'GZ_TRANSPORT_PUB_PORT': '11345', 'VSCODE_GIT_ASKPASS_MAIN': '/home/ngt/.vscode-server/cli/servers/Stable-1b6a188127eeaf9194f945eb6eb89a657e93c54c/server/extensions/git/dist/askpass-main.js', 'PAGER': 'less', 'ROS_PYTHON_VERSION': '3', 'PS1': '(rosmav) %(?:%{\x1b[01;32m%}%1{➜%} :%{\x1b[01;31m%}%1{➜%} ) %{\x1b[36m%}%c%{\x1b[00m%} $(git_prompt_info)', 'VSCODE_GIT_ASKPASS_NODE': '/home/ngt/.vscode-server/cli/servers/Stable-1b6a188127eeaf9194f945eb6eb89a657e93c54c/server/node', 'DBUS_SESSION_BUS_ADDRESS': 'unix:path=/run/user/1004/bus', 'PYDEVD_DISABLE_FILE_VALIDATION': '1', 'BUNDLED_DEBUGPY_PATH': '/home/ngt/.vscode-server/extensions/ms-python.debugpy-2026.6.0-linux-arm64/bundled/libs/debugpy', 'GZ_TRANSPORT_SUB_PORT': '11346', 'VSCODE_PYTHON_AUTOACTIVATE_GUARD': '1', 'COLORTERM': 'truecolor', 'ROS_DISTRO': 'jazzy', 'COLCON_PREFIX_PATH': '/home/ngt/cv_ws/install:/home/ngt/pid_ws/install:/home/ngt/auvc_ws/install:/home/ngt/auv_dancing/install', 'LOGNAME': 'ngt', '_': '/usr/bin/colcon', 'XDG_SESSION_CLASS': 'user', 'USER_ZDOTDIR': '/home/ngt', 'ROS_VERSION': '2', 'XDG_SESSION_ID': '2', 'TERM': 'xterm-256color', 'PATH': '/home/ngt/.virtualenvs/rosmav/bin:/home/ngt/.opencode/bin:/opt/ros/jazzy/opt/gz_msgs_vendor/bin:/opt/ros/jazzy/opt/gz_tools_vendor/bin:/opt/ros/jazzy/opt/gz_ogre_next_vendor/bin:/opt/ros/jazzy/bin:/usr/lib/ccache:/home/ngt/.vscode-server/data/User/globalStorage/github.copilot-chat/debugCommand:/home/ngt/.vscode-server/data/User/globalStorage/github.copilot-chat/copilotCli:/home/ngt/.vscode-server/cli/servers/Stable-1b6a188127eeaf9194f945eb6eb89a657e93c54c/server/bin/remote-cli:/usr/local/sbin:/usr/local/bin:/usr/sbin:/usr/bin:/sbin:/bin:/usr/games:/usr/local/games:/snap/bin:/home/ngt/.vscode-server/extensions/ms-python.debugpy-2026.6.0-linux-arm64/bundled/scripts/noConfigScripts:/home/ngt/.local/bin:/home/ngt/ardupilot/Tools/autotest', 'XDG_RUNTIME_DIR': '/run/user/1004', 'GZ_PARTITION': 'my_sim', 'LANG': 'en_US.UTF-8', 'VSCODE_DEBUGPY_ADAPTER_ENDPOINTS': '/home/ngt/.vscode-server/extensions/ms-python.debugpy-2026.6.0-linux-arm64/.noConfigDebugAdapterEndpoints/endpoint-cac51e27cd8c6882.txt', 'PYTHONSTARTUP': '/home/ngt/.vscode-server/data/User/workspaceStorage/e30aafa2edaaf296b4a11477f6a9b588/ms-python.python/pythonrc.py', 'VSCODE_INJECTION': '1', 'VIRTUAL_ENV_PROMPT': 'rosmav', 'TERM_PROGRAM': 'vscode', 'VSCODE_GIT_IPC_HANDLE': '/run/user/1004/vscode-git-191b257475.sock', 'LS_COLORS': 'rs=0:di=01;34:ln=01;36:mh=00:pi=40;33:so=01;35:do=01;35:bd=40;33;01:cd=40;33;01:or=40;31;01:mi=00:su=37;41:sg=30;43:ca=00:tw=30;42:ow=34;42:st=37;44:ex=01;32:*.tar=01;31:*.tgz=01;31:*.arc=01;31:*.arj=01;31:*.taz=01;31:*.lha=01;31:*.lz4=01;31:*.lzh=01;31:*.lzma=01;31:*.tlz=01;31:*.txz=01;31:*.tzo=01;31:*.t7z=01;31:*.zip=01;31:*.z=01;31:*.dz=01;31:*.gz=01;31:*.lrz=01;31:*.lz=01;31:*.lzo=01;31:*.xz=01;31:*.zst=01;31:*.tzst=01;31:*.bz2=01;31:*.bz=01;31:*.tbz=01;31:*.tbz2=01;31:*.tz=01;31:*.deb=01;31:*.rpm=01;31:*.jar=01;31:*.war=01;31:*.ear=01;31:*.sar=01;31:*.rar=01;31:*.alz=01;31:*.ace=01;31:*.zoo=01;31:*.cpio=01;31:*.7z=01;31:*.rz=01;31:*.cab=01;31:*.wim=01;31:*.swm=01;31:*.dwm=01;31:*.esd=01;31:*.avif=01;35:*.jpg=01;35:*.jpeg=01;35:*.mjpg=01;35:*.mjpeg=01;35:*.gif=01;35:*.bmp=01;35:*.pbm=01;35:*.pgm=01;35:*.ppm=01;35:*.tga=01;35:*.xbm=01;35:*.xpm=01;35:*.tif=01;35:*.tiff=01;35:*.png=01;35:*.svg=01;35:*.svgz=01;35:*.mng=01;35:*.pcx=01;35:*.mov=01;35:*.mpg=01;35:*.mpeg=01;35:*.m2v=01;35:*.mkv=01;35:*.webm=01;35:*.webp=01;35:*.ogm=01;35:*.mp4=01;35:*.m4v=01;35:*.mp4v=01;35:*.vob=01;35:*.qt=01;35:*.nuv=01;35:*.wmv=01;35:*.asf=01;35:*.rm=01;35:*.rmvb=01;35:*.flc=01;35:*.avi=01;35:*.fli=01;35:*.flv=01;35:*.gl=01;35:*.dl=01;35:*.xcf=01;35:*.xwd=01;35:*.yuv=01;35:*.cgm=01;35:*.emf=01;35:*.ogv=01;35:*.ogx=01;35:*.aac=00;36:*.au=00;36:*.flac=00;36:*.m4a=00;36:*.mid=00;36:*.midi=00;36:*.mka=00;36:*.mp3=00;36:*.mpc=00;36:*.ogg=00;36:*.ra=00;36:*.wav=00;36:*.oga=00;36:*.opus=00;36:*.spx=00;36:*.xspf=00;36:*~=00;90:*#=00;90:*.bak=00;90:*.crdownload=00;90:*.dpkg-dist=00;90:*.dpkg-new=00;90:*.dpkg-old=00;90:*.dpkg-tmp=00;90:*.old=00;90:*.orig=00;90:*.part=00;90:*.rej=00;90:*.rpmnew=00;90:*.rpmorig=00;90:*.rpmsave=00;90:*.swp=00;90:*.tmp=00;90:*.ucf-dist=00;90:*.ucf-new=00;90:*.ucf-old=00;90:', 'AMENT_PREFIX_PATH': '/home/ngt/auvc_ws/install/tutorial_virtualenvs:/home/ngt/auvc_ws/install/tutorial_pid:/home/ngt/auvc_ws/install/tutorial_ardusub:/home/ngt/auvc_ws/install/tutorial:/home/ngt/auvc_ws/install/rosmav:/home/ngt/auvc_ws/install/example_custom_srv:/home/ngt/cv_ws/install/cv:/home/ngt/pid_ws/install/target_depth_msgs:/home/ngt/pid_ws/install/pid:/home/ngt/auv_dancing/install/tutorial:/opt/ros/jazzy', 'SHELL': '/usr/bin/zsh', 'VIRTUALENVWRAPPER_PROJECT_FILENAME': '.project', 'VIRTUALENVWRAPPER_HOOK_DIR': '/home/ngt/.virtualenvs', 'VSCODE_GIT_ASKPASS_EXTRA_ARGS': '', 'VIRTUALENVWRAPPER_SCRIPT': '/usr/share/virtualenvwrapper/virtualenvwrapper.sh', 'ROS_AUTOMATIC_DISCOVERY_RANGE': 'SUBNET', 'VIRTUAL_ENV': '/home/ngt/.virtualenvs/rosmav', 'LC_ALL': 'en_US.UTF-8', 'PWD': '/home/ngt/ZENS-Final-AUVC/build/msgs', 'SSH_CONNECTION': '192.168.3.1 59167 192.168.3.2 22', 'COPILOT_DEBUG_NONCE': 'd6eed4c06bd82aa6cee185ab30fdc4f4', 'ZDOTDIR': '/home/ngt', 'PYTHONPATH': '/home/ngt/auvc_ws/install/tutorial_virtualenvs/lib/python3.12/site-packages:/home/ngt/auvc_ws/install/tutorial_pid/lib/python3.12/site-packages:/home/ngt/auvc_ws/install/tutorial_ardusub/lib/python3.12/site-packages:/home/ngt/auvc_ws/install/tutorial/lib/python3.12/site-packages:/home/ngt/auvc_ws/install/rosmav/lib/python3.12/site-packages:/home/ngt/auvc_ws/install/example_custom_srv/lib/python3.12/site-packages:/home/ngt/cv_ws/install/cv/lib/python3.12/site-packages:/home/ngt/pid_ws/install/target_depth_msgs/lib/python3.12/site-packages:/home/ngt/pid_ws/install/pid/lib/python3.12/site-packages:/home/ngt/auv_dancing/install/tutorial/lib/python3.12/site-packages:/opt/ros/jazzy/lib/python3.12/site-packages', 'COLCON': '1', 'CMAKE_PREFIX_PATH': '/home/ngt/auvc_ws/install/example_custom_srv:/home/ngt/pid_ws/install/target_depth_msgs:/opt/ros/jazzy/opt/gz_sim_vendor:/opt/ros/jazzy/opt/gz_sensors_vendor:/opt/ros/jazzy/opt/gz_physics_vendor:/opt/ros/jazzy/opt/sdformat_vendor:/opt/ros/jazzy/opt/gz_gui_vendor:/opt/ros/jazzy/opt/gz_transport_vendor:/opt/ros/jazzy/opt/gz_rendering_vendor:/opt/ros/jazzy/opt/gz_plugin_vendor:/opt/ros/jazzy/opt/gz_fuel_tools_vendor:/opt/ros/jazzy/opt/gz_msgs_vendor:/opt/ros/jazzy/opt/gz_common_vendor:/opt/ros/jazzy/opt/gz_math_vendor:/opt/ros/jazzy/opt/gz_utils_vendor:/opt/ros/jazzy/opt/gz_tools_vendor:/opt/ros/jazzy/opt/gz_ogre_next_vendor:/opt/ros/jazzy/opt/gz_dartsim_vendor:/opt/ros/jazzy/opt/gz_cmake_vendor:/home/ngt/auvc_ws/install/tutorial_virtualenvs:/home/ngt/auvc_ws/install/tutorial_pid:/home/ngt/auvc_ws/install/tutorial_ardusub:/home/ngt/auvc_ws/install/tutorial:/home/ngt/auvc_ws/install/rosmav:/home/ngt/cv_ws/install/cv:/home/ngt/pid_ws/install/pid:/home/ngt/auv_dancing/install/tutorial:/opt/ros/jazzy'}), 'shell': False}
[29.984226] (-) TimerEvent: {}
[30.084173] (msgs) StdoutLine: {'line': b'-- Install configuration: ""\n'}
[30.085372] (-) TimerEvent: {}
[30.085944] (msgs) StdoutLine: {'line': b'-- Up-to-date: /home/ngt/ZENS-Final-AUVC/install/msgs/share/ament_index/resource_index/rosidl_interfaces/msgs\n'}
[30.086628] (msgs) StdoutLine: {'line': b'-- Up-to-date: /home/ngt/ZENS-Final-AUVC/install/msgs/share/msgs/msg/TargetDepth.json\n'}
[30.087857] (msgs) StdoutLine: {'line': b'-- Up-to-date: /home/ngt/ZENS-Final-AUVC/install/msgs/include/msgs/msgs\n'}
[30.090441] (msgs) StdoutLine: {'line': b'-- Up-to-date: /home/ngt/ZENS-Final-AUVC/install/msgs/include/msgs/msgs/msg\n'}
[30.090962] (msgs) StdoutLine: {'line': b'-- Up-to-date: /home/ngt/ZENS-Final-AUVC/install/msgs/include/msgs/msgs/msg/detail\n'}
[30.091664] (msgs) StdoutLine: {'line': b'-- Up-to-date: /home/ngt/ZENS-Final-AUVC/install/msgs/include/msgs/msgs/msg/detail/target_depth__struct.h\n'}
[30.095935] (msgs) StdoutLine: {'line': b'-- Installing: /home/ngt/ZENS-Final-AUVC/install/msgs/include/msgs/msgs/msg/detail/target_depth__type_support.c\n'}
[30.097150] (msgs) StdoutLine: {'line': b'-- Up-to-date: /home/ngt/ZENS-Final-AUVC/install/msgs/include/msgs/msgs/msg/detail/target_depth__functions.c\n'}
[30.097763] (msgs) StdoutLine: {'line': b'-- Up-to-date: /home/ngt/ZENS-Final-AUVC/install/msgs/include/msgs/msgs/msg/detail/target_depth__functions.h\n'}
[30.101940] (msgs) StdoutLine: {'line': b'-- Up-to-date: /home/ngt/ZENS-Final-AUVC/install/msgs/include/msgs/msgs/msg/detail/target_depth__description.c\n'}
[30.102590] (msgs) StdoutLine: {'line': b'-- Up-to-date: /home/ngt/ZENS-Final-AUVC/install/msgs/include/msgs/msgs/msg/detail/target_depth__type_support.h\n'}
[30.103341] (msgs) StdoutLine: {'line': b'-- Up-to-date: /home/ngt/ZENS-Final-AUVC/install/msgs/include/msgs/msgs/msg/target_depth.h\n'}
[30.103929] (msgs) StdoutLine: {'line': b'-- Up-to-date: /home/ngt/ZENS-Final-AUVC/install/msgs/include/msgs/msgs/msg/rosidl_generator_c__visibility_control.h\n'}
[30.108815] (msgs) StdoutLine: {'line': b'-- Up-to-date: /home/ngt/ZENS-Final-AUVC/install/msgs/share/msgs/environment/library_path.sh\n'}
[30.109411] (msgs) StdoutLine: {'line': b'-- Up-to-date: /home/ngt/ZENS-Final-AUVC/install/msgs/share/msgs/environment/library_path.dsv\n'}
[30.109918] (msgs) StdoutLine: {'line': b'-- Up-to-date: /home/ngt/ZENS-Final-AUVC/install/msgs/lib/libmsgs__rosidl_generator_c.so\n'}
[30.114592] (msgs) StdoutLine: {'line': b'-- Up-to-date: /home/ngt/ZENS-Final-AUVC/install/msgs/include/msgs/msgs\n'}
[30.115754] (msgs) StdoutLine: {'line': b'-- Up-to-date: /home/ngt/ZENS-Final-AUVC/install/msgs/include/msgs/msgs/msg\n'}
[30.122738] (msgs) StdoutLine: {'line': b'-- Up-to-date: /home/ngt/ZENS-Final-AUVC/install/msgs/include/msgs/msgs/msg/rosidl_typesupport_fastrtps_c__visibility_control.h\n'}
[30.123741] (msgs) StdoutLine: {'line': b'-- Up-to-date: /home/ngt/ZENS-Final-AUVC/install/msgs/include/msgs/msgs/msg/detail\n'}
[30.129178] (msgs) StdoutLine: {'line': b'-- Up-to-date: /home/ngt/ZENS-Final-AUVC/install/msgs/include/msgs/msgs/msg/detail/target_depth__rosidl_typesupport_fastrtps_c.h\n'}
[30.129835] (msgs) StdoutLine: {'line': b'-- Up-to-date: /home/ngt/ZENS-Final-AUVC/install/msgs/lib/libmsgs__rosidl_typesupport_fastrtps_c.so\n'}
[30.134142] (msgs) StdoutLine: {'line': b'-- Up-to-date: /home/ngt/ZENS-Final-AUVC/install/msgs/include/msgs/msgs\n'}
[30.134725] (msgs) StdoutLine: {'line': b'-- Up-to-date: /home/ngt/ZENS-Final-AUVC/install/msgs/include/msgs/msgs/msg\n'}
[30.135166] (msgs) StdoutLine: {'line': b'-- Up-to-date: /home/ngt/ZENS-Final-AUVC/install/msgs/include/msgs/msgs/msg/rosidl_generator_cpp__visibility_control.hpp\n'}
[30.135734] (msgs) StdoutLine: {'line': b'-- Up-to-date: /home/ngt/ZENS-Final-AUVC/install/msgs/include/msgs/msgs/msg/detail\n'}
[30.141788] (msgs) StdoutLine: {'line': b'-- Up-to-date: /home/ngt/ZENS-Final-AUVC/install/msgs/include/msgs/msgs/msg/detail/target_depth__traits.hpp\n'}
[30.142504] (msgs) StdoutLine: {'line': b'-- Up-to-date: /home/ngt/ZENS-Final-AUVC/install/msgs/include/msgs/msgs/msg/detail/target_depth__type_support.hpp\n'}
[30.143290] (msgs) StdoutLine: {'line': b'-- Up-to-date: /home/ngt/ZENS-Final-AUVC/install/msgs/include/msgs/msgs/msg/detail/target_depth__builder.hpp\n'}
[30.144019] (msgs) StdoutLine: {'line': b'-- Up-to-date: /home/ngt/ZENS-Final-AUVC/install/msgs/include/msgs/msgs/msg/detail/target_depth__struct.hpp\n'}
[30.149163] (msgs) StdoutLine: {'line': b'-- Up-to-date: /home/ngt/ZENS-Final-AUVC/install/msgs/include/msgs/msgs/msg/target_depth.hpp\n'}
[30.149801] (msgs) StdoutLine: {'line': b'-- Up-to-date: /home/ngt/ZENS-Final-AUVC/install/msgs/include/msgs/msgs\n'}
[30.150453] (msgs) StdoutLine: {'line': b'-- Up-to-date: /home/ngt/ZENS-Final-AUVC/install/msgs/include/msgs/msgs/msg\n'}
[30.150967] (msgs) StdoutLine: {'line': b'-- Up-to-date: /home/ngt/ZENS-Final-AUVC/install/msgs/include/msgs/msgs/msg/rosidl_typesupport_fastrtps_cpp__visibility_control.h\n'}
[30.156843] (msgs) StdoutLine: {'line': b'-- Up-to-date: /home/ngt/ZENS-Final-AUVC/install/msgs/include/msgs/msgs/msg/detail\n'}
[30.157498] (msgs) StdoutLine: {'line': b'-- Up-to-date: /home/ngt/ZENS-Final-AUVC/install/msgs/include/msgs/msgs/msg/detail/dds_fastrtps\n'}
[30.158050] (msgs) StdoutLine: {'line': b'-- Up-to-date: /home/ngt/ZENS-Final-AUVC/install/msgs/include/msgs/msgs/msg/detail/target_depth__rosidl_typesupport_fastrtps_cpp.hpp\n'}
[30.158802] (msgs) StdoutLine: {'line': b'-- Up-to-date: /home/ngt/ZENS-Final-AUVC/install/msgs/lib/libmsgs__rosidl_typesupport_fastrtps_cpp.so\n'}
[30.163724] (msgs) StdoutLine: {'line': b'-- Up-to-date: /home/ngt/ZENS-Final-AUVC/install/msgs/include/msgs/msgs\n'}
[30.164364] (msgs) StdoutLine: {'line': b'-- Up-to-date: /home/ngt/ZENS-Final-AUVC/install/msgs/include/msgs/msgs/msg\n'}
[30.164893] (msgs) StdoutLine: {'line': b'-- Up-to-date: /home/ngt/ZENS-Final-AUVC/install/msgs/include/msgs/msgs/msg/rosidl_typesupport_introspection_c__visibility_control.h\n'}
[30.165456] (msgs) StdoutLine: {'line': b'-- Up-to-date: /home/ngt/ZENS-Final-AUVC/install/msgs/include/msgs/msgs/msg/detail\n'}
[30.165934] (msgs) StdoutLine: {'line': b'-- Installing: /home/ngt/ZENS-Final-AUVC/install/msgs/include/msgs/msgs/msg/detail/target_depth__type_support.c\n'}
[30.173281] (msgs) StdoutLine: {'line': b'-- Up-to-date: /home/ngt/ZENS-Final-AUVC/install/msgs/include/msgs/msgs/msg/detail/target_depth__rosidl_typesupport_introspection_c.h\n'}
[30.174004] (msgs) StdoutLine: {'line': b'-- Up-to-date: /home/ngt/ZENS-Final-AUVC/install/msgs/lib/libmsgs__rosidl_typesupport_introspection_c.so\n'}
[30.174613] (msgs) StdoutLine: {'line': b'-- Up-to-date: /home/ngt/ZENS-Final-AUVC/install/msgs/lib/libmsgs__rosidl_typesupport_c.so\n'}
[30.178963] (msgs) StdoutLine: {'line': b'-- Up-to-date: /home/ngt/ZENS-Final-AUVC/install/msgs/include/msgs/msgs\n'}
[30.179783] (msgs) StdoutLine: {'line': b'-- Up-to-date: /home/ngt/ZENS-Final-AUVC/install/msgs/include/msgs/msgs/msg\n'}
[30.180285] (msgs) StdoutLine: {'line': b'-- Up-to-date: /home/ngt/ZENS-Final-AUVC/install/msgs/include/msgs/msgs/msg/detail\n'}
[30.180758] (msgs) StdoutLine: {'line': b'-- Up-to-date: /home/ngt/ZENS-Final-AUVC/install/msgs/include/msgs/msgs/msg/detail/target_depth__rosidl_typesupport_introspection_cpp.hpp\n'}
[30.189837] (-) TimerEvent: {}
[30.191847] (msgs) StdoutLine: {'line': b'-- Up-to-date: /home/ngt/ZENS-Final-AUVC/install/msgs/include/msgs/msgs/msg/detail/target_depth__type_support.cpp\n'}
[30.194664] (msgs) StdoutLine: {'line': b'-- Up-to-date: /home/ngt/ZENS-Final-AUVC/install/msgs/lib/libmsgs__rosidl_typesupport_introspection_cpp.so\n'}
[30.195163] (msgs) StdoutLine: {'line': b'-- Up-to-date: /home/ngt/ZENS-Final-AUVC/install/msgs/lib/libmsgs__rosidl_typesupport_cpp.so\n'}
[30.202504] (msgs) StdoutLine: {'line': b'-- Up-to-date: /home/ngt/ZENS-Final-AUVC/install/msgs/share/msgs/environment/pythonpath.sh\n'}
[30.203065] (msgs) StdoutLine: {'line': b'-- Up-to-date: /home/ngt/ZENS-Final-AUVC/install/msgs/share/msgs/environment/pythonpath.dsv\n'}
[30.213682] (msgs) StdoutLine: {'line': b'-- Up-to-date: /home/ngt/ZENS-Final-AUVC/install/msgs/lib/python3.12/site-packages/msgs-0.0.0-py3.12.egg-info\n'}
[30.214214] (msgs) StdoutLine: {'line': b'-- Installing: /home/ngt/ZENS-Final-AUVC/install/msgs/lib/python3.12/site-packages/msgs-0.0.0-py3.12.egg-info/SOURCES.txt\n'}
[30.214665] (msgs) StdoutLine: {'line': b'-- Installing: /home/ngt/ZENS-Final-AUVC/install/msgs/lib/python3.12/site-packages/msgs-0.0.0-py3.12.egg-info/top_level.txt\n'}
[30.215151] (msgs) StdoutLine: {'line': b'-- Installing: /home/ngt/ZENS-Final-AUVC/install/msgs/lib/python3.12/site-packages/msgs-0.0.0-py3.12.egg-info/dependency_links.txt\n'}
[30.215654] (msgs) StdoutLine: {'line': b'-- Installing: /home/ngt/ZENS-Final-AUVC/install/msgs/lib/python3.12/site-packages/msgs-0.0.0-py3.12.egg-info/PKG-INFO\n'}
[30.222962] (msgs) StdoutLine: {'line': b'-- Up-to-date: /home/ngt/ZENS-Final-AUVC/install/msgs/lib/python3.12/site-packages/msgs\n'}
[30.224847] (msgs) StdoutLine: {'line': b'-- Up-to-date: /home/ngt/ZENS-Final-AUVC/install/msgs/lib/python3.12/site-packages/msgs/msgs_s__rosidl_typesupport_fastrtps_c.so\n'}
[30.225438] (msgs) StdoutLine: {'line': b'-- Up-to-date: /home/ngt/ZENS-Final-AUVC/install/msgs/lib/python3.12/site-packages/msgs/msgs_s__rosidl_typesupport_c.so\n'}
[30.225920] (msgs) StdoutLine: {'line': b'-- Up-to-date: /home/ngt/ZENS-Final-AUVC/install/msgs/lib/python3.12/site-packages/msgs/msg\n'}
[30.231430] (msgs) StdoutLine: {'line': b'-- Up-to-date: /home/ngt/ZENS-Final-AUVC/install/msgs/lib/python3.12/site-packages/msgs/msg/_target_depth.py\n'}
[30.232202] (msgs) StdoutLine: {'line': b'-- Up-to-date: /home/ngt/ZENS-Final-AUVC/install/msgs/lib/python3.12/site-packages/msgs/msg/_target_depth_s.c\n'}
[30.232878] (msgs) StdoutLine: {'line': b'-- Up-to-date: /home/ngt/ZENS-Final-AUVC/install/msgs/lib/python3.12/site-packages/msgs/msg/__init__.py\n'}
[30.238294] (msgs) StdoutLine: {'line': b'-- Up-to-date: /home/ngt/ZENS-Final-AUVC/install/msgs/lib/python3.12/site-packages/msgs/_msgs_s.ep.rosidl_typesupport_introspection_c.c\n'}
[30.238899] (msgs) StdoutLine: {'line': b'-- Up-to-date: /home/ngt/ZENS-Final-AUVC/install/msgs/lib/python3.12/site-packages/msgs/_msgs_s.ep.rosidl_typesupport_fastrtps_c.c\n'}
[30.239685] (msgs) StdoutLine: {'line': b'-- Up-to-date: /home/ngt/ZENS-Final-AUVC/install/msgs/lib/python3.12/site-packages/msgs/msgs_s__rosidl_typesupport_introspection_c.so\n'}
[30.245006] (msgs) StdoutLine: {'line': b'-- Up-to-date: /home/ngt/ZENS-Final-AUVC/install/msgs/lib/python3.12/site-packages/msgs/_msgs_s.ep.rosidl_typesupport_c.c\n'}
[30.245686] (msgs) StdoutLine: {'line': b'-- Up-to-date: /home/ngt/ZENS-Final-AUVC/install/msgs/lib/python3.12/site-packages/msgs/__init__.py\n'}
[30.291237] (-) TimerEvent: {}
[30.392425] (-) TimerEvent: {}
[30.497945] (msgs) StdoutLine: {'line': b"Listing '/home/ngt/ZENS-Final-AUVC/install/msgs/lib/python3.12/site-packages/msgs'...\n"}
[30.504230] (-) TimerEvent: {}
[30.505332] (msgs) StdoutLine: {'line': b"Listing '/home/ngt/ZENS-Final-AUVC/install/msgs/lib/python3.12/site-packages/msgs/msg'...\n"}
[30.550002] (msgs) StdoutLine: {'line': b'-- Up-to-date: /home/ngt/ZENS-Final-AUVC/install/msgs/lib/python3.12/site-packages/msgs/msgs_s__rosidl_typesupport_fastrtps_c.so\n'}
[30.553389] (msgs) StdoutLine: {'line': b'-- Up-to-date: /home/ngt/ZENS-Final-AUVC/install/msgs/lib/python3.12/site-packages/msgs/msgs_s__rosidl_typesupport_introspection_c.so\n'}
[30.559069] (msgs) StdoutLine: {'line': b'-- Up-to-date: /home/ngt/ZENS-Final-AUVC/install/msgs/lib/python3.12/site-packages/msgs/msgs_s__rosidl_typesupport_c.so\n'}
[30.559831] (msgs) StdoutLine: {'line': b'-- Up-to-date: /home/ngt/ZENS-Final-AUVC/install/msgs/lib/libmsgs__rosidl_generator_py.so\n'}
[30.563346] (msgs) StdoutLine: {'line': b'-- Up-to-date: /home/ngt/ZENS-Final-AUVC/install/msgs/share/ament_index/resource_index/rust_packages/msgs\n'}
[30.565667] (msgs) StdoutLine: {'line': b'-- Up-to-date: /home/ngt/ZENS-Final-AUVC/install/msgs/share/msgs/rust\n'}
[30.566473] (msgs) StdoutLine: {'line': b'-- Up-to-date: /home/ngt/ZENS-Final-AUVC/install/msgs/share/msgs/rust/build.rs\n'}
[30.568470] (msgs) StdoutLine: {'line': b'-- Up-to-date: /home/ngt/ZENS-Final-AUVC/install/msgs/share/msgs/rust/Cargo.toml\n'}
[30.571624] (msgs) StdoutLine: {'line': b'-- Up-to-date: /home/ngt/ZENS-Final-AUVC/install/msgs/share/msgs/rust/src\n'}
[30.572414] (msgs) StdoutLine: {'line': b'-- Up-to-date: /home/ngt/ZENS-Final-AUVC/install/msgs/share/msgs/rust/src/lib.rs\n'}
[30.575381] (msgs) StdoutLine: {'line': b'-- Up-to-date: /home/ngt/ZENS-Final-AUVC/install/msgs/share/msgs/rust/src/msg.rs\n'}
[30.576120] (msgs) StdoutLine: {'line': b'-- Up-to-date: /home/ngt/ZENS-Final-AUVC/install/msgs/share/msgs/rust/src/msg\n'}
[30.577020] (msgs) StdoutLine: {'line': b'-- Up-to-date: /home/ngt/ZENS-Final-AUVC/install/msgs/share/msgs/rust/src/msg/rmw.rs\n'}
[30.578930] (msgs) StdoutLine: {'line': b'-- Up-to-date: /home/ngt/ZENS-Final-AUVC/install/msgs/share/msgs/msg/TargetDepth.idl\n'}
[30.582045] (msgs) StdoutLine: {'line': b'-- Up-to-date: /home/ngt/ZENS-Final-AUVC/install/msgs/share/msgs/msg/TargetDepth.msg\n'}
[30.582727] (msgs) StdoutLine: {'line': b'-- Up-to-date: /home/ngt/ZENS-Final-AUVC/install/msgs/share/ament_index/resource_index/package_run_dependencies/msgs\n'}
[30.587623] (msgs) StdoutLine: {'line': b'-- Up-to-date: /home/ngt/ZENS-Final-AUVC/install/msgs/share/ament_index/resource_index/parent_prefix_path/msgs\n'}
[30.588530] (msgs) StdoutLine: {'line': b'-- Up-to-date: /home/ngt/ZENS-Final-AUVC/install/msgs/share/msgs/environment/ament_prefix_path.sh\n'}
[30.589218] (msgs) StdoutLine: {'line': b'-- Up-to-date: /home/ngt/ZENS-Final-AUVC/install/msgs/share/msgs/environment/ament_prefix_path.dsv\n'}
[30.591225] (msgs) StdoutLine: {'line': b'-- Up-to-date: /home/ngt/ZENS-Final-AUVC/install/msgs/share/msgs/environment/path.sh\n'}
[30.594429] (msgs) StdoutLine: {'line': b'-- Up-to-date: /home/ngt/ZENS-Final-AUVC/install/msgs/share/msgs/environment/path.dsv\n'}
[30.595849] (msgs) StdoutLine: {'line': b'-- Up-to-date: /home/ngt/ZENS-Final-AUVC/install/msgs/share/msgs/local_setup.bash\n'}
[30.603301] (msgs) StdoutLine: {'line': b'-- Up-to-date: /home/ngt/ZENS-Final-AUVC/install/msgs/share/msgs/local_setup.sh\n'}
[30.603952] (msgs) StdoutLine: {'line': b'-- Up-to-date: /home/ngt/ZENS-Final-AUVC/install/msgs/share/msgs/local_setup.zsh\n'}
[30.610894] (-) TimerEvent: {}
[30.612699] (msgs) StdoutLine: {'line': b'-- Up-to-date: /home/ngt/ZENS-Final-AUVC/install/msgs/share/msgs/local_setup.dsv\n'}
[30.613498] (msgs) StdoutLine: {'line': b'-- Installing: /home/ngt/ZENS-Final-AUVC/install/msgs/share/msgs/package.dsv\n'}
[30.616652] (msgs) StdoutLine: {'line': b'-- Up-to-date: /home/ngt/ZENS-Final-AUVC/install/msgs/share/ament_index/resource_index/packages/msgs\n'}
[30.617799] (msgs) StdoutLine: {'line': b'-- Up-to-date: /home/ngt/ZENS-Final-AUVC/install/msgs/share/msgs/cmake/export_msgs__rosidl_generator_cExport.cmake\n'}
[30.620792] (msgs) StdoutLine: {'line': b'-- Up-to-date: /home/ngt/ZENS-Final-AUVC/install/msgs/share/msgs/cmake/export_msgs__rosidl_generator_cExport-noconfig.cmake\n'}
[30.621749] (msgs) StdoutLine: {'line': b'-- Up-to-date: /home/ngt/ZENS-Final-AUVC/install/msgs/share/msgs/cmake/export_msgs__rosidl_typesupport_fastrtps_cExport.cmake\n'}
[30.622781] (msgs) StdoutLine: {'line': b'-- Up-to-date: /home/ngt/ZENS-Final-AUVC/install/msgs/share/msgs/cmake/export_msgs__rosidl_typesupport_fastrtps_cExport-noconfig.cmake\n'}
[30.625923] (msgs) StdoutLine: {'line': b'-- Up-to-date: /home/ngt/ZENS-Final-AUVC/install/msgs/share/msgs/cmake/export_msgs__rosidl_generator_cppExport.cmake\n'}
[30.628384] (msgs) StdoutLine: {'line': b'-- Up-to-date: /home/ngt/ZENS-Final-AUVC/install/msgs/share/msgs/cmake/export_msgs__rosidl_typesupport_fastrtps_cppExport.cmake\n'}
[30.631656] (msgs) StdoutLine: {'line': b'-- Up-to-date: /home/ngt/ZENS-Final-AUVC/install/msgs/share/msgs/cmake/export_msgs__rosidl_typesupport_fastrtps_cppExport-noconfig.cmake\n'}
[30.633399] (msgs) StdoutLine: {'line': b'-- Up-to-date: /home/ngt/ZENS-Final-AUVC/install/msgs/share/msgs/cmake/msgs__rosidl_typesupport_introspection_cExport.cmake\n'}
[30.636868] (msgs) StdoutLine: {'line': b'-- Up-to-date: /home/ngt/ZENS-Final-AUVC/install/msgs/share/msgs/cmake/msgs__rosidl_typesupport_introspection_cExport-noconfig.cmake\n'}
[30.638630] (msgs) StdoutLine: {'line': b'-- Up-to-date: /home/ngt/ZENS-Final-AUVC/install/msgs/share/msgs/cmake/msgs__rosidl_typesupport_cExport.cmake\n'}
[30.640502] (msgs) StdoutLine: {'line': b'-- Up-to-date: /home/ngt/ZENS-Final-AUVC/install/msgs/share/msgs/cmake/msgs__rosidl_typesupport_cExport-noconfig.cmake\n'}
[30.643717] (msgs) StdoutLine: {'line': b'-- Up-to-date: /home/ngt/ZENS-Final-AUVC/install/msgs/share/msgs/cmake/msgs__rosidl_typesupport_introspection_cppExport.cmake\n'}
[30.647507] (msgs) StdoutLine: {'line': b'-- Up-to-date: /home/ngt/ZENS-Final-AUVC/install/msgs/share/msgs/cmake/msgs__rosidl_typesupport_introspection_cppExport-noconfig.cmake\n'}
[30.648519] (msgs) StdoutLine: {'line': b'-- Up-to-date: /home/ngt/ZENS-Final-AUVC/install/msgs/share/msgs/cmake/msgs__rosidl_typesupport_cppExport.cmake\n'}
[30.652788] (msgs) StdoutLine: {'line': b'-- Up-to-date: /home/ngt/ZENS-Final-AUVC/install/msgs/share/msgs/cmake/msgs__rosidl_typesupport_cppExport-noconfig.cmake\n'}
[30.653481] (msgs) StdoutLine: {'line': b'-- Up-to-date: /home/ngt/ZENS-Final-AUVC/install/msgs/share/msgs/cmake/export_msgs__rosidl_generator_pyExport.cmake\n'}
[30.654289] (msgs) StdoutLine: {'line': b'-- Up-to-date: /home/ngt/ZENS-Final-AUVC/install/msgs/share/msgs/cmake/export_msgs__rosidl_generator_pyExport-noconfig.cmake\n'}
[30.657966] (msgs) StdoutLine: {'line': b'-- Up-to-date: /home/ngt/ZENS-Final-AUVC/install/msgs/share/msgs/cmake/rosidl_cmake-extras.cmake\n'}
[30.660519] (msgs) StdoutLine: {'line': b'-- Up-to-date: /home/ngt/ZENS-Final-AUVC/install/msgs/share/msgs/cmake/ament_cmake_export_dependencies-extras.cmake\n'}
[30.663066] (msgs) StdoutLine: {'line': b'-- Up-to-date: /home/ngt/ZENS-Final-AUVC/install/msgs/share/msgs/cmake/ament_cmake_export_include_directories-extras.cmake\n'}
[30.663731] (msgs) StdoutLine: {'line': b'-- Up-to-date: /home/ngt/ZENS-Final-AUVC/install/msgs/share/msgs/cmake/ament_cmake_export_libraries-extras.cmake\n'}
[30.667517] (msgs) StdoutLine: {'line': b'-- Up-to-date: /home/ngt/ZENS-Final-AUVC/install/msgs/share/msgs/cmake/ament_cmake_export_targets-extras.cmake\n'}
[30.669939] (msgs) StdoutLine: {'line': b'-- Up-to-date: /home/ngt/ZENS-Final-AUVC/install/msgs/share/msgs/cmake/rosidl_cmake_export_typesupport_targets-extras.cmake\n'}
[30.670603] (msgs) StdoutLine: {'line': b'-- Up-to-date: /home/ngt/ZENS-Final-AUVC/install/msgs/share/msgs/cmake/rosidl_cmake_export_typesupport_libraries-extras.cmake\n'}
[30.672473] (msgs) StdoutLine: {'line': b'-- Up-to-date: /home/ngt/ZENS-Final-AUVC/install/msgs/share/msgs/cmake/rosidl_cmake_aggregate_target-extras.cmake\n'}
[30.674871] (msgs) StdoutLine: {'line': b'-- Up-to-date: /home/ngt/ZENS-Final-AUVC/install/msgs/share/msgs/cmake/msgsConfig.cmake\n'}
[30.678740] (msgs) StdoutLine: {'line': b'-- Up-to-date: /home/ngt/ZENS-Final-AUVC/install/msgs/share/msgs/cmake/msgsConfig-version.cmake\n'}
[30.681348] (msgs) StdoutLine: {'line': b'-- Up-to-date: /home/ngt/ZENS-Final-AUVC/install/msgs/share/msgs/package.xml\n'}
[30.681939] (msgs) CommandEnded: {'returncode': 0}
[30.720285] (-) TimerEvent: {}
[30.821030] (-) TimerEvent: {}
[30.896305] (msgs) JobEnded: {'identifier': 'msgs', 'rc': 0}
[30.921316] (-) TimerEvent: {}
[31.024267] (-) TimerEvent: {}
[31.124977] (-) TimerEvent: {}
[31.226877] (-) TimerEvent: {}
[31.332262] (-) TimerEvent: {}
[31.432996] (-) TimerEvent: {}
[31.488863] (hardware) Command: {'cmd': ['/usr/bin/python3', '-W', 'ignore:setup.py install is deprecated', '-W', 'ignore:easy_install command is deprecated', 'setup.py', 'egg_info', '--egg-base', '../../../build/hardware', 'build', '--build-base', '/home/ngt/ZENS-Final-AUVC/build/hardware/build', 'install', '--record', '/home/ngt/ZENS-Final-AUVC/build/hardware/install.log', '--install-scripts', '$base/lib/hardware', '--single-version-externally-managed', 'install_data'], 'cwd': '/home/ngt/ZENS-Final-AUVC/ros_ws/src/hardware', 'env': {'PYTHON_BASIC_REPL': '1', 'VIRTUALENVWRAPPER_WORKON_CD': '1', 'USER': 'ngt', 'SSH_CLIENT': '192.168.3.1 59167 22', 'WORKON_HOME': '/home/ngt/.virtualenvs', 'GZ_SIM_RESOURCE_PATH': '/opt/ros/jazzy/share', 'GZ_CONFIG_PATH': '/opt/ros/jazzy/opt/gz_sim_vendor/share/gz:/opt/ros/jazzy/opt/sdformat_vendor/share/gz:/opt/ros/jazzy/opt/gz_gui_vendor/share/gz:/opt/ros/jazzy/opt/gz_transport_vendor/share/gz:/opt/ros/jazzy/opt/gz_rendering_vendor/share/gz:/opt/ros/jazzy/opt/gz_plugin_vendor/share/gz:/opt/ros/jazzy/opt/gz_fuel_tools_vendor/share/gz:/opt/ros/jazzy/opt/gz_msgs_vendor/share/gz:/opt/ros/jazzy/opt/gz_common_vendor/share/gz', 'XDG_SESSION_TYPE': 'tty', 'GIT_ASKPASS': '/home/ngt/.vscode-server/cli/servers/Stable-1b6a188127eeaf9194f945eb6eb89a657e93c54c/server/extensions/git/dist/askpass.sh', 'SHLVL': '1', 'BROWSER': '/home/ngt/.vscode-server/cli/servers/Stable-1b6a188127eeaf9194f945eb6eb89a657e93c54c/server/bin/helpers/browser.sh', 'LD_LIBRARY_PATH': '/home/ngt/auvc_ws/install/example_custom_srv/lib:/home/ngt/pid_ws/install/target_depth_msgs/lib:/opt/ros/jazzy/opt/gz_sim_vendor/lib:/opt/ros/jazzy/opt/gz_sensors_vendor/lib:/opt/ros/jazzy/opt/gz_physics_vendor/lib:/opt/ros/jazzy/opt/sdformat_vendor/lib:/opt/ros/jazzy/opt/rviz_ogre_vendor/lib:/opt/ros/jazzy/lib/aarch64-linux-gnu:/opt/ros/jazzy/opt/gz_gui_vendor/lib:/opt/ros/jazzy/opt/gz_transport_vendor/lib:/opt/ros/jazzy/opt/gz_rendering_vendor/lib:/opt/ros/jazzy/opt/gz_plugin_vendor/lib:/opt/ros/jazzy/opt/gz_fuel_tools_vendor/lib:/opt/ros/jazzy/opt/gz_msgs_vendor/lib:/opt/ros/jazzy/opt/gz_common_vendor/lib:/opt/ros/jazzy/opt/gz_math_vendor/lib:/opt/ros/jazzy/opt/gz_utils_vendor/lib:/opt/ros/jazzy/opt/gz_tools_vendor/lib:/opt/ros/jazzy/opt/gz_ogre_next_vendor/lib:/opt/ros/jazzy/opt/gz_dartsim_vendor/lib:/opt/ros/jazzy/opt/gz_cmake_vendor/lib:/opt/ros/jazzy/lib', 'GZ_TRANSPORT_ID': '192.168.3.1', 'HOME': '/home/ngt', 'OLDPWD': '/home/ngt', 'LESS': '-R', 'VIRTUALENVWRAPPER_PYTHON': '/usr/bin/python3', 'TERM_PROGRAM_VERSION': '1.130.0', 'VSCODE_IPC_HOOK_CLI': '/run/user/1004/vscode-ipc-ae3df1e9-d8a2-4837-9e51-55dec6bd592e.sock', 'ZSH': '/home/ngt/.oh-my-zsh', 'LSCOLORS': 'Gxfxcxdxbxegedabagacad', 'GZ_TRANSPORT_PUB_PORT': '11345', 'VSCODE_GIT_ASKPASS_MAIN': '/home/ngt/.vscode-server/cli/servers/Stable-1b6a188127eeaf9194f945eb6eb89a657e93c54c/server/extensions/git/dist/askpass-main.js', 'PAGER': 'less', 'ROS_PYTHON_VERSION': '3', 'PS1': '(rosmav) %(?:%{\x1b[01;32m%}%1{➜%} :%{\x1b[01;31m%}%1{➜%} ) %{\x1b[36m%}%c%{\x1b[00m%} $(git_prompt_info)', 'VSCODE_GIT_ASKPASS_NODE': '/home/ngt/.vscode-server/cli/servers/Stable-1b6a188127eeaf9194f945eb6eb89a657e93c54c/server/node', 'DBUS_SESSION_BUS_ADDRESS': 'unix:path=/run/user/1004/bus', 'PYDEVD_DISABLE_FILE_VALIDATION': '1', 'BUNDLED_DEBUGPY_PATH': '/home/ngt/.vscode-server/extensions/ms-python.debugpy-2026.6.0-linux-arm64/bundled/libs/debugpy', 'GZ_TRANSPORT_SUB_PORT': '11346', 'VSCODE_PYTHON_AUTOACTIVATE_GUARD': '1', 'COLORTERM': 'truecolor', 'ROS_DISTRO': 'jazzy', 'COLCON_PREFIX_PATH': '/home/ngt/cv_ws/install:/home/ngt/pid_ws/install:/home/ngt/auvc_ws/install:/home/ngt/auv_dancing/install', 'LOGNAME': 'ngt', '_': '/usr/bin/colcon', 'XDG_SESSION_CLASS': 'user', 'USER_ZDOTDIR': '/home/ngt', 'ROS_VERSION': '2', 'XDG_SESSION_ID': '2', 'TERM': 'xterm-256color', 'PATH': '/home/ngt/.virtualenvs/rosmav/bin:/home/ngt/.opencode/bin:/opt/ros/jazzy/opt/gz_msgs_vendor/bin:/opt/ros/jazzy/opt/gz_tools_vendor/bin:/opt/ros/jazzy/opt/gz_ogre_next_vendor/bin:/opt/ros/jazzy/bin:/usr/lib/ccache:/home/ngt/.vscode-server/data/User/globalStorage/github.copilot-chat/debugCommand:/home/ngt/.vscode-server/data/User/globalStorage/github.copilot-chat/copilotCli:/home/ngt/.vscode-server/cli/servers/Stable-1b6a188127eeaf9194f945eb6eb89a657e93c54c/server/bin/remote-cli:/usr/local/sbin:/usr/local/bin:/usr/sbin:/usr/bin:/sbin:/bin:/usr/games:/usr/local/games:/snap/bin:/home/ngt/.vscode-server/extensions/ms-python.debugpy-2026.6.0-linux-arm64/bundled/scripts/noConfigScripts:/home/ngt/.local/bin:/home/ngt/ardupilot/Tools/autotest', 'XDG_RUNTIME_DIR': '/run/user/1004', 'GZ_PARTITION': 'my_sim', 'LANG': 'en_US.UTF-8', 'VSCODE_DEBUGPY_ADAPTER_ENDPOINTS': '/home/ngt/.vscode-server/extensions/ms-python.debugpy-2026.6.0-linux-arm64/.noConfigDebugAdapterEndpoints/endpoint-cac51e27cd8c6882.txt', 'PYTHONSTARTUP': '/home/ngt/.vscode-server/data/User/workspaceStorage/e30aafa2edaaf296b4a11477f6a9b588/ms-python.python/pythonrc.py', 'VSCODE_INJECTION': '1', 'VIRTUAL_ENV_PROMPT': 'rosmav', 'TERM_PROGRAM': 'vscode', 'VSCODE_GIT_IPC_HANDLE': '/run/user/1004/vscode-git-191b257475.sock', 'LS_COLORS': 'rs=0:di=01;34:ln=01;36:mh=00:pi=40;33:so=01;35:do=01;35:bd=40;33;01:cd=40;33;01:or=40;31;01:mi=00:su=37;41:sg=30;43:ca=00:tw=30;42:ow=34;42:st=37;44:ex=01;32:*.tar=01;31:*.tgz=01;31:*.arc=01;31:*.arj=01;31:*.taz=01;31:*.lha=01;31:*.lz4=01;31:*.lzh=01;31:*.lzma=01;31:*.tlz=01;31:*.txz=01;31:*.tzo=01;31:*.t7z=01;31:*.zip=01;31:*.z=01;31:*.dz=01;31:*.gz=01;31:*.lrz=01;31:*.lz=01;31:*.lzo=01;31:*.xz=01;31:*.zst=01;31:*.tzst=01;31:*.bz2=01;31:*.bz=01;31:*.tbz=01;31:*.tbz2=01;31:*.tz=01;31:*.deb=01;31:*.rpm=01;31:*.jar=01;31:*.war=01;31:*.ear=01;31:*.sar=01;31:*.rar=01;31:*.alz=01;31:*.ace=01;31:*.zoo=01;31:*.cpio=01;31:*.7z=01;31:*.rz=01;31:*.cab=01;31:*.wim=01;31:*.swm=01;31:*.dwm=01;31:*.esd=01;31:*.avif=01;35:*.jpg=01;35:*.jpeg=01;35:*.mjpg=01;35:*.mjpeg=01;35:*.gif=01;35:*.bmp=01;35:*.pbm=01;35:*.pgm=01;35:*.ppm=01;35:*.tga=01;35:*.xbm=01;35:*.xpm=01;35:*.tif=01;35:*.tiff=01;35:*.png=01;35:*.svg=01;35:*.svgz=01;35:*.mng=01;35:*.pcx=01;35:*.mov=01;35:*.mpg=01;35:*.mpeg=01;35:*.m2v=01;35:*.mkv=01;35:*.webm=01;35:*.webp=01;35:*.ogm=01;35:*.mp4=01;35:*.m4v=01;35:*.mp4v=01;35:*.vob=01;35:*.qt=01;35:*.nuv=01;35:*.wmv=01;35:*.asf=01;35:*.rm=01;35:*.rmvb=01;35:*.flc=01;35:*.avi=01;35:*.fli=01;35:*.flv=01;35:*.gl=01;35:*.dl=01;35:*.xcf=01;35:*.xwd=01;35:*.yuv=01;35:*.cgm=01;35:*.emf=01;35:*.ogv=01;35:*.ogx=01;35:*.aac=00;36:*.au=00;36:*.flac=00;36:*.m4a=00;36:*.mid=00;36:*.midi=00;36:*.mka=00;36:*.mp3=00;36:*.mpc=00;36:*.ogg=00;36:*.ra=00;36:*.wav=00;36:*.oga=00;36:*.opus=00;36:*.spx=00;36:*.xspf=00;36:*~=00;90:*#=00;90:*.bak=00;90:*.crdownload=00;90:*.dpkg-dist=00;90:*.dpkg-new=00;90:*.dpkg-old=00;90:*.dpkg-tmp=00;90:*.old=00;90:*.orig=00;90:*.part=00;90:*.rej=00;90:*.rpmnew=00;90:*.rpmorig=00;90:*.rpmsave=00;90:*.swp=00;90:*.tmp=00;90:*.ucf-dist=00;90:*.ucf-new=00;90:*.ucf-old=00;90:', 'AMENT_PREFIX_PATH': '/home/ngt/auvc_ws/install/tutorial_virtualenvs:/home/ngt/auvc_ws/install/tutorial_pid:/home/ngt/auvc_ws/install/tutorial_ardusub:/home/ngt/auvc_ws/install/tutorial:/home/ngt/auvc_ws/install/rosmav:/home/ngt/auvc_ws/install/example_custom_srv:/home/ngt/cv_ws/install/cv:/home/ngt/pid_ws/install/target_depth_msgs:/home/ngt/pid_ws/install/pid:/home/ngt/auv_dancing/install/tutorial:/opt/ros/jazzy', 'SHELL': '/usr/bin/zsh', 'VIRTUALENVWRAPPER_PROJECT_FILENAME': '.project', 'VIRTUALENVWRAPPER_HOOK_DIR': '/home/ngt/.virtualenvs', 'VSCODE_GIT_ASKPASS_EXTRA_ARGS': '', 'VIRTUALENVWRAPPER_SCRIPT': '/usr/share/virtualenvwrapper/virtualenvwrapper.sh', 'ROS_AUTOMATIC_DISCOVERY_RANGE': 'SUBNET', 'VIRTUAL_ENV': '/home/ngt/.virtualenvs/rosmav', 'LC_ALL': 'en_US.UTF-8', 'PWD': '/home/ngt/ZENS-Final-AUVC/build/hardware', 'SSH_CONNECTION': '192.168.3.1 59167 192.168.3.2 22', 'COPILOT_DEBUG_NONCE': 'd6eed4c06bd82aa6cee185ab30fdc4f4', 'ZDOTDIR': '/home/ngt', 'PYTHONPATH': '/home/ngt/ZENS-Final-AUVC/build/hardware/prefix_override:/usr/lib/python3/dist-packages/colcon_core/task/python/colcon_distutils_commands:/home/ngt/ZENS-Final-AUVC/install/hardware/lib/python3.12/site-packages:/home/ngt/auvc_ws/install/tutorial_virtualenvs/lib/python3.12/site-packages:/home/ngt/auvc_ws/install/tutorial_pid/lib/python3.12/site-packages:/home/ngt/auvc_ws/install/tutorial_ardusub/lib/python3.12/site-packages:/home/ngt/auvc_ws/install/tutorial/lib/python3.12/site-packages:/home/ngt/auvc_ws/install/rosmav/lib/python3.12/site-packages:/home/ngt/auvc_ws/install/example_custom_srv/lib/python3.12/site-packages:/home/ngt/cv_ws/install/cv/lib/python3.12/site-packages:/home/ngt/pid_ws/install/target_depth_msgs/lib/python3.12/site-packages:/home/ngt/pid_ws/install/pid/lib/python3.12/site-packages:/home/ngt/auv_dancing/install/tutorial/lib/python3.12/site-packages:/opt/ros/jazzy/lib/python3.12/site-packages', 'COLCON': '1', 'CMAKE_PREFIX_PATH': '/home/ngt/auvc_ws/install/example_custom_srv:/home/ngt/pid_ws/install/target_depth_msgs:/opt/ros/jazzy/opt/gz_sim_vendor:/opt/ros/jazzy/opt/gz_sensors_vendor:/opt/ros/jazzy/opt/gz_physics_vendor:/opt/ros/jazzy/opt/sdformat_vendor:/opt/ros/jazzy/opt/gz_gui_vendor:/opt/ros/jazzy/opt/gz_transport_vendor:/opt/ros/jazzy/opt/gz_rendering_vendor:/opt/ros/jazzy/opt/gz_plugin_vendor:/opt/ros/jazzy/opt/gz_fuel_tools_vendor:/opt/ros/jazzy/opt/gz_msgs_vendor:/opt/ros/jazzy/opt/gz_common_vendor:/opt/ros/jazzy/opt/gz_math_vendor:/opt/ros/jazzy/opt/gz_utils_vendor:/opt/ros/jazzy/opt/gz_tools_vendor:/opt/ros/jazzy/opt/gz_ogre_next_vendor:/opt/ros/jazzy/opt/gz_dartsim_vendor:/opt/ros/jazzy/opt/gz_cmake_vendor'}, 'shell': False}
[31.533400] (-) TimerEvent: {}
[31.634270] (-) TimerEvent: {}
[31.736492] (-) TimerEvent: {}
[31.838187] (-) TimerEvent: {}
[31.939776] (-) TimerEvent: {}
[32.042137] (-) TimerEvent: {}
[32.143273] (-) TimerEvent: {}
[32.248305] (-) TimerEvent: {}
[32.349826] (-) TimerEvent: {}
[32.451514] (-) TimerEvent: {}
[32.555254] (-) TimerEvent: {}
[32.657230] (-) TimerEvent: {}
[32.759230] (-) TimerEvent: {}
[32.861304] (-) TimerEvent: {}
[32.964147] (-) TimerEvent: {}
[33.067312] (-) TimerEvent: {}
[33.168016] (-) TimerEvent: {}
[33.269518] (-) TimerEvent: {}
[33.372186] (-) TimerEvent: {}
[33.476142] (-) TimerEvent: {}
[33.578395] (-) TimerEvent: {}
[33.679152] (-) TimerEvent: {}
[33.782534] (-) TimerEvent: {}
[33.883248] (-) TimerEvent: {}
[33.985534] (-) TimerEvent: {}
[34.086260] (-) TimerEvent: {}
[34.189234] (-) TimerEvent: {}
[34.289996] (-) TimerEvent: {}
[34.390734] (-) TimerEvent: {}
[34.491898] (-) TimerEvent: {}
[34.599226] (-) TimerEvent: {}
[34.699897] (-) TimerEvent: {}
[34.800578] (-) TimerEvent: {}
[34.895900] (hardware) StdoutLine: {'line': b'running egg_info\n'}
[34.900747] (-) TimerEvent: {}
[35.004301] (-) TimerEvent: {}
[35.107268] (-) TimerEvent: {}
[35.208316] (-) TimerEvent: {}
[35.270119] (hardware) StdoutLine: {'line': b'writing ../../../build/hardware/hardware.egg-info/PKG-INFO\n'}
[35.276377] (hardware) StdoutLine: {'line': b'writing dependency_links to ../../../build/hardware/hardware.egg-info/dependency_links.txt\n'}
[35.280545] (hardware) StdoutLine: {'line': b'writing entry points to ../../../build/hardware/hardware.egg-info/entry_points.txt\n'}
[35.285047] (hardware) StdoutLine: {'line': b'writing requirements to ../../../build/hardware/hardware.egg-info/requires.txt\n'}
[35.288827] (hardware) StdoutLine: {'line': b'writing top-level names to ../../../build/hardware/hardware.egg-info/top_level.txt\n'}
[35.308849] (-) TimerEvent: {}
[35.412475] (-) TimerEvent: {}
[35.513341] (-) TimerEvent: {}
[35.615266] (-) TimerEvent: {}
[35.720256] (-) TimerEvent: {}
[35.821218] (-) TimerEvent: {}
[35.922784] (-) TimerEvent: {}
[36.023946] (-) TimerEvent: {}
[36.125211] (-) TimerEvent: {}
[36.225878] (-) TimerEvent: {}
[36.327539] (-) TimerEvent: {}
[36.428666] (-) TimerEvent: {}
[36.530375] (-) TimerEvent: {}
[36.631168] (-) TimerEvent: {}
[36.731955] (-) TimerEvent: {}
[36.747605] (hardware) StdoutLine: {'line': b"reading manifest file '../../../build/hardware/hardware.egg-info/SOURCES.txt'\n"}
[36.751565] (hardware) StdoutLine: {'line': b"writing manifest file '../../../build/hardware/hardware.egg-info/SOURCES.txt'\n"}
[36.752675] (hardware) StdoutLine: {'line': b'running build\n'}
[36.753554] (hardware) StdoutLine: {'line': b'running build_py\n'}
[36.755313] (hardware) StdoutLine: {'line': b'running install\n'}
[36.784884] (hardware) StdoutLine: {'line': b'running install_lib\n'}
[36.832157] (-) TimerEvent: {}
[36.932791] (-) TimerEvent: {}
[36.976566] (hardware) StdoutLine: {'line': b'running install_data\n'}
[36.979139] (hardware) StdoutLine: {'line': b'running install_egg_info\n'}
[37.033163] (-) TimerEvent: {}
[37.133851] (-) TimerEvent: {}
[37.185268] (hardware) StdoutLine: {'line': b"removing '/home/ngt/ZENS-Final-AUVC/install/hardware/lib/python3.12/site-packages/hardware-0.0.0-py3.12.egg-info' (and everything under it)\n"}
[37.187681] (hardware) StdoutLine: {'line': b'Copying ../../../build/hardware/hardware.egg-info to /home/ngt/ZENS-Final-AUVC/install/hardware/lib/python3.12/site-packages/hardware-0.0.0-py3.12.egg-info\n'}
[37.197894] (hardware) StdoutLine: {'line': b'running install_scripts\n'}
[37.236248] (-) TimerEvent: {}
[37.338171] (-) TimerEvent: {}
[37.440043] (-) TimerEvent: {}
[37.541686] (-) TimerEvent: {}
[37.642999] (-) TimerEvent: {}
[37.710920] (hardware) StdoutLine: {'line': b'Installing bluerov2_camera_interface script to /home/ngt/ZENS-Final-AUVC/install/hardware/lib/hardware\n'}
[37.713792] (hardware) StdoutLine: {'line': b'Installing bluerov2_hardware_interface script to /home/ngt/ZENS-Final-AUVC/install/hardware/lib/hardware\n'}
[37.715008] (hardware) StdoutLine: {'line': b'Installing bluerov2_simulation_interface script to /home/ngt/ZENS-Final-AUVC/install/hardware/lib/hardware\n'}
[37.721310] (hardware) StdoutLine: {'line': b"writing list of installed files to '/home/ngt/ZENS-Final-AUVC/build/hardware/install.log'\n"}
[37.745498] (-) TimerEvent: {}
[37.847364] (-) TimerEvent: {}
[37.911182] (hardware) CommandEnded: {'returncode': 0}
[37.948295] (-) TimerEvent: {}
[37.984057] (hardware) JobEnded: {'identifier': 'hardware', 'rc': 0}
[37.993265] (-) EventReactorShutdown: {}
