[0.000000] (-) TimerEvent: {}
[0.003958] (bringup) JobQueued: {'identifier': 'bringup', 'dependencies': OrderedDict()}
[0.004244] (control) JobQueued: {'identifier': 'control', 'dependencies': OrderedDict()}
[0.004455] (cv) JobQueued: {'identifier': 'cv', 'dependencies': OrderedDict()}
[0.004611] (flashing) JobQueued: {'identifier': 'flashing', 'dependencies': OrderedDict()}
[0.004692] (hardware) JobQueued: {'identifier': 'hardware', 'dependencies': OrderedDict()}
[0.004770] (msgs) JobQueued: {'identifier': 'msgs', 'dependencies': OrderedDict()}
[0.004849] (bringup) JobStarted: {'identifier': 'bringup'}
[0.106354] (-) TimerEvent: {}
[0.171208] (control) JobStarted: {'identifier': 'control'}
[0.206573] (-) TimerEvent: {}
[0.255065] (cv) JobStarted: {'identifier': 'cv'}
[0.307350] (-) TimerEvent: {}
[0.335523] (flashing) JobStarted: {'identifier': 'flashing'}
[0.407820] (-) TimerEvent: {}
[0.508704] (-) TimerEvent: {}
[0.611922] (-) TimerEvent: {}
[0.717517] (-) TimerEvent: {}
[0.818441] (-) TimerEvent: {}
[0.921224] (-) TimerEvent: {}
[1.022200] (-) TimerEvent: {}
[1.125762] (-) TimerEvent: {}
[1.228553] (-) TimerEvent: {}
[1.329480] (-) TimerEvent: {}
[1.432917] (-) TimerEvent: {}
[1.536533] (-) TimerEvent: {}
[1.641743] (-) TimerEvent: {}
[1.743007] (-) TimerEvent: {}
[1.848704] (-) TimerEvent: {}
[1.949519] (-) TimerEvent: {}
[2.053538] (-) TimerEvent: {}
[2.155584] (-) TimerEvent: {}
[2.260543] (-) TimerEvent: {}
[2.361458] (-) TimerEvent: {}
[2.466582] (-) TimerEvent: {}
[2.567562] (-) TimerEvent: {}
[2.670312] (-) TimerEvent: {}
[2.771216] (-) TimerEvent: {}
[2.874914] (-) TimerEvent: {}
[2.978572] (-) TimerEvent: {}
[3.079408] (-) TimerEvent: {}
[3.181935] (-) TimerEvent: {}
[3.285538] (-) TimerEvent: {}
[3.386539] (-) TimerEvent: {}
[3.489602] (-) TimerEvent: {}
[3.592543] (-) TimerEvent: {}
[3.693356] (-) TimerEvent: {}
[3.797682] (-) TimerEvent: {}
[3.901282] (-) TimerEvent: {}
[4.006302] (-) TimerEvent: {}
[4.108559] (-) TimerEvent: {}
[4.213682] (-) TimerEvent: {}
[4.314512] (-) TimerEvent: {}
[4.417430] (-) TimerEvent: {}
[4.519021] (-) TimerEvent: {}
[4.622536] (-) TimerEvent: {}
[4.725590] (-) TimerEvent: {}
[4.826513] (-) TimerEvent: {}
[4.928866] (-) TimerEvent: {}
[5.033187] (-) TimerEvent: {}
[5.134542] (-) TimerEvent: {}
[5.236639] (-) TimerEvent: {}
[5.339544] (-) TimerEvent: {}
[5.440496] (-) TimerEvent: {}
[5.541589] (-) TimerEvent: {}
[5.646318] (-) TimerEvent: {}
[5.750739] (-) TimerEvent: {}
[5.852143] (-) TimerEvent: {}
[5.956555] (-) TimerEvent: {}
[6.058762] (-) TimerEvent: {}
[6.166812] (-) TimerEvent: {}
[6.271565] (-) TimerEvent: {}
[6.374484] (-) TimerEvent: {}
[6.478568] (-) TimerEvent: {}
[6.579863] (-) TimerEvent: {}
[6.683566] (-) TimerEvent: {}
[6.784865] (-) TimerEvent: {}
[6.888549] (-) TimerEvent: {}
[6.989523] (-) TimerEvent: {}
[7.090726] (-) TimerEvent: {}
[7.194585] (-) TimerEvent: {}
[7.295520] (-) TimerEvent: {}
[7.398915] (-) TimerEvent: {}
[7.499726] (-) TimerEvent: {}
[7.600605] (-) TimerEvent: {}
[7.702541] (-) TimerEvent: {}
[7.812309] (-) TimerEvent: {}
[7.918528] (-) TimerEvent: {}
[8.019516] (-) TimerEvent: {}
[8.123539] (-) TimerEvent: {}
[8.228621] (-) TimerEvent: {}
[8.334872] (-) TimerEvent: {}
[8.438540] (-) TimerEvent: {}
[8.541577] (-) TimerEvent: {}
[8.649548] (-) TimerEvent: {}
[8.752236] (-) TimerEvent: {}
[8.859519] (-) TimerEvent: {}
[8.963541] (-) TimerEvent: {}
[9.071985] (-) TimerEvent: {}
[9.174649] (-) TimerEvent: {}
[9.285570] (-) TimerEvent: {}
[9.386536] (-) TimerEvent: {}
[9.487956] (-) TimerEvent: {}
[9.594231] (-) TimerEvent: {}
[9.695162] (-) TimerEvent: {}
[9.799740] (-) TimerEvent: {}
[9.908572] (-) TimerEvent: {}
[10.009575] (-) TimerEvent: {}
[10.116635] (-) TimerEvent: {}
[10.217919] (-) TimerEvent: {}
[10.322546] (-) TimerEvent: {}
[10.426295] (-) TimerEvent: {}
[10.530585] (-) TimerEvent: {}
[10.633018] (-) TimerEvent: {}
[10.738540] (-) TimerEvent: {}
[10.841531] (-) TimerEvent: {}
[10.942364] (-) TimerEvent: {}
[11.048052] (-) TimerEvent: {}
[11.148988] (-) TimerEvent: {}
[11.256163] (-) TimerEvent: {}
[11.360521] (-) TimerEvent: {}
[11.464092] (-) TimerEvent: {}
[11.569751] (-) TimerEvent: {}
[11.676571] (-) TimerEvent: {}
[11.779525] (-) TimerEvent: {}
[11.881617] (-) TimerEvent: {}
[11.989554] (-) TimerEvent: {}
[12.090618] (-) TimerEvent: {}
[12.197535] (-) TimerEvent: {}
[12.310055] (-) TimerEvent: {}
[12.410998] (-) TimerEvent: {}
[12.514549] (-) TimerEvent: {}
[12.615752] (-) TimerEvent: {}
[12.716671] (-) TimerEvent: {}
[12.819563] (-) TimerEvent: {}
[12.924532] (-) TimerEvent: {}
[13.025354] (-) TimerEvent: {}
[13.129997] (-) TimerEvent: {}
[13.230898] (-) TimerEvent: {}
[13.334626] (-) TimerEvent: {}
[13.438799] (-) TimerEvent: {}
[13.541533] (-) TimerEvent: {}
[13.644531] (-) TimerEvent: {}
[13.746174] (-) TimerEvent: {}
[13.851633] (-) TimerEvent: {}
[13.952524] (-) TimerEvent: {}
[14.056867] (-) TimerEvent: {}
[14.159116] (-) TimerEvent: {}
[14.261004] (-) TimerEvent: {}
[14.363518] (-) TimerEvent: {}
[14.467529] (-) TimerEvent: {}
[14.568421] (-) TimerEvent: {}
[14.674323] (-) TimerEvent: {}
[14.776505] (-) TimerEvent: {}
[14.881875] (-) TimerEvent: {}
[14.986041] (-) TimerEvent: {}
[15.089236] (-) TimerEvent: {}
[15.194918] (-) TimerEvent: {}
[15.302542] (-) TimerEvent: {}
[15.403332] (-) TimerEvent: {}
[15.510556] (-) TimerEvent: {}
[15.614518] (-) TimerEvent: {}
[15.715451] (-) TimerEvent: {}
[15.816866] (-) TimerEvent: {}
[15.919904] (-) TimerEvent: {}
[16.026553] (-) TimerEvent: {}
[16.135569] (-) TimerEvent: {}
[16.236503] (-) TimerEvent: {}
[16.343551] (-) TimerEvent: {}
[16.445117] (-) TimerEvent: {}
[16.547558] (-) TimerEvent: {}
[16.654551] (-) TimerEvent: {}
[16.762542] (-) TimerEvent: {}
[16.865563] (-) TimerEvent: {}
[16.977560] (-) TimerEvent: {}
[17.078541] (-) TimerEvent: {}
[17.183592] (-) TimerEvent: {}
[17.290559] (-) TimerEvent: {}
[17.398549] (-) TimerEvent: {}
[17.511568] (-) TimerEvent: {}
[17.612521] (-) TimerEvent: {}
[17.722556] (-) TimerEvent: {}
[17.829261] (-) TimerEvent: {}
[17.938552] (-) TimerEvent: {}
[18.041312] (-) TimerEvent: {}
[18.149534] (-) TimerEvent: {}
[18.250454] (-) TimerEvent: {}
[18.355265] (-) TimerEvent: {}
[18.459093] (-) TimerEvent: {}
[18.571521] (-) TimerEvent: {}
[18.672777] (-) TimerEvent: {}
[18.783547] (-) TimerEvent: {}
[18.889620] (-) TimerEvent: {}
[19.020876] (-) TimerEvent: {}
[19.126561] (-) TimerEvent: {}
[19.234549] (-) TimerEvent: {}
[19.335354] (-) TimerEvent: {}
[19.447519] (-) TimerEvent: {}
[19.548564] (-) TimerEvent: {}
[19.653527] (-) TimerEvent: {}
[19.763791] (-) TimerEvent: {}
[19.886555] (-) TimerEvent: {}
[19.995569] (-) TimerEvent: {}
[20.103555] (-) TimerEvent: {}
[20.209560] (-) TimerEvent: {}
[20.325464] (-) TimerEvent: {}
[20.437523] (-) TimerEvent: {}
[20.541542] (-) TimerEvent: {}
[20.642604] (-) TimerEvent: {}
[20.756574] (-) TimerEvent: {}
[20.858561] (-) TimerEvent: {}
[20.969940] (-) TimerEvent: {}
[21.082367] (-) TimerEvent: {}
[21.187991] (-) TimerEvent: {}
[21.317251] (-) TimerEvent: {}
[21.450545] (-) TimerEvent: {}
[21.554736] (-) TimerEvent: {}
[21.659108] (-) TimerEvent: {}
[21.763942] (-) TimerEvent: {}
[21.893294] (-) TimerEvent: {}
[22.020522] (-) TimerEvent: {}
[22.126821] (-) TimerEvent: {}
[22.242527] (-) TimerEvent: {}
[22.356102] (-) TimerEvent: {}
[22.467538] (-) TimerEvent: {}
[22.579099] (-) TimerEvent: {}
[22.683212] (-) TimerEvent: {}
[22.795485] (-) TimerEvent: {}
[22.905038] (-) TimerEvent: {}
[23.035576] (-) TimerEvent: {}
[23.140833] (-) TimerEvent: {}
[23.251224] (-) TimerEvent: {}
[23.365591] (-) TimerEvent: {}
[23.466578] (-) TimerEvent: {}
[23.577538] (-) TimerEvent: {}
[23.729543] (-) TimerEvent: {}
[23.849546] (-) TimerEvent: {}
[23.950362] (-) TimerEvent: {}
[24.081638] (-) TimerEvent: {}
[24.191530] (-) TimerEvent: {}
[24.299542] (-) TimerEvent: {}
[24.404537] (-) TimerEvent: {}
[24.505310] (-) TimerEvent: {}
[24.608572] (-) TimerEvent: {}
[24.725536] (-) TimerEvent: {}
[24.826507] (-) TimerEvent: {}
[24.932530] (-) TimerEvent: {}
[25.040530] (-) TimerEvent: {}
[25.145551] (-) TimerEvent: {}
[25.251580] (-) TimerEvent: {}
[25.369101] (-) TimerEvent: {}
[25.477945] (-) TimerEvent: {}
[25.581527] (-) TimerEvent: {}
[25.686527] (-) TimerEvent: {}
[25.795554] (-) TimerEvent: {}
[25.900573] (-) TimerEvent: {}
[26.003943] (-) TimerEvent: {}
[26.110969] (-) TimerEvent: {}
[26.217555] (-) TimerEvent: {}
[26.328550] (-) TimerEvent: {}
[26.431542] (-) TimerEvent: {}
[26.532431] (-) TimerEvent: {}
[26.642534] (-) TimerEvent: {}
[26.749622] (-) TimerEvent: {}
[26.856521] (-) TimerEvent: {}
[26.962927] (-) TimerEvent: {}
[27.065843] (-) TimerEvent: {}
[27.172573] (-) TimerEvent: {}
[27.282103] (-) TimerEvent: {}
[27.384152] (-) TimerEvent: {}
[27.490825] (-) TimerEvent: {}
[27.596521] (-) TimerEvent: {}
[27.701516] (-) TimerEvent: {}
[27.807534] (-) TimerEvent: {}
[27.910549] (-) TimerEvent: {}
[28.016280] (-) TimerEvent: {}
[28.122543] (-) TimerEvent: {}
[28.231538] (-) TimerEvent: {}
[28.336588] (-) TimerEvent: {}
[28.446539] (-) TimerEvent: {}
[28.547415] (-) TimerEvent: {}
[28.656548] (-) TimerEvent: {}
[28.764610] (-) TimerEvent: {}
[28.877531] (-) TimerEvent: {}
[28.978363] (-) TimerEvent: {}
[29.086568] (-) TimerEvent: {}
[29.195623] (-) TimerEvent: {}
[29.301540] (-) TimerEvent: {}
[29.407529] (-) TimerEvent: {}
[29.517558] (-) TimerEvent: {}
[29.618545] (-) TimerEvent: {}
[29.729520] (-) TimerEvent: {}
[29.837591] (-) TimerEvent: {}
[29.946653] (-) TimerEvent: {}
[30.055534] (-) TimerEvent: {}
[30.156418] (-) TimerEvent: {}
[30.262539] (-) TimerEvent: {}
[30.367151] (-) TimerEvent: {}
[30.468875] (-) TimerEvent: {}
[30.577725] (-) TimerEvent: {}
[30.686597] (-) TimerEvent: {}
[30.802541] (-) TimerEvent: {}
[30.903344] (-) TimerEvent: {}
[31.011534] (-) TimerEvent: {}
[31.116606] (-) TimerEvent: {}
[31.223118] (-) TimerEvent: {}
[31.328565] (-) TimerEvent: {}
[31.433566] (-) TimerEvent: {}
[31.540536] (-) TimerEvent: {}
[31.641457] (-) TimerEvent: {}
[31.758533] (-) TimerEvent: {}
[31.859283] (-) TimerEvent: {}
[31.961609] (-) TimerEvent: {}
[32.070554] (-) TimerEvent: {}
[32.177173] (-) TimerEvent: {}
[32.286430] (-) TimerEvent: {}
[32.394674] (-) TimerEvent: {}
[32.508653] (-) TimerEvent: {}
[32.616540] (-) TimerEvent: {}
[32.717483] (-) TimerEvent: {}
[32.818419] (-) TimerEvent: {}
[32.921524] (-) TimerEvent: {}
[33.022323] (-) TimerEvent: {}
[33.123228] (-) TimerEvent: {}
[33.226530] (-) TimerEvent: {}
[33.327281] (-) TimerEvent: {}
[33.428040] (-) TimerEvent: {}
[33.531547] (-) TimerEvent: {}
[33.632280] (-) TimerEvent: {}
[33.733314] (-) TimerEvent: {}
[33.836248] (-) TimerEvent: {}
[33.939551] (-) TimerEvent: {}
[34.040367] (-) TimerEvent: {}
[34.141127] (-) TimerEvent: {}
[34.244522] (-) TimerEvent: {}
[34.345427] (-) TimerEvent: {}
[34.446415] (-) TimerEvent: {}
[34.549531] (-) TimerEvent: {}
[34.650259] (-) TimerEvent: {}
[34.751026] (-) TimerEvent: {}
[34.854605] (-) TimerEvent: {}
[34.955655] (-) TimerEvent: {}
[35.056458] (-) TimerEvent: {}
[35.159560] (-) TimerEvent: {}
[35.260416] (-) TimerEvent: {}
[35.363553] (-) TimerEvent: {}
[35.464365] (-) TimerEvent: {}
[35.565215] (-) TimerEvent: {}
[35.668513] (-) TimerEvent: {}
[35.769294] (-) TimerEvent: {}
[35.874585] (-) TimerEvent: {}
[35.980574] (-) TimerEvent: {}
[36.085613] (-) TimerEvent: {}
[36.194545] (-) TimerEvent: {}
[36.297533] (-) TimerEvent: {}
[36.402558] (-) TimerEvent: {}
[36.505563] (-) TimerEvent: {}
[36.612039] (-) TimerEvent: {}
[36.714940] (-) TimerEvent: {}
[36.819523] (-) TimerEvent: {}
[36.923524] (-) TimerEvent: {}
[37.026019] (-) TimerEvent: {}
[37.130191] (-) TimerEvent: {}
[37.237515] (-) TimerEvent: {}
[37.345551] (-) TimerEvent: {}
[37.450313] (-) TimerEvent: {}
[37.561544] (-) TimerEvent: {}
[37.667536] (-) TimerEvent: {}
[37.768466] (-) TimerEvent: {}
[37.875536] (-) TimerEvent: {}
[37.982530] (-) TimerEvent: {}
[38.087989] (-) TimerEvent: {}
[38.195797] (-) TimerEvent: {}
[38.305535] (-) TimerEvent: {}
[38.406355] (-) TimerEvent: {}
[38.513575] (-) TimerEvent: {}
[38.619533] (-) TimerEvent: {}
[38.725530] (-) TimerEvent: {}
[38.833940] (-) TimerEvent: {}
[38.939513] (-) TimerEvent: {}
[39.042525] (-) TimerEvent: {}
[39.151557] (-) TimerEvent: {}
[39.256827] (-) TimerEvent: {}
[39.360527] (-) TimerEvent: {}
[39.467553] (-) TimerEvent: {}
[39.570537] (-) TimerEvent: {}
[39.677758] (-) TimerEvent: {}
[39.780541] (-) TimerEvent: {}
[39.885549] (-) TimerEvent: {}
[39.991802] (-) TimerEvent: {}
[40.098534] (-) TimerEvent: {}
[40.206539] (-) TimerEvent: {}
[40.307509] (-) TimerEvent: {}
[40.417584] (-) TimerEvent: {}
[40.524546] (-) TimerEvent: {}
[40.630543] (-) TimerEvent: {}
[40.735475] (-) TimerEvent: {}
[40.842543] (-) TimerEvent: {}
[40.949797] (-) TimerEvent: {}
[41.053534] (-) TimerEvent: {}
[41.158524] (-) TimerEvent: {}
[41.267561] (-) TimerEvent: {}
[41.368621] (-) TimerEvent: {}
[41.478548] (-) TimerEvent: {}
[41.586519] (-) TimerEvent: {}
[41.692537] (-) TimerEvent: {}
[41.798546] (-) TimerEvent: {}
[41.904541] (-) TimerEvent: {}
[42.005352] (-) TimerEvent: {}
[42.110545] (-) TimerEvent: {}
[42.216554] (-) TimerEvent: {}
[42.322529] (-) TimerEvent: {}
[42.425531] (-) TimerEvent: {}
[42.535555] (-) TimerEvent: {}
[42.638542] (-) TimerEvent: {}
[42.745584] (-) TimerEvent: {}
[42.848517] (-) TimerEvent: {}
[42.950600] (-) TimerEvent: {}
[43.061744] (-) TimerEvent: {}
[43.170533] (-) TimerEvent: {}
[43.271363] (-) TimerEvent: {}
[43.375940] (-) TimerEvent: {}
[43.480305] (-) TimerEvent: {}
[43.583544] (-) TimerEvent: {}
[43.689542] (-) TimerEvent: {}
[43.795527] (-) TimerEvent: {}
[43.898549] (-) TimerEvent: {}
[44.003738] (-) TimerEvent: {}
[44.108556] (-) TimerEvent: {}
[44.211556] (-) TimerEvent: {}
[44.325531] (-) TimerEvent: {}
[44.431541] (-) TimerEvent: {}
[44.540528] (-) TimerEvent: {}
[44.641293] (-) TimerEvent: {}
[44.747565] (-) TimerEvent: {}
[44.853578] (-) TimerEvent: {}
[44.963539] (-) TimerEvent: {}
[45.064351] (-) TimerEvent: {}
[45.165366] (-) TimerEvent: {}
[45.276149] (-) TimerEvent: {}
[45.380298] (-) TimerEvent: {}
[45.501543] (-) TimerEvent: {}
[45.607561] (-) TimerEvent: {}
[45.709619] (-) TimerEvent: {}
[45.814577] (-) TimerEvent: {}
[45.928524] (-) TimerEvent: {}
[46.036523] (-) TimerEvent: {}
[46.141526] (-) TimerEvent: {}
[46.244597] (-) TimerEvent: {}
[46.354556] (-) TimerEvent: {}
[46.457552] (-) TimerEvent: {}
[46.562531] (-) TimerEvent: {}
[46.665539] (-) TimerEvent: {}
[46.766461] (-) TimerEvent: {}
[46.882540] (-) TimerEvent: {}
[46.989079] (-) TimerEvent: {}
[47.092577] (-) TimerEvent: {}
[47.197560] (-) TimerEvent: {}
[47.305532] (-) TimerEvent: {}
[47.406457] (-) TimerEvent: {}
[47.507357] (-) TimerEvent: {}
[47.615621] (-) TimerEvent: {}
[47.721490] (-) TimerEvent: {}
[47.822333] (-) TimerEvent: {}
[47.933544] (-) TimerEvent: {}
[48.034319] (-) TimerEvent: {}
[48.143805] (-) TimerEvent: {}
[48.247600] (-) TimerEvent: {}
[48.357029] (-) TimerEvent: {}
[48.465545] (-) TimerEvent: {}
[48.578736] (-) TimerEvent: {}
[48.685600] (-) TimerEvent: {}
[48.799533] (-) TimerEvent: {}
[48.900365] (-) TimerEvent: {}
[49.006522] (-) TimerEvent: {}
[49.111527] (-) TimerEvent: {}
[49.215538] (-) TimerEvent: {}
[49.323666] (-) TimerEvent: {}
[49.438340] (-) TimerEvent: {}
[49.544629] (-) TimerEvent: {}
[49.652472] (-) TimerEvent: {}
[49.757580] (-) TimerEvent: {}
[49.861054] (-) TimerEvent: {}
[49.969542] (-) TimerEvent: {}
[50.078574] (-) TimerEvent: {}
[50.183552] (-) TimerEvent: {}
[50.287554] (-) TimerEvent: {}
[50.395573] (-) TimerEvent: {}
[50.502953] (-) TimerEvent: {}
[50.609657] (-) TimerEvent: {}
[50.718528] (-) TimerEvent: {}
[50.827533] (-) TimerEvent: {}
[50.933581] (-) TimerEvent: {}
[51.039648] (-) TimerEvent: {}
[51.153561] (-) TimerEvent: {}
[51.262539] (-) TimerEvent: {}
[51.367540] (-) TimerEvent: {}
[51.468655] (-) TimerEvent: {}
[51.575868] (-) TimerEvent: {}
[51.686546] (-) TimerEvent: {}
[51.794552] (-) TimerEvent: {}
[51.898583] (-) TimerEvent: {}
[52.009577] (-) TimerEvent: {}
[52.120581] (-) TimerEvent: {}
[52.223591] (-) TimerEvent: {}
[52.332532] (-) TimerEvent: {}
[52.436548] (-) TimerEvent: {}
[52.548543] (-) TimerEvent: {}
[52.622606] (bringup) Command: {'cmd': ['/usr/bin/python3', '-W', 'ignore:setup.py install is deprecated', '-W', 'ignore:easy_install command is deprecated', 'setup.py', 'egg_info', '--egg-base', '../../build/bringup', 'build', '--build-base', '/home/ngt/ZENS-Final-AUVC/ros_ws/build/bringup/build', 'install', '--record', '/home/ngt/ZENS-Final-AUVC/ros_ws/build/bringup/install.log', '--install-scripts', '$base/lib/bringup', '--single-version-externally-managed', 'install_data'], 'cwd': '/home/ngt/ZENS-Final-AUVC/ros_ws/src/bringup', 'env': {'PYTHON_BASIC_REPL': '1', 'VIRTUALENVWRAPPER_WORKON_CD': '1', 'USER': 'ngt', 'SSH_CLIENT': '192.168.3.1 64577 22', 'WORKON_HOME': '/home/ngt/.virtualenvs', 'GZ_SIM_RESOURCE_PATH': '/opt/ros/jazzy/share', 'GZ_CONFIG_PATH': '/opt/ros/jazzy/opt/gz_sim_vendor/share/gz:/opt/ros/jazzy/opt/sdformat_vendor/share/gz:/opt/ros/jazzy/opt/gz_gui_vendor/share/gz:/opt/ros/jazzy/opt/gz_transport_vendor/share/gz:/opt/ros/jazzy/opt/gz_rendering_vendor/share/gz:/opt/ros/jazzy/opt/gz_plugin_vendor/share/gz:/opt/ros/jazzy/opt/gz_fuel_tools_vendor/share/gz:/opt/ros/jazzy/opt/gz_msgs_vendor/share/gz:/opt/ros/jazzy/opt/gz_common_vendor/share/gz', 'XDG_SESSION_TYPE': 'tty', 'GIT_ASKPASS': '/home/ngt/.vscode-server/cli/servers/Stable-e4c7e7b1d6d060162f4aa7f8225271b67ce1df75/server/extensions/git/dist/askpass.sh', 'SHLVL': '1', 'BROWSER': '/home/ngt/.vscode-server/cli/servers/Stable-e4c7e7b1d6d060162f4aa7f8225271b67ce1df75/server/bin/helpers/browser.sh', 'LD_LIBRARY_PATH': '/home/ngt/ZENS-Final-AUVC/ros_ws/install/msgs/lib:/home/ngt/auvc_ws/install/example_custom_srv/lib:/home/ngt/pid_ws/install/target_depth_msgs/lib:/opt/ros/jazzy/opt/gz_sim_vendor/lib:/opt/ros/jazzy/opt/gz_sensors_vendor/lib:/opt/ros/jazzy/opt/gz_physics_vendor/lib:/opt/ros/jazzy/opt/sdformat_vendor/lib:/opt/ros/jazzy/opt/rviz_ogre_vendor/lib:/opt/ros/jazzy/lib/aarch64-linux-gnu:/opt/ros/jazzy/opt/gz_gui_vendor/lib:/opt/ros/jazzy/opt/gz_transport_vendor/lib:/opt/ros/jazzy/opt/gz_rendering_vendor/lib:/opt/ros/jazzy/opt/gz_plugin_vendor/lib:/opt/ros/jazzy/opt/gz_fuel_tools_vendor/lib:/opt/ros/jazzy/opt/gz_msgs_vendor/lib:/opt/ros/jazzy/opt/gz_common_vendor/lib:/opt/ros/jazzy/opt/gz_math_vendor/lib:/opt/ros/jazzy/opt/gz_utils_vendor/lib:/opt/ros/jazzy/opt/gz_tools_vendor/lib:/opt/ros/jazzy/opt/gz_ogre_next_vendor/lib:/opt/ros/jazzy/opt/gz_dartsim_vendor/lib:/opt/ros/jazzy/opt/gz_cmake_vendor/lib:/opt/ros/jazzy/lib', 'GZ_TRANSPORT_ID': '192.168.3.1', 'HOME': '/home/ngt', 'OLDPWD': '/home/ngt/ZENS-Final-AUVC', 'LESS': '-R', 'VIRTUALENVWRAPPER_PYTHON': '/usr/bin/python3', 'TERM_PROGRAM_VERSION': '1.131.0', 'VSCODE_IPC_HOOK_CLI': '/run/user/1004/vscode-ipc-f2a46726-367b-4b2d-ace9-69290944b12b.sock', 'ZSH': '/home/ngt/.oh-my-zsh', 'LSCOLORS': 'Gxfxcxdxbxegedabagacad', 'GZ_TRANSPORT_PUB_PORT': '11345', 'VSCODE_GIT_ASKPASS_MAIN': '/home/ngt/.vscode-server/cli/servers/Stable-e4c7e7b1d6d060162f4aa7f8225271b67ce1df75/server/extensions/git/dist/askpass-main.js', 'PAGER': 'less', 'ROS_PYTHON_VERSION': '3', 'PS1': '(ardusub) %(?:%{\x1b[01;32m%}%1{➜%} :%{\x1b[01;31m%}%1{➜%} ) %{\x1b[36m%}%c%{\x1b[00m%} $(git_prompt_info)', 'VSCODE_GIT_ASKPASS_NODE': '/home/ngt/.vscode-server/cli/servers/Stable-e4c7e7b1d6d060162f4aa7f8225271b67ce1df75/server/node', 'DBUS_SESSION_BUS_ADDRESS': 'unix:path=/run/user/1004/bus', 'PYDEVD_DISABLE_FILE_VALIDATION': '1', 'BUNDLED_DEBUGPY_PATH': '/home/ngt/.vscode-server/extensions/ms-python.debugpy-2026.6.0-linux-arm64/bundled/libs/debugpy', 'GZ_TRANSPORT_SUB_PORT': '11346', 'VSCODE_PYTHON_AUTOACTIVATE_GUARD': '1', 'COLORTERM': 'truecolor', 'ROS_DISTRO': 'jazzy', 'COLCON_PREFIX_PATH': '/home/ngt/ZENS-Final-AUVC/ros_ws/install:/home/ngt/auvc_ws/install:/home/ngt/cv_ws/install:/home/ngt/pid_ws/install:/home/ngt/auv_dancing/install', 'LOGNAME': 'ngt', '_': '/usr/bin/colcon', 'XDG_SESSION_CLASS': 'user', 'USER_ZDOTDIR': '/home/ngt', 'ROS_VERSION': '2', 'XDG_SESSION_ID': '1', 'TERM': 'xterm-256color', 'PATH': '/home/ngt/.virtualenvs/ardusub/bin:/home/ngt/.opencode/bin:/opt/ros/jazzy/opt/gz_msgs_vendor/bin:/opt/ros/jazzy/opt/gz_tools_vendor/bin:/opt/ros/jazzy/opt/gz_ogre_next_vendor/bin:/opt/ros/jazzy/bin:/usr/lib/ccache:/home/ngt/.vscode-server/data/User/globalStorage/github.copilot-chat/debugCommand:/home/ngt/.vscode-server/data/User/globalStorage/github.copilot-chat/copilotCli:/home/ngt/.vscode-server/cli/servers/Stable-e4c7e7b1d6d060162f4aa7f8225271b67ce1df75/server/bin/remote-cli:/usr/local/sbin:/usr/local/bin:/usr/sbin:/usr/bin:/sbin:/bin:/usr/games:/usr/local/games:/snap/bin:/home/ngt/.vscode-server/extensions/ms-python.debugpy-2026.6.0-linux-arm64/bundled/scripts/noConfigScripts:/home/ngt/.local/bin:/home/ngt/ardupilot/Tools/autotest', 'XDG_RUNTIME_DIR': '/run/user/1004', 'GZ_PARTITION': 'my_sim', 'LANG': 'en_US.UTF-8', 'VSCODE_DEBUGPY_ADAPTER_ENDPOINTS': '/home/ngt/.vscode-server/extensions/ms-python.debugpy-2026.6.0-linux-arm64/.noConfigDebugAdapterEndpoints/endpoint-c18b4b5d63521f01.txt', 'PYTHONSTARTUP': '/home/ngt/.vscode-server/data/User/workspaceStorage/ebe247280dad30c76e3d7235d970e14f/ms-python.python/pythonrc.py', 'VSCODE_INJECTION': '1', 'VIRTUAL_ENV_PROMPT': 'ardusub', 'TERM_PROGRAM': 'vscode', 'VSCODE_GIT_IPC_HANDLE': '/run/user/1004/vscode-git-75828e3940.sock', 'LS_COLORS': 'rs=0:di=01;34:ln=01;36:mh=00:pi=40;33:so=01;35:do=01;35:bd=40;33;01:cd=40;33;01:or=40;31;01:mi=00:su=37;41:sg=30;43:ca=00:tw=30;42:ow=34;42:st=37;44:ex=01;32:*.tar=01;31:*.tgz=01;31:*.arc=01;31:*.arj=01;31:*.taz=01;31:*.lha=01;31:*.lz4=01;31:*.lzh=01;31:*.lzma=01;31:*.tlz=01;31:*.txz=01;31:*.tzo=01;31:*.t7z=01;31:*.zip=01;31:*.z=01;31:*.dz=01;31:*.gz=01;31:*.lrz=01;31:*.lz=01;31:*.lzo=01;31:*.xz=01;31:*.zst=01;31:*.tzst=01;31:*.bz2=01;31:*.bz=01;31:*.tbz=01;31:*.tbz2=01;31:*.tz=01;31:*.deb=01;31:*.rpm=01;31:*.jar=01;31:*.war=01;31:*.ear=01;31:*.sar=01;31:*.rar=01;31:*.alz=01;31:*.ace=01;31:*.zoo=01;31:*.cpio=01;31:*.7z=01;31:*.rz=01;31:*.cab=01;31:*.wim=01;31:*.swm=01;31:*.dwm=01;31:*.esd=01;31:*.avif=01;35:*.jpg=01;35:*.jpeg=01;35:*.mjpg=01;35:*.mjpeg=01;35:*.gif=01;35:*.bmp=01;35:*.pbm=01;35:*.pgm=01;35:*.ppm=01;35:*.tga=01;35:*.xbm=01;35:*.xpm=01;35:*.tif=01;35:*.tiff=01;35:*.png=01;35:*.svg=01;35:*.svgz=01;35:*.mng=01;35:*.pcx=01;35:*.mov=01;35:*.mpg=01;35:*.mpeg=01;35:*.m2v=01;35:*.mkv=01;35:*.webm=01;35:*.webp=01;35:*.ogm=01;35:*.mp4=01;35:*.m4v=01;35:*.mp4v=01;35:*.vob=01;35:*.qt=01;35:*.nuv=01;35:*.wmv=01;35:*.asf=01;35:*.rm=01;35:*.rmvb=01;35:*.flc=01;35:*.avi=01;35:*.fli=01;35:*.flv=01;35:*.gl=01;35:*.dl=01;35:*.xcf=01;35:*.xwd=01;35:*.yuv=01;35:*.cgm=01;35:*.emf=01;35:*.ogv=01;35:*.ogx=01;35:*.aac=00;36:*.au=00;36:*.flac=00;36:*.m4a=00;36:*.mid=00;36:*.midi=00;36:*.mka=00;36:*.mp3=00;36:*.mpc=00;36:*.ogg=00;36:*.ra=00;36:*.wav=00;36:*.oga=00;36:*.opus=00;36:*.spx=00;36:*.xspf=00;36:*~=00;90:*#=00;90:*.bak=00;90:*.crdownload=00;90:*.dpkg-dist=00;90:*.dpkg-new=00;90:*.dpkg-old=00;90:*.dpkg-tmp=00;90:*.old=00;90:*.orig=00;90:*.part=00;90:*.rej=00;90:*.rpmnew=00;90:*.rpmorig=00;90:*.rpmsave=00;90:*.swp=00;90:*.tmp=00;90:*.ucf-dist=00;90:*.ucf-new=00;90:*.ucf-old=00;90:', 'AMENT_PREFIX_PATH': '/home/ngt/ZENS-Final-AUVC/ros_ws/install/msgs:/home/ngt/ZENS-Final-AUVC/ros_ws/install/hardware:/home/ngt/ZENS-Final-AUVC/ros_ws/install/flashing:/home/ngt/ZENS-Final-AUVC/ros_ws/install/cv:/home/ngt/ZENS-Final-AUVC/ros_ws/install/control:/home/ngt/ZENS-Final-AUVC/ros_ws/install/bringup:/home/ngt/auvc_ws/install/tutorial_virtualenvs:/home/ngt/auvc_ws/install/tutorial_pid:/home/ngt/auvc_ws/install/tutorial_ardusub:/home/ngt/auvc_ws/install/tutorial:/home/ngt/auvc_ws/install/rosmav:/home/ngt/auvc_ws/install/example_custom_srv:/home/ngt/cv_ws/install/cv:/home/ngt/pid_ws/install/target_depth_msgs:/home/ngt/pid_ws/install/pid:/home/ngt/auv_dancing/install/tutorial:/opt/ros/jazzy', 'SHELL': '/usr/bin/zsh', 'VIRTUALENVWRAPPER_PROJECT_FILENAME': '.project', 'VIRTUALENVWRAPPER_HOOK_DIR': '/home/ngt/.virtualenvs', 'VSCODE_GIT_ASKPASS_EXTRA_ARGS': '', 'VIRTUALENVWRAPPER_SCRIPT': '/usr/share/virtualenvwrapper/virtualenvwrapper.sh', 'ROS_AUTOMATIC_DISCOVERY_RANGE': 'SUBNET', 'VIRTUAL_ENV': '/home/ngt/.virtualenvs/ardusub', 'LC_ALL': 'en_US.UTF-8', 'PWD': '/home/ngt/ZENS-Final-AUVC/ros_ws/build/bringup', 'SSH_CONNECTION': '192.168.3.1 64577 192.168.3.2 22', 'COPILOT_DEBUG_NONCE': 'ecfdf1043499788fb94714472659d404', 'ZDOTDIR': '/home/ngt', 'PYTHONPATH': '/home/ngt/ZENS-Final-AUVC/ros_ws/build/bringup/prefix_override:/usr/lib/python3/dist-packages/colcon_core/task/python/colcon_distutils_commands:/home/ngt/ZENS-Final-AUVC/ros_ws/install/bringup/lib/python3.12/site-packages:/home/ngt/ZENS-Final-AUVC/ros_ws/install/msgs/lib/python3.12/site-packages:/home/ngt/ZENS-Final-AUVC/ros_ws/install/hardware/lib/python3.12/site-packages:/home/ngt/ZENS-Final-AUVC/ros_ws/install/flashing/lib/python3.12/site-packages:/home/ngt/ZENS-Final-AUVC/ros_ws/install/cv/lib/python3.12/site-packages:/home/ngt/ZENS-Final-AUVC/ros_ws/install/control/lib/python3.12/site-packages:/home/ngt/ZENS-Final-AUVC/ros_ws/install/bringup/lib/python3.12/site-packages:/home/ngt/auvc_ws/install/tutorial_virtualenvs/lib/python3.12/site-packages:/home/ngt/auvc_ws/install/tutorial_pid/lib/python3.12/site-packages:/home/ngt/auvc_ws/install/tutorial_ardusub/lib/python3.12/site-packages:/home/ngt/auvc_ws/install/tutorial/lib/python3.12/site-packages:/home/ngt/auvc_ws/install/rosmav/lib/python3.12/site-packages:/home/ngt/auvc_ws/install/example_custom_srv/lib/python3.12/site-packages:/home/ngt/cv_ws/install/cv/lib/python3.12/site-packages:/home/ngt/pid_ws/install/target_depth_msgs/lib/python3.12/site-packages:/home/ngt/pid_ws/install/pid/lib/python3.12/site-packages:/home/ngt/auv_dancing/install/tutorial/lib/python3.12/site-packages:/opt/ros/jazzy/lib/python3.12/site-packages', 'COLCON': '1', 'CMAKE_PREFIX_PATH': '/home/ngt/ZENS-Final-AUVC/ros_ws/install/msgs:/home/ngt/auvc_ws/install/example_custom_srv:/home/ngt/pid_ws/install/target_depth_msgs:/opt/ros/jazzy/opt/gz_sim_vendor:/opt/ros/jazzy/opt/gz_sensors_vendor:/opt/ros/jazzy/opt/gz_physics_vendor:/opt/ros/jazzy/opt/sdformat_vendor:/opt/ros/jazzy/opt/gz_gui_vendor:/opt/ros/jazzy/opt/gz_transport_vendor:/opt/ros/jazzy/opt/gz_rendering_vendor:/opt/ros/jazzy/opt/gz_plugin_vendor:/opt/ros/jazzy/opt/gz_fuel_tools_vendor:/opt/ros/jazzy/opt/gz_msgs_vendor:/opt/ros/jazzy/opt/gz_common_vendor:/opt/ros/jazzy/opt/gz_math_vendor:/opt/ros/jazzy/opt/gz_utils_vendor:/opt/ros/jazzy/opt/gz_tools_vendor:/opt/ros/jazzy/opt/gz_ogre_next_vendor:/opt/ros/jazzy/opt/gz_dartsim_vendor:/opt/ros/jazzy/opt/gz_cmake_vendor'}, 'shell': False}
[52.664584] (-) TimerEvent: {}
[52.800066] (-) TimerEvent: {}
[52.903613] (-) TimerEvent: {}
[53.019583] (-) TimerEvent: {}
[53.127287] (-) TimerEvent: {}
[53.238537] (-) TimerEvent: {}
[53.341564] (-) TimerEvent: {}
[53.442518] (-) TimerEvent: {}
[53.548563] (-) TimerEvent: {}
[53.660548] (-) TimerEvent: {}
[53.765541] (-) TimerEvent: {}
[53.888554] (-) TimerEvent: {}
[53.993545] (-) TimerEvent: {}
[54.096564] (-) TimerEvent: {}
[54.208627] (-) TimerEvent: {}
[54.321541] (-) TimerEvent: {}
[54.426560] (-) TimerEvent: {}
[54.531562] (-) TimerEvent: {}
[54.642607] (-) TimerEvent: {}
[54.754047] (-) TimerEvent: {}
[54.864188] (-) TimerEvent: {}
[54.975517] (-) TimerEvent: {}
[55.082714] (-) TimerEvent: {}
[55.189553] (-) TimerEvent: {}
[55.296534] (-) TimerEvent: {}
[55.399541] (-) TimerEvent: {}
[55.507775] (-) TimerEvent: {}
[55.612599] (-) TimerEvent: {}
[55.721549] (-) TimerEvent: {}
[55.822629] (-) TimerEvent: {}
[55.938627] (-) TimerEvent: {}
[56.050539] (-) TimerEvent: {}
[56.159106] (-) TimerEvent: {}
[56.265100] (-) TimerEvent: {}
[56.368558] (-) TimerEvent: {}
[56.470610] (-) TimerEvent: {}
[56.573548] (-) TimerEvent: {}
[56.674424] (-) TimerEvent: {}
[56.781599] (-) TimerEvent: {}
[56.885563] (-) TimerEvent: {}
[56.990493] (-) TimerEvent: {}
[57.097533] (-) TimerEvent: {}
[57.204585] (-) TimerEvent: {}
[57.305866] (-) TimerEvent: {}
[57.409569] (-) TimerEvent: {}
[57.513496] (-) TimerEvent: {}
[57.619421] (-) TimerEvent: {}
[57.720714] (-) TimerEvent: {}
[57.827294] (-) TimerEvent: {}
[57.929544] (-) TimerEvent: {}
[58.034825] (-) TimerEvent: {}
[58.135836] (-) TimerEvent: {}
[58.237681] (-) TimerEvent: {}
[58.294169] (flashing) Command: {'cmd': ['/usr/bin/python3', '-W', 'ignore:setup.py install is deprecated', '-W', 'ignore:easy_install command is deprecated', 'setup.py', 'egg_info', '--egg-base', '../../build/flashing', 'build', '--build-base', '/home/ngt/ZENS-Final-AUVC/ros_ws/build/flashing/build', 'install', '--record', '/home/ngt/ZENS-Final-AUVC/ros_ws/build/flashing/install.log', '--install-scripts', '$base/lib/flashing', '--single-version-externally-managed', 'install_data'], 'cwd': '/home/ngt/ZENS-Final-AUVC/ros_ws/src/flashing', 'env': {'PYTHON_BASIC_REPL': '1', 'VIRTUALENVWRAPPER_WORKON_CD': '1', 'USER': 'ngt', 'SSH_CLIENT': '192.168.3.1 64577 22', 'WORKON_HOME': '/home/ngt/.virtualenvs', 'GZ_SIM_RESOURCE_PATH': '/opt/ros/jazzy/share', 'GZ_CONFIG_PATH': '/opt/ros/jazzy/opt/gz_sim_vendor/share/gz:/opt/ros/jazzy/opt/sdformat_vendor/share/gz:/opt/ros/jazzy/opt/gz_gui_vendor/share/gz:/opt/ros/jazzy/opt/gz_transport_vendor/share/gz:/opt/ros/jazzy/opt/gz_rendering_vendor/share/gz:/opt/ros/jazzy/opt/gz_plugin_vendor/share/gz:/opt/ros/jazzy/opt/gz_fuel_tools_vendor/share/gz:/opt/ros/jazzy/opt/gz_msgs_vendor/share/gz:/opt/ros/jazzy/opt/gz_common_vendor/share/gz', 'XDG_SESSION_TYPE': 'tty', 'GIT_ASKPASS': '/home/ngt/.vscode-server/cli/servers/Stable-e4c7e7b1d6d060162f4aa7f8225271b67ce1df75/server/extensions/git/dist/askpass.sh', 'SHLVL': '1', 'BROWSER': '/home/ngt/.vscode-server/cli/servers/Stable-e4c7e7b1d6d060162f4aa7f8225271b67ce1df75/server/bin/helpers/browser.sh', 'LD_LIBRARY_PATH': '/home/ngt/ZENS-Final-AUVC/ros_ws/install/msgs/lib:/home/ngt/auvc_ws/install/example_custom_srv/lib:/home/ngt/pid_ws/install/target_depth_msgs/lib:/opt/ros/jazzy/opt/gz_sim_vendor/lib:/opt/ros/jazzy/opt/gz_sensors_vendor/lib:/opt/ros/jazzy/opt/gz_physics_vendor/lib:/opt/ros/jazzy/opt/sdformat_vendor/lib:/opt/ros/jazzy/opt/rviz_ogre_vendor/lib:/opt/ros/jazzy/lib/aarch64-linux-gnu:/opt/ros/jazzy/opt/gz_gui_vendor/lib:/opt/ros/jazzy/opt/gz_transport_vendor/lib:/opt/ros/jazzy/opt/gz_rendering_vendor/lib:/opt/ros/jazzy/opt/gz_plugin_vendor/lib:/opt/ros/jazzy/opt/gz_fuel_tools_vendor/lib:/opt/ros/jazzy/opt/gz_msgs_vendor/lib:/opt/ros/jazzy/opt/gz_common_vendor/lib:/opt/ros/jazzy/opt/gz_math_vendor/lib:/opt/ros/jazzy/opt/gz_utils_vendor/lib:/opt/ros/jazzy/opt/gz_tools_vendor/lib:/opt/ros/jazzy/opt/gz_ogre_next_vendor/lib:/opt/ros/jazzy/opt/gz_dartsim_vendor/lib:/opt/ros/jazzy/opt/gz_cmake_vendor/lib:/opt/ros/jazzy/lib', 'GZ_TRANSPORT_ID': '192.168.3.1', 'HOME': '/home/ngt', 'OLDPWD': '/home/ngt/ZENS-Final-AUVC', 'LESS': '-R', 'VIRTUALENVWRAPPER_PYTHON': '/usr/bin/python3', 'TERM_PROGRAM_VERSION': '1.131.0', 'VSCODE_IPC_HOOK_CLI': '/run/user/1004/vscode-ipc-f2a46726-367b-4b2d-ace9-69290944b12b.sock', 'ZSH': '/home/ngt/.oh-my-zsh', 'LSCOLORS': 'Gxfxcxdxbxegedabagacad', 'GZ_TRANSPORT_PUB_PORT': '11345', 'VSCODE_GIT_ASKPASS_MAIN': '/home/ngt/.vscode-server/cli/servers/Stable-e4c7e7b1d6d060162f4aa7f8225271b67ce1df75/server/extensions/git/dist/askpass-main.js', 'PAGER': 'less', 'ROS_PYTHON_VERSION': '3', 'PS1': '(ardusub) %(?:%{\x1b[01;32m%}%1{➜%} :%{\x1b[01;31m%}%1{➜%} ) %{\x1b[36m%}%c%{\x1b[00m%} $(git_prompt_info)', 'VSCODE_GIT_ASKPASS_NODE': '/home/ngt/.vscode-server/cli/servers/Stable-e4c7e7b1d6d060162f4aa7f8225271b67ce1df75/server/node', 'DBUS_SESSION_BUS_ADDRESS': 'unix:path=/run/user/1004/bus', 'PYDEVD_DISABLE_FILE_VALIDATION': '1', 'BUNDLED_DEBUGPY_PATH': '/home/ngt/.vscode-server/extensions/ms-python.debugpy-2026.6.0-linux-arm64/bundled/libs/debugpy', 'GZ_TRANSPORT_SUB_PORT': '11346', 'VSCODE_PYTHON_AUTOACTIVATE_GUARD': '1', 'COLORTERM': 'truecolor', 'ROS_DISTRO': 'jazzy', 'COLCON_PREFIX_PATH': '/home/ngt/ZENS-Final-AUVC/ros_ws/install:/home/ngt/auvc_ws/install:/home/ngt/cv_ws/install:/home/ngt/pid_ws/install:/home/ngt/auv_dancing/install', 'LOGNAME': 'ngt', '_': '/usr/bin/colcon', 'XDG_SESSION_CLASS': 'user', 'USER_ZDOTDIR': '/home/ngt', 'ROS_VERSION': '2', 'XDG_SESSION_ID': '1', 'TERM': 'xterm-256color', 'PATH': '/home/ngt/.virtualenvs/ardusub/bin:/home/ngt/.opencode/bin:/opt/ros/jazzy/opt/gz_msgs_vendor/bin:/opt/ros/jazzy/opt/gz_tools_vendor/bin:/opt/ros/jazzy/opt/gz_ogre_next_vendor/bin:/opt/ros/jazzy/bin:/usr/lib/ccache:/home/ngt/.vscode-server/data/User/globalStorage/github.copilot-chat/debugCommand:/home/ngt/.vscode-server/data/User/globalStorage/github.copilot-chat/copilotCli:/home/ngt/.vscode-server/cli/servers/Stable-e4c7e7b1d6d060162f4aa7f8225271b67ce1df75/server/bin/remote-cli:/usr/local/sbin:/usr/local/bin:/usr/sbin:/usr/bin:/sbin:/bin:/usr/games:/usr/local/games:/snap/bin:/home/ngt/.vscode-server/extensions/ms-python.debugpy-2026.6.0-linux-arm64/bundled/scripts/noConfigScripts:/home/ngt/.local/bin:/home/ngt/ardupilot/Tools/autotest', 'XDG_RUNTIME_DIR': '/run/user/1004', 'GZ_PARTITION': 'my_sim', 'LANG': 'en_US.UTF-8', 'VSCODE_DEBUGPY_ADAPTER_ENDPOINTS': '/home/ngt/.vscode-server/extensions/ms-python.debugpy-2026.6.0-linux-arm64/.noConfigDebugAdapterEndpoints/endpoint-c18b4b5d63521f01.txt', 'PYTHONSTARTUP': '/home/ngt/.vscode-server/data/User/workspaceStorage/ebe247280dad30c76e3d7235d970e14f/ms-python.python/pythonrc.py', 'VSCODE_INJECTION': '1', 'VIRTUAL_ENV_PROMPT': 'ardusub', 'TERM_PROGRAM': 'vscode', 'VSCODE_GIT_IPC_HANDLE': '/run/user/1004/vscode-git-75828e3940.sock', 'LS_COLORS': 'rs=0:di=01;34:ln=01;36:mh=00:pi=40;33:so=01;35:do=01;35:bd=40;33;01:cd=40;33;01:or=40;31;01:mi=00:su=37;41:sg=30;43:ca=00:tw=30;42:ow=34;42:st=37;44:ex=01;32:*.tar=01;31:*.tgz=01;31:*.arc=01;31:*.arj=01;31:*.taz=01;31:*.lha=01;31:*.lz4=01;31:*.lzh=01;31:*.lzma=01;31:*.tlz=01;31:*.txz=01;31:*.tzo=01;31:*.t7z=01;31:*.zip=01;31:*.z=01;31:*.dz=01;31:*.gz=01;31:*.lrz=01;31:*.lz=01;31:*.lzo=01;31:*.xz=01;31:*.zst=01;31:*.tzst=01;31:*.bz2=01;31:*.bz=01;31:*.tbz=01;31:*.tbz2=01;31:*.tz=01;31:*.deb=01;31:*.rpm=01;31:*.jar=01;31:*.war=01;31:*.ear=01;31:*.sar=01;31:*.rar=01;31:*.alz=01;31:*.ace=01;31:*.zoo=01;31:*.cpio=01;31:*.7z=01;31:*.rz=01;31:*.cab=01;31:*.wim=01;31:*.swm=01;31:*.dwm=01;31:*.esd=01;31:*.avif=01;35:*.jpg=01;35:*.jpeg=01;35:*.mjpg=01;35:*.mjpeg=01;35:*.gif=01;35:*.bmp=01;35:*.pbm=01;35:*.pgm=01;35:*.ppm=01;35:*.tga=01;35:*.xbm=01;35:*.xpm=01;35:*.tif=01;35:*.tiff=01;35:*.png=01;35:*.svg=01;35:*.svgz=01;35:*.mng=01;35:*.pcx=01;35:*.mov=01;35:*.mpg=01;35:*.mpeg=01;35:*.m2v=01;35:*.mkv=01;35:*.webm=01;35:*.webp=01;35:*.ogm=01;35:*.mp4=01;35:*.m4v=01;35:*.mp4v=01;35:*.vob=01;35:*.qt=01;35:*.nuv=01;35:*.wmv=01;35:*.asf=01;35:*.rm=01;35:*.rmvb=01;35:*.flc=01;35:*.avi=01;35:*.fli=01;35:*.flv=01;35:*.gl=01;35:*.dl=01;35:*.xcf=01;35:*.xwd=01;35:*.yuv=01;35:*.cgm=01;35:*.emf=01;35:*.ogv=01;35:*.ogx=01;35:*.aac=00;36:*.au=00;36:*.flac=00;36:*.m4a=00;36:*.mid=00;36:*.midi=00;36:*.mka=00;36:*.mp3=00;36:*.mpc=00;36:*.ogg=00;36:*.ra=00;36:*.wav=00;36:*.oga=00;36:*.opus=00;36:*.spx=00;36:*.xspf=00;36:*~=00;90:*#=00;90:*.bak=00;90:*.crdownload=00;90:*.dpkg-dist=00;90:*.dpkg-new=00;90:*.dpkg-old=00;90:*.dpkg-tmp=00;90:*.old=00;90:*.orig=00;90:*.part=00;90:*.rej=00;90:*.rpmnew=00;90:*.rpmorig=00;90:*.rpmsave=00;90:*.swp=00;90:*.tmp=00;90:*.ucf-dist=00;90:*.ucf-new=00;90:*.ucf-old=00;90:', 'AMENT_PREFIX_PATH': '/home/ngt/ZENS-Final-AUVC/ros_ws/install/msgs:/home/ngt/ZENS-Final-AUVC/ros_ws/install/hardware:/home/ngt/ZENS-Final-AUVC/ros_ws/install/flashing:/home/ngt/ZENS-Final-AUVC/ros_ws/install/cv:/home/ngt/ZENS-Final-AUVC/ros_ws/install/control:/home/ngt/ZENS-Final-AUVC/ros_ws/install/bringup:/home/ngt/auvc_ws/install/tutorial_virtualenvs:/home/ngt/auvc_ws/install/tutorial_pid:/home/ngt/auvc_ws/install/tutorial_ardusub:/home/ngt/auvc_ws/install/tutorial:/home/ngt/auvc_ws/install/rosmav:/home/ngt/auvc_ws/install/example_custom_srv:/home/ngt/cv_ws/install/cv:/home/ngt/pid_ws/install/target_depth_msgs:/home/ngt/pid_ws/install/pid:/home/ngt/auv_dancing/install/tutorial:/opt/ros/jazzy', 'SHELL': '/usr/bin/zsh', 'VIRTUALENVWRAPPER_PROJECT_FILENAME': '.project', 'VIRTUALENVWRAPPER_HOOK_DIR': '/home/ngt/.virtualenvs', 'VSCODE_GIT_ASKPASS_EXTRA_ARGS': '', 'VIRTUALENVWRAPPER_SCRIPT': '/usr/share/virtualenvwrapper/virtualenvwrapper.sh', 'ROS_AUTOMATIC_DISCOVERY_RANGE': 'SUBNET', 'VIRTUAL_ENV': '/home/ngt/.virtualenvs/ardusub', 'LC_ALL': 'en_US.UTF-8', 'PWD': '/home/ngt/ZENS-Final-AUVC/ros_ws/build/flashing', 'SSH_CONNECTION': '192.168.3.1 64577 192.168.3.2 22', 'COPILOT_DEBUG_NONCE': 'ecfdf1043499788fb94714472659d404', 'ZDOTDIR': '/home/ngt', 'PYTHONPATH': '/home/ngt/ZENS-Final-AUVC/ros_ws/build/flashing/prefix_override:/usr/lib/python3/dist-packages/colcon_core/task/python/colcon_distutils_commands:/home/ngt/ZENS-Final-AUVC/ros_ws/install/flashing/lib/python3.12/site-packages:/home/ngt/ZENS-Final-AUVC/ros_ws/install/msgs/lib/python3.12/site-packages:/home/ngt/ZENS-Final-AUVC/ros_ws/install/hardware/lib/python3.12/site-packages:/home/ngt/ZENS-Final-AUVC/ros_ws/install/flashing/lib/python3.12/site-packages:/home/ngt/ZENS-Final-AUVC/ros_ws/install/cv/lib/python3.12/site-packages:/home/ngt/ZENS-Final-AUVC/ros_ws/install/control/lib/python3.12/site-packages:/home/ngt/ZENS-Final-AUVC/ros_ws/install/bringup/lib/python3.12/site-packages:/home/ngt/auvc_ws/install/tutorial_virtualenvs/lib/python3.12/site-packages:/home/ngt/auvc_ws/install/tutorial_pid/lib/python3.12/site-packages:/home/ngt/auvc_ws/install/tutorial_ardusub/lib/python3.12/site-packages:/home/ngt/auvc_ws/install/tutorial/lib/python3.12/site-packages:/home/ngt/auvc_ws/install/rosmav/lib/python3.12/site-packages:/home/ngt/auvc_ws/install/example_custom_srv/lib/python3.12/site-packages:/home/ngt/cv_ws/install/cv/lib/python3.12/site-packages:/home/ngt/pid_ws/install/target_depth_msgs/lib/python3.12/site-packages:/home/ngt/pid_ws/install/pid/lib/python3.12/site-packages:/home/ngt/auv_dancing/install/tutorial/lib/python3.12/site-packages:/opt/ros/jazzy/lib/python3.12/site-packages', 'COLCON': '1', 'CMAKE_PREFIX_PATH': '/home/ngt/ZENS-Final-AUVC/ros_ws/install/msgs:/home/ngt/auvc_ws/install/example_custom_srv:/home/ngt/pid_ws/install/target_depth_msgs:/opt/ros/jazzy/opt/gz_sim_vendor:/opt/ros/jazzy/opt/gz_sensors_vendor:/opt/ros/jazzy/opt/gz_physics_vendor:/opt/ros/jazzy/opt/sdformat_vendor:/opt/ros/jazzy/opt/gz_gui_vendor:/opt/ros/jazzy/opt/gz_transport_vendor:/opt/ros/jazzy/opt/gz_rendering_vendor:/opt/ros/jazzy/opt/gz_plugin_vendor:/opt/ros/jazzy/opt/gz_fuel_tools_vendor:/opt/ros/jazzy/opt/gz_msgs_vendor:/opt/ros/jazzy/opt/gz_common_vendor:/opt/ros/jazzy/opt/gz_math_vendor:/opt/ros/jazzy/opt/gz_utils_vendor:/opt/ros/jazzy/opt/gz_tools_vendor:/opt/ros/jazzy/opt/gz_ogre_next_vendor:/opt/ros/jazzy/opt/gz_dartsim_vendor:/opt/ros/jazzy/opt/gz_cmake_vendor'}, 'shell': False}
[58.337927] (-) TimerEvent: {}
[58.440531] (-) TimerEvent: {}
[58.484488] (cv) Command: {'cmd': ['/usr/bin/python3', '-W', 'ignore:setup.py install is deprecated', '-W', 'ignore:easy_install command is deprecated', 'setup.py', 'egg_info', '--egg-base', '../../build/cv', 'build', '--build-base', '/home/ngt/ZENS-Final-AUVC/ros_ws/build/cv/build', 'install', '--record', '/home/ngt/ZENS-Final-AUVC/ros_ws/build/cv/install.log', '--install-scripts', '$base/lib/cv', '--single-version-externally-managed', 'install_data'], 'cwd': '/home/ngt/ZENS-Final-AUVC/ros_ws/src/cv', 'env': {'PYTHON_BASIC_REPL': '1', 'VIRTUALENVWRAPPER_WORKON_CD': '1', 'USER': 'ngt', 'SSH_CLIENT': '192.168.3.1 64577 22', 'WORKON_HOME': '/home/ngt/.virtualenvs', 'GZ_SIM_RESOURCE_PATH': '/opt/ros/jazzy/share', 'GZ_CONFIG_PATH': '/opt/ros/jazzy/opt/gz_sim_vendor/share/gz:/opt/ros/jazzy/opt/sdformat_vendor/share/gz:/opt/ros/jazzy/opt/gz_gui_vendor/share/gz:/opt/ros/jazzy/opt/gz_transport_vendor/share/gz:/opt/ros/jazzy/opt/gz_rendering_vendor/share/gz:/opt/ros/jazzy/opt/gz_plugin_vendor/share/gz:/opt/ros/jazzy/opt/gz_fuel_tools_vendor/share/gz:/opt/ros/jazzy/opt/gz_msgs_vendor/share/gz:/opt/ros/jazzy/opt/gz_common_vendor/share/gz', 'XDG_SESSION_TYPE': 'tty', 'GIT_ASKPASS': '/home/ngt/.vscode-server/cli/servers/Stable-e4c7e7b1d6d060162f4aa7f8225271b67ce1df75/server/extensions/git/dist/askpass.sh', 'SHLVL': '1', 'BROWSER': '/home/ngt/.vscode-server/cli/servers/Stable-e4c7e7b1d6d060162f4aa7f8225271b67ce1df75/server/bin/helpers/browser.sh', 'LD_LIBRARY_PATH': '/home/ngt/ZENS-Final-AUVC/ros_ws/install/msgs/lib:/home/ngt/auvc_ws/install/example_custom_srv/lib:/home/ngt/pid_ws/install/target_depth_msgs/lib:/opt/ros/jazzy/opt/gz_sim_vendor/lib:/opt/ros/jazzy/opt/gz_sensors_vendor/lib:/opt/ros/jazzy/opt/gz_physics_vendor/lib:/opt/ros/jazzy/opt/sdformat_vendor/lib:/opt/ros/jazzy/opt/rviz_ogre_vendor/lib:/opt/ros/jazzy/lib/aarch64-linux-gnu:/opt/ros/jazzy/opt/gz_gui_vendor/lib:/opt/ros/jazzy/opt/gz_transport_vendor/lib:/opt/ros/jazzy/opt/gz_rendering_vendor/lib:/opt/ros/jazzy/opt/gz_plugin_vendor/lib:/opt/ros/jazzy/opt/gz_fuel_tools_vendor/lib:/opt/ros/jazzy/opt/gz_msgs_vendor/lib:/opt/ros/jazzy/opt/gz_common_vendor/lib:/opt/ros/jazzy/opt/gz_math_vendor/lib:/opt/ros/jazzy/opt/gz_utils_vendor/lib:/opt/ros/jazzy/opt/gz_tools_vendor/lib:/opt/ros/jazzy/opt/gz_ogre_next_vendor/lib:/opt/ros/jazzy/opt/gz_dartsim_vendor/lib:/opt/ros/jazzy/opt/gz_cmake_vendor/lib:/opt/ros/jazzy/lib', 'GZ_TRANSPORT_ID': '192.168.3.1', 'HOME': '/home/ngt', 'OLDPWD': '/home/ngt/ZENS-Final-AUVC', 'LESS': '-R', 'VIRTUALENVWRAPPER_PYTHON': '/usr/bin/python3', 'TERM_PROGRAM_VERSION': '1.131.0', 'VSCODE_IPC_HOOK_CLI': '/run/user/1004/vscode-ipc-f2a46726-367b-4b2d-ace9-69290944b12b.sock', 'ZSH': '/home/ngt/.oh-my-zsh', 'LSCOLORS': 'Gxfxcxdxbxegedabagacad', 'GZ_TRANSPORT_PUB_PORT': '11345', 'VSCODE_GIT_ASKPASS_MAIN': '/home/ngt/.vscode-server/cli/servers/Stable-e4c7e7b1d6d060162f4aa7f8225271b67ce1df75/server/extensions/git/dist/askpass-main.js', 'PAGER': 'less', 'ROS_PYTHON_VERSION': '3', 'PS1': '(ardusub) %(?:%{\x1b[01;32m%}%1{➜%} :%{\x1b[01;31m%}%1{➜%} ) %{\x1b[36m%}%c%{\x1b[00m%} $(git_prompt_info)', 'VSCODE_GIT_ASKPASS_NODE': '/home/ngt/.vscode-server/cli/servers/Stable-e4c7e7b1d6d060162f4aa7f8225271b67ce1df75/server/node', 'DBUS_SESSION_BUS_ADDRESS': 'unix:path=/run/user/1004/bus', 'PYDEVD_DISABLE_FILE_VALIDATION': '1', 'BUNDLED_DEBUGPY_PATH': '/home/ngt/.vscode-server/extensions/ms-python.debugpy-2026.6.0-linux-arm64/bundled/libs/debugpy', 'GZ_TRANSPORT_SUB_PORT': '11346', 'VSCODE_PYTHON_AUTOACTIVATE_GUARD': '1', 'COLORTERM': 'truecolor', 'ROS_DISTRO': 'jazzy', 'COLCON_PREFIX_PATH': '/home/ngt/ZENS-Final-AUVC/ros_ws/install:/home/ngt/auvc_ws/install:/home/ngt/cv_ws/install:/home/ngt/pid_ws/install:/home/ngt/auv_dancing/install', 'LOGNAME': 'ngt', '_': '/usr/bin/colcon', 'XDG_SESSION_CLASS': 'user', 'USER_ZDOTDIR': '/home/ngt', 'ROS_VERSION': '2', 'XDG_SESSION_ID': '1', 'TERM': 'xterm-256color', 'PATH': '/home/ngt/.virtualenvs/ardusub/bin:/home/ngt/.opencode/bin:/opt/ros/jazzy/opt/gz_msgs_vendor/bin:/opt/ros/jazzy/opt/gz_tools_vendor/bin:/opt/ros/jazzy/opt/gz_ogre_next_vendor/bin:/opt/ros/jazzy/bin:/usr/lib/ccache:/home/ngt/.vscode-server/data/User/globalStorage/github.copilot-chat/debugCommand:/home/ngt/.vscode-server/data/User/globalStorage/github.copilot-chat/copilotCli:/home/ngt/.vscode-server/cli/servers/Stable-e4c7e7b1d6d060162f4aa7f8225271b67ce1df75/server/bin/remote-cli:/usr/local/sbin:/usr/local/bin:/usr/sbin:/usr/bin:/sbin:/bin:/usr/games:/usr/local/games:/snap/bin:/home/ngt/.vscode-server/extensions/ms-python.debugpy-2026.6.0-linux-arm64/bundled/scripts/noConfigScripts:/home/ngt/.local/bin:/home/ngt/ardupilot/Tools/autotest', 'XDG_RUNTIME_DIR': '/run/user/1004', 'GZ_PARTITION': 'my_sim', 'LANG': 'en_US.UTF-8', 'VSCODE_DEBUGPY_ADAPTER_ENDPOINTS': '/home/ngt/.vscode-server/extensions/ms-python.debugpy-2026.6.0-linux-arm64/.noConfigDebugAdapterEndpoints/endpoint-c18b4b5d63521f01.txt', 'PYTHONSTARTUP': '/home/ngt/.vscode-server/data/User/workspaceStorage/ebe247280dad30c76e3d7235d970e14f/ms-python.python/pythonrc.py', 'VSCODE_INJECTION': '1', 'VIRTUAL_ENV_PROMPT': 'ardusub', 'TERM_PROGRAM': 'vscode', 'VSCODE_GIT_IPC_HANDLE': '/run/user/1004/vscode-git-75828e3940.sock', 'LS_COLORS': 'rs=0:di=01;34:ln=01;36:mh=00:pi=40;33:so=01;35:do=01;35:bd=40;33;01:cd=40;33;01:or=40;31;01:mi=00:su=37;41:sg=30;43:ca=00:tw=30;42:ow=34;42:st=37;44:ex=01;32:*.tar=01;31:*.tgz=01;31:*.arc=01;31:*.arj=01;31:*.taz=01;31:*.lha=01;31:*.lz4=01;31:*.lzh=01;31:*.lzma=01;31:*.tlz=01;31:*.txz=01;31:*.tzo=01;31:*.t7z=01;31:*.zip=01;31:*.z=01;31:*.dz=01;31:*.gz=01;31:*.lrz=01;31:*.lz=01;31:*.lzo=01;31:*.xz=01;31:*.zst=01;31:*.tzst=01;31:*.bz2=01;31:*.bz=01;31:*.tbz=01;31:*.tbz2=01;31:*.tz=01;31:*.deb=01;31:*.rpm=01;31:*.jar=01;31:*.war=01;31:*.ear=01;31:*.sar=01;31:*.rar=01;31:*.alz=01;31:*.ace=01;31:*.zoo=01;31:*.cpio=01;31:*.7z=01;31:*.rz=01;31:*.cab=01;31:*.wim=01;31:*.swm=01;31:*.dwm=01;31:*.esd=01;31:*.avif=01;35:*.jpg=01;35:*.jpeg=01;35:*.mjpg=01;35:*.mjpeg=01;35:*.gif=01;35:*.bmp=01;35:*.pbm=01;35:*.pgm=01;35:*.ppm=01;35:*.tga=01;35:*.xbm=01;35:*.xpm=01;35:*.tif=01;35:*.tiff=01;35:*.png=01;35:*.svg=01;35:*.svgz=01;35:*.mng=01;35:*.pcx=01;35:*.mov=01;35:*.mpg=01;35:*.mpeg=01;35:*.m2v=01;35:*.mkv=01;35:*.webm=01;35:*.webp=01;35:*.ogm=01;35:*.mp4=01;35:*.m4v=01;35:*.mp4v=01;35:*.vob=01;35:*.qt=01;35:*.nuv=01;35:*.wmv=01;35:*.asf=01;35:*.rm=01;35:*.rmvb=01;35:*.flc=01;35:*.avi=01;35:*.fli=01;35:*.flv=01;35:*.gl=01;35:*.dl=01;35:*.xcf=01;35:*.xwd=01;35:*.yuv=01;35:*.cgm=01;35:*.emf=01;35:*.ogv=01;35:*.ogx=01;35:*.aac=00;36:*.au=00;36:*.flac=00;36:*.m4a=00;36:*.mid=00;36:*.midi=00;36:*.mka=00;36:*.mp3=00;36:*.mpc=00;36:*.ogg=00;36:*.ra=00;36:*.wav=00;36:*.oga=00;36:*.opus=00;36:*.spx=00;36:*.xspf=00;36:*~=00;90:*#=00;90:*.bak=00;90:*.crdownload=00;90:*.dpkg-dist=00;90:*.dpkg-new=00;90:*.dpkg-old=00;90:*.dpkg-tmp=00;90:*.old=00;90:*.orig=00;90:*.part=00;90:*.rej=00;90:*.rpmnew=00;90:*.rpmorig=00;90:*.rpmsave=00;90:*.swp=00;90:*.tmp=00;90:*.ucf-dist=00;90:*.ucf-new=00;90:*.ucf-old=00;90:', 'AMENT_PREFIX_PATH': '/home/ngt/ZENS-Final-AUVC/ros_ws/install/msgs:/home/ngt/ZENS-Final-AUVC/ros_ws/install/hardware:/home/ngt/ZENS-Final-AUVC/ros_ws/install/flashing:/home/ngt/ZENS-Final-AUVC/ros_ws/install/cv:/home/ngt/ZENS-Final-AUVC/ros_ws/install/control:/home/ngt/ZENS-Final-AUVC/ros_ws/install/bringup:/home/ngt/auvc_ws/install/tutorial_virtualenvs:/home/ngt/auvc_ws/install/tutorial_pid:/home/ngt/auvc_ws/install/tutorial_ardusub:/home/ngt/auvc_ws/install/tutorial:/home/ngt/auvc_ws/install/rosmav:/home/ngt/auvc_ws/install/example_custom_srv:/home/ngt/cv_ws/install/cv:/home/ngt/pid_ws/install/target_depth_msgs:/home/ngt/pid_ws/install/pid:/home/ngt/auv_dancing/install/tutorial:/opt/ros/jazzy', 'SHELL': '/usr/bin/zsh', 'VIRTUALENVWRAPPER_PROJECT_FILENAME': '.project', 'VIRTUALENVWRAPPER_HOOK_DIR': '/home/ngt/.virtualenvs', 'VSCODE_GIT_ASKPASS_EXTRA_ARGS': '', 'VIRTUALENVWRAPPER_SCRIPT': '/usr/share/virtualenvwrapper/virtualenvwrapper.sh', 'ROS_AUTOMATIC_DISCOVERY_RANGE': 'SUBNET', 'VIRTUAL_ENV': '/home/ngt/.virtualenvs/ardusub', 'LC_ALL': 'en_US.UTF-8', 'PWD': '/home/ngt/ZENS-Final-AUVC/ros_ws/build/cv', 'SSH_CONNECTION': '192.168.3.1 64577 192.168.3.2 22', 'COPILOT_DEBUG_NONCE': 'ecfdf1043499788fb94714472659d404', 'ZDOTDIR': '/home/ngt', 'PYTHONPATH': '/home/ngt/ZENS-Final-AUVC/ros_ws/build/cv/prefix_override:/usr/lib/python3/dist-packages/colcon_core/task/python/colcon_distutils_commands:/home/ngt/ZENS-Final-AUVC/ros_ws/install/cv/lib/python3.12/site-packages:/home/ngt/ZENS-Final-AUVC/ros_ws/install/msgs/lib/python3.12/site-packages:/home/ngt/ZENS-Final-AUVC/ros_ws/install/hardware/lib/python3.12/site-packages:/home/ngt/ZENS-Final-AUVC/ros_ws/install/flashing/lib/python3.12/site-packages:/home/ngt/ZENS-Final-AUVC/ros_ws/install/cv/lib/python3.12/site-packages:/home/ngt/ZENS-Final-AUVC/ros_ws/install/control/lib/python3.12/site-packages:/home/ngt/ZENS-Final-AUVC/ros_ws/install/bringup/lib/python3.12/site-packages:/home/ngt/auvc_ws/install/tutorial_virtualenvs/lib/python3.12/site-packages:/home/ngt/auvc_ws/install/tutorial_pid/lib/python3.12/site-packages:/home/ngt/auvc_ws/install/tutorial_ardusub/lib/python3.12/site-packages:/home/ngt/auvc_ws/install/tutorial/lib/python3.12/site-packages:/home/ngt/auvc_ws/install/rosmav/lib/python3.12/site-packages:/home/ngt/auvc_ws/install/example_custom_srv/lib/python3.12/site-packages:/home/ngt/cv_ws/install/cv/lib/python3.12/site-packages:/home/ngt/pid_ws/install/target_depth_msgs/lib/python3.12/site-packages:/home/ngt/pid_ws/install/pid/lib/python3.12/site-packages:/home/ngt/auv_dancing/install/tutorial/lib/python3.12/site-packages:/opt/ros/jazzy/lib/python3.12/site-packages', 'COLCON': '1', 'CMAKE_PREFIX_PATH': '/home/ngt/ZENS-Final-AUVC/ros_ws/install/msgs:/home/ngt/auvc_ws/install/example_custom_srv:/home/ngt/pid_ws/install/target_depth_msgs:/opt/ros/jazzy/opt/gz_sim_vendor:/opt/ros/jazzy/opt/gz_sensors_vendor:/opt/ros/jazzy/opt/gz_physics_vendor:/opt/ros/jazzy/opt/sdformat_vendor:/opt/ros/jazzy/opt/gz_gui_vendor:/opt/ros/jazzy/opt/gz_transport_vendor:/opt/ros/jazzy/opt/gz_rendering_vendor:/opt/ros/jazzy/opt/gz_plugin_vendor:/opt/ros/jazzy/opt/gz_fuel_tools_vendor:/opt/ros/jazzy/opt/gz_msgs_vendor:/opt/ros/jazzy/opt/gz_common_vendor:/opt/ros/jazzy/opt/gz_math_vendor:/opt/ros/jazzy/opt/gz_utils_vendor:/opt/ros/jazzy/opt/gz_tools_vendor:/opt/ros/jazzy/opt/gz_ogre_next_vendor:/opt/ros/jazzy/opt/gz_dartsim_vendor:/opt/ros/jazzy/opt/gz_cmake_vendor'}, 'shell': False}
[58.541590] (-) TimerEvent: {}
[58.643544] (-) TimerEvent: {}
[58.744879] (-) TimerEvent: {}
[58.848567] (-) TimerEvent: {}
[58.969051] (control) Command: {'cmd': ['/usr/bin/python3', '-W', 'ignore:setup.py install is deprecated', '-W', 'ignore:easy_install command is deprecated', 'setup.py', 'egg_info', '--egg-base', '../../build/control', 'build', '--build-base', '/home/ngt/ZENS-Final-AUVC/ros_ws/build/control/build', 'install', '--record', '/home/ngt/ZENS-Final-AUVC/ros_ws/build/control/install.log', '--install-scripts', '$base/lib/control', '--single-version-externally-managed', 'install_data'], 'cwd': '/home/ngt/ZENS-Final-AUVC/ros_ws/src/control', 'env': {'PYTHON_BASIC_REPL': '1', 'VIRTUALENVWRAPPER_WORKON_CD': '1', 'USER': 'ngt', 'SSH_CLIENT': '192.168.3.1 64577 22', 'WORKON_HOME': '/home/ngt/.virtualenvs', 'GZ_SIM_RESOURCE_PATH': '/opt/ros/jazzy/share', 'GZ_CONFIG_PATH': '/opt/ros/jazzy/opt/gz_sim_vendor/share/gz:/opt/ros/jazzy/opt/sdformat_vendor/share/gz:/opt/ros/jazzy/opt/gz_gui_vendor/share/gz:/opt/ros/jazzy/opt/gz_transport_vendor/share/gz:/opt/ros/jazzy/opt/gz_rendering_vendor/share/gz:/opt/ros/jazzy/opt/gz_plugin_vendor/share/gz:/opt/ros/jazzy/opt/gz_fuel_tools_vendor/share/gz:/opt/ros/jazzy/opt/gz_msgs_vendor/share/gz:/opt/ros/jazzy/opt/gz_common_vendor/share/gz', 'XDG_SESSION_TYPE': 'tty', 'GIT_ASKPASS': '/home/ngt/.vscode-server/cli/servers/Stable-e4c7e7b1d6d060162f4aa7f8225271b67ce1df75/server/extensions/git/dist/askpass.sh', 'SHLVL': '1', 'BROWSER': '/home/ngt/.vscode-server/cli/servers/Stable-e4c7e7b1d6d060162f4aa7f8225271b67ce1df75/server/bin/helpers/browser.sh', 'LD_LIBRARY_PATH': '/home/ngt/ZENS-Final-AUVC/ros_ws/install/msgs/lib:/home/ngt/auvc_ws/install/example_custom_srv/lib:/home/ngt/pid_ws/install/target_depth_msgs/lib:/opt/ros/jazzy/opt/gz_sim_vendor/lib:/opt/ros/jazzy/opt/gz_sensors_vendor/lib:/opt/ros/jazzy/opt/gz_physics_vendor/lib:/opt/ros/jazzy/opt/sdformat_vendor/lib:/opt/ros/jazzy/opt/rviz_ogre_vendor/lib:/opt/ros/jazzy/lib/aarch64-linux-gnu:/opt/ros/jazzy/opt/gz_gui_vendor/lib:/opt/ros/jazzy/opt/gz_transport_vendor/lib:/opt/ros/jazzy/opt/gz_rendering_vendor/lib:/opt/ros/jazzy/opt/gz_plugin_vendor/lib:/opt/ros/jazzy/opt/gz_fuel_tools_vendor/lib:/opt/ros/jazzy/opt/gz_msgs_vendor/lib:/opt/ros/jazzy/opt/gz_common_vendor/lib:/opt/ros/jazzy/opt/gz_math_vendor/lib:/opt/ros/jazzy/opt/gz_utils_vendor/lib:/opt/ros/jazzy/opt/gz_tools_vendor/lib:/opt/ros/jazzy/opt/gz_ogre_next_vendor/lib:/opt/ros/jazzy/opt/gz_dartsim_vendor/lib:/opt/ros/jazzy/opt/gz_cmake_vendor/lib:/opt/ros/jazzy/lib', 'GZ_TRANSPORT_ID': '192.168.3.1', 'HOME': '/home/ngt', 'OLDPWD': '/home/ngt/ZENS-Final-AUVC', 'LESS': '-R', 'VIRTUALENVWRAPPER_PYTHON': '/usr/bin/python3', 'TERM_PROGRAM_VERSION': '1.131.0', 'VSCODE_IPC_HOOK_CLI': '/run/user/1004/vscode-ipc-f2a46726-367b-4b2d-ace9-69290944b12b.sock', 'ZSH': '/home/ngt/.oh-my-zsh', 'LSCOLORS': 'Gxfxcxdxbxegedabagacad', 'GZ_TRANSPORT_PUB_PORT': '11345', 'VSCODE_GIT_ASKPASS_MAIN': '/home/ngt/.vscode-server/cli/servers/Stable-e4c7e7b1d6d060162f4aa7f8225271b67ce1df75/server/extensions/git/dist/askpass-main.js', 'PAGER': 'less', 'ROS_PYTHON_VERSION': '3', 'PS1': '(ardusub) %(?:%{\x1b[01;32m%}%1{➜%} :%{\x1b[01;31m%}%1{➜%} ) %{\x1b[36m%}%c%{\x1b[00m%} $(git_prompt_info)', 'VSCODE_GIT_ASKPASS_NODE': '/home/ngt/.vscode-server/cli/servers/Stable-e4c7e7b1d6d060162f4aa7f8225271b67ce1df75/server/node', 'DBUS_SESSION_BUS_ADDRESS': 'unix:path=/run/user/1004/bus', 'PYDEVD_DISABLE_FILE_VALIDATION': '1', 'BUNDLED_DEBUGPY_PATH': '/home/ngt/.vscode-server/extensions/ms-python.debugpy-2026.6.0-linux-arm64/bundled/libs/debugpy', 'GZ_TRANSPORT_SUB_PORT': '11346', 'VSCODE_PYTHON_AUTOACTIVATE_GUARD': '1', 'COLORTERM': 'truecolor', 'ROS_DISTRO': 'jazzy', 'COLCON_PREFIX_PATH': '/home/ngt/ZENS-Final-AUVC/ros_ws/install:/home/ngt/auvc_ws/install:/home/ngt/cv_ws/install:/home/ngt/pid_ws/install:/home/ngt/auv_dancing/install', 'LOGNAME': 'ngt', '_': '/usr/bin/colcon', 'XDG_SESSION_CLASS': 'user', 'USER_ZDOTDIR': '/home/ngt', 'ROS_VERSION': '2', 'XDG_SESSION_ID': '1', 'TERM': 'xterm-256color', 'PATH': '/home/ngt/.virtualenvs/ardusub/bin:/home/ngt/.opencode/bin:/opt/ros/jazzy/opt/gz_msgs_vendor/bin:/opt/ros/jazzy/opt/gz_tools_vendor/bin:/opt/ros/jazzy/opt/gz_ogre_next_vendor/bin:/opt/ros/jazzy/bin:/usr/lib/ccache:/home/ngt/.vscode-server/data/User/globalStorage/github.copilot-chat/debugCommand:/home/ngt/.vscode-server/data/User/globalStorage/github.copilot-chat/copilotCli:/home/ngt/.vscode-server/cli/servers/Stable-e4c7e7b1d6d060162f4aa7f8225271b67ce1df75/server/bin/remote-cli:/usr/local/sbin:/usr/local/bin:/usr/sbin:/usr/bin:/sbin:/bin:/usr/games:/usr/local/games:/snap/bin:/home/ngt/.vscode-server/extensions/ms-python.debugpy-2026.6.0-linux-arm64/bundled/scripts/noConfigScripts:/home/ngt/.local/bin:/home/ngt/ardupilot/Tools/autotest', 'XDG_RUNTIME_DIR': '/run/user/1004', 'GZ_PARTITION': 'my_sim', 'LANG': 'en_US.UTF-8', 'VSCODE_DEBUGPY_ADAPTER_ENDPOINTS': '/home/ngt/.vscode-server/extensions/ms-python.debugpy-2026.6.0-linux-arm64/.noConfigDebugAdapterEndpoints/endpoint-c18b4b5d63521f01.txt', 'PYTHONSTARTUP': '/home/ngt/.vscode-server/data/User/workspaceStorage/ebe247280dad30c76e3d7235d970e14f/ms-python.python/pythonrc.py', 'VSCODE_INJECTION': '1', 'VIRTUAL_ENV_PROMPT': 'ardusub', 'TERM_PROGRAM': 'vscode', 'VSCODE_GIT_IPC_HANDLE': '/run/user/1004/vscode-git-75828e3940.sock', 'LS_COLORS': 'rs=0:di=01;34:ln=01;36:mh=00:pi=40;33:so=01;35:do=01;35:bd=40;33;01:cd=40;33;01:or=40;31;01:mi=00:su=37;41:sg=30;43:ca=00:tw=30;42:ow=34;42:st=37;44:ex=01;32:*.tar=01;31:*.tgz=01;31:*.arc=01;31:*.arj=01;31:*.taz=01;31:*.lha=01;31:*.lz4=01;31:*.lzh=01;31:*.lzma=01;31:*.tlz=01;31:*.txz=01;31:*.tzo=01;31:*.t7z=01;31:*.zip=01;31:*.z=01;31:*.dz=01;31:*.gz=01;31:*.lrz=01;31:*.lz=01;31:*.lzo=01;31:*.xz=01;31:*.zst=01;31:*.tzst=01;31:*.bz2=01;31:*.bz=01;31:*.tbz=01;31:*.tbz2=01;31:*.tz=01;31:*.deb=01;31:*.rpm=01;31:*.jar=01;31:*.war=01;31:*.ear=01;31:*.sar=01;31:*.rar=01;31:*.alz=01;31:*.ace=01;31:*.zoo=01;31:*.cpio=01;31:*.7z=01;31:*.rz=01;31:*.cab=01;31:*.wim=01;31:*.swm=01;31:*.dwm=01;31:*.esd=01;31:*.avif=01;35:*.jpg=01;35:*.jpeg=01;35:*.mjpg=01;35:*.mjpeg=01;35:*.gif=01;35:*.bmp=01;35:*.pbm=01;35:*.pgm=01;35:*.ppm=01;35:*.tga=01;35:*.xbm=01;35:*.xpm=01;35:*.tif=01;35:*.tiff=01;35:*.png=01;35:*.svg=01;35:*.svgz=01;35:*.mng=01;35:*.pcx=01;35:*.mov=01;35:*.mpg=01;35:*.mpeg=01;35:*.m2v=01;35:*.mkv=01;35:*.webm=01;35:*.webp=01;35:*.ogm=01;35:*.mp4=01;35:*.m4v=01;35:*.mp4v=01;35:*.vob=01;35:*.qt=01;35:*.nuv=01;35:*.wmv=01;35:*.asf=01;35:*.rm=01;35:*.rmvb=01;35:*.flc=01;35:*.avi=01;35:*.fli=01;35:*.flv=01;35:*.gl=01;35:*.dl=01;35:*.xcf=01;35:*.xwd=01;35:*.yuv=01;35:*.cgm=01;35:*.emf=01;35:*.ogv=01;35:*.ogx=01;35:*.aac=00;36:*.au=00;36:*.flac=00;36:*.m4a=00;36:*.mid=00;36:*.midi=00;36:*.mka=00;36:*.mp3=00;36:*.mpc=00;36:*.ogg=00;36:*.ra=00;36:*.wav=00;36:*.oga=00;36:*.opus=00;36:*.spx=00;36:*.xspf=00;36:*~=00;90:*#=00;90:*.bak=00;90:*.crdownload=00;90:*.dpkg-dist=00;90:*.dpkg-new=00;90:*.dpkg-old=00;90:*.dpkg-tmp=00;90:*.old=00;90:*.orig=00;90:*.part=00;90:*.rej=00;90:*.rpmnew=00;90:*.rpmorig=00;90:*.rpmsave=00;90:*.swp=00;90:*.tmp=00;90:*.ucf-dist=00;90:*.ucf-new=00;90:*.ucf-old=00;90:', 'AMENT_PREFIX_PATH': '/home/ngt/ZENS-Final-AUVC/ros_ws/install/msgs:/home/ngt/ZENS-Final-AUVC/ros_ws/install/hardware:/home/ngt/ZENS-Final-AUVC/ros_ws/install/flashing:/home/ngt/ZENS-Final-AUVC/ros_ws/install/cv:/home/ngt/ZENS-Final-AUVC/ros_ws/install/control:/home/ngt/ZENS-Final-AUVC/ros_ws/install/bringup:/home/ngt/auvc_ws/install/tutorial_virtualenvs:/home/ngt/auvc_ws/install/tutorial_pid:/home/ngt/auvc_ws/install/tutorial_ardusub:/home/ngt/auvc_ws/install/tutorial:/home/ngt/auvc_ws/install/rosmav:/home/ngt/auvc_ws/install/example_custom_srv:/home/ngt/cv_ws/install/cv:/home/ngt/pid_ws/install/target_depth_msgs:/home/ngt/pid_ws/install/pid:/home/ngt/auv_dancing/install/tutorial:/opt/ros/jazzy', 'SHELL': '/usr/bin/zsh', 'VIRTUALENVWRAPPER_PROJECT_FILENAME': '.project', 'VIRTUALENVWRAPPER_HOOK_DIR': '/home/ngt/.virtualenvs', 'VSCODE_GIT_ASKPASS_EXTRA_ARGS': '', 'VIRTUALENVWRAPPER_SCRIPT': '/usr/share/virtualenvwrapper/virtualenvwrapper.sh', 'ROS_AUTOMATIC_DISCOVERY_RANGE': 'SUBNET', 'VIRTUAL_ENV': '/home/ngt/.virtualenvs/ardusub', 'LC_ALL': 'en_US.UTF-8', 'PWD': '/home/ngt/ZENS-Final-AUVC/ros_ws/build/control', 'SSH_CONNECTION': '192.168.3.1 64577 192.168.3.2 22', 'COPILOT_DEBUG_NONCE': 'ecfdf1043499788fb94714472659d404', 'ZDOTDIR': '/home/ngt', 'PYTHONPATH': '/home/ngt/ZENS-Final-AUVC/ros_ws/build/control/prefix_override:/usr/lib/python3/dist-packages/colcon_core/task/python/colcon_distutils_commands:/home/ngt/ZENS-Final-AUVC/ros_ws/install/control/lib/python3.12/site-packages:/home/ngt/ZENS-Final-AUVC/ros_ws/install/msgs/lib/python3.12/site-packages:/home/ngt/ZENS-Final-AUVC/ros_ws/install/hardware/lib/python3.12/site-packages:/home/ngt/ZENS-Final-AUVC/ros_ws/install/flashing/lib/python3.12/site-packages:/home/ngt/ZENS-Final-AUVC/ros_ws/install/cv/lib/python3.12/site-packages:/home/ngt/ZENS-Final-AUVC/ros_ws/install/control/lib/python3.12/site-packages:/home/ngt/ZENS-Final-AUVC/ros_ws/install/bringup/lib/python3.12/site-packages:/home/ngt/auvc_ws/install/tutorial_virtualenvs/lib/python3.12/site-packages:/home/ngt/auvc_ws/install/tutorial_pid/lib/python3.12/site-packages:/home/ngt/auvc_ws/install/tutorial_ardusub/lib/python3.12/site-packages:/home/ngt/auvc_ws/install/tutorial/lib/python3.12/site-packages:/home/ngt/auvc_ws/install/rosmav/lib/python3.12/site-packages:/home/ngt/auvc_ws/install/example_custom_srv/lib/python3.12/site-packages:/home/ngt/cv_ws/install/cv/lib/python3.12/site-packages:/home/ngt/pid_ws/install/target_depth_msgs/lib/python3.12/site-packages:/home/ngt/pid_ws/install/pid/lib/python3.12/site-packages:/home/ngt/auv_dancing/install/tutorial/lib/python3.12/site-packages:/opt/ros/jazzy/lib/python3.12/site-packages', 'COLCON': '1', 'CMAKE_PREFIX_PATH': '/home/ngt/ZENS-Final-AUVC/ros_ws/install/msgs:/home/ngt/auvc_ws/install/example_custom_srv:/home/ngt/pid_ws/install/target_depth_msgs:/opt/ros/jazzy/opt/gz_sim_vendor:/opt/ros/jazzy/opt/gz_sensors_vendor:/opt/ros/jazzy/opt/gz_physics_vendor:/opt/ros/jazzy/opt/sdformat_vendor:/opt/ros/jazzy/opt/gz_gui_vendor:/opt/ros/jazzy/opt/gz_transport_vendor:/opt/ros/jazzy/opt/gz_rendering_vendor:/opt/ros/jazzy/opt/gz_plugin_vendor:/opt/ros/jazzy/opt/gz_fuel_tools_vendor:/opt/ros/jazzy/opt/gz_msgs_vendor:/opt/ros/jazzy/opt/gz_common_vendor:/opt/ros/jazzy/opt/gz_math_vendor:/opt/ros/jazzy/opt/gz_utils_vendor:/opt/ros/jazzy/opt/gz_tools_vendor:/opt/ros/jazzy/opt/gz_ogre_next_vendor:/opt/ros/jazzy/opt/gz_dartsim_vendor:/opt/ros/jazzy/opt/gz_cmake_vendor'}, 'shell': False}
[58.993005] (-) TimerEvent: {}
[59.105675] (-) TimerEvent: {}
[59.209633] (-) TimerEvent: {}
[59.310726] (-) TimerEvent: {}
[59.422557] (-) TimerEvent: {}
[59.526081] (-) TimerEvent: {}
[59.634569] (-) TimerEvent: {}
[59.744541] (-) TimerEvent: {}
[59.849542] (-) TimerEvent: {}
[59.964356] (-) TimerEvent: {}
[60.071540] (-) TimerEvent: {}
[60.174548] (-) TimerEvent: {}
[60.287533] (-) TimerEvent: {}
[60.391620] (-) TimerEvent: {}
[60.502971] (-) TimerEvent: {}
[60.612515] (-) TimerEvent: {}
[60.714835] (-) TimerEvent: {}
[60.829537] (-) TimerEvent: {}
[60.939547] (-) TimerEvent: {}
[61.053514] (-) TimerEvent: {}
[61.154453] (-) TimerEvent: {}
[61.271592] (-) TimerEvent: {}
[61.372416] (-) TimerEvent: {}
[61.476706] (-) TimerEvent: {}
[61.595517] (-) TimerEvent: {}
[61.707617] (-) TimerEvent: {}
[61.808529] (-) TimerEvent: {}
[61.911550] (-) TimerEvent: {}
[62.019546] (-) TimerEvent: {}
[62.123560] (-) TimerEvent: {}
[62.239725] (-) TimerEvent: {}
[62.340527] (-) TimerEvent: {}
[62.461562] (-) TimerEvent: {}
[62.563538] (-) TimerEvent: {}
[62.665533] (-) TimerEvent: {}
[62.778266] (-) TimerEvent: {}
[62.887549] (-) TimerEvent: {}
[62.994842] (-) TimerEvent: {}
[63.103639] (-) TimerEvent: {}
[63.208545] (-) TimerEvent: {}
[63.314897] (-) TimerEvent: {}
[63.419531] (-) TimerEvent: {}
[63.524205] (-) TimerEvent: {}
[63.633551] (-) TimerEvent: {}
[63.745558] (-) TimerEvent: {}
[63.846531] (-) TimerEvent: {}
[63.957648] (-) TimerEvent: {}
[64.058331] (-) TimerEvent: {}
[64.172538] (-) TimerEvent: {}
[64.282558] (-) TimerEvent: {}
[64.383315] (-) TimerEvent: {}
[64.495551] (-) TimerEvent: {}
[64.598578] (-) TimerEvent: {}
[64.702831] (-) TimerEvent: {}
[64.809219] (-) TimerEvent: {}
[64.910187] (-) TimerEvent: {}
[65.015895] (-) TimerEvent: {}
[65.126114] (-) TimerEvent: {}
[65.228926] (-) TimerEvent: {}
[65.344558] (-) TimerEvent: {}
[65.446539] (-) TimerEvent: {}
[65.550991] (-) TimerEvent: {}
[65.660863] (-) TimerEvent: {}
[65.762333] (-) TimerEvent: {}
[65.865923] (-) TimerEvent: {}
[65.969902] (-) TimerEvent: {}
[66.075577] (-) TimerEvent: {}
[66.176638] (-) TimerEvent: {}
[66.290541] (-) TimerEvent: {}
[66.398773] (-) TimerEvent: {}
[66.505136] (-) TimerEvent: {}
[66.616522] (-) TimerEvent: {}
[66.717481] (-) TimerEvent: {}
[66.828688] (-) TimerEvent: {}
[66.932561] (-) TimerEvent: {}
[67.024529] (bringup) StdoutLine: {'line': b'running egg_info\n'}
[67.046516] (-) TimerEvent: {}
[67.148572] (-) TimerEvent: {}
[67.258600] (-) TimerEvent: {}
[67.362530] (-) TimerEvent: {}
[67.465570] (-) TimerEvent: {}
[67.572932] (-) TimerEvent: {}
[67.676902] (-) TimerEvent: {}
[67.783223] (-) TimerEvent: {}
[67.883993] (-) TimerEvent: {}
[67.990530] (-) TimerEvent: {}
[68.097612] (-) TimerEvent: {}
[68.208580] (-) TimerEvent: {}
[68.317529] (-) TimerEvent: {}
[68.430544] (-) TimerEvent: {}
[68.535572] (-) TimerEvent: {}
[68.636572] (-) TimerEvent: {}
[68.749534] (-) TimerEvent: {}
[68.811991] (bringup) StdoutLine: {'line': b'writing ../../build/bringup/bringup.egg-info/PKG-INFO\n'}
[68.813816] (bringup) StdoutLine: {'line': b'writing dependency_links to ../../build/bringup/bringup.egg-info/dependency_links.txt\n'}
[68.843503] (bringup) StdoutLine: {'line': b'writing requirements to ../../build/bringup/bringup.egg-info/requires.txt\n'}
[68.844297] (bringup) StdoutLine: {'line': b'writing top-level names to ../../build/bringup/bringup.egg-info/top_level.txt\n'}
[68.859061] (-) TimerEvent: {}
[68.968556] (-) TimerEvent: {}
[69.078538] (-) TimerEvent: {}
[69.183523] (-) TimerEvent: {}
[69.287289] (-) TimerEvent: {}
[69.399532] (-) TimerEvent: {}
[69.500368] (-) TimerEvent: {}
[69.606484] (-) TimerEvent: {}
[69.716529] (-) TimerEvent: {}
[69.817511] (-) TimerEvent: {}
[69.924588] (-) TimerEvent: {}
[70.032559] (-) TimerEvent: {}
[70.148352] (-) TimerEvent: {}
[70.255570] (-) TimerEvent: {}
[70.359533] (-) TimerEvent: {}
[70.464562] (-) TimerEvent: {}
[70.568613] (-) TimerEvent: {}
[70.689532] (-) TimerEvent: {}
[70.791549] (-) TimerEvent: {}
[70.892564] (-) TimerEvent: {}
[70.996530] (-) TimerEvent: {}
[71.102538] (-) TimerEvent: {}
[71.205706] (-) TimerEvent: {}
[71.311943] (-) TimerEvent: {}
[71.364846] (cv) StdoutLine: {'line': b'running egg_info\n'}
[71.422856] (-) TimerEvent: {}
[71.527561] (-) TimerEvent: {}
[71.633417] (-) TimerEvent: {}
[71.745571] (-) TimerEvent: {}
[71.848564] (-) TimerEvent: {}
[71.954584] (-) TimerEvent: {}
[72.061016] (-) TimerEvent: {}
[72.168142] (-) TimerEvent: {}
[72.282555] (-) TimerEvent: {}
[72.383540] (-) TimerEvent: {}
[72.387558] (cv) StdoutLine: {'line': b'writing ../../build/cv/cv.egg-info/PKG-INFO\n'}
[72.390557] (cv) StdoutLine: {'line': b'writing dependency_links to ../../build/cv/cv.egg-info/dependency_links.txt\n'}
[72.424488] (cv) StdoutLine: {'line': b'writing entry points to ../../build/cv/cv.egg-info/entry_points.txt\n'}
[72.458446] (cv) StdoutLine: {'line': b'writing requirements to ../../build/cv/cv.egg-info/requires.txt\n'}
[72.459248] (cv) StdoutLine: {'line': b'writing top-level names to ../../build/cv/cv.egg-info/top_level.txt\n'}
[72.491540] (-) TimerEvent: {}
[72.598593] (-) TimerEvent: {}
[72.706528] (-) TimerEvent: {}
[72.813561] (-) TimerEvent: {}
[72.922601] (-) TimerEvent: {}
[73.023520] (-) TimerEvent: {}
[73.124352] (-) TimerEvent: {}
[73.234532] (-) TimerEvent: {}
[73.338528] (-) TimerEvent: {}
[73.445227] (-) TimerEvent: {}
[73.490860] (bringup) StdoutLine: {'line': b"reading manifest file '../../build/bringup/bringup.egg-info/SOURCES.txt'\n"}
[73.540270] (bringup) StdoutLine: {'line': b"writing manifest file '../../build/bringup/bringup.egg-info/SOURCES.txt'\n"}
[73.541639] (bringup) StdoutLine: {'line': b'running build\n'}
[73.547650] (bringup) StdoutLine: {'line': b'running build_py\n'}
[73.548476] (-) TimerEvent: {}
[73.569514] (bringup) StdoutLine: {'line': b'running install\n'}
[73.649613] (-) TimerEvent: {}
[73.753539] (-) TimerEvent: {}
[73.765530] (bringup) StdoutLine: {'line': b'running install_lib\n'}
[73.860557] (-) TimerEvent: {}
[73.967540] (-) TimerEvent: {}
[74.068309] (-) TimerEvent: {}
[74.176567] (-) TimerEvent: {}
[74.281532] (-) TimerEvent: {}
[74.390205] (-) TimerEvent: {}
[74.495544] (-) TimerEvent: {}
[74.596304] (-) TimerEvent: {}
[74.704572] (-) TimerEvent: {}
[74.774541] (flashing) StdoutLine: {'line': b'running egg_info\n'}
[74.807535] (-) TimerEvent: {}
[74.915549] (-) TimerEvent: {}
[75.016351] (-) TimerEvent: {}
[75.120555] (-) TimerEvent: {}
[75.226789] (-) TimerEvent: {}
[75.228745] (bringup) StdoutLine: {'line': b'running install_data\n'}
[75.229562] (bringup) StdoutLine: {'line': b'running install_egg_info\n'}
[75.330927] (-) TimerEvent: {}
[75.439569] (-) TimerEvent: {}
[75.545517] (-) TimerEvent: {}
[75.646323] (-) TimerEvent: {}
[75.754609] (-) TimerEvent: {}
[75.857527] (-) TimerEvent: {}
[75.963542] (-) TimerEvent: {}
[76.037913] (control) StdoutLine: {'line': b'running egg_info\n'}
[76.071881] (-) TimerEvent: {}
[76.103556] (flashing) StdoutLine: {'line': b'writing ../../build/flashing/flashing.egg-info/PKG-INFO\n'}
[76.108598] (flashing) StdoutLine: {'line': b'writing dependency_links to ../../build/flashing/flashing.egg-info/dependency_links.txt\n'}
[76.125082] (flashing) StdoutLine: {'line': b'writing entry points to ../../build/flashing/flashing.egg-info/entry_points.txt\n'}
[76.138089] (flashing) StdoutLine: {'line': b'writing requirements to ../../build/flashing/flashing.egg-info/requires.txt\n'}
[76.138870] (flashing) StdoutLine: {'line': b'writing top-level names to ../../build/flashing/flashing.egg-info/top_level.txt\n'}
[76.177664] (-) TimerEvent: {}
[76.282324] (-) TimerEvent: {}
[76.386598] (-) TimerEvent: {}
[76.494540] (-) TimerEvent: {}
[76.599256] (-) TimerEvent: {}
[76.638905] (bringup) StdoutLine: {'line': b"removing '/home/ngt/ZENS-Final-AUVC/ros_ws/install/bringup/lib/python3.12/site-packages/bringup-0.0.0-py3.12.egg-info' (and everything under it)\n"}
[76.648589] (bringup) StdoutLine: {'line': b'Copying ../../build/bringup/bringup.egg-info to /home/ngt/ZENS-Final-AUVC/ros_ws/install/bringup/lib/python3.12/site-packages/bringup-0.0.0-py3.12.egg-info\n'}
[76.689585] (bringup) StdoutLine: {'line': b'running install_scripts\n'}
[76.703755] (-) TimerEvent: {}
[76.811559] (-) TimerEvent: {}
[76.912593] (-) TimerEvent: {}
[77.014609] (-) TimerEvent: {}
[77.119871] (-) TimerEvent: {}
[77.225676] (control) StdoutLine: {'line': b'writing ../../build/control/control.egg-info/PKG-INFO\n'}
[77.226367] (-) TimerEvent: {}
[77.241230] (control) StdoutLine: {'line': b'writing dependency_links to ../../build/control/control.egg-info/dependency_links.txt\n'}
[77.242247] (control) StdoutLine: {'line': b'writing entry points to ../../build/control/control.egg-info/entry_points.txt\n'}
[77.255822] (control) StdoutLine: {'line': b'writing requirements to ../../build/control/control.egg-info/requires.txt\n'}
[77.256935] (control) StdoutLine: {'line': b'writing top-level names to ../../build/control/control.egg-info/top_level.txt\n'}
[77.329537] (-) TimerEvent: {}
[77.430559] (-) TimerEvent: {}
[77.539948] (-) TimerEvent: {}
[77.643677] (-) TimerEvent: {}
[77.753839] (-) TimerEvent: {}
[77.858617] (-) TimerEvent: {}
[77.960206] (-) TimerEvent: {}
[78.062957] (-) TimerEvent: {}
[78.169593] (-) TimerEvent: {}
[78.274590] (-) TimerEvent: {}
[78.381559] (-) TimerEvent: {}
[78.484618] (-) TimerEvent: {}
[78.586923] (-) TimerEvent: {}
[78.690777] (-) TimerEvent: {}
[78.795946] (-) TimerEvent: {}
[78.896908] (-) TimerEvent: {}
[79.003572] (-) TimerEvent: {}
[79.107900] (-) TimerEvent: {}
[79.216468] (-) TimerEvent: {}
[79.325856] (-) TimerEvent: {}
[79.428540] (-) TimerEvent: {}
[79.530729] (-) TimerEvent: {}
[79.632022] (-) TimerEvent: {}
[79.737235] (-) TimerEvent: {}
[79.838586] (-) TimerEvent: {}
[79.940546] (-) TimerEvent: {}
[80.044547] (-) TimerEvent: {}
[80.145978] (-) TimerEvent: {}
[80.158290] (bringup) StdoutLine: {'line': b"writing list of installed files to '/home/ngt/ZENS-Final-AUVC/ros_ws/build/bringup/install.log'\n"}
[80.254544] (-) TimerEvent: {}
[80.362540] (-) TimerEvent: {}
[80.469542] (-) TimerEvent: {}
[80.512526] (cv) StdoutLine: {'line': b"reading manifest file '../../build/cv/cv.egg-info/SOURCES.txt'\n"}
[80.559813] (cv) StdoutLine: {'line': b"writing manifest file '../../build/cv/cv.egg-info/SOURCES.txt'\n"}
[80.560582] (cv) StdoutLine: {'line': b'running build\n'}
[80.578124] (cv) StdoutLine: {'line': b'running build_py\n'}
[80.579536] (-) TimerEvent: {}
[80.595646] (cv) StdoutLine: {'line': b'running install\n'}
[80.680966] (-) TimerEvent: {}
[80.792593] (cv) StdoutLine: {'line': b'running install_lib\n'}
[80.793548] (-) TimerEvent: {}
[80.897696] (-) TimerEvent: {}
[81.011537] (-) TimerEvent: {}
[81.117541] (-) TimerEvent: {}
[81.219559] (-) TimerEvent: {}
[81.328544] (-) TimerEvent: {}
[81.438534] (-) TimerEvent: {}
[81.541538] (-) TimerEvent: {}
[81.643584] (bringup) CommandEnded: {'returncode': 0}
[81.645363] (-) TimerEvent: {}
[81.760560] (-) TimerEvent: {}
[81.866821] (-) TimerEvent: {}
[81.972530] (-) TimerEvent: {}
[82.056050] (bringup) JobEnded: {'identifier': 'bringup', 'rc': 0}
[82.076044] (-) TimerEvent: {}
[82.089768] (hardware) JobStarted: {'identifier': 'hardware'}
[82.182755] (-) TimerEvent: {}
[82.299653] (-) TimerEvent: {}
[82.401135] (-) TimerEvent: {}
[82.506553] (-) TimerEvent: {}
[82.608327] (-) TimerEvent: {}
[82.699465] (cv) StdoutLine: {'line': b'running install_data\n'}
[82.700632] (cv) StdoutLine: {'line': b'running install_egg_info\n'}
[82.722627] (-) TimerEvent: {}
[82.829561] (-) TimerEvent: {}
[82.935558] (-) TimerEvent: {}
[83.040575] (-) TimerEvent: {}
[83.147765] (-) TimerEvent: {}
[83.248861] (-) TimerEvent: {}
[83.355533] (-) TimerEvent: {}
[83.465989] (-) TimerEvent: {}
[83.572554] (-) TimerEvent: {}
[83.678540] (-) TimerEvent: {}
[83.781573] (-) TimerEvent: {}
[83.888535] (-) TimerEvent: {}
[83.990580] (-) TimerEvent: {}
[84.095565] (-) TimerEvent: {}
[84.204545] (-) TimerEvent: {}
[84.317551] (-) TimerEvent: {}
[84.419904] (-) TimerEvent: {}
[84.521134] (-) TimerEvent: {}
[84.627566] (-) TimerEvent: {}
[84.655535] (cv) StdoutLine: {'line': b"removing '/home/ngt/ZENS-Final-AUVC/ros_ws/install/cv/lib/python3.12/site-packages/cv-0.0.0-py3.12.egg-info' (and everything under it)\n"}
[84.671891] (cv) StdoutLine: {'line': b'Copying ../../build/cv/cv.egg-info to /home/ngt/ZENS-Final-AUVC/ros_ws/install/cv/lib/python3.12/site-packages/cv-0.0.0-py3.12.egg-info\n'}
[84.712069] (cv) StdoutLine: {'line': b'running install_scripts\n'}
[84.731021] (-) TimerEvent: {}
[84.786321] (flashing) StdoutLine: {'line': b"reading manifest file '../../build/flashing/flashing.egg-info/SOURCES.txt'\n"}
[84.835542] (flashing) StdoutLine: {'line': b"writing manifest file '../../build/flashing/flashing.egg-info/SOURCES.txt'\n"}
[84.836338] (-) TimerEvent: {}
[84.837205] (flashing) StdoutLine: {'line': b'running build\n'}
[84.844976] (flashing) StdoutLine: {'line': b'running build_py\n'}
[84.846462] (flashing) StdoutLine: {'line': b'running install\n'}
[84.936628] (-) TimerEvent: {}
[85.021543] (flashing) StdoutLine: {'line': b'running install_lib\n'}
[85.039563] (-) TimerEvent: {}
[85.147545] (-) TimerEvent: {}
[85.248572] (-) TimerEvent: {}
[85.355572] (-) TimerEvent: {}
[85.458570] (-) TimerEvent: {}
[85.566574] (-) TimerEvent: {}
[85.669550] (-) TimerEvent: {}
[85.772537] (-) TimerEvent: {}
[85.874765] (-) TimerEvent: {}
[85.884547] (control) StdoutLine: {'line': b"reading manifest file '../../build/control/control.egg-info/SOURCES.txt'\n"}
[85.901513] (control) StdoutLine: {'line': b"writing manifest file '../../build/control/control.egg-info/SOURCES.txt'\n"}
[85.903462] (control) StdoutLine: {'line': b'running build\n'}
[85.904153] (control) StdoutLine: {'line': b'running build_py\n'}
[85.921560] (control) StdoutLine: {'line': b'running install\n'}
[85.976536] (-) TimerEvent: {}
[86.040045] (control) StdoutLine: {'line': b'running install_lib\n'}
[86.080056] (-) TimerEvent: {}
[86.126694] (flashing) StdoutLine: {'line': b'running install_data\n'}
[86.127576] (flashing) StdoutLine: {'line': b'running install_egg_info\n'}
[86.185601] (-) TimerEvent: {}
[86.286498] (-) TimerEvent: {}
[86.391644] (-) TimerEvent: {}
[86.495855] (-) TimerEvent: {}
[86.596740] (-) TimerEvent: {}
[86.705533] (-) TimerEvent: {}
[86.774194] (cv) StdoutLine: {'line': b'Installing calibrate_camera script to /home/ngt/ZENS-Final-AUVC/ros_ws/install/cv/lib/cv\n'}
[86.778719] (cv) StdoutLine: {'line': b'Installing detect_from_image script to /home/ngt/ZENS-Final-AUVC/ros_ws/install/cv/lib/cv\n'}
[86.780463] (cv) StdoutLine: {'line': b'Installing detection_node script to /home/ngt/ZENS-Final-AUVC/ros_ws/install/cv/lib/cv\n'}
[86.787976] (cv) StdoutLine: {'line': b'Installing fake_camera_node script to /home/ngt/ZENS-Final-AUVC/ros_ws/install/cv/lib/cv\n'}
[86.788747] (cv) StdoutLine: {'line': b'Installing image_saver_node script to /home/ngt/ZENS-Final-AUVC/ros_ws/install/cv/lib/cv\n'}
[86.802582] (cv) StdoutLine: {'line': b'Installing tag_heading_node script to /home/ngt/ZENS-Final-AUVC/ros_ws/install/cv/lib/cv\n'}
[86.803341] (cv) StdoutLine: {'line': b'Installing web_streamer_node script to /home/ngt/ZENS-Final-AUVC/ros_ws/install/cv/lib/cv\n'}
[86.803993] (control) StdoutLine: {'line': b'running install_data\n'}
[86.804639] (cv) StdoutLine: {'line': b"writing list of installed files to '/home/ngt/ZENS-Final-AUVC/ros_ws/build/cv/install.log'\n"}
[86.814619] (control) StdoutLine: {'line': b'running install_egg_info\n'}
[86.816067] (-) TimerEvent: {}
[86.842897] (flashing) StdoutLine: {'line': b"removing '/home/ngt/ZENS-Final-AUVC/ros_ws/install/flashing/lib/python3.12/site-packages/flashing-0.0.0-py3.12.egg-info' (and everything under it)\n"}
[86.852705] (flashing) StdoutLine: {'line': b'Copying ../../build/flashing/flashing.egg-info to /home/ngt/ZENS-Final-AUVC/ros_ws/install/flashing/lib/python3.12/site-packages/flashing-0.0.0-py3.12.egg-info\n'}
[86.885792] (flashing) StdoutLine: {'line': b'running install_scripts\n'}
[86.919196] (-) TimerEvent: {}
[87.024443] (-) TimerEvent: {}
[87.125677] (-) TimerEvent: {}
[87.229622] (-) TimerEvent: {}
[87.333580] (-) TimerEvent: {}
[87.434433] (-) TimerEvent: {}
[87.529555] (control) StdoutLine: {'line': b"removing '/home/ngt/ZENS-Final-AUVC/ros_ws/install/control/lib/python3.12/site-packages/control-0.0.0-py3.12.egg-info' (and everything under it)\n"}
[87.536511] (control) StdoutLine: {'line': b'Copying ../../build/control/control.egg-info to /home/ngt/ZENS-Final-AUVC/ros_ws/install/control/lib/python3.12/site-packages/control-0.0.0-py3.12.egg-info\n'}
[87.537327] (-) TimerEvent: {}
[87.564687] (control) StdoutLine: {'line': b'running install_scripts\n'}
[87.644615] (-) TimerEvent: {}
[87.746079] (-) TimerEvent: {}
[87.853522] (-) TimerEvent: {}
[87.954468] (-) TimerEvent: {}
[88.055282] (-) TimerEvent: {}
[88.171551] (-) TimerEvent: {}
[88.279550] (-) TimerEvent: {}
[88.382573] (-) TimerEvent: {}
[88.486561] (-) TimerEvent: {}
[88.528001] (control) StdoutLine: {'line': b'Installing depth_pid script to /home/ngt/ZENS-Final-AUVC/ros_ws/install/control/lib/control\n'}
[88.545511] (control) StdoutLine: {'line': b'Installing heading_pid script to /home/ngt/ZENS-Final-AUVC/ros_ws/install/control/lib/control\n'}
[88.546990] (control) StdoutLine: {'line': b'Installing self_arm script to /home/ngt/ZENS-Final-AUVC/ros_ws/install/control/lib/control\n'}
[88.547901] (control) StdoutLine: {'line': b'Installing self_disarm script to /home/ngt/ZENS-Final-AUVC/ros_ws/install/control/lib/control\n'}
[88.556132] (control) StdoutLine: {'line': b"writing list of installed files to '/home/ngt/ZENS-Final-AUVC/ros_ws/build/control/install.log'\n"}
[88.588718] (-) TimerEvent: {}
[88.641155] (cv) CommandEnded: {'returncode': 0}
[88.688904] (-) TimerEvent: {}
[88.709675] (cv) JobEnded: {'identifier': 'cv', 'rc': 0}
[88.717617] (msgs) JobStarted: {'identifier': 'msgs'}
[88.791647] (-) TimerEvent: {}
[88.892470] (-) TimerEvent: {}
[88.919090] (msgs) JobProgress: {'identifier': 'msgs', 'progress': 'cmake'}
[88.956808] (msgs) JobProgress: {'identifier': 'msgs', 'progress': 'build'}
[88.980644] (msgs) Command: {'cmd': ['/usr/bin/cmake', '--build', '/home/ngt/ZENS-Final-AUVC/ros_ws/build/msgs', '--', '-j4', '-l4'], 'cwd': '/home/ngt/ZENS-Final-AUVC/ros_ws/build/msgs', 'env': OrderedDict({'PYTHON_BASIC_REPL': '1', 'VIRTUALENVWRAPPER_WORKON_CD': '1', 'USER': 'ngt', 'SSH_CLIENT': '192.168.3.1 64577 22', 'WORKON_HOME': '/home/ngt/.virtualenvs', 'GZ_SIM_RESOURCE_PATH': '/opt/ros/jazzy/share', 'GZ_CONFIG_PATH': '/opt/ros/jazzy/opt/gz_sim_vendor/share/gz:/opt/ros/jazzy/opt/sdformat_vendor/share/gz:/opt/ros/jazzy/opt/gz_gui_vendor/share/gz:/opt/ros/jazzy/opt/gz_transport_vendor/share/gz:/opt/ros/jazzy/opt/gz_rendering_vendor/share/gz:/opt/ros/jazzy/opt/gz_plugin_vendor/share/gz:/opt/ros/jazzy/opt/gz_fuel_tools_vendor/share/gz:/opt/ros/jazzy/opt/gz_msgs_vendor/share/gz:/opt/ros/jazzy/opt/gz_common_vendor/share/gz', 'XDG_SESSION_TYPE': 'tty', 'GIT_ASKPASS': '/home/ngt/.vscode-server/cli/servers/Stable-e4c7e7b1d6d060162f4aa7f8225271b67ce1df75/server/extensions/git/dist/askpass.sh', 'SHLVL': '1', 'BROWSER': '/home/ngt/.vscode-server/cli/servers/Stable-e4c7e7b1d6d060162f4aa7f8225271b67ce1df75/server/bin/helpers/browser.sh', 'LD_LIBRARY_PATH': '/home/ngt/ZENS-Final-AUVC/ros_ws/install/msgs/lib:/home/ngt/auvc_ws/install/example_custom_srv/lib:/home/ngt/pid_ws/install/target_depth_msgs/lib:/opt/ros/jazzy/opt/gz_sim_vendor/lib:/opt/ros/jazzy/opt/gz_sensors_vendor/lib:/opt/ros/jazzy/opt/gz_physics_vendor/lib:/opt/ros/jazzy/opt/sdformat_vendor/lib:/opt/ros/jazzy/opt/rviz_ogre_vendor/lib:/opt/ros/jazzy/lib/aarch64-linux-gnu:/opt/ros/jazzy/opt/gz_gui_vendor/lib:/opt/ros/jazzy/opt/gz_transport_vendor/lib:/opt/ros/jazzy/opt/gz_rendering_vendor/lib:/opt/ros/jazzy/opt/gz_plugin_vendor/lib:/opt/ros/jazzy/opt/gz_fuel_tools_vendor/lib:/opt/ros/jazzy/opt/gz_msgs_vendor/lib:/opt/ros/jazzy/opt/gz_common_vendor/lib:/opt/ros/jazzy/opt/gz_math_vendor/lib:/opt/ros/jazzy/opt/gz_utils_vendor/lib:/opt/ros/jazzy/opt/gz_tools_vendor/lib:/opt/ros/jazzy/opt/gz_ogre_next_vendor/lib:/opt/ros/jazzy/opt/gz_dartsim_vendor/lib:/opt/ros/jazzy/opt/gz_cmake_vendor/lib:/opt/ros/jazzy/lib', 'GZ_TRANSPORT_ID': '192.168.3.1', 'HOME': '/home/ngt', 'OLDPWD': '/home/ngt/ZENS-Final-AUVC', 'LESS': '-R', 'VIRTUALENVWRAPPER_PYTHON': '/usr/bin/python3', 'TERM_PROGRAM_VERSION': '1.131.0', 'VSCODE_IPC_HOOK_CLI': '/run/user/1004/vscode-ipc-f2a46726-367b-4b2d-ace9-69290944b12b.sock', 'ZSH': '/home/ngt/.oh-my-zsh', 'LSCOLORS': 'Gxfxcxdxbxegedabagacad', 'GZ_TRANSPORT_PUB_PORT': '11345', 'VSCODE_GIT_ASKPASS_MAIN': '/home/ngt/.vscode-server/cli/servers/Stable-e4c7e7b1d6d060162f4aa7f8225271b67ce1df75/server/extensions/git/dist/askpass-main.js', 'PAGER': 'less', 'ROS_PYTHON_VERSION': '3', 'PS1': '(ardusub) %(?:%{\x1b[01;32m%}%1{➜%} :%{\x1b[01;31m%}%1{➜%} ) %{\x1b[36m%}%c%{\x1b[00m%} $(git_prompt_info)', 'VSCODE_GIT_ASKPASS_NODE': '/home/ngt/.vscode-server/cli/servers/Stable-e4c7e7b1d6d060162f4aa7f8225271b67ce1df75/server/node', 'DBUS_SESSION_BUS_ADDRESS': 'unix:path=/run/user/1004/bus', 'PYDEVD_DISABLE_FILE_VALIDATION': '1', 'BUNDLED_DEBUGPY_PATH': '/home/ngt/.vscode-server/extensions/ms-python.debugpy-2026.6.0-linux-arm64/bundled/libs/debugpy', 'GZ_TRANSPORT_SUB_PORT': '11346', 'VSCODE_PYTHON_AUTOACTIVATE_GUARD': '1', 'COLORTERM': 'truecolor', 'ROS_DISTRO': 'jazzy', 'COLCON_PREFIX_PATH': '/home/ngt/ZENS-Final-AUVC/ros_ws/install:/home/ngt/auvc_ws/install:/home/ngt/cv_ws/install:/home/ngt/pid_ws/install:/home/ngt/auv_dancing/install', 'LOGNAME': 'ngt', '_': '/usr/bin/colcon', 'XDG_SESSION_CLASS': 'user', 'USER_ZDOTDIR': '/home/ngt', 'ROS_VERSION': '2', 'XDG_SESSION_ID': '1', 'TERM': 'xterm-256color', 'PATH': '/home/ngt/.virtualenvs/ardusub/bin:/home/ngt/.opencode/bin:/opt/ros/jazzy/opt/gz_msgs_vendor/bin:/opt/ros/jazzy/opt/gz_tools_vendor/bin:/opt/ros/jazzy/opt/gz_ogre_next_vendor/bin:/opt/ros/jazzy/bin:/usr/lib/ccache:/home/ngt/.vscode-server/data/User/globalStorage/github.copilot-chat/debugCommand:/home/ngt/.vscode-server/data/User/globalStorage/github.copilot-chat/copilotCli:/home/ngt/.vscode-server/cli/servers/Stable-e4c7e7b1d6d060162f4aa7f8225271b67ce1df75/server/bin/remote-cli:/usr/local/sbin:/usr/local/bin:/usr/sbin:/usr/bin:/sbin:/bin:/usr/games:/usr/local/games:/snap/bin:/home/ngt/.vscode-server/extensions/ms-python.debugpy-2026.6.0-linux-arm64/bundled/scripts/noConfigScripts:/home/ngt/.local/bin:/home/ngt/ardupilot/Tools/autotest', 'XDG_RUNTIME_DIR': '/run/user/1004', 'GZ_PARTITION': 'my_sim', 'LANG': 'en_US.UTF-8', 'VSCODE_DEBUGPY_ADAPTER_ENDPOINTS': '/home/ngt/.vscode-server/extensions/ms-python.debugpy-2026.6.0-linux-arm64/.noConfigDebugAdapterEndpoints/endpoint-c18b4b5d63521f01.txt', 'PYTHONSTARTUP': '/home/ngt/.vscode-server/data/User/workspaceStorage/ebe247280dad30c76e3d7235d970e14f/ms-python.python/pythonrc.py', 'VSCODE_INJECTION': '1', 'VIRTUAL_ENV_PROMPT': 'ardusub', 'TERM_PROGRAM': 'vscode', 'VSCODE_GIT_IPC_HANDLE': '/run/user/1004/vscode-git-75828e3940.sock', 'LS_COLORS': 'rs=0:di=01;34:ln=01;36:mh=00:pi=40;33:so=01;35:do=01;35:bd=40;33;01:cd=40;33;01:or=40;31;01:mi=00:su=37;41:sg=30;43:ca=00:tw=30;42:ow=34;42:st=37;44:ex=01;32:*.tar=01;31:*.tgz=01;31:*.arc=01;31:*.arj=01;31:*.taz=01;31:*.lha=01;31:*.lz4=01;31:*.lzh=01;31:*.lzma=01;31:*.tlz=01;31:*.txz=01;31:*.tzo=01;31:*.t7z=01;31:*.zip=01;31:*.z=01;31:*.dz=01;31:*.gz=01;31:*.lrz=01;31:*.lz=01;31:*.lzo=01;31:*.xz=01;31:*.zst=01;31:*.tzst=01;31:*.bz2=01;31:*.bz=01;31:*.tbz=01;31:*.tbz2=01;31:*.tz=01;31:*.deb=01;31:*.rpm=01;31:*.jar=01;31:*.war=01;31:*.ear=01;31:*.sar=01;31:*.rar=01;31:*.alz=01;31:*.ace=01;31:*.zoo=01;31:*.cpio=01;31:*.7z=01;31:*.rz=01;31:*.cab=01;31:*.wim=01;31:*.swm=01;31:*.dwm=01;31:*.esd=01;31:*.avif=01;35:*.jpg=01;35:*.jpeg=01;35:*.mjpg=01;35:*.mjpeg=01;35:*.gif=01;35:*.bmp=01;35:*.pbm=01;35:*.pgm=01;35:*.ppm=01;35:*.tga=01;35:*.xbm=01;35:*.xpm=01;35:*.tif=01;35:*.tiff=01;35:*.png=01;35:*.svg=01;35:*.svgz=01;35:*.mng=01;35:*.pcx=01;35:*.mov=01;35:*.mpg=01;35:*.mpeg=01;35:*.m2v=01;35:*.mkv=01;35:*.webm=01;35:*.webp=01;35:*.ogm=01;35:*.mp4=01;35:*.m4v=01;35:*.mp4v=01;35:*.vob=01;35:*.qt=01;35:*.nuv=01;35:*.wmv=01;35:*.asf=01;35:*.rm=01;35:*.rmvb=01;35:*.flc=01;35:*.avi=01;35:*.fli=01;35:*.flv=01;35:*.gl=01;35:*.dl=01;35:*.xcf=01;35:*.xwd=01;35:*.yuv=01;35:*.cgm=01;35:*.emf=01;35:*.ogv=01;35:*.ogx=01;35:*.aac=00;36:*.au=00;36:*.flac=00;36:*.m4a=00;36:*.mid=00;36:*.midi=00;36:*.mka=00;36:*.mp3=00;36:*.mpc=00;36:*.ogg=00;36:*.ra=00;36:*.wav=00;36:*.oga=00;36:*.opus=00;36:*.spx=00;36:*.xspf=00;36:*~=00;90:*#=00;90:*.bak=00;90:*.crdownload=00;90:*.dpkg-dist=00;90:*.dpkg-new=00;90:*.dpkg-old=00;90:*.dpkg-tmp=00;90:*.old=00;90:*.orig=00;90:*.part=00;90:*.rej=00;90:*.rpmnew=00;90:*.rpmorig=00;90:*.rpmsave=00;90:*.swp=00;90:*.tmp=00;90:*.ucf-dist=00;90:*.ucf-new=00;90:*.ucf-old=00;90:', 'AMENT_PREFIX_PATH': '/home/ngt/ZENS-Final-AUVC/ros_ws/install/msgs:/home/ngt/ZENS-Final-AUVC/ros_ws/install/hardware:/home/ngt/ZENS-Final-AUVC/ros_ws/install/flashing:/home/ngt/ZENS-Final-AUVC/ros_ws/install/cv:/home/ngt/ZENS-Final-AUVC/ros_ws/install/control:/home/ngt/ZENS-Final-AUVC/ros_ws/install/bringup:/home/ngt/auvc_ws/install/tutorial_virtualenvs:/home/ngt/auvc_ws/install/tutorial_pid:/home/ngt/auvc_ws/install/tutorial_ardusub:/home/ngt/auvc_ws/install/tutorial:/home/ngt/auvc_ws/install/rosmav:/home/ngt/auvc_ws/install/example_custom_srv:/home/ngt/cv_ws/install/cv:/home/ngt/pid_ws/install/target_depth_msgs:/home/ngt/pid_ws/install/pid:/home/ngt/auv_dancing/install/tutorial:/opt/ros/jazzy', 'SHELL': '/usr/bin/zsh', 'VIRTUALENVWRAPPER_PROJECT_FILENAME': '.project', 'VIRTUALENVWRAPPER_HOOK_DIR': '/home/ngt/.virtualenvs', 'VSCODE_GIT_ASKPASS_EXTRA_ARGS': '', 'VIRTUALENVWRAPPER_SCRIPT': '/usr/share/virtualenvwrapper/virtualenvwrapper.sh', 'ROS_AUTOMATIC_DISCOVERY_RANGE': 'SUBNET', 'VIRTUAL_ENV': '/home/ngt/.virtualenvs/ardusub', 'LC_ALL': 'en_US.UTF-8', 'PWD': '/home/ngt/ZENS-Final-AUVC/ros_ws/build/msgs', 'SSH_CONNECTION': '192.168.3.1 64577 192.168.3.2 22', 'COPILOT_DEBUG_NONCE': 'ecfdf1043499788fb94714472659d404', 'ZDOTDIR': '/home/ngt', 'PYTHONPATH': '/home/ngt/ZENS-Final-AUVC/ros_ws/install/msgs/lib/python3.12/site-packages:/home/ngt/ZENS-Final-AUVC/ros_ws/install/hardware/lib/python3.12/site-packages:/home/ngt/ZENS-Final-AUVC/ros_ws/install/flashing/lib/python3.12/site-packages:/home/ngt/ZENS-Final-AUVC/ros_ws/install/cv/lib/python3.12/site-packages:/home/ngt/ZENS-Final-AUVC/ros_ws/install/control/lib/python3.12/site-packages:/home/ngt/ZENS-Final-AUVC/ros_ws/install/bringup/lib/python3.12/site-packages:/home/ngt/auvc_ws/install/tutorial_virtualenvs/lib/python3.12/site-packages:/home/ngt/auvc_ws/install/tutorial_pid/lib/python3.12/site-packages:/home/ngt/auvc_ws/install/tutorial_ardusub/lib/python3.12/site-packages:/home/ngt/auvc_ws/install/tutorial/lib/python3.12/site-packages:/home/ngt/auvc_ws/install/rosmav/lib/python3.12/site-packages:/home/ngt/auvc_ws/install/example_custom_srv/lib/python3.12/site-packages:/home/ngt/cv_ws/install/cv/lib/python3.12/site-packages:/home/ngt/pid_ws/install/target_depth_msgs/lib/python3.12/site-packages:/home/ngt/pid_ws/install/pid/lib/python3.12/site-packages:/home/ngt/auv_dancing/install/tutorial/lib/python3.12/site-packages:/opt/ros/jazzy/lib/python3.12/site-packages', 'COLCON': '1', 'CMAKE_PREFIX_PATH': '/home/ngt/ZENS-Final-AUVC/ros_ws/install/msgs:/home/ngt/auvc_ws/install/example_custom_srv:/home/ngt/pid_ws/install/target_depth_msgs:/opt/ros/jazzy/opt/gz_sim_vendor:/opt/ros/jazzy/opt/gz_sensors_vendor:/opt/ros/jazzy/opt/gz_physics_vendor:/opt/ros/jazzy/opt/sdformat_vendor:/opt/ros/jazzy/opt/gz_gui_vendor:/opt/ros/jazzy/opt/gz_transport_vendor:/opt/ros/jazzy/opt/gz_rendering_vendor:/opt/ros/jazzy/opt/gz_plugin_vendor:/opt/ros/jazzy/opt/gz_fuel_tools_vendor:/opt/ros/jazzy/opt/gz_msgs_vendor:/opt/ros/jazzy/opt/gz_common_vendor:/opt/ros/jazzy/opt/gz_math_vendor:/opt/ros/jazzy/opt/gz_utils_vendor:/opt/ros/jazzy/opt/gz_tools_vendor:/opt/ros/jazzy/opt/gz_ogre_next_vendor:/opt/ros/jazzy/opt/gz_dartsim_vendor:/opt/ros/jazzy/opt/gz_cmake_vendor:/home/ngt/ZENS-Final-AUVC/ros_ws/install/hardware:/home/ngt/ZENS-Final-AUVC/ros_ws/install/flashing:/home/ngt/ZENS-Final-AUVC/ros_ws/install/cv:/home/ngt/ZENS-Final-AUVC/ros_ws/install/control:/home/ngt/ZENS-Final-AUVC/ros_ws/install/bringup:/home/ngt/auvc_ws/install/tutorial_virtualenvs:/home/ngt/auvc_ws/install/tutorial_pid:/home/ngt/auvc_ws/install/tutorial_ardusub:/home/ngt/auvc_ws/install/tutorial:/home/ngt/auvc_ws/install/rosmav:/home/ngt/cv_ws/install/cv:/home/ngt/pid_ws/install/pid:/home/ngt/auv_dancing/install/tutorial:/opt/ros/jazzy'}), 'shell': False}
[89.000703] (-) TimerEvent: {}
[89.103611] (-) TimerEvent: {}
[89.211540] (-) TimerEvent: {}
[89.300870] (control) CommandEnded: {'returncode': 0}
[89.331849] (-) TimerEvent: {}
[89.345968] (flashing) StdoutLine: {'line': b'Installing flashing_node script to /home/ngt/ZENS-Final-AUVC/ros_ws/install/flashing/lib/flashing\n'}
[89.346850] (flashing) StdoutLine: {'line': b"writing list of installed files to '/home/ngt/ZENS-Final-AUVC/ros_ws/build/flashing/install.log'\n"}
[89.432127] (-) TimerEvent: {}
[89.462950] (control) JobEnded: {'identifier': 'control', 'rc': 0}
[89.540226] (-) TimerEvent: {}
[89.641606] (-) TimerEvent: {}
[89.754242] (-) TimerEvent: {}
[89.795701] (flashing) CommandEnded: {'returncode': 0}
[89.863799] (-) TimerEvent: {}
[89.877087] (flashing) JobEnded: {'identifier': 'flashing', 'rc': 0}
[89.971424] (-) TimerEvent: {}
[90.076548] (-) TimerEvent: {}
[90.178562] (-) TimerEvent: {}
[90.205546] (msgs) StdoutLine: {'line': b'[  2%] Built target msgs__rs\n'}
[90.278755] (-) TimerEvent: {}
[90.384936] (-) TimerEvent: {}
[90.489553] (-) TimerEvent: {}
[90.592992] (-) TimerEvent: {}
[90.699661] (-) TimerEvent: {}
[90.809575] (-) TimerEvent: {}
[90.910472] (-) TimerEvent: {}
[91.020444] (-) TimerEvent: {}
[91.099232] (msgs) StdoutLine: {'line': b'[  2%] Built target ament_cmake_python_copy_msgs\n'}
[91.122006] (-) TimerEvent: {}
[91.226704] (-) TimerEvent: {}
[91.337755] (-) TimerEvent: {}
[91.443561] (-) TimerEvent: {}
[91.544445] (-) TimerEvent: {}
[91.648543] (-) TimerEvent: {}
[91.749521] (-) TimerEvent: {}
[91.831601] (msgs) StdoutLine: {'line': b'[  5%] Built target msgs__rosidl_generator_type_description\n'}
[91.853559] (-) TimerEvent: {}
[91.958558] (-) TimerEvent: {}
[92.059357] (-) TimerEvent: {}
[92.161590] (-) TimerEvent: {}
[92.264562] (-) TimerEvent: {}
[92.372560] (-) TimerEvent: {}
[92.474559] (-) TimerEvent: {}
[92.578655] (-) TimerEvent: {}
[92.680591] (-) TimerEvent: {}
[92.784559] (-) TimerEvent: {}
[92.885454] (-) TimerEvent: {}
[92.990197] (-) TimerEvent: {}
[93.093843] (-) TimerEvent: {}
[93.195158] (-) TimerEvent: {}
[93.297570] (-) TimerEvent: {}
[93.399956] (-) TimerEvent: {}
[93.506861] (-) TimerEvent: {}
[93.609648] (-) TimerEvent: {}
[93.715728] (-) TimerEvent: {}
[93.821575] (-) TimerEvent: {}
[93.925567] (-) TimerEvent: {}
[94.035612] (-) TimerEvent: {}
[94.138575] (-) TimerEvent: {}
[94.243603] (-) TimerEvent: {}
[94.346959] (-) TimerEvent: {}
[94.450514] (-) TimerEvent: {}
[94.553456] (-) TimerEvent: {}
[94.657530] (-) TimerEvent: {}
[94.761556] (-) TimerEvent: {}
[94.866485] (-) TimerEvent: {}
[94.970026] (-) TimerEvent: {}
[95.075548] (-) TimerEvent: {}
[95.179913] (-) TimerEvent: {}
[95.285930] (-) TimerEvent: {}
[95.389510] (-) TimerEvent: {}
[95.490749] (-) TimerEvent: {}
[95.594547] (-) TimerEvent: {}
[95.696457] (-) TimerEvent: {}
[95.801651] (-) TimerEvent: {}
[95.905553] (-) TimerEvent: {}
[96.007531] (-) TimerEvent: {}
[96.112536] (-) TimerEvent: {}
[96.216488] (-) TimerEvent: {}
[96.317287] (-) TimerEvent: {}
[96.420137] (-) TimerEvent: {}
[96.525245] (-) TimerEvent: {}
[96.629579] (-) TimerEvent: {}
[96.730551] (-) TimerEvent: {}
[96.831587] (-) TimerEvent: {}
[96.932905] (-) TimerEvent: {}
[97.038565] (-) TimerEvent: {}
[97.139843] (-) TimerEvent: {}
[97.243545] (-) TimerEvent: {}
[97.344726] (-) TimerEvent: {}
[97.448951] (-) TimerEvent: {}
[97.551741] (-) TimerEvent: {}
[97.654690] (-) TimerEvent: {}
[97.761617] (-) TimerEvent: {}
[97.862513] (-) TimerEvent: {}
[97.968563] (-) TimerEvent: {}
[98.072551] (-) TimerEvent: {}
[98.177531] (-) TimerEvent: {}
[98.278440] (-) TimerEvent: {}
[98.379509] (-) TimerEvent: {}
[98.480316] (-) TimerEvent: {}
[98.586553] (-) TimerEvent: {}
[98.692589] (-) TimerEvent: {}
[98.793633] (-) TimerEvent: {}
[98.899550] (-) TimerEvent: {}
[99.002533] (-) TimerEvent: {}
[99.030701] (msgs) StdoutLine: {'line': b'running egg_info\n'}
[99.105553] (-) TimerEvent: {}
[99.207581] (-) TimerEvent: {}
[99.312952] (-) TimerEvent: {}
[99.418770] (-) TimerEvent: {}
[99.519552] (-) TimerEvent: {}
[99.621060] (-) TimerEvent: {}
[99.729541] (-) TimerEvent: {}
[99.831718] (-) TimerEvent: {}
[99.933231] (-) TimerEvent: {}
[100.021790] (msgs) StdoutLine: {'line': b'writing msgs.egg-info/PKG-INFO\n'}
[100.028205] (msgs) StdoutLine: {'line': b'writing dependency_links to msgs.egg-info/dependency_links.txt\n'}
[100.028998] (msgs) StdoutLine: {'line': b'writing top-level names to msgs.egg-info/top_level.txt\n'}
[100.038540] (-) TimerEvent: {}
[100.143530] (-) TimerEvent: {}
[100.246516] (-) TimerEvent: {}
[100.349654] (-) TimerEvent: {}
[100.451457] (-) TimerEvent: {}
[100.559499] (-) TimerEvent: {}
[100.660260] (-) TimerEvent: {}
[100.769559] (-) TimerEvent: {}
[100.874534] (-) TimerEvent: {}
[100.975495] (-) TimerEvent: {}
[101.084553] (-) TimerEvent: {}
[101.185370] (-) TimerEvent: {}
[101.293547] (-) TimerEvent: {}
[101.394330] (-) TimerEvent: {}
[101.495098] (-) TimerEvent: {}
[101.598855] (-) TimerEvent: {}
[101.705543] (-) TimerEvent: {}
[101.811574] (-) TimerEvent: {}
[101.912517] (-) TimerEvent: {}
[102.019554] (-) TimerEvent: {}
[102.122532] (-) TimerEvent: {}
[102.225532] (-) TimerEvent: {}
[102.326303] (-) TimerEvent: {}
[102.427925] (-) TimerEvent: {}
[102.529580] (-) TimerEvent: {}
[102.630830] (-) TimerEvent: {}
[102.738368] (-) TimerEvent: {}
[102.844436] (-) TimerEvent: {}
[102.951553] (-) TimerEvent: {}
[103.057540] (-) TimerEvent: {}
[103.160575] (-) TimerEvent: {}
[103.264370] (-) TimerEvent: {}
[103.374565] (-) TimerEvent: {}
[103.478735] (-) TimerEvent: {}
[103.584604] (-) TimerEvent: {}
[103.687819] (-) TimerEvent: {}
[103.795299] (-) TimerEvent: {}
[103.903569] (-) TimerEvent: {}
[104.004335] (-) TimerEvent: {}
[104.106586] (-) TimerEvent: {}
[104.212576] (-) TimerEvent: {}
[104.314844] (-) TimerEvent: {}
[104.420139] (-) TimerEvent: {}
[104.521031] (-) TimerEvent: {}
[104.629529] (-) TimerEvent: {}
[104.738869] (-) TimerEvent: {}
[104.842546] (-) TimerEvent: {}
[104.943535] (-) TimerEvent: {}
[105.053635] (-) TimerEvent: {}
[105.163961] (-) TimerEvent: {}
[105.264834] (-) TimerEvent: {}
[105.371542] (-) TimerEvent: {}
[105.472434] (-) TimerEvent: {}
[105.578585] (-) TimerEvent: {}
[105.680544] (-) TimerEvent: {}
[105.784864] (-) TimerEvent: {}
[105.887422] (-) TimerEvent: {}
[105.990444] (-) TimerEvent: {}
[106.096650] (-) TimerEvent: {}
[106.199189] (-) TimerEvent: {}
[106.302547] (-) TimerEvent: {}
[106.408548] (-) TimerEvent: {}
[106.509578] (-) TimerEvent: {}
[106.616637] (-) TimerEvent: {}
[106.724606] (-) TimerEvent: {}
[106.835648] (-) TimerEvent: {}
[106.941011] (-) TimerEvent: {}
[107.052699] (-) TimerEvent: {}
[107.160679] (-) TimerEvent: {}
[107.270634] (-) TimerEvent: {}
[107.377626] (-) TimerEvent: {}
[107.486740] (-) TimerEvent: {}
[107.593633] (-) TimerEvent: {}
[107.700651] (-) TimerEvent: {}
[107.809917] (-) TimerEvent: {}
[107.919694] (-) TimerEvent: {}
[108.024692] (-) TimerEvent: {}
[108.134464] (-) TimerEvent: {}
[108.241636] (-) TimerEvent: {}
[108.347664] (-) TimerEvent: {}
[108.452747] (-) TimerEvent: {}
[108.557747] (-) TimerEvent: {}
[108.642935] (msgs) StdoutLine: {'line': b"reading manifest file 'msgs.egg-info/SOURCES.txt'\n"}
[108.666823] (msgs) StdoutLine: {'line': b"writing manifest file 'msgs.egg-info/SOURCES.txt'\n"}
[108.668326] (-) TimerEvent: {}
[108.783630] (-) TimerEvent: {}
[108.891928] (-) TimerEvent: {}
[108.998643] (-) TimerEvent: {}
[109.107732] (-) TimerEvent: {}
[109.220695] (-) TimerEvent: {}
[109.332011] (-) TimerEvent: {}
[109.377683] (hardware) Command: {'cmd': ['/usr/bin/python3', '-W', 'ignore:setup.py install is deprecated', '-W', 'ignore:easy_install command is deprecated', 'setup.py', 'egg_info', '--egg-base', '../../build/hardware', 'build', '--build-base', '/home/ngt/ZENS-Final-AUVC/ros_ws/build/hardware/build', 'install', '--record', '/home/ngt/ZENS-Final-AUVC/ros_ws/build/hardware/install.log', '--install-scripts', '$base/lib/hardware', '--single-version-externally-managed', 'install_data'], 'cwd': '/home/ngt/ZENS-Final-AUVC/ros_ws/src/hardware', 'env': {'PYTHON_BASIC_REPL': '1', 'VIRTUALENVWRAPPER_WORKON_CD': '1', 'USER': 'ngt', 'SSH_CLIENT': '192.168.3.1 64577 22', 'WORKON_HOME': '/home/ngt/.virtualenvs', 'GZ_SIM_RESOURCE_PATH': '/opt/ros/jazzy/share', 'GZ_CONFIG_PATH': '/opt/ros/jazzy/opt/gz_sim_vendor/share/gz:/opt/ros/jazzy/opt/sdformat_vendor/share/gz:/opt/ros/jazzy/opt/gz_gui_vendor/share/gz:/opt/ros/jazzy/opt/gz_transport_vendor/share/gz:/opt/ros/jazzy/opt/gz_rendering_vendor/share/gz:/opt/ros/jazzy/opt/gz_plugin_vendor/share/gz:/opt/ros/jazzy/opt/gz_fuel_tools_vendor/share/gz:/opt/ros/jazzy/opt/gz_msgs_vendor/share/gz:/opt/ros/jazzy/opt/gz_common_vendor/share/gz', 'XDG_SESSION_TYPE': 'tty', 'GIT_ASKPASS': '/home/ngt/.vscode-server/cli/servers/Stable-e4c7e7b1d6d060162f4aa7f8225271b67ce1df75/server/extensions/git/dist/askpass.sh', 'SHLVL': '1', 'BROWSER': '/home/ngt/.vscode-server/cli/servers/Stable-e4c7e7b1d6d060162f4aa7f8225271b67ce1df75/server/bin/helpers/browser.sh', 'LD_LIBRARY_PATH': '/home/ngt/ZENS-Final-AUVC/ros_ws/install/msgs/lib:/home/ngt/auvc_ws/install/example_custom_srv/lib:/home/ngt/pid_ws/install/target_depth_msgs/lib:/opt/ros/jazzy/opt/gz_sim_vendor/lib:/opt/ros/jazzy/opt/gz_sensors_vendor/lib:/opt/ros/jazzy/opt/gz_physics_vendor/lib:/opt/ros/jazzy/opt/sdformat_vendor/lib:/opt/ros/jazzy/opt/rviz_ogre_vendor/lib:/opt/ros/jazzy/lib/aarch64-linux-gnu:/opt/ros/jazzy/opt/gz_gui_vendor/lib:/opt/ros/jazzy/opt/gz_transport_vendor/lib:/opt/ros/jazzy/opt/gz_rendering_vendor/lib:/opt/ros/jazzy/opt/gz_plugin_vendor/lib:/opt/ros/jazzy/opt/gz_fuel_tools_vendor/lib:/opt/ros/jazzy/opt/gz_msgs_vendor/lib:/opt/ros/jazzy/opt/gz_common_vendor/lib:/opt/ros/jazzy/opt/gz_math_vendor/lib:/opt/ros/jazzy/opt/gz_utils_vendor/lib:/opt/ros/jazzy/opt/gz_tools_vendor/lib:/opt/ros/jazzy/opt/gz_ogre_next_vendor/lib:/opt/ros/jazzy/opt/gz_dartsim_vendor/lib:/opt/ros/jazzy/opt/gz_cmake_vendor/lib:/opt/ros/jazzy/lib', 'GZ_TRANSPORT_ID': '192.168.3.1', 'HOME': '/home/ngt', 'OLDPWD': '/home/ngt/ZENS-Final-AUVC', 'LESS': '-R', 'VIRTUALENVWRAPPER_PYTHON': '/usr/bin/python3', 'TERM_PROGRAM_VERSION': '1.131.0', 'VSCODE_IPC_HOOK_CLI': '/run/user/1004/vscode-ipc-f2a46726-367b-4b2d-ace9-69290944b12b.sock', 'ZSH': '/home/ngt/.oh-my-zsh', 'LSCOLORS': 'Gxfxcxdxbxegedabagacad', 'GZ_TRANSPORT_PUB_PORT': '11345', 'VSCODE_GIT_ASKPASS_MAIN': '/home/ngt/.vscode-server/cli/servers/Stable-e4c7e7b1d6d060162f4aa7f8225271b67ce1df75/server/extensions/git/dist/askpass-main.js', 'PAGER': 'less', 'ROS_PYTHON_VERSION': '3', 'PS1': '(ardusub) %(?:%{\x1b[01;32m%}%1{➜%} :%{\x1b[01;31m%}%1{➜%} ) %{\x1b[36m%}%c%{\x1b[00m%} $(git_prompt_info)', 'VSCODE_GIT_ASKPASS_NODE': '/home/ngt/.vscode-server/cli/servers/Stable-e4c7e7b1d6d060162f4aa7f8225271b67ce1df75/server/node', 'DBUS_SESSION_BUS_ADDRESS': 'unix:path=/run/user/1004/bus', 'PYDEVD_DISABLE_FILE_VALIDATION': '1', 'BUNDLED_DEBUGPY_PATH': '/home/ngt/.vscode-server/extensions/ms-python.debugpy-2026.6.0-linux-arm64/bundled/libs/debugpy', 'GZ_TRANSPORT_SUB_PORT': '11346', 'VSCODE_PYTHON_AUTOACTIVATE_GUARD': '1', 'COLORTERM': 'truecolor', 'ROS_DISTRO': 'jazzy', 'COLCON_PREFIX_PATH': '/home/ngt/ZENS-Final-AUVC/ros_ws/install:/home/ngt/auvc_ws/install:/home/ngt/cv_ws/install:/home/ngt/pid_ws/install:/home/ngt/auv_dancing/install', 'LOGNAME': 'ngt', '_': '/usr/bin/colcon', 'XDG_SESSION_CLASS': 'user', 'USER_ZDOTDIR': '/home/ngt', 'ROS_VERSION': '2', 'XDG_SESSION_ID': '1', 'TERM': 'xterm-256color', 'PATH': '/home/ngt/.virtualenvs/ardusub/bin:/home/ngt/.opencode/bin:/opt/ros/jazzy/opt/gz_msgs_vendor/bin:/opt/ros/jazzy/opt/gz_tools_vendor/bin:/opt/ros/jazzy/opt/gz_ogre_next_vendor/bin:/opt/ros/jazzy/bin:/usr/lib/ccache:/home/ngt/.vscode-server/data/User/globalStorage/github.copilot-chat/debugCommand:/home/ngt/.vscode-server/data/User/globalStorage/github.copilot-chat/copilotCli:/home/ngt/.vscode-server/cli/servers/Stable-e4c7e7b1d6d060162f4aa7f8225271b67ce1df75/server/bin/remote-cli:/usr/local/sbin:/usr/local/bin:/usr/sbin:/usr/bin:/sbin:/bin:/usr/games:/usr/local/games:/snap/bin:/home/ngt/.vscode-server/extensions/ms-python.debugpy-2026.6.0-linux-arm64/bundled/scripts/noConfigScripts:/home/ngt/.local/bin:/home/ngt/ardupilot/Tools/autotest', 'XDG_RUNTIME_DIR': '/run/user/1004', 'GZ_PARTITION': 'my_sim', 'LANG': 'en_US.UTF-8', 'VSCODE_DEBUGPY_ADAPTER_ENDPOINTS': '/home/ngt/.vscode-server/extensions/ms-python.debugpy-2026.6.0-linux-arm64/.noConfigDebugAdapterEndpoints/endpoint-c18b4b5d63521f01.txt', 'PYTHONSTARTUP': '/home/ngt/.vscode-server/data/User/workspaceStorage/ebe247280dad30c76e3d7235d970e14f/ms-python.python/pythonrc.py', 'VSCODE_INJECTION': '1', 'VIRTUAL_ENV_PROMPT': 'ardusub', 'TERM_PROGRAM': 'vscode', 'VSCODE_GIT_IPC_HANDLE': '/run/user/1004/vscode-git-75828e3940.sock', 'LS_COLORS': 'rs=0:di=01;34:ln=01;36:mh=00:pi=40;33:so=01;35:do=01;35:bd=40;33;01:cd=40;33;01:or=40;31;01:mi=00:su=37;41:sg=30;43:ca=00:tw=30;42:ow=34;42:st=37;44:ex=01;32:*.tar=01;31:*.tgz=01;31:*.arc=01;31:*.arj=01;31:*.taz=01;31:*.lha=01;31:*.lz4=01;31:*.lzh=01;31:*.lzma=01;31:*.tlz=01;31:*.txz=01;31:*.tzo=01;31:*.t7z=01;31:*.zip=01;31:*.z=01;31:*.dz=01;31:*.gz=01;31:*.lrz=01;31:*.lz=01;31:*.lzo=01;31:*.xz=01;31:*.zst=01;31:*.tzst=01;31:*.bz2=01;31:*.bz=01;31:*.tbz=01;31:*.tbz2=01;31:*.tz=01;31:*.deb=01;31:*.rpm=01;31:*.jar=01;31:*.war=01;31:*.ear=01;31:*.sar=01;31:*.rar=01;31:*.alz=01;31:*.ace=01;31:*.zoo=01;31:*.cpio=01;31:*.7z=01;31:*.rz=01;31:*.cab=01;31:*.wim=01;31:*.swm=01;31:*.dwm=01;31:*.esd=01;31:*.avif=01;35:*.jpg=01;35:*.jpeg=01;35:*.mjpg=01;35:*.mjpeg=01;35:*.gif=01;35:*.bmp=01;35:*.pbm=01;35:*.pgm=01;35:*.ppm=01;35:*.tga=01;35:*.xbm=01;35:*.xpm=01;35:*.tif=01;35:*.tiff=01;35:*.png=01;35:*.svg=01;35:*.svgz=01;35:*.mng=01;35:*.pcx=01;35:*.mov=01;35:*.mpg=01;35:*.mpeg=01;35:*.m2v=01;35:*.mkv=01;35:*.webm=01;35:*.webp=01;35:*.ogm=01;35:*.mp4=01;35:*.m4v=01;35:*.mp4v=01;35:*.vob=01;35:*.qt=01;35:*.nuv=01;35:*.wmv=01;35:*.asf=01;35:*.rm=01;35:*.rmvb=01;35:*.flc=01;35:*.avi=01;35:*.fli=01;35:*.flv=01;35:*.gl=01;35:*.dl=01;35:*.xcf=01;35:*.xwd=01;35:*.yuv=01;35:*.cgm=01;35:*.emf=01;35:*.ogv=01;35:*.ogx=01;35:*.aac=00;36:*.au=00;36:*.flac=00;36:*.m4a=00;36:*.mid=00;36:*.midi=00;36:*.mka=00;36:*.mp3=00;36:*.mpc=00;36:*.ogg=00;36:*.ra=00;36:*.wav=00;36:*.oga=00;36:*.opus=00;36:*.spx=00;36:*.xspf=00;36:*~=00;90:*#=00;90:*.bak=00;90:*.crdownload=00;90:*.dpkg-dist=00;90:*.dpkg-new=00;90:*.dpkg-old=00;90:*.dpkg-tmp=00;90:*.old=00;90:*.orig=00;90:*.part=00;90:*.rej=00;90:*.rpmnew=00;90:*.rpmorig=00;90:*.rpmsave=00;90:*.swp=00;90:*.tmp=00;90:*.ucf-dist=00;90:*.ucf-new=00;90:*.ucf-old=00;90:', 'AMENT_PREFIX_PATH': '/home/ngt/ZENS-Final-AUVC/ros_ws/install/msgs:/home/ngt/ZENS-Final-AUVC/ros_ws/install/hardware:/home/ngt/ZENS-Final-AUVC/ros_ws/install/flashing:/home/ngt/ZENS-Final-AUVC/ros_ws/install/cv:/home/ngt/ZENS-Final-AUVC/ros_ws/install/control:/home/ngt/ZENS-Final-AUVC/ros_ws/install/bringup:/home/ngt/auvc_ws/install/tutorial_virtualenvs:/home/ngt/auvc_ws/install/tutorial_pid:/home/ngt/auvc_ws/install/tutorial_ardusub:/home/ngt/auvc_ws/install/tutorial:/home/ngt/auvc_ws/install/rosmav:/home/ngt/auvc_ws/install/example_custom_srv:/home/ngt/cv_ws/install/cv:/home/ngt/pid_ws/install/target_depth_msgs:/home/ngt/pid_ws/install/pid:/home/ngt/auv_dancing/install/tutorial:/opt/ros/jazzy', 'SHELL': '/usr/bin/zsh', 'VIRTUALENVWRAPPER_PROJECT_FILENAME': '.project', 'VIRTUALENVWRAPPER_HOOK_DIR': '/home/ngt/.virtualenvs', 'VSCODE_GIT_ASKPASS_EXTRA_ARGS': '', 'VIRTUALENVWRAPPER_SCRIPT': '/usr/share/virtualenvwrapper/virtualenvwrapper.sh', 'ROS_AUTOMATIC_DISCOVERY_RANGE': 'SUBNET', 'VIRTUAL_ENV': '/home/ngt/.virtualenvs/ardusub', 'LC_ALL': 'en_US.UTF-8', 'PWD': '/home/ngt/ZENS-Final-AUVC/ros_ws/build/hardware', 'SSH_CONNECTION': '192.168.3.1 64577 192.168.3.2 22', 'COPILOT_DEBUG_NONCE': 'ecfdf1043499788fb94714472659d404', 'ZDOTDIR': '/home/ngt', 'PYTHONPATH': '/home/ngt/ZENS-Final-AUVC/ros_ws/build/hardware/prefix_override:/usr/lib/python3/dist-packages/colcon_core/task/python/colcon_distutils_commands:/home/ngt/ZENS-Final-AUVC/ros_ws/install/hardware/lib/python3.12/site-packages:/home/ngt/ZENS-Final-AUVC/ros_ws/install/msgs/lib/python3.12/site-packages:/home/ngt/ZENS-Final-AUVC/ros_ws/install/hardware/lib/python3.12/site-packages:/home/ngt/ZENS-Final-AUVC/ros_ws/install/flashing/lib/python3.12/site-packages:/home/ngt/ZENS-Final-AUVC/ros_ws/install/cv/lib/python3.12/site-packages:/home/ngt/ZENS-Final-AUVC/ros_ws/install/control/lib/python3.12/site-packages:/home/ngt/ZENS-Final-AUVC/ros_ws/install/bringup/lib/python3.12/site-packages:/home/ngt/auvc_ws/install/tutorial_virtualenvs/lib/python3.12/site-packages:/home/ngt/auvc_ws/install/tutorial_pid/lib/python3.12/site-packages:/home/ngt/auvc_ws/install/tutorial_ardusub/lib/python3.12/site-packages:/home/ngt/auvc_ws/install/tutorial/lib/python3.12/site-packages:/home/ngt/auvc_ws/install/rosmav/lib/python3.12/site-packages:/home/ngt/auvc_ws/install/example_custom_srv/lib/python3.12/site-packages:/home/ngt/cv_ws/install/cv/lib/python3.12/site-packages:/home/ngt/pid_ws/install/target_depth_msgs/lib/python3.12/site-packages:/home/ngt/pid_ws/install/pid/lib/python3.12/site-packages:/home/ngt/auv_dancing/install/tutorial/lib/python3.12/site-packages:/opt/ros/jazzy/lib/python3.12/site-packages', 'COLCON': '1', 'CMAKE_PREFIX_PATH': '/home/ngt/ZENS-Final-AUVC/ros_ws/install/msgs:/home/ngt/auvc_ws/install/example_custom_srv:/home/ngt/pid_ws/install/target_depth_msgs:/opt/ros/jazzy/opt/gz_sim_vendor:/opt/ros/jazzy/opt/gz_sensors_vendor:/opt/ros/jazzy/opt/gz_physics_vendor:/opt/ros/jazzy/opt/sdformat_vendor:/opt/ros/jazzy/opt/gz_gui_vendor:/opt/ros/jazzy/opt/gz_transport_vendor:/opt/ros/jazzy/opt/gz_rendering_vendor:/opt/ros/jazzy/opt/gz_plugin_vendor:/opt/ros/jazzy/opt/gz_fuel_tools_vendor:/opt/ros/jazzy/opt/gz_msgs_vendor:/opt/ros/jazzy/opt/gz_common_vendor:/opt/ros/jazzy/opt/gz_math_vendor:/opt/ros/jazzy/opt/gz_utils_vendor:/opt/ros/jazzy/opt/gz_tools_vendor:/opt/ros/jazzy/opt/gz_ogre_next_vendor:/opt/ros/jazzy/opt/gz_dartsim_vendor:/opt/ros/jazzy/opt/gz_cmake_vendor'}, 'shell': False}
[109.432304] (-) TimerEvent: {}
[109.543087] (-) TimerEvent: {}
[109.652639] (-) TimerEvent: {}
[109.756552] (-) TimerEvent: {}
[109.858526] (msgs) StdoutLine: {'line': b'Built target ament_cmake_python_build_msgs_egg\n'}
[109.859649] (-) TimerEvent: {}
[109.963127] (-) TimerEvent: {}
[110.071667] (-) TimerEvent: {}
[110.178821] (-) TimerEvent: {}
[110.291737] (-) TimerEvent: {}
[110.399775] (-) TimerEvent: {}
[110.501248] (-) TimerEvent: {}
[110.606887] (-) TimerEvent: {}
[110.714740] (-) TimerEvent: {}
[110.821683] (-) TimerEvent: {}
[110.923962] (-) TimerEvent: {}
[110.937655] (msgs) StdoutLine: {'line': b'Built target msgs__cpp\n'}
[111.026733] (-) TimerEvent: {}
[111.134581] (-) TimerEvent: {}
[111.246006] (-) TimerEvent: {}
[111.355717] (-) TimerEvent: {}
[111.463647] (-) TimerEvent: {}
[111.577079] (-) TimerEvent: {}
[111.681675] (-) TimerEvent: {}
[111.790327] (-) TimerEvent: {}
[111.899643] (-) TimerEvent: {}
[112.003072] (-) TimerEvent: {}
[112.116622] (-) TimerEvent: {}
[112.221684] (-) TimerEvent: {}
[112.329709] (-) TimerEvent: {}
[112.438679] (-) TimerEvent: {}
[112.544710] (-) TimerEvent: {}
[112.653685] (-) TimerEvent: {}
[112.759762] (-) TimerEvent: {}
[112.873101] (-) TimerEvent: {}
[112.985629] (-) TimerEvent: {}
[113.056139] (msgs) StdoutLine: {'line': b'Built target msgs__rosidl_generator_c\n'}
[113.098624] (-) TimerEvent: {}
[113.202664] (-) TimerEvent: {}
[113.318565] (-) TimerEvent: {}
[113.420227] (-) TimerEvent: {}
[113.526966] (-) TimerEvent: {}
[113.637891] (-) TimerEvent: {}
[113.741507] (-) TimerEvent: {}
[113.852058] (-) TimerEvent: {}
[113.957098] (-) TimerEvent: {}
[113.986574] (msgs) StdoutLine: {'line': b'Built target msgs__rosidl_typesupport_fastrtps_c\n'}
[114.061530] (-) TimerEvent: {}
[114.164260] (-) TimerEvent: {}
[114.272634] (-) TimerEvent: {}
[114.373475] (-) TimerEvent: {}
[114.480606] (-) TimerEvent: {}
[114.585541] (-) TimerEvent: {}
[114.672827] (msgs) StdoutLine: {'line': b'Built target msgs__rosidl_typesupport_c\n'}
[114.696640] (-) TimerEvent: {}
[114.797825] (-) TimerEvent: {}
[114.916120] (-) TimerEvent: {}
[115.002864] (msgs) StdoutLine: {'line': b'Built target msgs__rosidl_typesupport_introspection_cpp\n'}
[115.019630] (-) TimerEvent: {}
[115.125620] (-) TimerEvent: {}
[115.227658] (-) TimerEvent: {}
[115.332593] (-) TimerEvent: {}
[115.436117] (-) TimerEvent: {}
[115.543036] (-) TimerEvent: {}
[115.647169] (-) TimerEvent: {}
[115.663312] (msgs) StdoutLine: {'line': b'Built target msgs__rosidl_typesupport_cpp\n'}
[115.752089] (-) TimerEvent: {}
[115.858644] (-) TimerEvent: {}
[115.961529] (-) TimerEvent: {}
[116.019077] (msgs) StdoutLine: {'line': b'Built target msgs__rosidl_typesupport_introspection_c\n'}
[116.065040] (-) TimerEvent: {}
[116.171033] (-) TimerEvent: {}
[116.284554] (-) TimerEvent: {}
[116.385428] (-) TimerEvent: {}
[116.495958] (-) TimerEvent: {}
[116.602718] (-) TimerEvent: {}
[116.706718] (-) TimerEvent: {}
[116.762963] (msgs) StdoutLine: {'line': b'Built target msgs__rosidl_typesupport_fastrtps_cpp\n'}
[116.811000] (-) TimerEvent: {}
[116.913566] (-) TimerEvent: {}
[117.015110] (-) TimerEvent: {}
[117.121223] (-) TimerEvent: {}
[117.174566] (msgs) StdoutLine: {'line': b'Built target msgs\n'}
[117.226544] (-) TimerEvent: {}
[117.333532] (-) TimerEvent: {}
[117.436535] (-) TimerEvent: {}
[117.538544] (-) TimerEvent: {}
[117.648532] (-) TimerEvent: {}
[117.754620] (-) TimerEvent: {}
[117.855919] (-) TimerEvent: {}
[117.959579] (-) TimerEvent: {}
[118.041204] (msgs) StdoutLine: {'line': b'Built target msgs__py\n'}
[118.067021] (-) TimerEvent: {}
[118.171848] (-) TimerEvent: {}
[118.276560] (-) TimerEvent: {}
[118.380812] (-) TimerEvent: {}
[118.485624] (-) TimerEvent: {}
[118.529105] (msgs) StdoutLine: {'line': b'Built target msgs__rosidl_generator_py\n'}
[118.592512] (-) TimerEvent: {}
[118.694836] (-) TimerEvent: {}
[118.798574] (-) TimerEvent: {}
[118.901785] (-) TimerEvent: {}
[119.010563] (-) TimerEvent: {}
[119.111521] (-) TimerEvent: {}
[119.215856] (msgs) StdoutLine: {'line': b'Built target msgs_s__rosidl_typesupport_fastrtps_c\n'}
[119.217027] (-) TimerEvent: {}
[119.324954] (-) TimerEvent: {}
[119.434573] (-) TimerEvent: {}
[119.537534] (-) TimerEvent: {}
[119.644073] (-) TimerEvent: {}
[119.747619] (-) TimerEvent: {}
[119.857594] (-) TimerEvent: {}
[119.962524] (-) TimerEvent: {}
[120.065656] (-) TimerEvent: {}
[120.078278] (msgs) StdoutLine: {'line': b'Built target msgs_s__rosidl_typesupport_c\n'}
[120.168591] (-) TimerEvent: {}
[120.273752] (-) TimerEvent: {}
[120.377029] (-) TimerEvent: {}
[120.485635] (-) TimerEvent: {}
[120.590484] (-) TimerEvent: {}
[120.697539] (-) TimerEvent: {}
[120.798366] (-) TimerEvent: {}
[120.860498] (msgs) StdoutLine: {'line': b'Built target msgs_s__rosidl_typesupport_introspection_c\n'}
[120.898710] (-) TimerEvent: {}
[121.010629] (-) TimerEvent: {}
[121.111555] (-) TimerEvent: {}
[121.216705] (-) TimerEvent: {}
[121.248742] (msgs) CommandEnded: {'returncode': 0}
[121.254522] (msgs) JobProgress: {'identifier': 'msgs', 'progress': 'install'}
[121.322541] (-) TimerEvent: {}
[121.328734] (hardware) StdoutLine: {'line': b'running egg_info\n'}
[121.423107] (msgs) Command: {'cmd': ['/usr/bin/cmake', '--install', '/home/ngt/ZENS-Final-AUVC/ros_ws/build/msgs'], 'cwd': '/home/ngt/ZENS-Final-AUVC/ros_ws/build/msgs', 'env': OrderedDict({'PYTHON_BASIC_REPL': '1', 'VIRTUALENVWRAPPER_WORKON_CD': '1', 'USER': 'ngt', 'SSH_CLIENT': '192.168.3.1 64577 22', 'WORKON_HOME': '/home/ngt/.virtualenvs', 'GZ_SIM_RESOURCE_PATH': '/opt/ros/jazzy/share', 'GZ_CONFIG_PATH': '/opt/ros/jazzy/opt/gz_sim_vendor/share/gz:/opt/ros/jazzy/opt/sdformat_vendor/share/gz:/opt/ros/jazzy/opt/gz_gui_vendor/share/gz:/opt/ros/jazzy/opt/gz_transport_vendor/share/gz:/opt/ros/jazzy/opt/gz_rendering_vendor/share/gz:/opt/ros/jazzy/opt/gz_plugin_vendor/share/gz:/opt/ros/jazzy/opt/gz_fuel_tools_vendor/share/gz:/opt/ros/jazzy/opt/gz_msgs_vendor/share/gz:/opt/ros/jazzy/opt/gz_common_vendor/share/gz', 'XDG_SESSION_TYPE': 'tty', 'GIT_ASKPASS': '/home/ngt/.vscode-server/cli/servers/Stable-e4c7e7b1d6d060162f4aa7f8225271b67ce1df75/server/extensions/git/dist/askpass.sh', 'SHLVL': '1', 'BROWSER': '/home/ngt/.vscode-server/cli/servers/Stable-e4c7e7b1d6d060162f4aa7f8225271b67ce1df75/server/bin/helpers/browser.sh', 'LD_LIBRARY_PATH': '/home/ngt/ZENS-Final-AUVC/ros_ws/install/msgs/lib:/home/ngt/auvc_ws/install/example_custom_srv/lib:/home/ngt/pid_ws/install/target_depth_msgs/lib:/opt/ros/jazzy/opt/gz_sim_vendor/lib:/opt/ros/jazzy/opt/gz_sensors_vendor/lib:/opt/ros/jazzy/opt/gz_physics_vendor/lib:/opt/ros/jazzy/opt/sdformat_vendor/lib:/opt/ros/jazzy/opt/rviz_ogre_vendor/lib:/opt/ros/jazzy/lib/aarch64-linux-gnu:/opt/ros/jazzy/opt/gz_gui_vendor/lib:/opt/ros/jazzy/opt/gz_transport_vendor/lib:/opt/ros/jazzy/opt/gz_rendering_vendor/lib:/opt/ros/jazzy/opt/gz_plugin_vendor/lib:/opt/ros/jazzy/opt/gz_fuel_tools_vendor/lib:/opt/ros/jazzy/opt/gz_msgs_vendor/lib:/opt/ros/jazzy/opt/gz_common_vendor/lib:/opt/ros/jazzy/opt/gz_math_vendor/lib:/opt/ros/jazzy/opt/gz_utils_vendor/lib:/opt/ros/jazzy/opt/gz_tools_vendor/lib:/opt/ros/jazzy/opt/gz_ogre_next_vendor/lib:/opt/ros/jazzy/opt/gz_dartsim_vendor/lib:/opt/ros/jazzy/opt/gz_cmake_vendor/lib:/opt/ros/jazzy/lib', 'GZ_TRANSPORT_ID': '192.168.3.1', 'HOME': '/home/ngt', 'OLDPWD': '/home/ngt/ZENS-Final-AUVC', 'LESS': '-R', 'VIRTUALENVWRAPPER_PYTHON': '/usr/bin/python3', 'TERM_PROGRAM_VERSION': '1.131.0', 'VSCODE_IPC_HOOK_CLI': '/run/user/1004/vscode-ipc-f2a46726-367b-4b2d-ace9-69290944b12b.sock', 'ZSH': '/home/ngt/.oh-my-zsh', 'LSCOLORS': 'Gxfxcxdxbxegedabagacad', 'GZ_TRANSPORT_PUB_PORT': '11345', 'VSCODE_GIT_ASKPASS_MAIN': '/home/ngt/.vscode-server/cli/servers/Stable-e4c7e7b1d6d060162f4aa7f8225271b67ce1df75/server/extensions/git/dist/askpass-main.js', 'PAGER': 'less', 'ROS_PYTHON_VERSION': '3', 'PS1': '(ardusub) %(?:%{\x1b[01;32m%}%1{➜%} :%{\x1b[01;31m%}%1{➜%} ) %{\x1b[36m%}%c%{\x1b[00m%} $(git_prompt_info)', 'VSCODE_GIT_ASKPASS_NODE': '/home/ngt/.vscode-server/cli/servers/Stable-e4c7e7b1d6d060162f4aa7f8225271b67ce1df75/server/node', 'DBUS_SESSION_BUS_ADDRESS': 'unix:path=/run/user/1004/bus', 'PYDEVD_DISABLE_FILE_VALIDATION': '1', 'BUNDLED_DEBUGPY_PATH': '/home/ngt/.vscode-server/extensions/ms-python.debugpy-2026.6.0-linux-arm64/bundled/libs/debugpy', 'GZ_TRANSPORT_SUB_PORT': '11346', 'VSCODE_PYTHON_AUTOACTIVATE_GUARD': '1', 'COLORTERM': 'truecolor', 'ROS_DISTRO': 'jazzy', 'COLCON_PREFIX_PATH': '/home/ngt/ZENS-Final-AUVC/ros_ws/install:/home/ngt/auvc_ws/install:/home/ngt/cv_ws/install:/home/ngt/pid_ws/install:/home/ngt/auv_dancing/install', 'LOGNAME': 'ngt', '_': '/usr/bin/colcon', 'XDG_SESSION_CLASS': 'user', 'USER_ZDOTDIR': '/home/ngt', 'ROS_VERSION': '2', 'XDG_SESSION_ID': '1', 'TERM': 'xterm-256color', 'PATH': '/home/ngt/.virtualenvs/ardusub/bin:/home/ngt/.opencode/bin:/opt/ros/jazzy/opt/gz_msgs_vendor/bin:/opt/ros/jazzy/opt/gz_tools_vendor/bin:/opt/ros/jazzy/opt/gz_ogre_next_vendor/bin:/opt/ros/jazzy/bin:/usr/lib/ccache:/home/ngt/.vscode-server/data/User/globalStorage/github.copilot-chat/debugCommand:/home/ngt/.vscode-server/data/User/globalStorage/github.copilot-chat/copilotCli:/home/ngt/.vscode-server/cli/servers/Stable-e4c7e7b1d6d060162f4aa7f8225271b67ce1df75/server/bin/remote-cli:/usr/local/sbin:/usr/local/bin:/usr/sbin:/usr/bin:/sbin:/bin:/usr/games:/usr/local/games:/snap/bin:/home/ngt/.vscode-server/extensions/ms-python.debugpy-2026.6.0-linux-arm64/bundled/scripts/noConfigScripts:/home/ngt/.local/bin:/home/ngt/ardupilot/Tools/autotest', 'XDG_RUNTIME_DIR': '/run/user/1004', 'GZ_PARTITION': 'my_sim', 'LANG': 'en_US.UTF-8', 'VSCODE_DEBUGPY_ADAPTER_ENDPOINTS': '/home/ngt/.vscode-server/extensions/ms-python.debugpy-2026.6.0-linux-arm64/.noConfigDebugAdapterEndpoints/endpoint-c18b4b5d63521f01.txt', 'PYTHONSTARTUP': '/home/ngt/.vscode-server/data/User/workspaceStorage/ebe247280dad30c76e3d7235d970e14f/ms-python.python/pythonrc.py', 'VSCODE_INJECTION': '1', 'VIRTUAL_ENV_PROMPT': 'ardusub', 'TERM_PROGRAM': 'vscode', 'VSCODE_GIT_IPC_HANDLE': '/run/user/1004/vscode-git-75828e3940.sock', 'LS_COLORS': 'rs=0:di=01;34:ln=01;36:mh=00:pi=40;33:so=01;35:do=01;35:bd=40;33;01:cd=40;33;01:or=40;31;01:mi=00:su=37;41:sg=30;43:ca=00:tw=30;42:ow=34;42:st=37;44:ex=01;32:*.tar=01;31:*.tgz=01;31:*.arc=01;31:*.arj=01;31:*.taz=01;31:*.lha=01;31:*.lz4=01;31:*.lzh=01;31:*.lzma=01;31:*.tlz=01;31:*.txz=01;31:*.tzo=01;31:*.t7z=01;31:*.zip=01;31:*.z=01;31:*.dz=01;31:*.gz=01;31:*.lrz=01;31:*.lz=01;31:*.lzo=01;31:*.xz=01;31:*.zst=01;31:*.tzst=01;31:*.bz2=01;31:*.bz=01;31:*.tbz=01;31:*.tbz2=01;31:*.tz=01;31:*.deb=01;31:*.rpm=01;31:*.jar=01;31:*.war=01;31:*.ear=01;31:*.sar=01;31:*.rar=01;31:*.alz=01;31:*.ace=01;31:*.zoo=01;31:*.cpio=01;31:*.7z=01;31:*.rz=01;31:*.cab=01;31:*.wim=01;31:*.swm=01;31:*.dwm=01;31:*.esd=01;31:*.avif=01;35:*.jpg=01;35:*.jpeg=01;35:*.mjpg=01;35:*.mjpeg=01;35:*.gif=01;35:*.bmp=01;35:*.pbm=01;35:*.pgm=01;35:*.ppm=01;35:*.tga=01;35:*.xbm=01;35:*.xpm=01;35:*.tif=01;35:*.tiff=01;35:*.png=01;35:*.svg=01;35:*.svgz=01;35:*.mng=01;35:*.pcx=01;35:*.mov=01;35:*.mpg=01;35:*.mpeg=01;35:*.m2v=01;35:*.mkv=01;35:*.webm=01;35:*.webp=01;35:*.ogm=01;35:*.mp4=01;35:*.m4v=01;35:*.mp4v=01;35:*.vob=01;35:*.qt=01;35:*.nuv=01;35:*.wmv=01;35:*.asf=01;35:*.rm=01;35:*.rmvb=01;35:*.flc=01;35:*.avi=01;35:*.fli=01;35:*.flv=01;35:*.gl=01;35:*.dl=01;35:*.xcf=01;35:*.xwd=01;35:*.yuv=01;35:*.cgm=01;35:*.emf=01;35:*.ogv=01;35:*.ogx=01;35:*.aac=00;36:*.au=00;36:*.flac=00;36:*.m4a=00;36:*.mid=00;36:*.midi=00;36:*.mka=00;36:*.mp3=00;36:*.mpc=00;36:*.ogg=00;36:*.ra=00;36:*.wav=00;36:*.oga=00;36:*.opus=00;36:*.spx=00;36:*.xspf=00;36:*~=00;90:*#=00;90:*.bak=00;90:*.crdownload=00;90:*.dpkg-dist=00;90:*.dpkg-new=00;90:*.dpkg-old=00;90:*.dpkg-tmp=00;90:*.old=00;90:*.orig=00;90:*.part=00;90:*.rej=00;90:*.rpmnew=00;90:*.rpmorig=00;90:*.rpmsave=00;90:*.swp=00;90:*.tmp=00;90:*.ucf-dist=00;90:*.ucf-new=00;90:*.ucf-old=00;90:', 'AMENT_PREFIX_PATH': '/home/ngt/ZENS-Final-AUVC/ros_ws/install/msgs:/home/ngt/ZENS-Final-AUVC/ros_ws/install/hardware:/home/ngt/ZENS-Final-AUVC/ros_ws/install/flashing:/home/ngt/ZENS-Final-AUVC/ros_ws/install/cv:/home/ngt/ZENS-Final-AUVC/ros_ws/install/control:/home/ngt/ZENS-Final-AUVC/ros_ws/install/bringup:/home/ngt/auvc_ws/install/tutorial_virtualenvs:/home/ngt/auvc_ws/install/tutorial_pid:/home/ngt/auvc_ws/install/tutorial_ardusub:/home/ngt/auvc_ws/install/tutorial:/home/ngt/auvc_ws/install/rosmav:/home/ngt/auvc_ws/install/example_custom_srv:/home/ngt/cv_ws/install/cv:/home/ngt/pid_ws/install/target_depth_msgs:/home/ngt/pid_ws/install/pid:/home/ngt/auv_dancing/install/tutorial:/opt/ros/jazzy', 'SHELL': '/usr/bin/zsh', 'VIRTUALENVWRAPPER_PROJECT_FILENAME': '.project', 'VIRTUALENVWRAPPER_HOOK_DIR': '/home/ngt/.virtualenvs', 'VSCODE_GIT_ASKPASS_EXTRA_ARGS': '', 'VIRTUALENVWRAPPER_SCRIPT': '/usr/share/virtualenvwrapper/virtualenvwrapper.sh', 'ROS_AUTOMATIC_DISCOVERY_RANGE': 'SUBNET', 'VIRTUAL_ENV': '/home/ngt/.virtualenvs/ardusub', 'LC_ALL': 'en_US.UTF-8', 'PWD': '/home/ngt/ZENS-Final-AUVC/ros_ws/build/msgs', 'SSH_CONNECTION': '192.168.3.1 64577 192.168.3.2 22', 'COPILOT_DEBUG_NONCE': 'ecfdf1043499788fb94714472659d404', 'ZDOTDIR': '/home/ngt', 'PYTHONPATH': '/home/ngt/ZENS-Final-AUVC/ros_ws/install/msgs/lib/python3.12/site-packages:/home/ngt/ZENS-Final-AUVC/ros_ws/install/hardware/lib/python3.12/site-packages:/home/ngt/ZENS-Final-AUVC/ros_ws/install/flashing/lib/python3.12/site-packages:/home/ngt/ZENS-Final-AUVC/ros_ws/install/cv/lib/python3.12/site-packages:/home/ngt/ZENS-Final-AUVC/ros_ws/install/control/lib/python3.12/site-packages:/home/ngt/ZENS-Final-AUVC/ros_ws/install/bringup/lib/python3.12/site-packages:/home/ngt/auvc_ws/install/tutorial_virtualenvs/lib/python3.12/site-packages:/home/ngt/auvc_ws/install/tutorial_pid/lib/python3.12/site-packages:/home/ngt/auvc_ws/install/tutorial_ardusub/lib/python3.12/site-packages:/home/ngt/auvc_ws/install/tutorial/lib/python3.12/site-packages:/home/ngt/auvc_ws/install/rosmav/lib/python3.12/site-packages:/home/ngt/auvc_ws/install/example_custom_srv/lib/python3.12/site-packages:/home/ngt/cv_ws/install/cv/lib/python3.12/site-packages:/home/ngt/pid_ws/install/target_depth_msgs/lib/python3.12/site-packages:/home/ngt/pid_ws/install/pid/lib/python3.12/site-packages:/home/ngt/auv_dancing/install/tutorial/lib/python3.12/site-packages:/opt/ros/jazzy/lib/python3.12/site-packages', 'COLCON': '1', 'CMAKE_PREFIX_PATH': '/home/ngt/ZENS-Final-AUVC/ros_ws/install/msgs:/home/ngt/auvc_ws/install/example_custom_srv:/home/ngt/pid_ws/install/target_depth_msgs:/opt/ros/jazzy/opt/gz_sim_vendor:/opt/ros/jazzy/opt/gz_sensors_vendor:/opt/ros/jazzy/opt/gz_physics_vendor:/opt/ros/jazzy/opt/sdformat_vendor:/opt/ros/jazzy/opt/gz_gui_vendor:/opt/ros/jazzy/opt/gz_transport_vendor:/opt/ros/jazzy/opt/gz_rendering_vendor:/opt/ros/jazzy/opt/gz_plugin_vendor:/opt/ros/jazzy/opt/gz_fuel_tools_vendor:/opt/ros/jazzy/opt/gz_msgs_vendor:/opt/ros/jazzy/opt/gz_common_vendor:/opt/ros/jazzy/opt/gz_math_vendor:/opt/ros/jazzy/opt/gz_utils_vendor:/opt/ros/jazzy/opt/gz_tools_vendor:/opt/ros/jazzy/opt/gz_ogre_next_vendor:/opt/ros/jazzy/opt/gz_dartsim_vendor:/opt/ros/jazzy/opt/gz_cmake_vendor:/home/ngt/ZENS-Final-AUVC/ros_ws/install/hardware:/home/ngt/ZENS-Final-AUVC/ros_ws/install/flashing:/home/ngt/ZENS-Final-AUVC/ros_ws/install/cv:/home/ngt/ZENS-Final-AUVC/ros_ws/install/control:/home/ngt/ZENS-Final-AUVC/ros_ws/install/bringup:/home/ngt/auvc_ws/install/tutorial_virtualenvs:/home/ngt/auvc_ws/install/tutorial_pid:/home/ngt/auvc_ws/install/tutorial_ardusub:/home/ngt/auvc_ws/install/tutorial:/home/ngt/auvc_ws/install/rosmav:/home/ngt/cv_ws/install/cv:/home/ngt/pid_ws/install/pid:/home/ngt/auv_dancing/install/tutorial:/opt/ros/jazzy'}), 'shell': False}
[121.425354] (-) TimerEvent: {}
[121.533652] (-) TimerEvent: {}
[121.638664] (-) TimerEvent: {}
[121.670546] (msgs) StdoutLine: {'line': b'-- Install configuration: ""\n'}
[121.689981] (msgs) StdoutLine: {'line': b'-- Up-to-date: /home/ngt/ZENS-Final-AUVC/ros_ws/install/msgs/share/ament_index/resource_index/rosidl_interfaces/msgs\n'}
[121.690891] (msgs) StdoutLine: {'line': b'-- Up-to-date: /home/ngt/ZENS-Final-AUVC/ros_ws/install/msgs/share/msgs/msg/TargetDepth.json\n'}
[121.691450] (msgs) StdoutLine: {'line': b'-- Up-to-date: /home/ngt/ZENS-Final-AUVC/ros_ws/install/msgs/include/msgs/msgs\n'}
[121.692061] (msgs) StdoutLine: {'line': b'-- Up-to-date: /home/ngt/ZENS-Final-AUVC/ros_ws/install/msgs/include/msgs/msgs/msg\n'}
[121.698961] (msgs) StdoutLine: {'line': b'-- Up-to-date: /home/ngt/ZENS-Final-AUVC/ros_ws/install/msgs/include/msgs/msgs/msg/detail\n'}
[121.699850] (msgs) StdoutLine: {'line': b'-- Up-to-date: /home/ngt/ZENS-Final-AUVC/ros_ws/install/msgs/include/msgs/msgs/msg/detail/target_depth__struct.h\n'}
[121.702368] (msgs) StdoutLine: {'line': b'-- Installing: /home/ngt/ZENS-Final-AUVC/ros_ws/install/msgs/include/msgs/msgs/msg/detail/target_depth__type_support.c\n'}
[121.704416] (msgs) StdoutLine: {'line': b'-- Up-to-date: /home/ngt/ZENS-Final-AUVC/ros_ws/install/msgs/include/msgs/msgs/msg/detail/target_depth__functions.c\n'}
[121.705153] (msgs) StdoutLine: {'line': b'-- Up-to-date: /home/ngt/ZENS-Final-AUVC/ros_ws/install/msgs/include/msgs/msgs/msg/detail/target_depth__functions.h\n'}
[121.705975] (msgs) StdoutLine: {'line': b'-- Up-to-date: /home/ngt/ZENS-Final-AUVC/ros_ws/install/msgs/include/msgs/msgs/msg/detail/target_depth__description.c\n'}
[121.714171] (msgs) StdoutLine: {'line': b'-- Up-to-date: /home/ngt/ZENS-Final-AUVC/ros_ws/install/msgs/include/msgs/msgs/msg/detail/target_depth__type_support.h\n'}
[121.714921] (msgs) StdoutLine: {'line': b'-- Up-to-date: /home/ngt/ZENS-Final-AUVC/ros_ws/install/msgs/include/msgs/msgs/msg/target_depth.h\n'}
[121.715625] (msgs) StdoutLine: {'line': b'-- Up-to-date: /home/ngt/ZENS-Final-AUVC/ros_ws/install/msgs/include/msgs/msgs/msg/rosidl_generator_c__visibility_control.h\n'}
[121.716238] (msgs) StdoutLine: {'line': b'-- Up-to-date: /home/ngt/ZENS-Final-AUVC/ros_ws/install/msgs/share/msgs/environment/library_path.sh\n'}
[121.726216] (msgs) StdoutLine: {'line': b'-- Up-to-date: /home/ngt/ZENS-Final-AUVC/ros_ws/install/msgs/share/msgs/environment/library_path.dsv\n'}
[121.726902] (msgs) StdoutLine: {'line': b'-- Up-to-date: /home/ngt/ZENS-Final-AUVC/ros_ws/install/msgs/lib/libmsgs__rosidl_generator_c.so\n'}
[121.727514] (msgs) StdoutLine: {'line': b'-- Up-to-date: /home/ngt/ZENS-Final-AUVC/ros_ws/install/msgs/include/msgs/msgs\n'}
[121.728320] (msgs) StdoutLine: {'line': b'-- Up-to-date: /home/ngt/ZENS-Final-AUVC/ros_ws/install/msgs/include/msgs/msgs/msg\n'}
[121.738469] (msgs) StdoutLine: {'line': b'-- Up-to-date: /home/ngt/ZENS-Final-AUVC/ros_ws/install/msgs/include/msgs/msgs/msg/rosidl_typesupport_fastrtps_c__visibility_control.h\n'}
[121.739144] (-) TimerEvent: {}
[121.747133] (msgs) StdoutLine: {'line': b'-- Up-to-date: /home/ngt/ZENS-Final-AUVC/ros_ws/install/msgs/include/msgs/msgs/msg/detail\n'}
[121.748275] (msgs) StdoutLine: {'line': b'-- Up-to-date: /home/ngt/ZENS-Final-AUVC/ros_ws/install/msgs/include/msgs/msgs/msg/detail/target_depth__rosidl_typesupport_fastrtps_c.h\n'}
[121.754716] (msgs) StdoutLine: {'line': b'-- Up-to-date: /home/ngt/ZENS-Final-AUVC/ros_ws/install/msgs/lib/libmsgs__rosidl_typesupport_fastrtps_c.so\n'}
[121.755983] (msgs) StdoutLine: {'line': b'-- Up-to-date: /home/ngt/ZENS-Final-AUVC/ros_ws/install/msgs/include/msgs/msgs\n'}
[121.756862] (msgs) StdoutLine: {'line': b'-- Up-to-date: /home/ngt/ZENS-Final-AUVC/ros_ws/install/msgs/include/msgs/msgs/msg\n'}
[121.766424] (msgs) StdoutLine: {'line': b'-- Up-to-date: /home/ngt/ZENS-Final-AUVC/ros_ws/install/msgs/include/msgs/msgs/msg/rosidl_generator_cpp__visibility_control.hpp\n'}
[121.771975] (msgs) StdoutLine: {'line': b'-- Up-to-date: /home/ngt/ZENS-Final-AUVC/ros_ws/install/msgs/include/msgs/msgs/msg/detail\n'}
[121.774337] (msgs) StdoutLine: {'line': b'-- Up-to-date: /home/ngt/ZENS-Final-AUVC/ros_ws/install/msgs/include/msgs/msgs/msg/detail/target_depth__traits.hpp\n'}
[121.777223] (msgs) StdoutLine: {'line': b'-- Up-to-date: /home/ngt/ZENS-Final-AUVC/ros_ws/install/msgs/include/msgs/msgs/msg/detail/target_depth__type_support.hpp\n'}
[121.777945] (msgs) StdoutLine: {'line': b'-- Up-to-date: /home/ngt/ZENS-Final-AUVC/ros_ws/install/msgs/include/msgs/msgs/msg/detail/target_depth__builder.hpp\n'}
[121.778697] (msgs) StdoutLine: {'line': b'-- Up-to-date: /home/ngt/ZENS-Final-AUVC/ros_ws/install/msgs/include/msgs/msgs/msg/detail/target_depth__struct.hpp\n'}
[121.779261] (msgs) StdoutLine: {'line': b'-- Up-to-date: /home/ngt/ZENS-Final-AUVC/ros_ws/install/msgs/include/msgs/msgs/msg/target_depth.hpp\n'}
[121.793026] (msgs) StdoutLine: {'line': b'-- Up-to-date: /home/ngt/ZENS-Final-AUVC/ros_ws/install/msgs/include/msgs/msgs\n'}
[121.793765] (msgs) StdoutLine: {'line': b'-- Up-to-date: /home/ngt/ZENS-Final-AUVC/ros_ws/install/msgs/include/msgs/msgs/msg\n'}
[121.794370] (msgs) StdoutLine: {'line': b'-- Up-to-date: /home/ngt/ZENS-Final-AUVC/ros_ws/install/msgs/include/msgs/msgs/msg/rosidl_typesupport_fastrtps_cpp__visibility_control.h\n'}
[121.800576] (msgs) StdoutLine: {'line': b'-- Up-to-date: /home/ngt/ZENS-Final-AUVC/ros_ws/install/msgs/include/msgs/msgs/msg/detail\n'}
[121.801186] (msgs) StdoutLine: {'line': b'-- Up-to-date: /home/ngt/ZENS-Final-AUVC/ros_ws/install/msgs/include/msgs/msgs/msg/detail/dds_fastrtps\n'}
[121.801802] (msgs) StdoutLine: {'line': b'-- Up-to-date: /home/ngt/ZENS-Final-AUVC/ros_ws/install/msgs/include/msgs/msgs/msg/detail/target_depth__rosidl_typesupport_fastrtps_cpp.hpp\n'}
[121.802311] (msgs) StdoutLine: {'line': b'-- Up-to-date: /home/ngt/ZENS-Final-AUVC/ros_ws/install/msgs/lib/libmsgs__rosidl_typesupport_fastrtps_cpp.so\n'}
[121.810630] (msgs) StdoutLine: {'line': b'-- Up-to-date: /home/ngt/ZENS-Final-AUVC/ros_ws/install/msgs/include/msgs/msgs\n'}
[121.811254] (msgs) StdoutLine: {'line': b'-- Up-to-date: /home/ngt/ZENS-Final-AUVC/ros_ws/install/msgs/include/msgs/msgs/msg\n'}
[121.811936] (msgs) StdoutLine: {'line': b'-- Up-to-date: /home/ngt/ZENS-Final-AUVC/ros_ws/install/msgs/include/msgs/msgs/msg/rosidl_typesupport_introspection_c__visibility_control.h\n'}
[121.820483] (msgs) StdoutLine: {'line': b'-- Up-to-date: /home/ngt/ZENS-Final-AUVC/ros_ws/install/msgs/include/msgs/msgs/msg/detail\n'}
[121.821191] (msgs) StdoutLine: {'line': b'-- Installing: /home/ngt/ZENS-Final-AUVC/ros_ws/install/msgs/include/msgs/msgs/msg/detail/target_depth__type_support.c\n'}
[121.821837] (msgs) StdoutLine: {'line': b'-- Up-to-date: /home/ngt/ZENS-Final-AUVC/ros_ws/install/msgs/include/msgs/msgs/msg/detail/target_depth__rosidl_typesupport_introspection_c.h\n'}
[121.829140] (msgs) StdoutLine: {'line': b'-- Up-to-date: /home/ngt/ZENS-Final-AUVC/ros_ws/install/msgs/lib/libmsgs__rosidl_typesupport_introspection_c.so\n'}
[121.830576] (msgs) StdoutLine: {'line': b'-- Up-to-date: /home/ngt/ZENS-Final-AUVC/ros_ws/install/msgs/lib/libmsgs__rosidl_typesupport_c.so\n'}
[121.843092] (-) TimerEvent: {}
[121.843723] (msgs) StdoutLine: {'line': b'-- Up-to-date: /home/ngt/ZENS-Final-AUVC/ros_ws/install/msgs/include/msgs/msgs\n'}
[121.849363] (msgs) StdoutLine: {'line': b'-- Up-to-date: /home/ngt/ZENS-Final-AUVC/ros_ws/install/msgs/include/msgs/msgs/msg\n'}
[121.850164] (msgs) StdoutLine: {'line': b'-- Up-to-date: /home/ngt/ZENS-Final-AUVC/ros_ws/install/msgs/include/msgs/msgs/msg/detail\n'}
[121.859793] (msgs) StdoutLine: {'line': b'-- Up-to-date: /home/ngt/ZENS-Final-AUVC/ros_ws/install/msgs/include/msgs/msgs/msg/detail/target_depth__rosidl_typesupport_introspection_cpp.hpp\n'}
[121.861544] (msgs) StdoutLine: {'line': b'-- Up-to-date: /home/ngt/ZENS-Final-AUVC/ros_ws/install/msgs/include/msgs/msgs/msg/detail/target_depth__type_support.cpp\n'}
[121.862187] (msgs) StdoutLine: {'line': b'-- Up-to-date: /home/ngt/ZENS-Final-AUVC/ros_ws/install/msgs/lib/libmsgs__rosidl_typesupport_introspection_cpp.so\n'}
[121.862926] (msgs) StdoutLine: {'line': b'-- Up-to-date: /home/ngt/ZENS-Final-AUVC/ros_ws/install/msgs/lib/libmsgs__rosidl_typesupport_cpp.so\n'}
[121.870574] (msgs) StdoutLine: {'line': b'-- Up-to-date: /home/ngt/ZENS-Final-AUVC/ros_ws/install/msgs/share/msgs/environment/pythonpath.sh\n'}
[121.871332] (msgs) StdoutLine: {'line': b'-- Up-to-date: /home/ngt/ZENS-Final-AUVC/ros_ws/install/msgs/share/msgs/environment/pythonpath.dsv\n'}
[121.872100] (msgs) StdoutLine: {'line': b'-- Up-to-date: /home/ngt/ZENS-Final-AUVC/ros_ws/install/msgs/lib/python3.12/site-packages/msgs-0.0.0-py3.12.egg-info\n'}
[121.881249] (msgs) StdoutLine: {'line': b'-- Up-to-date: /home/ngt/ZENS-Final-AUVC/ros_ws/install/msgs/lib/python3.12/site-packages/msgs-0.0.0-py3.12.egg-info/SOURCES.txt\n'}
[121.881968] (msgs) StdoutLine: {'line': b'-- Up-to-date: /home/ngt/ZENS-Final-AUVC/ros_ws/install/msgs/lib/python3.12/site-packages/msgs-0.0.0-py3.12.egg-info/top_level.txt\n'}
[121.882631] (msgs) StdoutLine: {'line': b'-- Up-to-date: /home/ngt/ZENS-Final-AUVC/ros_ws/install/msgs/lib/python3.12/site-packages/msgs-0.0.0-py3.12.egg-info/dependency_links.txt\n'}
[121.893552] (msgs) StdoutLine: {'line': b'-- Up-to-date: /home/ngt/ZENS-Final-AUVC/ros_ws/install/msgs/lib/python3.12/site-packages/msgs-0.0.0-py3.12.egg-info/PKG-INFO\n'}
[121.894479] (msgs) StdoutLine: {'line': b'-- Up-to-date: /home/ngt/ZENS-Final-AUVC/ros_ws/install/msgs/lib/python3.12/site-packages/msgs\n'}
[121.895268] (msgs) StdoutLine: {'line': b'-- Up-to-date: /home/ngt/ZENS-Final-AUVC/ros_ws/install/msgs/lib/python3.12/site-packages/msgs/msgs_s__rosidl_typesupport_fastrtps_c.so\n'}
[121.900245] (msgs) StdoutLine: {'line': b'-- Up-to-date: /home/ngt/ZENS-Final-AUVC/ros_ws/install/msgs/lib/python3.12/site-packages/msgs/msgs_s__rosidl_typesupport_c.so\n'}
[121.901564] (msgs) StdoutLine: {'line': b'-- Up-to-date: /home/ngt/ZENS-Final-AUVC/ros_ws/install/msgs/lib/python3.12/site-packages/msgs/msg\n'}
[121.909036] (msgs) StdoutLine: {'line': b'-- Up-to-date: /home/ngt/ZENS-Final-AUVC/ros_ws/install/msgs/lib/python3.12/site-packages/msgs/msg/_target_depth.py\n'}
[121.909686] (msgs) StdoutLine: {'line': b'-- Up-to-date: /home/ngt/ZENS-Final-AUVC/ros_ws/install/msgs/lib/python3.12/site-packages/msgs/msg/_target_depth_s.c\n'}
[121.910306] (msgs) StdoutLine: {'line': b'-- Up-to-date: /home/ngt/ZENS-Final-AUVC/ros_ws/install/msgs/lib/python3.12/site-packages/msgs/msg/__init__.py\n'}
[121.911251] (msgs) StdoutLine: {'line': b'-- Up-to-date: /home/ngt/ZENS-Final-AUVC/ros_ws/install/msgs/lib/python3.12/site-packages/msgs/_msgs_s.ep.rosidl_typesupport_introspection_c.c\n'}
[121.915173] (msgs) StdoutLine: {'line': b'-- Up-to-date: /home/ngt/ZENS-Final-AUVC/ros_ws/install/msgs/lib/python3.12/site-packages/msgs/_msgs_s.ep.rosidl_typesupport_fastrtps_c.c\n'}
[121.915995] (msgs) StdoutLine: {'line': b'-- Up-to-date: /home/ngt/ZENS-Final-AUVC/ros_ws/install/msgs/lib/python3.12/site-packages/msgs/msgs_s__rosidl_typesupport_introspection_c.so\n'}
[121.916819] (msgs) StdoutLine: {'line': b'-- Up-to-date: /home/ngt/ZENS-Final-AUVC/ros_ws/install/msgs/lib/python3.12/site-packages/msgs/_msgs_s.ep.rosidl_typesupport_c.c\n'}
[121.920917] (msgs) StdoutLine: {'line': b'-- Up-to-date: /home/ngt/ZENS-Final-AUVC/ros_ws/install/msgs/lib/python3.12/site-packages/msgs/__init__.py\n'}
[121.945559] (-) TimerEvent: {}
[122.048547] (-) TimerEvent: {}
[122.153504] (-) TimerEvent: {}
[122.231031] (hardware) StdoutLine: {'line': b'writing ../../build/hardware/hardware.egg-info/PKG-INFO\n'}
[122.239924] (hardware) StdoutLine: {'line': b'writing dependency_links to ../../build/hardware/hardware.egg-info/dependency_links.txt\n'}
[122.240801] (hardware) StdoutLine: {'line': b'writing entry points to ../../build/hardware/hardware.egg-info/entry_points.txt\n'}
[122.251509] (hardware) StdoutLine: {'line': b'writing requirements to ../../build/hardware/hardware.egg-info/requires.txt\n'}
[122.254534] (hardware) StdoutLine: {'line': b'writing top-level names to ../../build/hardware/hardware.egg-info/top_level.txt\n'}
[122.255331] (-) TimerEvent: {}
[122.361553] (-) TimerEvent: {}
[122.465774] (-) TimerEvent: {}
[122.568496] (-) TimerEvent: {}
[122.672422] (-) TimerEvent: {}
[122.748542] (msgs) StdoutLine: {'line': b"Listing '/home/ngt/ZENS-Final-AUVC/ros_ws/install/msgs/lib/python3.12/site-packages/msgs'...\n"}
[122.749319] (msgs) StdoutLine: {'line': b"Listing '/home/ngt/ZENS-Final-AUVC/ros_ws/install/msgs/lib/python3.12/site-packages/msgs/msg'...\n"}
[122.778549] (-) TimerEvent: {}
[122.879506] (-) TimerEvent: {}
[122.903843] (msgs) StdoutLine: {'line': b'-- Up-to-date: /home/ngt/ZENS-Final-AUVC/ros_ws/install/msgs/lib/python3.12/site-packages/msgs/msgs_s__rosidl_typesupport_fastrtps_c.so\n'}
[122.923543] (msgs) StdoutLine: {'line': b'-- Up-to-date: /home/ngt/ZENS-Final-AUVC/ros_ws/install/msgs/lib/python3.12/site-packages/msgs/msgs_s__rosidl_typesupport_introspection_c.so\n'}
[122.936650] (msgs) StdoutLine: {'line': b'-- Up-to-date: /home/ngt/ZENS-Final-AUVC/ros_ws/install/msgs/lib/python3.12/site-packages/msgs/msgs_s__rosidl_typesupport_c.so\n'}
[122.943507] (msgs) StdoutLine: {'line': b'-- Up-to-date: /home/ngt/ZENS-Final-AUVC/ros_ws/install/msgs/lib/libmsgs__rosidl_generator_py.so\n'}
[122.952528] (msgs) StdoutLine: {'line': b'-- Up-to-date: /home/ngt/ZENS-Final-AUVC/ros_ws/install/msgs/share/ament_index/resource_index/rust_packages/msgs\n'}
[122.953235] (msgs) StdoutLine: {'line': b'-- Up-to-date: /home/ngt/ZENS-Final-AUVC/ros_ws/install/msgs/share/msgs/rust\n'}
[122.953864] (msgs) StdoutLine: {'line': b'-- Up-to-date: /home/ngt/ZENS-Final-AUVC/ros_ws/install/msgs/share/msgs/rust/build.rs\n'}
[122.963537] (msgs) StdoutLine: {'line': b'-- Up-to-date: /home/ngt/ZENS-Final-AUVC/ros_ws/install/msgs/share/msgs/rust/Cargo.toml\n'}
[122.964452] (msgs) StdoutLine: {'line': b'-- Up-to-date: /home/ngt/ZENS-Final-AUVC/ros_ws/install/msgs/share/msgs/rust/src\n'}
[122.980585] (-) TimerEvent: {}
[122.983575] (msgs) StdoutLine: {'line': b'-- Up-to-date: /home/ngt/ZENS-Final-AUVC/ros_ws/install/msgs/share/msgs/rust/src/lib.rs\n'}
[122.984291] (msgs) StdoutLine: {'line': b'-- Up-to-date: /home/ngt/ZENS-Final-AUVC/ros_ws/install/msgs/share/msgs/rust/src/msg.rs\n'}
[122.985201] (msgs) StdoutLine: {'line': b'-- Up-to-date: /home/ngt/ZENS-Final-AUVC/ros_ws/install/msgs/share/msgs/rust/src/msg\n'}
[122.998636] (msgs) StdoutLine: {'line': b'-- Up-to-date: /home/ngt/ZENS-Final-AUVC/ros_ws/install/msgs/share/msgs/rust/src/msg/rmw.rs\n'}
[122.999405] (msgs) StdoutLine: {'line': b'-- Up-to-date: /home/ngt/ZENS-Final-AUVC/ros_ws/install/msgs/share/msgs/msg/TargetDepth.idl\n'}
[123.000130] (msgs) StdoutLine: {'line': b'-- Up-to-date: /home/ngt/ZENS-Final-AUVC/ros_ws/install/msgs/share/msgs/msg/TargetDepth.msg\n'}
[123.011581] (msgs) StdoutLine: {'line': b'-- Up-to-date: /home/ngt/ZENS-Final-AUVC/ros_ws/install/msgs/share/ament_index/resource_index/package_run_dependencies/msgs\n'}
[123.012286] (msgs) StdoutLine: {'line': b'-- Up-to-date: /home/ngt/ZENS-Final-AUVC/ros_ws/install/msgs/share/ament_index/resource_index/parent_prefix_path/msgs\n'}
[123.013155] (msgs) StdoutLine: {'line': b'-- Up-to-date: /home/ngt/ZENS-Final-AUVC/ros_ws/install/msgs/share/msgs/environment/ament_prefix_path.sh\n'}
[123.023240] (msgs) StdoutLine: {'line': b'-- Up-to-date: /home/ngt/ZENS-Final-AUVC/ros_ws/install/msgs/share/msgs/environment/ament_prefix_path.dsv\n'}
[123.023857] (msgs) StdoutLine: {'line': b'-- Up-to-date: /home/ngt/ZENS-Final-AUVC/ros_ws/install/msgs/share/msgs/environment/path.sh\n'}
[123.024303] (msgs) StdoutLine: {'line': b'-- Up-to-date: /home/ngt/ZENS-Final-AUVC/ros_ws/install/msgs/share/msgs/environment/path.dsv\n'}
[123.024818] (msgs) StdoutLine: {'line': b'-- Up-to-date: /home/ngt/ZENS-Final-AUVC/ros_ws/install/msgs/share/msgs/local_setup.bash\n'}
[123.025258] (msgs) StdoutLine: {'line': b'-- Up-to-date: /home/ngt/ZENS-Final-AUVC/ros_ws/install/msgs/share/msgs/local_setup.sh\n'}
[123.035656] (msgs) StdoutLine: {'line': b'-- Up-to-date: /home/ngt/ZENS-Final-AUVC/ros_ws/install/msgs/share/msgs/local_setup.zsh\n'}
[123.036220] (msgs) StdoutLine: {'line': b'-- Up-to-date: /home/ngt/ZENS-Final-AUVC/ros_ws/install/msgs/share/msgs/local_setup.dsv\n'}
[123.036809] (msgs) StdoutLine: {'line': b'-- Installing: /home/ngt/ZENS-Final-AUVC/ros_ws/install/msgs/share/msgs/package.dsv\n'}
[123.037280] (msgs) StdoutLine: {'line': b'-- Up-to-date: /home/ngt/ZENS-Final-AUVC/ros_ws/install/msgs/share/ament_index/resource_index/packages/msgs\n'}
[123.046000] (msgs) StdoutLine: {'line': b'-- Up-to-date: /home/ngt/ZENS-Final-AUVC/ros_ws/install/msgs/share/msgs/cmake/export_msgs__rosidl_generator_cExport.cmake\n'}
[123.048961] (msgs) StdoutLine: {'line': b'-- Up-to-date: /home/ngt/ZENS-Final-AUVC/ros_ws/install/msgs/share/msgs/cmake/export_msgs__rosidl_generator_cExport-noconfig.cmake\n'}
[123.054525] (msgs) StdoutLine: {'line': b'-- Up-to-date: /home/ngt/ZENS-Final-AUVC/ros_ws/install/msgs/share/msgs/cmake/export_msgs__rosidl_typesupport_fastrtps_cExport.cmake\n'}
[123.055170] (msgs) StdoutLine: {'line': b'-- Up-to-date: /home/ngt/ZENS-Final-AUVC/ros_ws/install/msgs/share/msgs/cmake/export_msgs__rosidl_typesupport_fastrtps_cExport-noconfig.cmake\n'}
[123.055886] (msgs) StdoutLine: {'line': b'-- Up-to-date: /home/ngt/ZENS-Final-AUVC/ros_ws/install/msgs/share/msgs/cmake/export_msgs__rosidl_generator_cppExport.cmake\n'}
[123.064506] (msgs) StdoutLine: {'line': b'-- Up-to-date: /home/ngt/ZENS-Final-AUVC/ros_ws/install/msgs/share/msgs/cmake/export_msgs__rosidl_typesupport_fastrtps_cppExport.cmake\n'}
[123.065209] (msgs) StdoutLine: {'line': b'-- Up-to-date: /home/ngt/ZENS-Final-AUVC/ros_ws/install/msgs/share/msgs/cmake/export_msgs__rosidl_typesupport_fastrtps_cppExport-noconfig.cmake\n'}
[123.065809] (msgs) StdoutLine: {'line': b'-- Up-to-date: /home/ngt/ZENS-Final-AUVC/ros_ws/install/msgs/share/msgs/cmake/msgs__rosidl_typesupport_introspection_cExport.cmake\n'}
[123.066417] (msgs) StdoutLine: {'line': b'-- Up-to-date: /home/ngt/ZENS-Final-AUVC/ros_ws/install/msgs/share/msgs/cmake/msgs__rosidl_typesupport_introspection_cExport-noconfig.cmake\n'}
[123.067008] (msgs) StdoutLine: {'line': b'-- Up-to-date: /home/ngt/ZENS-Final-AUVC/ros_ws/install/msgs/share/msgs/cmake/msgs__rosidl_typesupport_cExport.cmake\n'}
[123.075786] (msgs) StdoutLine: {'line': b'-- Up-to-date: /home/ngt/ZENS-Final-AUVC/ros_ws/install/msgs/share/msgs/cmake/msgs__rosidl_typesupport_cExport-noconfig.cmake\n'}
[123.076469] (msgs) StdoutLine: {'line': b'-- Up-to-date: /home/ngt/ZENS-Final-AUVC/ros_ws/install/msgs/share/msgs/cmake/msgs__rosidl_typesupport_introspection_cppExport.cmake\n'}
[123.076990] (msgs) StdoutLine: {'line': b'-- Up-to-date: /home/ngt/ZENS-Final-AUVC/ros_ws/install/msgs/share/msgs/cmake/msgs__rosidl_typesupport_introspection_cppExport-noconfig.cmake\n'}
[123.077464] (msgs) StdoutLine: {'line': b'-- Up-to-date: /home/ngt/ZENS-Final-AUVC/ros_ws/install/msgs/share/msgs/cmake/msgs__rosidl_typesupport_cppExport.cmake\n'}
[123.078072] (msgs) StdoutLine: {'line': b'-- Up-to-date: /home/ngt/ZENS-Final-AUVC/ros_ws/install/msgs/share/msgs/cmake/msgs__rosidl_typesupport_cppExport-noconfig.cmake\n'}
[123.088269] (-) TimerEvent: {}
[123.090729] (msgs) StdoutLine: {'line': b'-- Up-to-date: /home/ngt/ZENS-Final-AUVC/ros_ws/install/msgs/share/msgs/cmake/export_msgs__rosidl_generator_pyExport.cmake\n'}
[123.091627] (msgs) StdoutLine: {'line': b'-- Up-to-date: /home/ngt/ZENS-Final-AUVC/ros_ws/install/msgs/share/msgs/cmake/export_msgs__rosidl_generator_pyExport-noconfig.cmake\n'}
[123.092283] (msgs) StdoutLine: {'line': b'-- Up-to-date: /home/ngt/ZENS-Final-AUVC/ros_ws/install/msgs/share/msgs/cmake/rosidl_cmake-extras.cmake\n'}
[123.100340] (msgs) StdoutLine: {'line': b'-- Up-to-date: /home/ngt/ZENS-Final-AUVC/ros_ws/install/msgs/share/msgs/cmake/ament_cmake_export_dependencies-extras.cmake\n'}
[123.101000] (msgs) StdoutLine: {'line': b'-- Up-to-date: /home/ngt/ZENS-Final-AUVC/ros_ws/install/msgs/share/msgs/cmake/ament_cmake_export_include_directories-extras.cmake\n'}
[123.101702] (msgs) StdoutLine: {'line': b'-- Up-to-date: /home/ngt/ZENS-Final-AUVC/ros_ws/install/msgs/share/msgs/cmake/ament_cmake_export_libraries-extras.cmake\n'}
[123.102349] (msgs) StdoutLine: {'line': b'-- Up-to-date: /home/ngt/ZENS-Final-AUVC/ros_ws/install/msgs/share/msgs/cmake/ament_cmake_export_targets-extras.cmake\n'}
[123.113248] (msgs) StdoutLine: {'line': b'-- Up-to-date: /home/ngt/ZENS-Final-AUVC/ros_ws/install/msgs/share/msgs/cmake/rosidl_cmake_export_typesupport_targets-extras.cmake\n'}
[123.114315] (msgs) StdoutLine: {'line': b'-- Up-to-date: /home/ngt/ZENS-Final-AUVC/ros_ws/install/msgs/share/msgs/cmake/rosidl_cmake_export_typesupport_libraries-extras.cmake\n'}
[123.115228] (msgs) StdoutLine: {'line': b'-- Up-to-date: /home/ngt/ZENS-Final-AUVC/ros_ws/install/msgs/share/msgs/cmake/rosidl_cmake_aggregate_target-extras.cmake\n'}
[123.123652] (msgs) StdoutLine: {'line': b'-- Up-to-date: /home/ngt/ZENS-Final-AUVC/ros_ws/install/msgs/share/msgs/cmake/msgsConfig.cmake\n'}
[123.124351] (msgs) StdoutLine: {'line': b'-- Up-to-date: /home/ngt/ZENS-Final-AUVC/ros_ws/install/msgs/share/msgs/cmake/msgsConfig-version.cmake\n'}
[123.125133] (msgs) StdoutLine: {'line': b'-- Up-to-date: /home/ngt/ZENS-Final-AUVC/ros_ws/install/msgs/share/msgs/package.xml\n'}
[123.153579] (msgs) CommandEnded: {'returncode': 0}
[123.199532] (-) TimerEvent: {}
[123.318942] (-) TimerEvent: {}
[123.419808] (-) TimerEvent: {}
[123.533120] (-) TimerEvent: {}
[123.615913] (msgs) JobEnded: {'identifier': 'msgs', 'rc': 0}
[123.633629] (-) TimerEvent: {}
[123.739985] (-) TimerEvent: {}
[123.842804] (-) TimerEvent: {}
[123.943563] (-) TimerEvent: {}
[124.048907] (-) TimerEvent: {}
[124.153744] (-) TimerEvent: {}
[124.259664] (-) TimerEvent: {}
[124.364776] (-) TimerEvent: {}
[124.468990] (-) TimerEvent: {}
[124.576558] (-) TimerEvent: {}
[124.677463] (-) TimerEvent: {}
[124.778308] (-) TimerEvent: {}
[124.882928] (-) TimerEvent: {}
[124.985625] (-) TimerEvent: {}
[125.087139] (-) TimerEvent: {}
[125.190830] (-) TimerEvent: {}
[125.294591] (-) TimerEvent: {}
[125.395470] (-) TimerEvent: {}
[125.498503] (-) TimerEvent: {}
[125.606552] (-) TimerEvent: {}
[125.709581] (-) TimerEvent: {}
[125.811542] (-) TimerEvent: {}
[125.915543] (-) TimerEvent: {}
[126.018584] (-) TimerEvent: {}
[126.120556] (-) TimerEvent: {}
[126.164538] (hardware) StdoutLine: {'line': b"reading manifest file '../../build/hardware/hardware.egg-info/SOURCES.txt'\n"}
[126.171786] (hardware) StdoutLine: {'line': b"writing manifest file '../../build/hardware/hardware.egg-info/SOURCES.txt'\n"}
[126.179020] (hardware) StdoutLine: {'line': b'running build\n'}
[126.183641] (hardware) StdoutLine: {'line': b'running build_py\n'}
[126.186571] (hardware) StdoutLine: {'line': b'running install\n'}
[126.223568] (-) TimerEvent: {}
[126.258167] (hardware) StdoutLine: {'line': b'running install_lib\n'}
[126.323954] (-) TimerEvent: {}
[126.428740] (-) TimerEvent: {}
[126.530563] (-) TimerEvent: {}
[126.634874] (-) TimerEvent: {}
[126.737977] (-) TimerEvent: {}
[126.841621] (-) TimerEvent: {}
[126.944049] (-) TimerEvent: {}
[126.964987] (hardware) StdoutLine: {'line': b'running install_data\n'}
[126.966235] (hardware) StdoutLine: {'line': b'running install_egg_info\n'}
[127.057542] (-) TimerEvent: {}
[127.158287] (-) TimerEvent: {}
[127.261640] (-) TimerEvent: {}
[127.366529] (-) TimerEvent: {}
[127.389871] (hardware) StdoutLine: {'line': b"removing '/home/ngt/ZENS-Final-AUVC/ros_ws/install/hardware/lib/python3.12/site-packages/hardware-0.0.0-py3.12.egg-info' (and everything under it)\n"}
[127.409817] (hardware) StdoutLine: {'line': b'Copying ../../build/hardware/hardware.egg-info to /home/ngt/ZENS-Final-AUVC/ros_ws/install/hardware/lib/python3.12/site-packages/hardware-0.0.0-py3.12.egg-info\n'}
[127.451114] (hardware) StdoutLine: {'line': b'running install_scripts\n'}
[127.468548] (-) TimerEvent: {}
[127.571466] (-) TimerEvent: {}
[127.672199] (-) TimerEvent: {}
[127.778547] (-) TimerEvent: {}
[127.879335] (-) TimerEvent: {}
[127.982754] (-) TimerEvent: {}
[128.087539] (-) TimerEvent: {}
[128.189193] (-) TimerEvent: {}
[128.295539] (-) TimerEvent: {}
[128.396363] (-) TimerEvent: {}
[128.502622] (-) TimerEvent: {}
[128.603972] (-) TimerEvent: {}
[128.690719] (hardware) StdoutLine: {'line': b'Installing bluerov2_camera_interface script to /home/ngt/ZENS-Final-AUVC/ros_ws/install/hardware/lib/hardware\n'}
[128.700181] (hardware) StdoutLine: {'line': b'Installing bluerov2_hardware_interface script to /home/ngt/ZENS-Final-AUVC/ros_ws/install/hardware/lib/hardware\n'}
[128.701317] (hardware) StdoutLine: {'line': b'Installing bluerov2_simulation_interface script to /home/ngt/ZENS-Final-AUVC/ros_ws/install/hardware/lib/hardware\n'}
[128.715547] (-) TimerEvent: {}
[128.723825] (hardware) StdoutLine: {'line': b"writing list of installed files to '/home/ngt/ZENS-Final-AUVC/ros_ws/build/hardware/install.log'\n"}
[128.821425] (-) TimerEvent: {}
[128.922278] (-) TimerEvent: {}
[129.031529] (-) TimerEvent: {}
[129.133968] (-) TimerEvent: {}
[129.237604] (-) TimerEvent: {}
[129.343674] (-) TimerEvent: {}
[129.447108] (-) TimerEvent: {}
[129.554528] (-) TimerEvent: {}
[129.560911] (hardware) CommandEnded: {'returncode': 0}
[129.616755] (hardware) JobEnded: {'identifier': 'hardware', 'rc': 0}
[129.619669] (-) EventReactorShutdown: {}
