[0.565s] DEBUG:colcon:Command line arguments: ['/usr/bin/colcon', 'build', '--packages-skip', 'gazebo_bluerov2']
[0.565s] DEBUG:colcon:Parsed command line arguments: Namespace(log_base=None, log_level=None, verb_name='build', build_base='build', install_base='install', merge_install=False, symlink_install=False, test_result_base=None, continue_on_error=False, executor='parallel', parallel_workers=4, event_handlers=None, ignore_user_meta=False, metas=['./colcon.meta'], base_paths=['.'], packages_ignore=None, packages_ignore_regex=None, paths=None, packages_up_to=None, packages_up_to_regex=None, packages_above=None, packages_above_and_dependencies=None, packages_above_depth=None, packages_select_by_dep=None, packages_skip_by_dep=None, packages_skip_up_to=None, packages_select_build_failed=False, packages_skip_build_finished=False, packages_select_test_failures=False, packages_skip_test_passed=False, packages_select=None, packages_skip=['gazebo_bluerov2'], packages_select_regex=None, packages_skip_regex=None, packages_start=None, packages_end=None, allow_overriding=[], cmake_args=None, cmake_target=None, cmake_target_skip_unavailable=False, cmake_clean_cache=False, cmake_clean_first=False, cmake_force_configure=False, ament_cmake_args=None, catkin_cmake_args=None, catkin_skip_building_tests=False, mixin_files=None, mixin=None, verb_parser=<colcon_mixin.mixin.mixin_argument.MixinArgumentDecorator object at 0xffff971916a0>, verb_extension=<colcon_core.verb.build.BuildVerb object at 0xffff983b3b30>, main=<bound method BuildVerb.main of <colcon_core.verb.build.BuildVerb object at 0xffff983b3b30>>, mixin_verb=('build',))
[0.741s] Level 1:colcon.colcon_core.package_discovery:discover_packages(colcon_meta) check parameters
[0.742s] Level 1:colcon.colcon_core.package_discovery:discover_packages(recursive) check parameters
[0.742s] Level 1:colcon.colcon_core.package_discovery:discover_packages(ignore) check parameters
[0.742s] Level 1:colcon.colcon_core.package_discovery:discover_packages(path) check parameters
[0.742s] Level 1:colcon.colcon_core.package_discovery:discover_packages(colcon_meta) discover
[0.742s] Level 1:colcon.colcon_core.package_discovery:discover_packages(recursive) discover
[0.742s] INFO:colcon.colcon_core.package_discovery:Crawling recursively for packages in '/home/ngt/ZENS-Final-AUVC'
[0.743s] Level 1:colcon.colcon_core.package_identification:_identify(.) by extensions ['ignore', 'ignore_ament_install']
[0.743s] Level 1:colcon.colcon_core.package_identification:_identify(.) by extension 'ignore'
[0.744s] Level 1:colcon.colcon_core.package_identification:_identify(.) by extension 'ignore_ament_install'
[0.744s] Level 1:colcon.colcon_core.package_identification:_identify(.) by extensions ['colcon_pkg']
[0.744s] Level 1:colcon.colcon_core.package_identification:_identify(.) by extension 'colcon_pkg'
[0.744s] Level 1:colcon.colcon_core.package_identification:_identify(.) by extensions ['colcon_meta']
[0.744s] Level 1:colcon.colcon_core.package_identification:_identify(.) by extension 'colcon_meta'
[0.745s] Level 1:colcon.colcon_core.package_identification:_identify(.) by extensions ['ros']
[0.745s] Level 1:colcon.colcon_core.package_identification:_identify(.) by extension 'ros'
[0.853s] Level 1:colcon.colcon_core.package_identification:_identify(.) by extensions ['cmake', 'python']
[0.854s] Level 1:colcon.colcon_core.package_identification:_identify(.) by extension 'cmake'
[0.854s] Level 1:colcon.colcon_core.package_identification:_identify(.) by extension 'python'
[0.854s] Level 1:colcon.colcon_core.package_identification:_identify(.) by extensions ['python_setup_py']
[0.854s] Level 1:colcon.colcon_core.package_identification:_identify(.) by extension 'python_setup_py'
[0.855s] Level 1:colcon.colcon_core.package_identification:_identify(analysis) by extensions ['ignore', 'ignore_ament_install']
[0.855s] Level 1:colcon.colcon_core.package_identification:_identify(analysis) by extension 'ignore'
[0.855s] Level 1:colcon.colcon_core.package_identification:_identify(analysis) by extension 'ignore_ament_install'
[0.856s] Level 1:colcon.colcon_core.package_identification:_identify(analysis) by extensions ['colcon_pkg']
[0.856s] Level 1:colcon.colcon_core.package_identification:_identify(analysis) by extension 'colcon_pkg'
[0.856s] Level 1:colcon.colcon_core.package_identification:_identify(analysis) by extensions ['colcon_meta']
[0.856s] Level 1:colcon.colcon_core.package_identification:_identify(analysis) by extension 'colcon_meta'
[0.856s] Level 1:colcon.colcon_core.package_identification:_identify(analysis) by extensions ['ros']
[0.857s] Level 1:colcon.colcon_core.package_identification:_identify(analysis) by extension 'ros'
[0.857s] Level 1:colcon.colcon_core.package_identification:_identify(analysis) by extensions ['cmake', 'python']
[0.857s] Level 1:colcon.colcon_core.package_identification:_identify(analysis) by extension 'cmake'
[0.857s] Level 1:colcon.colcon_core.package_identification:_identify(analysis) by extension 'python'
[0.857s] Level 1:colcon.colcon_core.package_identification:_identify(analysis) by extensions ['python_setup_py']
[0.858s] Level 1:colcon.colcon_core.package_identification:_identify(analysis) by extension 'python_setup_py'
[0.858s] Level 1:colcon.colcon_core.package_identification:_identify(analysis/notebooks) by extensions ['ignore', 'ignore_ament_install']
[0.858s] Level 1:colcon.colcon_core.package_identification:_identify(analysis/notebooks) by extension 'ignore'
[0.859s] Level 1:colcon.colcon_core.package_identification:_identify(analysis/notebooks) by extension 'ignore_ament_install'
[0.859s] Level 1:colcon.colcon_core.package_identification:_identify(analysis/notebooks) by extensions ['colcon_pkg']
[0.859s] Level 1:colcon.colcon_core.package_identification:_identify(analysis/notebooks) by extension 'colcon_pkg'
[0.859s] Level 1:colcon.colcon_core.package_identification:_identify(analysis/notebooks) by extensions ['colcon_meta']
[0.859s] Level 1:colcon.colcon_core.package_identification:_identify(analysis/notebooks) by extension 'colcon_meta'
[0.859s] Level 1:colcon.colcon_core.package_identification:_identify(analysis/notebooks) by extensions ['ros']
[0.860s] Level 1:colcon.colcon_core.package_identification:_identify(analysis/notebooks) by extension 'ros'
[0.860s] Level 1:colcon.colcon_core.package_identification:_identify(analysis/notebooks) by extensions ['cmake', 'python']
[0.860s] Level 1:colcon.colcon_core.package_identification:_identify(analysis/notebooks) by extension 'cmake'
[0.860s] Level 1:colcon.colcon_core.package_identification:_identify(analysis/notebooks) by extension 'python'
[0.860s] Level 1:colcon.colcon_core.package_identification:_identify(analysis/notebooks) by extensions ['python_setup_py']
[0.861s] Level 1:colcon.colcon_core.package_identification:_identify(analysis/notebooks) by extension 'python_setup_py'
[0.861s] Level 1:colcon.colcon_core.package_identification:_identify(assets) by extensions ['ignore', 'ignore_ament_install']
[0.861s] Level 1:colcon.colcon_core.package_identification:_identify(assets) by extension 'ignore'
[0.862s] Level 1:colcon.colcon_core.package_identification:_identify(assets) by extension 'ignore_ament_install'
[0.862s] Level 1:colcon.colcon_core.package_identification:_identify(assets) by extensions ['colcon_pkg']
[0.862s] Level 1:colcon.colcon_core.package_identification:_identify(assets) by extension 'colcon_pkg'
[0.862s] Level 1:colcon.colcon_core.package_identification:_identify(assets) by extensions ['colcon_meta']
[0.862s] Level 1:colcon.colcon_core.package_identification:_identify(assets) by extension 'colcon_meta'
[0.862s] Level 1:colcon.colcon_core.package_identification:_identify(assets) by extensions ['ros']
[0.863s] Level 1:colcon.colcon_core.package_identification:_identify(assets) by extension 'ros'
[0.863s] Level 1:colcon.colcon_core.package_identification:_identify(assets) by extensions ['cmake', 'python']
[0.863s] Level 1:colcon.colcon_core.package_identification:_identify(assets) by extension 'cmake'
[0.863s] Level 1:colcon.colcon_core.package_identification:_identify(assets) by extension 'python'
[0.863s] Level 1:colcon.colcon_core.package_identification:_identify(assets) by extensions ['python_setup_py']
[0.864s] Level 1:colcon.colcon_core.package_identification:_identify(assets) by extension 'python_setup_py'
[0.864s] Level 1:colcon.colcon_core.package_identification:_identify(assets/AUV YOLO.v4-auvc_yolo26_dataset.yolo26) by extensions ['ignore', 'ignore_ament_install']
[0.864s] Level 1:colcon.colcon_core.package_identification:_identify(assets/AUV YOLO.v4-auvc_yolo26_dataset.yolo26) by extension 'ignore'
[0.865s] Level 1:colcon.colcon_core.package_identification:_identify(assets/AUV YOLO.v4-auvc_yolo26_dataset.yolo26) by extension 'ignore_ament_install'
[0.865s] Level 1:colcon.colcon_core.package_identification:_identify(assets/AUV YOLO.v4-auvc_yolo26_dataset.yolo26) by extensions ['colcon_pkg']
[0.865s] Level 1:colcon.colcon_core.package_identification:_identify(assets/AUV YOLO.v4-auvc_yolo26_dataset.yolo26) by extension 'colcon_pkg'
[0.865s] Level 1:colcon.colcon_core.package_identification:_identify(assets/AUV YOLO.v4-auvc_yolo26_dataset.yolo26) by extensions ['colcon_meta']
[0.865s] Level 1:colcon.colcon_core.package_identification:_identify(assets/AUV YOLO.v4-auvc_yolo26_dataset.yolo26) by extension 'colcon_meta'
[0.866s] Level 1:colcon.colcon_core.package_identification:_identify(assets/AUV YOLO.v4-auvc_yolo26_dataset.yolo26) by extensions ['ros']
[0.866s] Level 1:colcon.colcon_core.package_identification:_identify(assets/AUV YOLO.v4-auvc_yolo26_dataset.yolo26) by extension 'ros'
[0.866s] Level 1:colcon.colcon_core.package_identification:_identify(assets/AUV YOLO.v4-auvc_yolo26_dataset.yolo26) by extensions ['cmake', 'python']
[0.866s] Level 1:colcon.colcon_core.package_identification:_identify(assets/AUV YOLO.v4-auvc_yolo26_dataset.yolo26) by extension 'cmake'
[0.866s] Level 1:colcon.colcon_core.package_identification:_identify(assets/AUV YOLO.v4-auvc_yolo26_dataset.yolo26) by extension 'python'
[0.867s] Level 1:colcon.colcon_core.package_identification:_identify(assets/AUV YOLO.v4-auvc_yolo26_dataset.yolo26) by extensions ['python_setup_py']
[0.867s] Level 1:colcon.colcon_core.package_identification:_identify(assets/AUV YOLO.v4-auvc_yolo26_dataset.yolo26) by extension 'python_setup_py'
[0.867s] Level 1:colcon.colcon_core.package_identification:_identify(assets/AUV YOLO.v4-auvc_yolo26_dataset.yolo26/AUV YOLO.v4-auvc_yolo26_dataset.yolo26) by extensions ['ignore', 'ignore_ament_install']
[0.868s] Level 1:colcon.colcon_core.package_identification:_identify(assets/AUV YOLO.v4-auvc_yolo26_dataset.yolo26/AUV YOLO.v4-auvc_yolo26_dataset.yolo26) by extension 'ignore'
[0.868s] Level 1:colcon.colcon_core.package_identification:_identify(assets/AUV YOLO.v4-auvc_yolo26_dataset.yolo26/AUV YOLO.v4-auvc_yolo26_dataset.yolo26) by extension 'ignore_ament_install'
[0.868s] Level 1:colcon.colcon_core.package_identification:_identify(assets/AUV YOLO.v4-auvc_yolo26_dataset.yolo26/AUV YOLO.v4-auvc_yolo26_dataset.yolo26) by extensions ['colcon_pkg']
[0.868s] Level 1:colcon.colcon_core.package_identification:_identify(assets/AUV YOLO.v4-auvc_yolo26_dataset.yolo26/AUV YOLO.v4-auvc_yolo26_dataset.yolo26) by extension 'colcon_pkg'
[0.869s] Level 1:colcon.colcon_core.package_identification:_identify(assets/AUV YOLO.v4-auvc_yolo26_dataset.yolo26/AUV YOLO.v4-auvc_yolo26_dataset.yolo26) by extensions ['colcon_meta']
[0.869s] Level 1:colcon.colcon_core.package_identification:_identify(assets/AUV YOLO.v4-auvc_yolo26_dataset.yolo26/AUV YOLO.v4-auvc_yolo26_dataset.yolo26) by extension 'colcon_meta'
[0.869s] Level 1:colcon.colcon_core.package_identification:_identify(assets/AUV YOLO.v4-auvc_yolo26_dataset.yolo26/AUV YOLO.v4-auvc_yolo26_dataset.yolo26) by extensions ['ros']
[0.869s] Level 1:colcon.colcon_core.package_identification:_identify(assets/AUV YOLO.v4-auvc_yolo26_dataset.yolo26/AUV YOLO.v4-auvc_yolo26_dataset.yolo26) by extension 'ros'
[0.869s] Level 1:colcon.colcon_core.package_identification:_identify(assets/AUV YOLO.v4-auvc_yolo26_dataset.yolo26/AUV YOLO.v4-auvc_yolo26_dataset.yolo26) by extensions ['cmake', 'python']
[0.870s] Level 1:colcon.colcon_core.package_identification:_identify(assets/AUV YOLO.v4-auvc_yolo26_dataset.yolo26/AUV YOLO.v4-auvc_yolo26_dataset.yolo26) by extension 'cmake'
[0.870s] Level 1:colcon.colcon_core.package_identification:_identify(assets/AUV YOLO.v4-auvc_yolo26_dataset.yolo26/AUV YOLO.v4-auvc_yolo26_dataset.yolo26) by extension 'python'
[0.870s] Level 1:colcon.colcon_core.package_identification:_identify(assets/AUV YOLO.v4-auvc_yolo26_dataset.yolo26/AUV YOLO.v4-auvc_yolo26_dataset.yolo26) by extensions ['python_setup_py']
[0.871s] Level 1:colcon.colcon_core.package_identification:_identify(assets/AUV YOLO.v4-auvc_yolo26_dataset.yolo26/AUV YOLO.v4-auvc_yolo26_dataset.yolo26) by extension 'python_setup_py'
[0.871s] Level 1:colcon.colcon_core.package_identification:_identify(assets/AUV YOLO.v4-auvc_yolo26_dataset.yolo26/AUV YOLO.v4-auvc_yolo26_dataset.yolo26/test) by extensions ['ignore', 'ignore_ament_install']
[0.872s] Level 1:colcon.colcon_core.package_identification:_identify(assets/AUV YOLO.v4-auvc_yolo26_dataset.yolo26/AUV YOLO.v4-auvc_yolo26_dataset.yolo26/test) by extension 'ignore'
[0.872s] Level 1:colcon.colcon_core.package_identification:_identify(assets/AUV YOLO.v4-auvc_yolo26_dataset.yolo26/AUV YOLO.v4-auvc_yolo26_dataset.yolo26/test) by extension 'ignore_ament_install'
[0.872s] Level 1:colcon.colcon_core.package_identification:_identify(assets/AUV YOLO.v4-auvc_yolo26_dataset.yolo26/AUV YOLO.v4-auvc_yolo26_dataset.yolo26/test) by extensions ['colcon_pkg']
[0.873s] Level 1:colcon.colcon_core.package_identification:_identify(assets/AUV YOLO.v4-auvc_yolo26_dataset.yolo26/AUV YOLO.v4-auvc_yolo26_dataset.yolo26/test) by extension 'colcon_pkg'
[0.873s] Level 1:colcon.colcon_core.package_identification:_identify(assets/AUV YOLO.v4-auvc_yolo26_dataset.yolo26/AUV YOLO.v4-auvc_yolo26_dataset.yolo26/test) by extensions ['colcon_meta']
[0.873s] Level 1:colcon.colcon_core.package_identification:_identify(assets/AUV YOLO.v4-auvc_yolo26_dataset.yolo26/AUV YOLO.v4-auvc_yolo26_dataset.yolo26/test) by extension 'colcon_meta'
[0.873s] Level 1:colcon.colcon_core.package_identification:_identify(assets/AUV YOLO.v4-auvc_yolo26_dataset.yolo26/AUV YOLO.v4-auvc_yolo26_dataset.yolo26/test) by extensions ['ros']
[0.873s] Level 1:colcon.colcon_core.package_identification:_identify(assets/AUV YOLO.v4-auvc_yolo26_dataset.yolo26/AUV YOLO.v4-auvc_yolo26_dataset.yolo26/test) by extension 'ros'
[0.874s] Level 1:colcon.colcon_core.package_identification:_identify(assets/AUV YOLO.v4-auvc_yolo26_dataset.yolo26/AUV YOLO.v4-auvc_yolo26_dataset.yolo26/test) by extensions ['cmake', 'python']
[0.874s] Level 1:colcon.colcon_core.package_identification:_identify(assets/AUV YOLO.v4-auvc_yolo26_dataset.yolo26/AUV YOLO.v4-auvc_yolo26_dataset.yolo26/test) by extension 'cmake'
[0.874s] Level 1:colcon.colcon_core.package_identification:_identify(assets/AUV YOLO.v4-auvc_yolo26_dataset.yolo26/AUV YOLO.v4-auvc_yolo26_dataset.yolo26/test) by extension 'python'
[0.874s] Level 1:colcon.colcon_core.package_identification:_identify(assets/AUV YOLO.v4-auvc_yolo26_dataset.yolo26/AUV YOLO.v4-auvc_yolo26_dataset.yolo26/test) by extensions ['python_setup_py']
[0.874s] Level 1:colcon.colcon_core.package_identification:_identify(assets/AUV YOLO.v4-auvc_yolo26_dataset.yolo26/AUV YOLO.v4-auvc_yolo26_dataset.yolo26/test) by extension 'python_setup_py'
[0.875s] Level 1:colcon.colcon_core.package_identification:_identify(assets/AUV YOLO.v4-auvc_yolo26_dataset.yolo26/AUV YOLO.v4-auvc_yolo26_dataset.yolo26/test/images) by extensions ['ignore', 'ignore_ament_install']
[0.876s] Level 1:colcon.colcon_core.package_identification:_identify(assets/AUV YOLO.v4-auvc_yolo26_dataset.yolo26/AUV YOLO.v4-auvc_yolo26_dataset.yolo26/test/images) by extension 'ignore'
[0.876s] Level 1:colcon.colcon_core.package_identification:_identify(assets/AUV YOLO.v4-auvc_yolo26_dataset.yolo26/AUV YOLO.v4-auvc_yolo26_dataset.yolo26/test/images) by extension 'ignore_ament_install'
[0.876s] Level 1:colcon.colcon_core.package_identification:_identify(assets/AUV YOLO.v4-auvc_yolo26_dataset.yolo26/AUV YOLO.v4-auvc_yolo26_dataset.yolo26/test/images) by extensions ['colcon_pkg']
[0.876s] Level 1:colcon.colcon_core.package_identification:_identify(assets/AUV YOLO.v4-auvc_yolo26_dataset.yolo26/AUV YOLO.v4-auvc_yolo26_dataset.yolo26/test/images) by extension 'colcon_pkg'
[0.877s] Level 1:colcon.colcon_core.package_identification:_identify(assets/AUV YOLO.v4-auvc_yolo26_dataset.yolo26/AUV YOLO.v4-auvc_yolo26_dataset.yolo26/test/images) by extensions ['colcon_meta']
[0.877s] Level 1:colcon.colcon_core.package_identification:_identify(assets/AUV YOLO.v4-auvc_yolo26_dataset.yolo26/AUV YOLO.v4-auvc_yolo26_dataset.yolo26/test/images) by extension 'colcon_meta'
[0.877s] Level 1:colcon.colcon_core.package_identification:_identify(assets/AUV YOLO.v4-auvc_yolo26_dataset.yolo26/AUV YOLO.v4-auvc_yolo26_dataset.yolo26/test/images) by extensions ['ros']
[0.877s] Level 1:colcon.colcon_core.package_identification:_identify(assets/AUV YOLO.v4-auvc_yolo26_dataset.yolo26/AUV YOLO.v4-auvc_yolo26_dataset.yolo26/test/images) by extension 'ros'
[0.878s] Level 1:colcon.colcon_core.package_identification:_identify(assets/AUV YOLO.v4-auvc_yolo26_dataset.yolo26/AUV YOLO.v4-auvc_yolo26_dataset.yolo26/test/images) by extensions ['cmake', 'python']
[0.878s] Level 1:colcon.colcon_core.package_identification:_identify(assets/AUV YOLO.v4-auvc_yolo26_dataset.yolo26/AUV YOLO.v4-auvc_yolo26_dataset.yolo26/test/images) by extension 'cmake'
[0.878s] Level 1:colcon.colcon_core.package_identification:_identify(assets/AUV YOLO.v4-auvc_yolo26_dataset.yolo26/AUV YOLO.v4-auvc_yolo26_dataset.yolo26/test/images) by extension 'python'
[0.878s] Level 1:colcon.colcon_core.package_identification:_identify(assets/AUV YOLO.v4-auvc_yolo26_dataset.yolo26/AUV YOLO.v4-auvc_yolo26_dataset.yolo26/test/images) by extensions ['python_setup_py']
[0.878s] Level 1:colcon.colcon_core.package_identification:_identify(assets/AUV YOLO.v4-auvc_yolo26_dataset.yolo26/AUV YOLO.v4-auvc_yolo26_dataset.yolo26/test/images) by extension 'python_setup_py'
[0.879s] Level 1:colcon.colcon_core.package_identification:_identify(assets/AUV YOLO.v4-auvc_yolo26_dataset.yolo26/AUV YOLO.v4-auvc_yolo26_dataset.yolo26/test/labels) by extensions ['ignore', 'ignore_ament_install']
[0.880s] Level 1:colcon.colcon_core.package_identification:_identify(assets/AUV YOLO.v4-auvc_yolo26_dataset.yolo26/AUV YOLO.v4-auvc_yolo26_dataset.yolo26/test/labels) by extension 'ignore'
[0.880s] Level 1:colcon.colcon_core.package_identification:_identify(assets/AUV YOLO.v4-auvc_yolo26_dataset.yolo26/AUV YOLO.v4-auvc_yolo26_dataset.yolo26/test/labels) by extension 'ignore_ament_install'
[0.881s] Level 1:colcon.colcon_core.package_identification:_identify(assets/AUV YOLO.v4-auvc_yolo26_dataset.yolo26/AUV YOLO.v4-auvc_yolo26_dataset.yolo26/test/labels) by extensions ['colcon_pkg']
[0.881s] Level 1:colcon.colcon_core.package_identification:_identify(assets/AUV YOLO.v4-auvc_yolo26_dataset.yolo26/AUV YOLO.v4-auvc_yolo26_dataset.yolo26/test/labels) by extension 'colcon_pkg'
[0.881s] Level 1:colcon.colcon_core.package_identification:_identify(assets/AUV YOLO.v4-auvc_yolo26_dataset.yolo26/AUV YOLO.v4-auvc_yolo26_dataset.yolo26/test/labels) by extensions ['colcon_meta']
[0.881s] Level 1:colcon.colcon_core.package_identification:_identify(assets/AUV YOLO.v4-auvc_yolo26_dataset.yolo26/AUV YOLO.v4-auvc_yolo26_dataset.yolo26/test/labels) by extension 'colcon_meta'
[0.882s] Level 1:colcon.colcon_core.package_identification:_identify(assets/AUV YOLO.v4-auvc_yolo26_dataset.yolo26/AUV YOLO.v4-auvc_yolo26_dataset.yolo26/test/labels) by extensions ['ros']
[0.882s] Level 1:colcon.colcon_core.package_identification:_identify(assets/AUV YOLO.v4-auvc_yolo26_dataset.yolo26/AUV YOLO.v4-auvc_yolo26_dataset.yolo26/test/labels) by extension 'ros'
[0.883s] Level 1:colcon.colcon_core.package_identification:_identify(assets/AUV YOLO.v4-auvc_yolo26_dataset.yolo26/AUV YOLO.v4-auvc_yolo26_dataset.yolo26/test/labels) by extensions ['cmake', 'python']
[0.883s] Level 1:colcon.colcon_core.package_identification:_identify(assets/AUV YOLO.v4-auvc_yolo26_dataset.yolo26/AUV YOLO.v4-auvc_yolo26_dataset.yolo26/test/labels) by extension 'cmake'
[0.883s] Level 1:colcon.colcon_core.package_identification:_identify(assets/AUV YOLO.v4-auvc_yolo26_dataset.yolo26/AUV YOLO.v4-auvc_yolo26_dataset.yolo26/test/labels) by extension 'python'
[0.883s] Level 1:colcon.colcon_core.package_identification:_identify(assets/AUV YOLO.v4-auvc_yolo26_dataset.yolo26/AUV YOLO.v4-auvc_yolo26_dataset.yolo26/test/labels) by extensions ['python_setup_py']
[0.884s] Level 1:colcon.colcon_core.package_identification:_identify(assets/AUV YOLO.v4-auvc_yolo26_dataset.yolo26/AUV YOLO.v4-auvc_yolo26_dataset.yolo26/test/labels) by extension 'python_setup_py'
[0.884s] Level 1:colcon.colcon_core.package_identification:_identify(assets/AUV YOLO.v4-auvc_yolo26_dataset.yolo26/AUV YOLO.v4-auvc_yolo26_dataset.yolo26/train) by extensions ['ignore', 'ignore_ament_install']
[0.885s] Level 1:colcon.colcon_core.package_identification:_identify(assets/AUV YOLO.v4-auvc_yolo26_dataset.yolo26/AUV YOLO.v4-auvc_yolo26_dataset.yolo26/train) by extension 'ignore'
[0.885s] Level 1:colcon.colcon_core.package_identification:_identify(assets/AUV YOLO.v4-auvc_yolo26_dataset.yolo26/AUV YOLO.v4-auvc_yolo26_dataset.yolo26/train) by extension 'ignore_ament_install'
[0.885s] Level 1:colcon.colcon_core.package_identification:_identify(assets/AUV YOLO.v4-auvc_yolo26_dataset.yolo26/AUV YOLO.v4-auvc_yolo26_dataset.yolo26/train) by extensions ['colcon_pkg']
[0.885s] Level 1:colcon.colcon_core.package_identification:_identify(assets/AUV YOLO.v4-auvc_yolo26_dataset.yolo26/AUV YOLO.v4-auvc_yolo26_dataset.yolo26/train) by extension 'colcon_pkg'
[0.886s] Level 1:colcon.colcon_core.package_identification:_identify(assets/AUV YOLO.v4-auvc_yolo26_dataset.yolo26/AUV YOLO.v4-auvc_yolo26_dataset.yolo26/train) by extensions ['colcon_meta']
[0.886s] Level 1:colcon.colcon_core.package_identification:_identify(assets/AUV YOLO.v4-auvc_yolo26_dataset.yolo26/AUV YOLO.v4-auvc_yolo26_dataset.yolo26/train) by extension 'colcon_meta'
[0.886s] Level 1:colcon.colcon_core.package_identification:_identify(assets/AUV YOLO.v4-auvc_yolo26_dataset.yolo26/AUV YOLO.v4-auvc_yolo26_dataset.yolo26/train) by extensions ['ros']
[0.886s] Level 1:colcon.colcon_core.package_identification:_identify(assets/AUV YOLO.v4-auvc_yolo26_dataset.yolo26/AUV YOLO.v4-auvc_yolo26_dataset.yolo26/train) by extension 'ros'
[0.887s] Level 1:colcon.colcon_core.package_identification:_identify(assets/AUV YOLO.v4-auvc_yolo26_dataset.yolo26/AUV YOLO.v4-auvc_yolo26_dataset.yolo26/train) by extensions ['cmake', 'python']
[0.887s] Level 1:colcon.colcon_core.package_identification:_identify(assets/AUV YOLO.v4-auvc_yolo26_dataset.yolo26/AUV YOLO.v4-auvc_yolo26_dataset.yolo26/train) by extension 'cmake'
[0.887s] Level 1:colcon.colcon_core.package_identification:_identify(assets/AUV YOLO.v4-auvc_yolo26_dataset.yolo26/AUV YOLO.v4-auvc_yolo26_dataset.yolo26/train) by extension 'python'
[0.887s] Level 1:colcon.colcon_core.package_identification:_identify(assets/AUV YOLO.v4-auvc_yolo26_dataset.yolo26/AUV YOLO.v4-auvc_yolo26_dataset.yolo26/train) by extensions ['python_setup_py']
[0.887s] Level 1:colcon.colcon_core.package_identification:_identify(assets/AUV YOLO.v4-auvc_yolo26_dataset.yolo26/AUV YOLO.v4-auvc_yolo26_dataset.yolo26/train) by extension 'python_setup_py'
[0.904s] Level 1:colcon.colcon_core.package_identification:_identify(assets/AUV YOLO.v4-auvc_yolo26_dataset.yolo26/AUV YOLO.v4-auvc_yolo26_dataset.yolo26/train/images) by extensions ['ignore', 'ignore_ament_install']
[0.904s] Level 1:colcon.colcon_core.package_identification:_identify(assets/AUV YOLO.v4-auvc_yolo26_dataset.yolo26/AUV YOLO.v4-auvc_yolo26_dataset.yolo26/train/images) by extension 'ignore'
[0.905s] Level 1:colcon.colcon_core.package_identification:_identify(assets/AUV YOLO.v4-auvc_yolo26_dataset.yolo26/AUV YOLO.v4-auvc_yolo26_dataset.yolo26/train/images) by extension 'ignore_ament_install'
[0.905s] Level 1:colcon.colcon_core.package_identification:_identify(assets/AUV YOLO.v4-auvc_yolo26_dataset.yolo26/AUV YOLO.v4-auvc_yolo26_dataset.yolo26/train/images) by extensions ['colcon_pkg']
[0.905s] Level 1:colcon.colcon_core.package_identification:_identify(assets/AUV YOLO.v4-auvc_yolo26_dataset.yolo26/AUV YOLO.v4-auvc_yolo26_dataset.yolo26/train/images) by extension 'colcon_pkg'
[0.905s] Level 1:colcon.colcon_core.package_identification:_identify(assets/AUV YOLO.v4-auvc_yolo26_dataset.yolo26/AUV YOLO.v4-auvc_yolo26_dataset.yolo26/train/images) by extensions ['colcon_meta']
[0.906s] Level 1:colcon.colcon_core.package_identification:_identify(assets/AUV YOLO.v4-auvc_yolo26_dataset.yolo26/AUV YOLO.v4-auvc_yolo26_dataset.yolo26/train/images) by extension 'colcon_meta'
[0.906s] Level 1:colcon.colcon_core.package_identification:_identify(assets/AUV YOLO.v4-auvc_yolo26_dataset.yolo26/AUV YOLO.v4-auvc_yolo26_dataset.yolo26/train/images) by extensions ['ros']
[0.906s] Level 1:colcon.colcon_core.package_identification:_identify(assets/AUV YOLO.v4-auvc_yolo26_dataset.yolo26/AUV YOLO.v4-auvc_yolo26_dataset.yolo26/train/images) by extension 'ros'
[0.906s] Level 1:colcon.colcon_core.package_identification:_identify(assets/AUV YOLO.v4-auvc_yolo26_dataset.yolo26/AUV YOLO.v4-auvc_yolo26_dataset.yolo26/train/images) by extensions ['cmake', 'python']
[0.907s] Level 1:colcon.colcon_core.package_identification:_identify(assets/AUV YOLO.v4-auvc_yolo26_dataset.yolo26/AUV YOLO.v4-auvc_yolo26_dataset.yolo26/train/images) by extension 'cmake'
[0.907s] Level 1:colcon.colcon_core.package_identification:_identify(assets/AUV YOLO.v4-auvc_yolo26_dataset.yolo26/AUV YOLO.v4-auvc_yolo26_dataset.yolo26/train/images) by extension 'python'
[0.907s] Level 1:colcon.colcon_core.package_identification:_identify(assets/AUV YOLO.v4-auvc_yolo26_dataset.yolo26/AUV YOLO.v4-auvc_yolo26_dataset.yolo26/train/images) by extensions ['python_setup_py']
[0.907s] Level 1:colcon.colcon_core.package_identification:_identify(assets/AUV YOLO.v4-auvc_yolo26_dataset.yolo26/AUV YOLO.v4-auvc_yolo26_dataset.yolo26/train/images) by extension 'python_setup_py'
[0.924s] Level 1:colcon.colcon_core.package_identification:_identify(assets/AUV YOLO.v4-auvc_yolo26_dataset.yolo26/AUV YOLO.v4-auvc_yolo26_dataset.yolo26/train/labels) by extensions ['ignore', 'ignore_ament_install']
[0.924s] Level 1:colcon.colcon_core.package_identification:_identify(assets/AUV YOLO.v4-auvc_yolo26_dataset.yolo26/AUV YOLO.v4-auvc_yolo26_dataset.yolo26/train/labels) by extension 'ignore'
[0.925s] Level 1:colcon.colcon_core.package_identification:_identify(assets/AUV YOLO.v4-auvc_yolo26_dataset.yolo26/AUV YOLO.v4-auvc_yolo26_dataset.yolo26/train/labels) by extension 'ignore_ament_install'
[0.925s] Level 1:colcon.colcon_core.package_identification:_identify(assets/AUV YOLO.v4-auvc_yolo26_dataset.yolo26/AUV YOLO.v4-auvc_yolo26_dataset.yolo26/train/labels) by extensions ['colcon_pkg']
[0.925s] Level 1:colcon.colcon_core.package_identification:_identify(assets/AUV YOLO.v4-auvc_yolo26_dataset.yolo26/AUV YOLO.v4-auvc_yolo26_dataset.yolo26/train/labels) by extension 'colcon_pkg'
[0.925s] Level 1:colcon.colcon_core.package_identification:_identify(assets/AUV YOLO.v4-auvc_yolo26_dataset.yolo26/AUV YOLO.v4-auvc_yolo26_dataset.yolo26/train/labels) by extensions ['colcon_meta']
[0.925s] Level 1:colcon.colcon_core.package_identification:_identify(assets/AUV YOLO.v4-auvc_yolo26_dataset.yolo26/AUV YOLO.v4-auvc_yolo26_dataset.yolo26/train/labels) by extension 'colcon_meta'
[0.926s] Level 1:colcon.colcon_core.package_identification:_identify(assets/AUV YOLO.v4-auvc_yolo26_dataset.yolo26/AUV YOLO.v4-auvc_yolo26_dataset.yolo26/train/labels) by extensions ['ros']
[0.926s] Level 1:colcon.colcon_core.package_identification:_identify(assets/AUV YOLO.v4-auvc_yolo26_dataset.yolo26/AUV YOLO.v4-auvc_yolo26_dataset.yolo26/train/labels) by extension 'ros'
[0.926s] Level 1:colcon.colcon_core.package_identification:_identify(assets/AUV YOLO.v4-auvc_yolo26_dataset.yolo26/AUV YOLO.v4-auvc_yolo26_dataset.yolo26/train/labels) by extensions ['cmake', 'python']
[0.927s] Level 1:colcon.colcon_core.package_identification:_identify(assets/AUV YOLO.v4-auvc_yolo26_dataset.yolo26/AUV YOLO.v4-auvc_yolo26_dataset.yolo26/train/labels) by extension 'cmake'
[0.927s] Level 1:colcon.colcon_core.package_identification:_identify(assets/AUV YOLO.v4-auvc_yolo26_dataset.yolo26/AUV YOLO.v4-auvc_yolo26_dataset.yolo26/train/labels) by extension 'python'
[0.927s] Level 1:colcon.colcon_core.package_identification:_identify(assets/AUV YOLO.v4-auvc_yolo26_dataset.yolo26/AUV YOLO.v4-auvc_yolo26_dataset.yolo26/train/labels) by extensions ['python_setup_py']
[0.927s] Level 1:colcon.colcon_core.package_identification:_identify(assets/AUV YOLO.v4-auvc_yolo26_dataset.yolo26/AUV YOLO.v4-auvc_yolo26_dataset.yolo26/train/labels) by extension 'python_setup_py'
[0.928s] Level 1:colcon.colcon_core.package_identification:_identify(assets/AUV YOLO.v4-auvc_yolo26_dataset.yolo26/AUV YOLO.v4-auvc_yolo26_dataset.yolo26/valid) by extensions ['ignore', 'ignore_ament_install']
[0.928s] Level 1:colcon.colcon_core.package_identification:_identify(assets/AUV YOLO.v4-auvc_yolo26_dataset.yolo26/AUV YOLO.v4-auvc_yolo26_dataset.yolo26/valid) by extension 'ignore'
[0.929s] Level 1:colcon.colcon_core.package_identification:_identify(assets/AUV YOLO.v4-auvc_yolo26_dataset.yolo26/AUV YOLO.v4-auvc_yolo26_dataset.yolo26/valid) by extension 'ignore_ament_install'
[0.929s] Level 1:colcon.colcon_core.package_identification:_identify(assets/AUV YOLO.v4-auvc_yolo26_dataset.yolo26/AUV YOLO.v4-auvc_yolo26_dataset.yolo26/valid) by extensions ['colcon_pkg']
[0.929s] Level 1:colcon.colcon_core.package_identification:_identify(assets/AUV YOLO.v4-auvc_yolo26_dataset.yolo26/AUV YOLO.v4-auvc_yolo26_dataset.yolo26/valid) by extension 'colcon_pkg'
[0.929s] Level 1:colcon.colcon_core.package_identification:_identify(assets/AUV YOLO.v4-auvc_yolo26_dataset.yolo26/AUV YOLO.v4-auvc_yolo26_dataset.yolo26/valid) by extensions ['colcon_meta']
[0.929s] Level 1:colcon.colcon_core.package_identification:_identify(assets/AUV YOLO.v4-auvc_yolo26_dataset.yolo26/AUV YOLO.v4-auvc_yolo26_dataset.yolo26/valid) by extension 'colcon_meta'
[0.930s] Level 1:colcon.colcon_core.package_identification:_identify(assets/AUV YOLO.v4-auvc_yolo26_dataset.yolo26/AUV YOLO.v4-auvc_yolo26_dataset.yolo26/valid) by extensions ['ros']
[0.930s] Level 1:colcon.colcon_core.package_identification:_identify(assets/AUV YOLO.v4-auvc_yolo26_dataset.yolo26/AUV YOLO.v4-auvc_yolo26_dataset.yolo26/valid) by extension 'ros'
[0.930s] Level 1:colcon.colcon_core.package_identification:_identify(assets/AUV YOLO.v4-auvc_yolo26_dataset.yolo26/AUV YOLO.v4-auvc_yolo26_dataset.yolo26/valid) by extensions ['cmake', 'python']
[0.930s] Level 1:colcon.colcon_core.package_identification:_identify(assets/AUV YOLO.v4-auvc_yolo26_dataset.yolo26/AUV YOLO.v4-auvc_yolo26_dataset.yolo26/valid) by extension 'cmake'
[0.931s] Level 1:colcon.colcon_core.package_identification:_identify(assets/AUV YOLO.v4-auvc_yolo26_dataset.yolo26/AUV YOLO.v4-auvc_yolo26_dataset.yolo26/valid) by extension 'python'
[0.931s] Level 1:colcon.colcon_core.package_identification:_identify(assets/AUV YOLO.v4-auvc_yolo26_dataset.yolo26/AUV YOLO.v4-auvc_yolo26_dataset.yolo26/valid) by extensions ['python_setup_py']
[0.931s] Level 1:colcon.colcon_core.package_identification:_identify(assets/AUV YOLO.v4-auvc_yolo26_dataset.yolo26/AUV YOLO.v4-auvc_yolo26_dataset.yolo26/valid) by extension 'python_setup_py'
[0.932s] Level 1:colcon.colcon_core.package_identification:_identify(assets/AUV YOLO.v4-auvc_yolo26_dataset.yolo26/AUV YOLO.v4-auvc_yolo26_dataset.yolo26/valid/images) by extensions ['ignore', 'ignore_ament_install']
[0.932s] Level 1:colcon.colcon_core.package_identification:_identify(assets/AUV YOLO.v4-auvc_yolo26_dataset.yolo26/AUV YOLO.v4-auvc_yolo26_dataset.yolo26/valid/images) by extension 'ignore'
[0.932s] Level 1:colcon.colcon_core.package_identification:_identify(assets/AUV YOLO.v4-auvc_yolo26_dataset.yolo26/AUV YOLO.v4-auvc_yolo26_dataset.yolo26/valid/images) by extension 'ignore_ament_install'
[0.933s] Level 1:colcon.colcon_core.package_identification:_identify(assets/AUV YOLO.v4-auvc_yolo26_dataset.yolo26/AUV YOLO.v4-auvc_yolo26_dataset.yolo26/valid/images) by extensions ['colcon_pkg']
[0.933s] Level 1:colcon.colcon_core.package_identification:_identify(assets/AUV YOLO.v4-auvc_yolo26_dataset.yolo26/AUV YOLO.v4-auvc_yolo26_dataset.yolo26/valid/images) by extension 'colcon_pkg'
[0.933s] Level 1:colcon.colcon_core.package_identification:_identify(assets/AUV YOLO.v4-auvc_yolo26_dataset.yolo26/AUV YOLO.v4-auvc_yolo26_dataset.yolo26/valid/images) by extensions ['colcon_meta']
[0.933s] Level 1:colcon.colcon_core.package_identification:_identify(assets/AUV YOLO.v4-auvc_yolo26_dataset.yolo26/AUV YOLO.v4-auvc_yolo26_dataset.yolo26/valid/images) by extension 'colcon_meta'
[0.934s] Level 1:colcon.colcon_core.package_identification:_identify(assets/AUV YOLO.v4-auvc_yolo26_dataset.yolo26/AUV YOLO.v4-auvc_yolo26_dataset.yolo26/valid/images) by extensions ['ros']
[0.934s] Level 1:colcon.colcon_core.package_identification:_identify(assets/AUV YOLO.v4-auvc_yolo26_dataset.yolo26/AUV YOLO.v4-auvc_yolo26_dataset.yolo26/valid/images) by extension 'ros'
[0.934s] Level 1:colcon.colcon_core.package_identification:_identify(assets/AUV YOLO.v4-auvc_yolo26_dataset.yolo26/AUV YOLO.v4-auvc_yolo26_dataset.yolo26/valid/images) by extensions ['cmake', 'python']
[0.934s] Level 1:colcon.colcon_core.package_identification:_identify(assets/AUV YOLO.v4-auvc_yolo26_dataset.yolo26/AUV YOLO.v4-auvc_yolo26_dataset.yolo26/valid/images) by extension 'cmake'
[0.934s] Level 1:colcon.colcon_core.package_identification:_identify(assets/AUV YOLO.v4-auvc_yolo26_dataset.yolo26/AUV YOLO.v4-auvc_yolo26_dataset.yolo26/valid/images) by extension 'python'
[0.935s] Level 1:colcon.colcon_core.package_identification:_identify(assets/AUV YOLO.v4-auvc_yolo26_dataset.yolo26/AUV YOLO.v4-auvc_yolo26_dataset.yolo26/valid/images) by extensions ['python_setup_py']
[0.935s] Level 1:colcon.colcon_core.package_identification:_identify(assets/AUV YOLO.v4-auvc_yolo26_dataset.yolo26/AUV YOLO.v4-auvc_yolo26_dataset.yolo26/valid/images) by extension 'python_setup_py'
[0.936s] Level 1:colcon.colcon_core.package_identification:_identify(assets/AUV YOLO.v4-auvc_yolo26_dataset.yolo26/AUV YOLO.v4-auvc_yolo26_dataset.yolo26/valid/labels) by extensions ['ignore', 'ignore_ament_install']
[0.936s] Level 1:colcon.colcon_core.package_identification:_identify(assets/AUV YOLO.v4-auvc_yolo26_dataset.yolo26/AUV YOLO.v4-auvc_yolo26_dataset.yolo26/valid/labels) by extension 'ignore'
[0.936s] Level 1:colcon.colcon_core.package_identification:_identify(assets/AUV YOLO.v4-auvc_yolo26_dataset.yolo26/AUV YOLO.v4-auvc_yolo26_dataset.yolo26/valid/labels) by extension 'ignore_ament_install'
[0.937s] Level 1:colcon.colcon_core.package_identification:_identify(assets/AUV YOLO.v4-auvc_yolo26_dataset.yolo26/AUV YOLO.v4-auvc_yolo26_dataset.yolo26/valid/labels) by extensions ['colcon_pkg']
[0.937s] Level 1:colcon.colcon_core.package_identification:_identify(assets/AUV YOLO.v4-auvc_yolo26_dataset.yolo26/AUV YOLO.v4-auvc_yolo26_dataset.yolo26/valid/labels) by extension 'colcon_pkg'
[0.937s] Level 1:colcon.colcon_core.package_identification:_identify(assets/AUV YOLO.v4-auvc_yolo26_dataset.yolo26/AUV YOLO.v4-auvc_yolo26_dataset.yolo26/valid/labels) by extensions ['colcon_meta']
[0.937s] Level 1:colcon.colcon_core.package_identification:_identify(assets/AUV YOLO.v4-auvc_yolo26_dataset.yolo26/AUV YOLO.v4-auvc_yolo26_dataset.yolo26/valid/labels) by extension 'colcon_meta'
[0.937s] Level 1:colcon.colcon_core.package_identification:_identify(assets/AUV YOLO.v4-auvc_yolo26_dataset.yolo26/AUV YOLO.v4-auvc_yolo26_dataset.yolo26/valid/labels) by extensions ['ros']
[0.937s] Level 1:colcon.colcon_core.package_identification:_identify(assets/AUV YOLO.v4-auvc_yolo26_dataset.yolo26/AUV YOLO.v4-auvc_yolo26_dataset.yolo26/valid/labels) by extension 'ros'
[0.938s] Level 1:colcon.colcon_core.package_identification:_identify(assets/AUV YOLO.v4-auvc_yolo26_dataset.yolo26/AUV YOLO.v4-auvc_yolo26_dataset.yolo26/valid/labels) by extensions ['cmake', 'python']
[0.938s] Level 1:colcon.colcon_core.package_identification:_identify(assets/AUV YOLO.v4-auvc_yolo26_dataset.yolo26/AUV YOLO.v4-auvc_yolo26_dataset.yolo26/valid/labels) by extension 'cmake'
[0.938s] Level 1:colcon.colcon_core.package_identification:_identify(assets/AUV YOLO.v4-auvc_yolo26_dataset.yolo26/AUV YOLO.v4-auvc_yolo26_dataset.yolo26/valid/labels) by extension 'python'
[0.939s] Level 1:colcon.colcon_core.package_identification:_identify(assets/AUV YOLO.v4-auvc_yolo26_dataset.yolo26/AUV YOLO.v4-auvc_yolo26_dataset.yolo26/valid/labels) by extensions ['python_setup_py']
[0.939s] Level 1:colcon.colcon_core.package_identification:_identify(assets/AUV YOLO.v4-auvc_yolo26_dataset.yolo26/AUV YOLO.v4-auvc_yolo26_dataset.yolo26/valid/labels) by extension 'python_setup_py'
[0.939s] Level 1:colcon.colcon_core.package_identification:_identify(build) by extensions ['ignore', 'ignore_ament_install']
[0.939s] Level 1:colcon.colcon_core.package_identification:_identify(build) by extension 'ignore'
[0.940s] Level 1:colcon.colcon_core.package_identification:_identify(build) ignored
[0.940s] Level 1:colcon.colcon_core.package_identification:_identify(bwsibot) by extensions ['ignore', 'ignore_ament_install']
[0.941s] Level 1:colcon.colcon_core.package_identification:_identify(bwsibot) by extension 'ignore'
[0.941s] Level 1:colcon.colcon_core.package_identification:_identify(bwsibot) by extension 'ignore_ament_install'
[0.941s] Level 1:colcon.colcon_core.package_identification:_identify(bwsibot) by extensions ['colcon_pkg']
[0.941s] Level 1:colcon.colcon_core.package_identification:_identify(bwsibot) by extension 'colcon_pkg'
[0.941s] Level 1:colcon.colcon_core.package_identification:_identify(bwsibot) by extensions ['colcon_meta']
[0.942s] Level 1:colcon.colcon_core.package_identification:_identify(bwsibot) by extension 'colcon_meta'
[0.942s] Level 1:colcon.colcon_core.package_identification:_identify(bwsibot) by extensions ['ros']
[0.942s] Level 1:colcon.colcon_core.package_identification:_identify(bwsibot) by extension 'ros'
[0.942s] Level 1:colcon.colcon_core.package_identification:_identify(bwsibot) by extensions ['cmake', 'python']
[0.942s] Level 1:colcon.colcon_core.package_identification:_identify(bwsibot) by extension 'cmake'
[0.943s] Level 1:colcon.colcon_core.package_identification:_identify(bwsibot) by extension 'python'
[0.943s] Level 1:colcon.colcon_core.package_identification:_identify(bwsibot) by extensions ['python_setup_py']
[0.943s] Level 1:colcon.colcon_core.package_identification:_identify(bwsibot) by extension 'python_setup_py'
[0.943s] Level 1:colcon.colcon_core.package_identification:_identify(bwsibot/logs) by extensions ['ignore', 'ignore_ament_install']
[0.944s] Level 1:colcon.colcon_core.package_identification:_identify(bwsibot/logs) by extension 'ignore'
[0.944s] Level 1:colcon.colcon_core.package_identification:_identify(bwsibot/logs) by extension 'ignore_ament_install'
[0.944s] Level 1:colcon.colcon_core.package_identification:_identify(bwsibot/logs) by extensions ['colcon_pkg']
[0.944s] Level 1:colcon.colcon_core.package_identification:_identify(bwsibot/logs) by extension 'colcon_pkg'
[0.944s] Level 1:colcon.colcon_core.package_identification:_identify(bwsibot/logs) by extensions ['colcon_meta']
[0.944s] Level 1:colcon.colcon_core.package_identification:_identify(bwsibot/logs) by extension 'colcon_meta'
[0.945s] Level 1:colcon.colcon_core.package_identification:_identify(bwsibot/logs) by extensions ['ros']
[0.945s] Level 1:colcon.colcon_core.package_identification:_identify(bwsibot/logs) by extension 'ros'
[0.945s] Level 1:colcon.colcon_core.package_identification:_identify(bwsibot/logs) by extensions ['cmake', 'python']
[0.945s] Level 1:colcon.colcon_core.package_identification:_identify(bwsibot/logs) by extension 'cmake'
[0.945s] Level 1:colcon.colcon_core.package_identification:_identify(bwsibot/logs) by extension 'python'
[0.946s] Level 1:colcon.colcon_core.package_identification:_identify(bwsibot/logs) by extensions ['python_setup_py']
[0.946s] Level 1:colcon.colcon_core.package_identification:_identify(bwsibot/logs) by extension 'python_setup_py'
[0.946s] Level 1:colcon.colcon_core.package_identification:_identify(bwsibot/logs/2026-07-26) by extensions ['ignore', 'ignore_ament_install']
[0.947s] Level 1:colcon.colcon_core.package_identification:_identify(bwsibot/logs/2026-07-26) by extension 'ignore'
[0.947s] Level 1:colcon.colcon_core.package_identification:_identify(bwsibot/logs/2026-07-26) by extension 'ignore_ament_install'
[0.947s] Level 1:colcon.colcon_core.package_identification:_identify(bwsibot/logs/2026-07-26) by extensions ['colcon_pkg']
[0.947s] Level 1:colcon.colcon_core.package_identification:_identify(bwsibot/logs/2026-07-26) by extension 'colcon_pkg'
[0.947s] Level 1:colcon.colcon_core.package_identification:_identify(bwsibot/logs/2026-07-26) by extensions ['colcon_meta']
[0.948s] Level 1:colcon.colcon_core.package_identification:_identify(bwsibot/logs/2026-07-26) by extension 'colcon_meta'
[0.948s] Level 1:colcon.colcon_core.package_identification:_identify(bwsibot/logs/2026-07-26) by extensions ['ros']
[0.948s] Level 1:colcon.colcon_core.package_identification:_identify(bwsibot/logs/2026-07-26) by extension 'ros'
[0.948s] Level 1:colcon.colcon_core.package_identification:_identify(bwsibot/logs/2026-07-26) by extensions ['cmake', 'python']
[0.948s] Level 1:colcon.colcon_core.package_identification:_identify(bwsibot/logs/2026-07-26) by extension 'cmake'
[0.949s] Level 1:colcon.colcon_core.package_identification:_identify(bwsibot/logs/2026-07-26) by extension 'python'
[0.949s] Level 1:colcon.colcon_core.package_identification:_identify(bwsibot/logs/2026-07-26) by extensions ['python_setup_py']
[0.949s] Level 1:colcon.colcon_core.package_identification:_identify(bwsibot/logs/2026-07-26) by extension 'python_setup_py'
[0.949s] Level 1:colcon.colcon_core.package_identification:_identify(bwsibot/logs/2026-07-26/flight1) by extensions ['ignore', 'ignore_ament_install']
[0.950s] Level 1:colcon.colcon_core.package_identification:_identify(bwsibot/logs/2026-07-26/flight1) by extension 'ignore'
[0.950s] Level 1:colcon.colcon_core.package_identification:_identify(bwsibot/logs/2026-07-26/flight1) by extension 'ignore_ament_install'
[0.950s] Level 1:colcon.colcon_core.package_identification:_identify(bwsibot/logs/2026-07-26/flight1) by extensions ['colcon_pkg']
[0.950s] Level 1:colcon.colcon_core.package_identification:_identify(bwsibot/logs/2026-07-26/flight1) by extension 'colcon_pkg'
[0.951s] Level 1:colcon.colcon_core.package_identification:_identify(bwsibot/logs/2026-07-26/flight1) by extensions ['colcon_meta']
[0.951s] Level 1:colcon.colcon_core.package_identification:_identify(bwsibot/logs/2026-07-26/flight1) by extension 'colcon_meta'
[0.951s] Level 1:colcon.colcon_core.package_identification:_identify(bwsibot/logs/2026-07-26/flight1) by extensions ['ros']
[0.951s] Level 1:colcon.colcon_core.package_identification:_identify(bwsibot/logs/2026-07-26/flight1) by extension 'ros'
[0.951s] Level 1:colcon.colcon_core.package_identification:_identify(bwsibot/logs/2026-07-26/flight1) by extensions ['cmake', 'python']
[0.952s] Level 1:colcon.colcon_core.package_identification:_identify(bwsibot/logs/2026-07-26/flight1) by extension 'cmake'
[0.952s] Level 1:colcon.colcon_core.package_identification:_identify(bwsibot/logs/2026-07-26/flight1) by extension 'python'
[0.952s] Level 1:colcon.colcon_core.package_identification:_identify(bwsibot/logs/2026-07-26/flight1) by extensions ['python_setup_py']
[0.952s] Level 1:colcon.colcon_core.package_identification:_identify(bwsibot/logs/2026-07-26/flight1) by extension 'python_setup_py'
[0.952s] Level 1:colcon.colcon_core.package_identification:_identify(bwsibot/logs/2026-07-26/flight2) by extensions ['ignore', 'ignore_ament_install']
[0.953s] Level 1:colcon.colcon_core.package_identification:_identify(bwsibot/logs/2026-07-26/flight2) by extension 'ignore'
[0.953s] Level 1:colcon.colcon_core.package_identification:_identify(bwsibot/logs/2026-07-26/flight2) by extension 'ignore_ament_install'
[0.953s] Level 1:colcon.colcon_core.package_identification:_identify(bwsibot/logs/2026-07-26/flight2) by extensions ['colcon_pkg']
[0.953s] Level 1:colcon.colcon_core.package_identification:_identify(bwsibot/logs/2026-07-26/flight2) by extension 'colcon_pkg'
[0.954s] Level 1:colcon.colcon_core.package_identification:_identify(bwsibot/logs/2026-07-26/flight2) by extensions ['colcon_meta']
[0.954s] Level 1:colcon.colcon_core.package_identification:_identify(bwsibot/logs/2026-07-26/flight2) by extension 'colcon_meta'
[0.954s] Level 1:colcon.colcon_core.package_identification:_identify(bwsibot/logs/2026-07-26/flight2) by extensions ['ros']
[0.954s] Level 1:colcon.colcon_core.package_identification:_identify(bwsibot/logs/2026-07-26/flight2) by extension 'ros'
[0.955s] Level 1:colcon.colcon_core.package_identification:_identify(bwsibot/logs/2026-07-26/flight2) by extensions ['cmake', 'python']
[0.955s] Level 1:colcon.colcon_core.package_identification:_identify(bwsibot/logs/2026-07-26/flight2) by extension 'cmake'
[0.955s] Level 1:colcon.colcon_core.package_identification:_identify(bwsibot/logs/2026-07-26/flight2) by extension 'python'
[0.955s] Level 1:colcon.colcon_core.package_identification:_identify(bwsibot/logs/2026-07-26/flight2) by extensions ['python_setup_py']
[0.955s] Level 1:colcon.colcon_core.package_identification:_identify(bwsibot/logs/2026-07-26/flight2) by extension 'python_setup_py'
[0.956s] Level 1:colcon.colcon_core.package_identification:_identify(bwsibot/logs/2026-07-27) by extensions ['ignore', 'ignore_ament_install']
[0.956s] Level 1:colcon.colcon_core.package_identification:_identify(bwsibot/logs/2026-07-27) by extension 'ignore'
[0.956s] Level 1:colcon.colcon_core.package_identification:_identify(bwsibot/logs/2026-07-27) by extension 'ignore_ament_install'
[0.957s] Level 1:colcon.colcon_core.package_identification:_identify(bwsibot/logs/2026-07-27) by extensions ['colcon_pkg']
[0.957s] Level 1:colcon.colcon_core.package_identification:_identify(bwsibot/logs/2026-07-27) by extension 'colcon_pkg'
[0.957s] Level 1:colcon.colcon_core.package_identification:_identify(bwsibot/logs/2026-07-27) by extensions ['colcon_meta']
[0.957s] Level 1:colcon.colcon_core.package_identification:_identify(bwsibot/logs/2026-07-27) by extension 'colcon_meta'
[0.957s] Level 1:colcon.colcon_core.package_identification:_identify(bwsibot/logs/2026-07-27) by extensions ['ros']
[0.957s] Level 1:colcon.colcon_core.package_identification:_identify(bwsibot/logs/2026-07-27) by extension 'ros'
[0.958s] Level 1:colcon.colcon_core.package_identification:_identify(bwsibot/logs/2026-07-27) by extensions ['cmake', 'python']
[0.958s] Level 1:colcon.colcon_core.package_identification:_identify(bwsibot/logs/2026-07-27) by extension 'cmake'
[0.958s] Level 1:colcon.colcon_core.package_identification:_identify(bwsibot/logs/2026-07-27) by extension 'python'
[0.958s] Level 1:colcon.colcon_core.package_identification:_identify(bwsibot/logs/2026-07-27) by extensions ['python_setup_py']
[0.958s] Level 1:colcon.colcon_core.package_identification:_identify(bwsibot/logs/2026-07-27) by extension 'python_setup_py'
[0.959s] Level 1:colcon.colcon_core.package_identification:_identify(bwsibot/logs/2026-07-27/flight1) by extensions ['ignore', 'ignore_ament_install']
[0.959s] Level 1:colcon.colcon_core.package_identification:_identify(bwsibot/logs/2026-07-27/flight1) by extension 'ignore'
[0.959s] Level 1:colcon.colcon_core.package_identification:_identify(bwsibot/logs/2026-07-27/flight1) by extension 'ignore_ament_install'
[0.960s] Level 1:colcon.colcon_core.package_identification:_identify(bwsibot/logs/2026-07-27/flight1) by extensions ['colcon_pkg']
[0.960s] Level 1:colcon.colcon_core.package_identification:_identify(bwsibot/logs/2026-07-27/flight1) by extension 'colcon_pkg'
[0.960s] Level 1:colcon.colcon_core.package_identification:_identify(bwsibot/logs/2026-07-27/flight1) by extensions ['colcon_meta']
[0.960s] Level 1:colcon.colcon_core.package_identification:_identify(bwsibot/logs/2026-07-27/flight1) by extension 'colcon_meta'
[0.960s] Level 1:colcon.colcon_core.package_identification:_identify(bwsibot/logs/2026-07-27/flight1) by extensions ['ros']
[0.960s] Level 1:colcon.colcon_core.package_identification:_identify(bwsibot/logs/2026-07-27/flight1) by extension 'ros'
[0.961s] Level 1:colcon.colcon_core.package_identification:_identify(bwsibot/logs/2026-07-27/flight1) by extensions ['cmake', 'python']
[0.961s] Level 1:colcon.colcon_core.package_identification:_identify(bwsibot/logs/2026-07-27/flight1) by extension 'cmake'
[0.961s] Level 1:colcon.colcon_core.package_identification:_identify(bwsibot/logs/2026-07-27/flight1) by extension 'python'
[0.962s] Level 1:colcon.colcon_core.package_identification:_identify(bwsibot/logs/2026-07-27/flight1) by extensions ['python_setup_py']
[0.962s] Level 1:colcon.colcon_core.package_identification:_identify(bwsibot/logs/2026-07-27/flight1) by extension 'python_setup_py'
[0.962s] Level 1:colcon.colcon_core.package_identification:_identify(bwsibot/logs/2026-07-27/flight2) by extensions ['ignore', 'ignore_ament_install']
[0.963s] Level 1:colcon.colcon_core.package_identification:_identify(bwsibot/logs/2026-07-27/flight2) by extension 'ignore'
[0.963s] Level 1:colcon.colcon_core.package_identification:_identify(bwsibot/logs/2026-07-27/flight2) by extension 'ignore_ament_install'
[0.963s] Level 1:colcon.colcon_core.package_identification:_identify(bwsibot/logs/2026-07-27/flight2) by extensions ['colcon_pkg']
[0.963s] Level 1:colcon.colcon_core.package_identification:_identify(bwsibot/logs/2026-07-27/flight2) by extension 'colcon_pkg'
[0.964s] Level 1:colcon.colcon_core.package_identification:_identify(bwsibot/logs/2026-07-27/flight2) by extensions ['colcon_meta']
[0.964s] Level 1:colcon.colcon_core.package_identification:_identify(bwsibot/logs/2026-07-27/flight2) by extension 'colcon_meta'
[0.964s] Level 1:colcon.colcon_core.package_identification:_identify(bwsibot/logs/2026-07-27/flight2) by extensions ['ros']
[0.964s] Level 1:colcon.colcon_core.package_identification:_identify(bwsibot/logs/2026-07-27/flight2) by extension 'ros'
[0.964s] Level 1:colcon.colcon_core.package_identification:_identify(bwsibot/logs/2026-07-27/flight2) by extensions ['cmake', 'python']
[0.965s] Level 1:colcon.colcon_core.package_identification:_identify(bwsibot/logs/2026-07-27/flight2) by extension 'cmake'
[0.965s] Level 1:colcon.colcon_core.package_identification:_identify(bwsibot/logs/2026-07-27/flight2) by extension 'python'
[0.965s] Level 1:colcon.colcon_core.package_identification:_identify(bwsibot/logs/2026-07-27/flight2) by extensions ['python_setup_py']
[0.965s] Level 1:colcon.colcon_core.package_identification:_identify(bwsibot/logs/2026-07-27/flight2) by extension 'python_setup_py'
[0.965s] Level 1:colcon.colcon_core.package_identification:_identify(calibration) by extensions ['ignore', 'ignore_ament_install']
[0.966s] Level 1:colcon.colcon_core.package_identification:_identify(calibration) by extension 'ignore'
[0.966s] Level 1:colcon.colcon_core.package_identification:_identify(calibration) by extension 'ignore_ament_install'
[0.966s] Level 1:colcon.colcon_core.package_identification:_identify(calibration) by extensions ['colcon_pkg']
[0.966s] Level 1:colcon.colcon_core.package_identification:_identify(calibration) by extension 'colcon_pkg'
[0.967s] Level 1:colcon.colcon_core.package_identification:_identify(calibration) by extensions ['colcon_meta']
[0.967s] Level 1:colcon.colcon_core.package_identification:_identify(calibration) by extension 'colcon_meta'
[0.967s] Level 1:colcon.colcon_core.package_identification:_identify(calibration) by extensions ['ros']
[0.967s] Level 1:colcon.colcon_core.package_identification:_identify(calibration) by extension 'ros'
[0.967s] Level 1:colcon.colcon_core.package_identification:_identify(calibration) by extensions ['cmake', 'python']
[0.968s] Level 1:colcon.colcon_core.package_identification:_identify(calibration) by extension 'cmake'
[0.968s] Level 1:colcon.colcon_core.package_identification:_identify(calibration) by extension 'python'
[0.968s] Level 1:colcon.colcon_core.package_identification:_identify(calibration) by extensions ['python_setup_py']
[0.968s] Level 1:colcon.colcon_core.package_identification:_identify(calibration) by extension 'python_setup_py'
[0.969s] Level 1:colcon.colcon_core.package_identification:_identify(install) by extensions ['ignore', 'ignore_ament_install']
[0.969s] Level 1:colcon.colcon_core.package_identification:_identify(install) by extension 'ignore'
[0.969s] Level 1:colcon.colcon_core.package_identification:_identify(install) ignored
[0.970s] Level 1:colcon.colcon_core.package_identification:_identify(log) by extensions ['ignore', 'ignore_ament_install']
[0.970s] Level 1:colcon.colcon_core.package_identification:_identify(log) by extension 'ignore'
[0.970s] Level 1:colcon.colcon_core.package_identification:_identify(log) ignored
[0.971s] Level 1:colcon.colcon_core.package_identification:_identify(logs) by extensions ['ignore', 'ignore_ament_install']
[0.971s] Level 1:colcon.colcon_core.package_identification:_identify(logs) by extension 'ignore'
[0.971s] Level 1:colcon.colcon_core.package_identification:_identify(logs) by extension 'ignore_ament_install'
[0.971s] Level 1:colcon.colcon_core.package_identification:_identify(logs) by extensions ['colcon_pkg']
[0.971s] Level 1:colcon.colcon_core.package_identification:_identify(logs) by extension 'colcon_pkg'
[0.972s] Level 1:colcon.colcon_core.package_identification:_identify(logs) by extensions ['colcon_meta']
[0.972s] Level 1:colcon.colcon_core.package_identification:_identify(logs) by extension 'colcon_meta'
[0.972s] Level 1:colcon.colcon_core.package_identification:_identify(logs) by extensions ['ros']
[0.972s] Level 1:colcon.colcon_core.package_identification:_identify(logs) by extension 'ros'
[0.972s] Level 1:colcon.colcon_core.package_identification:_identify(logs) by extensions ['cmake', 'python']
[0.972s] Level 1:colcon.colcon_core.package_identification:_identify(logs) by extension 'cmake'
[0.973s] Level 1:colcon.colcon_core.package_identification:_identify(logs) by extension 'python'
[0.973s] Level 1:colcon.colcon_core.package_identification:_identify(logs) by extensions ['python_setup_py']
[0.973s] Level 1:colcon.colcon_core.package_identification:_identify(logs) by extension 'python_setup_py'
[0.973s] Level 1:colcon.colcon_core.package_identification:_identify(notebooks) by extensions ['ignore', 'ignore_ament_install']
[0.974s] Level 1:colcon.colcon_core.package_identification:_identify(notebooks) by extension 'ignore'
[0.974s] Level 1:colcon.colcon_core.package_identification:_identify(notebooks) by extension 'ignore_ament_install'
[0.974s] Level 1:colcon.colcon_core.package_identification:_identify(notebooks) by extensions ['colcon_pkg']
[0.974s] Level 1:colcon.colcon_core.package_identification:_identify(notebooks) by extension 'colcon_pkg'
[0.974s] Level 1:colcon.colcon_core.package_identification:_identify(notebooks) by extensions ['colcon_meta']
[0.975s] Level 1:colcon.colcon_core.package_identification:_identify(notebooks) by extension 'colcon_meta'
[0.975s] Level 1:colcon.colcon_core.package_identification:_identify(notebooks) by extensions ['ros']
[0.975s] Level 1:colcon.colcon_core.package_identification:_identify(notebooks) by extension 'ros'
[0.975s] Level 1:colcon.colcon_core.package_identification:_identify(notebooks) by extensions ['cmake', 'python']
[0.975s] Level 1:colcon.colcon_core.package_identification:_identify(notebooks) by extension 'cmake'
[0.975s] Level 1:colcon.colcon_core.package_identification:_identify(notebooks) by extension 'python'
[0.976s] Level 1:colcon.colcon_core.package_identification:_identify(notebooks) by extensions ['python_setup_py']
[0.976s] Level 1:colcon.colcon_core.package_identification:_identify(notebooks) by extension 'python_setup_py'
[0.976s] Level 1:colcon.colcon_core.package_identification:_identify(ros_ws) by extensions ['ignore', 'ignore_ament_install']
[0.976s] Level 1:colcon.colcon_core.package_identification:_identify(ros_ws) by extension 'ignore'
[0.977s] Level 1:colcon.colcon_core.package_identification:_identify(ros_ws) by extension 'ignore_ament_install'
[0.977s] Level 1:colcon.colcon_core.package_identification:_identify(ros_ws) by extensions ['colcon_pkg']
[0.977s] Level 1:colcon.colcon_core.package_identification:_identify(ros_ws) by extension 'colcon_pkg'
[0.977s] Level 1:colcon.colcon_core.package_identification:_identify(ros_ws) by extensions ['colcon_meta']
[0.977s] Level 1:colcon.colcon_core.package_identification:_identify(ros_ws) by extension 'colcon_meta'
[0.978s] Level 1:colcon.colcon_core.package_identification:_identify(ros_ws) by extensions ['ros']
[0.978s] Level 1:colcon.colcon_core.package_identification:_identify(ros_ws) by extension 'ros'
[0.978s] Level 1:colcon.colcon_core.package_identification:_identify(ros_ws) by extensions ['cmake', 'python']
[0.978s] Level 1:colcon.colcon_core.package_identification:_identify(ros_ws) by extension 'cmake'
[0.978s] Level 1:colcon.colcon_core.package_identification:_identify(ros_ws) by extension 'python'
[0.979s] Level 1:colcon.colcon_core.package_identification:_identify(ros_ws) by extensions ['python_setup_py']
[0.979s] Level 1:colcon.colcon_core.package_identification:_identify(ros_ws) by extension 'python_setup_py'
[0.979s] Level 1:colcon.colcon_core.package_identification:_identify(ros_ws/build) by extensions ['ignore', 'ignore_ament_install']
[0.979s] Level 1:colcon.colcon_core.package_identification:_identify(ros_ws/build) by extension 'ignore'
[0.980s] Level 1:colcon.colcon_core.package_identification:_identify(ros_ws/build) ignored
[0.980s] Level 1:colcon.colcon_core.package_identification:_identify(ros_ws/install) by extensions ['ignore', 'ignore_ament_install']
[0.980s] Level 1:colcon.colcon_core.package_identification:_identify(ros_ws/install) by extension 'ignore'
[0.981s] Level 1:colcon.colcon_core.package_identification:_identify(ros_ws/install) ignored
[0.981s] Level 1:colcon.colcon_core.package_identification:_identify(ros_ws/log) by extensions ['ignore', 'ignore_ament_install']
[0.982s] Level 1:colcon.colcon_core.package_identification:_identify(ros_ws/log) by extension 'ignore'
[0.982s] Level 1:colcon.colcon_core.package_identification:_identify(ros_ws/log) ignored
[0.982s] Level 1:colcon.colcon_core.package_identification:_identify(ros_ws/src) by extensions ['ignore', 'ignore_ament_install']
[0.983s] Level 1:colcon.colcon_core.package_identification:_identify(ros_ws/src) by extension 'ignore'
[0.983s] Level 1:colcon.colcon_core.package_identification:_identify(ros_ws/src) by extension 'ignore_ament_install'
[0.983s] Level 1:colcon.colcon_core.package_identification:_identify(ros_ws/src) by extensions ['colcon_pkg']
[0.984s] Level 1:colcon.colcon_core.package_identification:_identify(ros_ws/src) by extension 'colcon_pkg'
[0.984s] Level 1:colcon.colcon_core.package_identification:_identify(ros_ws/src) by extensions ['colcon_meta']
[0.984s] Level 1:colcon.colcon_core.package_identification:_identify(ros_ws/src) by extension 'colcon_meta'
[0.984s] Level 1:colcon.colcon_core.package_identification:_identify(ros_ws/src) by extensions ['ros']
[0.984s] Level 1:colcon.colcon_core.package_identification:_identify(ros_ws/src) by extension 'ros'
[0.985s] Level 1:colcon.colcon_core.package_identification:_identify(ros_ws/src) by extensions ['cmake', 'python']
[0.985s] Level 1:colcon.colcon_core.package_identification:_identify(ros_ws/src) by extension 'cmake'
[0.985s] Level 1:colcon.colcon_core.package_identification:_identify(ros_ws/src) by extension 'python'
[0.985s] Level 1:colcon.colcon_core.package_identification:_identify(ros_ws/src) by extensions ['python_setup_py']
[0.985s] Level 1:colcon.colcon_core.package_identification:_identify(ros_ws/src) by extension 'python_setup_py'
[0.986s] Level 1:colcon.colcon_core.package_identification:_identify(ros_ws/src/bringup) by extensions ['ignore', 'ignore_ament_install']
[0.986s] Level 1:colcon.colcon_core.package_identification:_identify(ros_ws/src/bringup) by extension 'ignore'
[0.986s] Level 1:colcon.colcon_core.package_identification:_identify(ros_ws/src/bringup) by extension 'ignore_ament_install'
[0.987s] Level 1:colcon.colcon_core.package_identification:_identify(ros_ws/src/bringup) by extensions ['colcon_pkg']
[0.987s] Level 1:colcon.colcon_core.package_identification:_identify(ros_ws/src/bringup) by extension 'colcon_pkg'
[0.987s] Level 1:colcon.colcon_core.package_identification:_identify(ros_ws/src/bringup) by extensions ['colcon_meta']
[0.987s] Level 1:colcon.colcon_core.package_identification:_identify(ros_ws/src/bringup) by extension 'colcon_meta'
[0.987s] Level 1:colcon.colcon_core.package_identification:_identify(ros_ws/src/bringup) by extensions ['ros']
[0.988s] Level 1:colcon.colcon_core.package_identification:_identify(ros_ws/src/bringup) by extension 'ros'
[0.999s] DEBUG:colcon.colcon_core.package_identification:Package 'ros_ws/src/bringup' with type 'ros.ament_python' and name 'bringup'
[1.000s] Level 1:colcon.colcon_core.package_identification:_identify(ros_ws/src/control) by extensions ['ignore', 'ignore_ament_install']
[1.000s] Level 1:colcon.colcon_core.package_identification:_identify(ros_ws/src/control) by extension 'ignore'
[1.001s] Level 1:colcon.colcon_core.package_identification:_identify(ros_ws/src/control) by extension 'ignore_ament_install'
[1.001s] Level 1:colcon.colcon_core.package_identification:_identify(ros_ws/src/control) by extensions ['colcon_pkg']
[1.001s] Level 1:colcon.colcon_core.package_identification:_identify(ros_ws/src/control) by extension 'colcon_pkg'
[1.001s] Level 1:colcon.colcon_core.package_identification:_identify(ros_ws/src/control) by extensions ['colcon_meta']
[1.001s] Level 1:colcon.colcon_core.package_identification:_identify(ros_ws/src/control) by extension 'colcon_meta'
[1.001s] Level 1:colcon.colcon_core.package_identification:_identify(ros_ws/src/control) by extensions ['ros']
[1.002s] Level 1:colcon.colcon_core.package_identification:_identify(ros_ws/src/control) by extension 'ros'
[1.007s] DEBUG:colcon.colcon_core.package_identification:Package 'ros_ws/src/control' with type 'ros.ament_python' and name 'control'
[1.008s] Level 1:colcon.colcon_core.package_identification:_identify(ros_ws/src/cv) by extensions ['ignore', 'ignore_ament_install']
[1.008s] Level 1:colcon.colcon_core.package_identification:_identify(ros_ws/src/cv) by extension 'ignore'
[1.009s] Level 1:colcon.colcon_core.package_identification:_identify(ros_ws/src/cv) by extension 'ignore_ament_install'
[1.009s] Level 1:colcon.colcon_core.package_identification:_identify(ros_ws/src/cv) by extensions ['colcon_pkg']
[1.009s] Level 1:colcon.colcon_core.package_identification:_identify(ros_ws/src/cv) by extension 'colcon_pkg'
[1.009s] Level 1:colcon.colcon_core.package_identification:_identify(ros_ws/src/cv) by extensions ['colcon_meta']
[1.009s] Level 1:colcon.colcon_core.package_identification:_identify(ros_ws/src/cv) by extension 'colcon_meta'
[1.010s] Level 1:colcon.colcon_core.package_identification:_identify(ros_ws/src/cv) by extensions ['ros']
[1.010s] Level 1:colcon.colcon_core.package_identification:_identify(ros_ws/src/cv) by extension 'ros'
[1.015s] DEBUG:colcon.colcon_core.package_identification:Package 'ros_ws/src/cv' with type 'ros.ament_python' and name 'cv'
[1.015s] Level 1:colcon.colcon_core.package_identification:_identify(ros_ws/src/flashing) by extensions ['ignore', 'ignore_ament_install']
[1.016s] Level 1:colcon.colcon_core.package_identification:_identify(ros_ws/src/flashing) by extension 'ignore'
[1.016s] Level 1:colcon.colcon_core.package_identification:_identify(ros_ws/src/flashing) by extension 'ignore_ament_install'
[1.016s] Level 1:colcon.colcon_core.package_identification:_identify(ros_ws/src/flashing) by extensions ['colcon_pkg']
[1.017s] Level 1:colcon.colcon_core.package_identification:_identify(ros_ws/src/flashing) by extension 'colcon_pkg'
[1.017s] Level 1:colcon.colcon_core.package_identification:_identify(ros_ws/src/flashing) by extensions ['colcon_meta']
[1.017s] Level 1:colcon.colcon_core.package_identification:_identify(ros_ws/src/flashing) by extension 'colcon_meta'
[1.017s] Level 1:colcon.colcon_core.package_identification:_identify(ros_ws/src/flashing) by extensions ['ros']
[1.017s] Level 1:colcon.colcon_core.package_identification:_identify(ros_ws/src/flashing) by extension 'ros'
[1.023s] DEBUG:colcon.colcon_core.package_identification:Package 'ros_ws/src/flashing' with type 'ros.ament_python' and name 'flashing'
[1.023s] Level 1:colcon.colcon_core.package_identification:_identify(ros_ws/src/hardware) by extensions ['ignore', 'ignore_ament_install']
[1.024s] Level 1:colcon.colcon_core.package_identification:_identify(ros_ws/src/hardware) by extension 'ignore'
[1.024s] Level 1:colcon.colcon_core.package_identification:_identify(ros_ws/src/hardware) by extension 'ignore_ament_install'
[1.024s] Level 1:colcon.colcon_core.package_identification:_identify(ros_ws/src/hardware) by extensions ['colcon_pkg']
[1.025s] Level 1:colcon.colcon_core.package_identification:_identify(ros_ws/src/hardware) by extension 'colcon_pkg'
[1.025s] Level 1:colcon.colcon_core.package_identification:_identify(ros_ws/src/hardware) by extensions ['colcon_meta']
[1.025s] Level 1:colcon.colcon_core.package_identification:_identify(ros_ws/src/hardware) by extension 'colcon_meta'
[1.025s] Level 1:colcon.colcon_core.package_identification:_identify(ros_ws/src/hardware) by extensions ['ros']
[1.025s] Level 1:colcon.colcon_core.package_identification:_identify(ros_ws/src/hardware) by extension 'ros'
[1.030s] DEBUG:colcon.colcon_core.package_identification:Package 'ros_ws/src/hardware' with type 'ros.ament_python' and name 'hardware'
[1.031s] Level 1:colcon.colcon_core.package_identification:_identify(ros_ws/src/msgs) by extensions ['ignore', 'ignore_ament_install']
[1.031s] Level 1:colcon.colcon_core.package_identification:_identify(ros_ws/src/msgs) by extension 'ignore'
[1.032s] Level 1:colcon.colcon_core.package_identification:_identify(ros_ws/src/msgs) by extension 'ignore_ament_install'
[1.032s] Level 1:colcon.colcon_core.package_identification:_identify(ros_ws/src/msgs) by extensions ['colcon_pkg']
[1.032s] Level 1:colcon.colcon_core.package_identification:_identify(ros_ws/src/msgs) by extension 'colcon_pkg'
[1.032s] Level 1:colcon.colcon_core.package_identification:_identify(ros_ws/src/msgs) by extensions ['colcon_meta']
[1.032s] Level 1:colcon.colcon_core.package_identification:_identify(ros_ws/src/msgs) by extension 'colcon_meta'
[1.033s] Level 1:colcon.colcon_core.package_identification:_identify(ros_ws/src/msgs) by extensions ['ros']
[1.033s] Level 1:colcon.colcon_core.package_identification:_identify(ros_ws/src/msgs) by extension 'ros'
[1.038s] DEBUG:colcon.colcon_core.package_identification:Package 'ros_ws/src/msgs' with type 'ros.ament_cmake' and name 'msgs'
[1.038s] Level 1:colcon.colcon_core.package_identification:_identify(scripts) by extensions ['ignore', 'ignore_ament_install']
[1.039s] Level 1:colcon.colcon_core.package_identification:_identify(scripts) by extension 'ignore'
[1.039s] Level 1:colcon.colcon_core.package_identification:_identify(scripts) by extension 'ignore_ament_install'
[1.039s] Level 1:colcon.colcon_core.package_identification:_identify(scripts) by extensions ['colcon_pkg']
[1.039s] Level 1:colcon.colcon_core.package_identification:_identify(scripts) by extension 'colcon_pkg'
[1.040s] Level 1:colcon.colcon_core.package_identification:_identify(scripts) by extensions ['colcon_meta']
[1.040s] Level 1:colcon.colcon_core.package_identification:_identify(scripts) by extension 'colcon_meta'
[1.040s] Level 1:colcon.colcon_core.package_identification:_identify(scripts) by extensions ['ros']
[1.040s] Level 1:colcon.colcon_core.package_identification:_identify(scripts) by extension 'ros'
[1.040s] Level 1:colcon.colcon_core.package_identification:_identify(scripts) by extensions ['cmake', 'python']
[1.041s] Level 1:colcon.colcon_core.package_identification:_identify(scripts) by extension 'cmake'
[1.041s] Level 1:colcon.colcon_core.package_identification:_identify(scripts) by extension 'python'
[1.041s] Level 1:colcon.colcon_core.package_identification:_identify(scripts) by extensions ['python_setup_py']
[1.041s] Level 1:colcon.colcon_core.package_identification:_identify(scripts) by extension 'python_setup_py'
[1.041s] Level 1:colcon.colcon_core.package_identification:_identify(simulation) by extensions ['ignore', 'ignore_ament_install']
[1.042s] Level 1:colcon.colcon_core.package_identification:_identify(simulation) by extension 'ignore'
[1.042s] Level 1:colcon.colcon_core.package_identification:_identify(simulation) by extension 'ignore_ament_install'
[1.042s] Level 1:colcon.colcon_core.package_identification:_identify(simulation) by extensions ['colcon_pkg']
[1.042s] Level 1:colcon.colcon_core.package_identification:_identify(simulation) by extension 'colcon_pkg'
[1.043s] Level 1:colcon.colcon_core.package_identification:_identify(simulation) by extensions ['colcon_meta']
[1.043s] Level 1:colcon.colcon_core.package_identification:_identify(simulation) by extension 'colcon_meta'
[1.043s] Level 1:colcon.colcon_core.package_identification:_identify(simulation) by extensions ['ros']
[1.043s] Level 1:colcon.colcon_core.package_identification:_identify(simulation) by extension 'ros'
[1.043s] Level 1:colcon.colcon_core.package_identification:_identify(simulation) by extensions ['cmake', 'python']
[1.044s] Level 1:colcon.colcon_core.package_identification:_identify(simulation) by extension 'cmake'
[1.044s] Level 1:colcon.colcon_core.package_identification:_identify(simulation) by extension 'python'
[1.044s] Level 1:colcon.colcon_core.package_identification:_identify(simulation) by extensions ['python_setup_py']
[1.044s] Level 1:colcon.colcon_core.package_identification:_identify(simulation) by extension 'python_setup_py'
[1.045s] Level 1:colcon.colcon_core.package_identification:_identify(simulation/gazebo_bluerov2) by extensions ['ignore', 'ignore_ament_install']
[1.046s] Level 1:colcon.colcon_core.package_identification:_identify(simulation/gazebo_bluerov2) by extension 'ignore'
[1.046s] Level 1:colcon.colcon_core.package_identification:_identify(simulation/gazebo_bluerov2) by extension 'ignore_ament_install'
[1.046s] Level 1:colcon.colcon_core.package_identification:_identify(simulation/gazebo_bluerov2) by extensions ['colcon_pkg']
[1.046s] Level 1:colcon.colcon_core.package_identification:_identify(simulation/gazebo_bluerov2) by extension 'colcon_pkg'
[1.047s] Level 1:colcon.colcon_core.package_identification:_identify(simulation/gazebo_bluerov2) by extensions ['colcon_meta']
[1.047s] Level 1:colcon.colcon_core.package_identification:_identify(simulation/gazebo_bluerov2) by extension 'colcon_meta'
[1.047s] Level 1:colcon.colcon_core.package_identification:_identify(simulation/gazebo_bluerov2) by extensions ['ros']
[1.047s] Level 1:colcon.colcon_core.package_identification:_identify(simulation/gazebo_bluerov2) by extension 'ros'
[1.049s] DEBUG:colcon.colcon_core.package_identification:Package 'simulation/gazebo_bluerov2' with type 'ros.ament_cmake' and name 'gazebo_bluerov2'
[1.049s] Level 1:colcon.colcon_core.package_discovery:discover_packages(recursive) using defaults
[1.050s] Level 1:colcon.colcon_core.package_discovery:discover_packages(ignore) discover
[1.050s] Level 1:colcon.colcon_core.package_discovery:discover_packages(ignore) using defaults
[1.050s] Level 1:colcon.colcon_core.package_discovery:discover_packages(path) discover
[1.051s] Level 1:colcon.colcon_core.package_discovery:discover_packages(path) using defaults
[1.143s] INFO:colcon.colcon_core.package_selection:Skipping package 'gazebo_bluerov2' in 'simulation/gazebo_bluerov2'
[1.145s] Level 1:colcon.colcon_core.package_discovery:discover_packages(prefix_path) check parameters
[1.145s] Level 1:colcon.colcon_core.package_discovery:discover_packages(prefix_path) discover
[1.150s] WARNING:colcon.colcon_ros.prefix_path.ament:The path '/home/ngt/ZENS-Final-AUVC/install/msgs' in the environment variable AMENT_PREFIX_PATH doesn't exist
[1.155s] WARNING:colcon.colcon_ros.prefix_path.catkin:The path '/home/ngt/ZENS-Final-AUVC/install/msgs' in the environment variable CMAKE_PREFIX_PATH doesn't exist
[1.160s] DEBUG:colcon.colcon_installed_package_information.package_discovery:Found 5 installed packages in /home/ngt/ZENS-Final-AUVC/install
[1.163s] DEBUG:colcon.colcon_installed_package_information.package_discovery:Found 1 installed packages in /home/ngt/cv_ws/install
[1.165s] DEBUG:colcon.colcon_installed_package_information.package_discovery:Found 2 installed packages in /home/ngt/pid_ws/install
[1.168s] DEBUG:colcon.colcon_installed_package_information.package_discovery:Found 6 installed packages in /home/ngt/auvc_ws/install
[1.171s] DEBUG:colcon.colcon_installed_package_information.package_discovery:Found 1 installed packages in /home/ngt/auv_dancing/install
[1.181s] DEBUG:colcon.colcon_installed_package_information.package_discovery:Found 261 installed packages in /opt/ros/jazzy
[1.185s] Level 1:colcon.colcon_core.package_discovery:discover_packages(prefix_path) using defaults
[1.372s] Level 5:colcon.colcon_core.verb:set package 'bringup' build argument 'cmake_args' from command line to 'None'
[1.372s] Level 5:colcon.colcon_core.verb:set package 'bringup' build argument 'cmake_target' from command line to 'None'
[1.373s] Level 5:colcon.colcon_core.verb:set package 'bringup' build argument 'cmake_target_skip_unavailable' from command line to 'False'
[1.373s] Level 5:colcon.colcon_core.verb:set package 'bringup' build argument 'cmake_clean_cache' from command line to 'False'
[1.373s] Level 5:colcon.colcon_core.verb:set package 'bringup' build argument 'cmake_clean_first' from command line to 'False'
[1.373s] Level 5:colcon.colcon_core.verb:set package 'bringup' build argument 'cmake_force_configure' from command line to 'False'
[1.373s] Level 5:colcon.colcon_core.verb:set package 'bringup' build argument 'ament_cmake_args' from command line to 'None'
[1.373s] Level 5:colcon.colcon_core.verb:set package 'bringup' build argument 'catkin_cmake_args' from command line to 'None'
[1.373s] Level 5:colcon.colcon_core.verb:set package 'bringup' build argument 'catkin_skip_building_tests' from command line to 'False'
[1.373s] DEBUG:colcon.colcon_core.verb:Building package 'bringup' with the following arguments: {'ament_cmake_args': None, 'build_base': '/home/ngt/ZENS-Final-AUVC/build/bringup', 'catkin_cmake_args': None, 'catkin_skip_building_tests': False, 'cmake_args': None, 'cmake_clean_cache': False, 'cmake_clean_first': False, 'cmake_force_configure': False, 'cmake_target': None, 'cmake_target_skip_unavailable': False, 'install_base': '/home/ngt/ZENS-Final-AUVC/install/bringup', 'merge_install': False, 'path': '/home/ngt/ZENS-Final-AUVC/ros_ws/src/bringup', 'symlink_install': False, 'test_result_base': None}
[1.375s] Level 5:colcon.colcon_core.verb:set package 'control' build argument 'cmake_args' from command line to 'None'
[1.375s] Level 5:colcon.colcon_core.verb:set package 'control' build argument 'cmake_target' from command line to 'None'
[1.375s] Level 5:colcon.colcon_core.verb:set package 'control' build argument 'cmake_target_skip_unavailable' from command line to 'False'
[1.375s] Level 5:colcon.colcon_core.verb:set package 'control' build argument 'cmake_clean_cache' from command line to 'False'
[1.375s] Level 5:colcon.colcon_core.verb:set package 'control' build argument 'cmake_clean_first' from command line to 'False'
[1.375s] Level 5:colcon.colcon_core.verb:set package 'control' build argument 'cmake_force_configure' from command line to 'False'
[1.375s] Level 5:colcon.colcon_core.verb:set package 'control' build argument 'ament_cmake_args' from command line to 'None'
[1.376s] Level 5:colcon.colcon_core.verb:set package 'control' build argument 'catkin_cmake_args' from command line to 'None'
[1.376s] Level 5:colcon.colcon_core.verb:set package 'control' build argument 'catkin_skip_building_tests' from command line to 'False'
[1.376s] DEBUG:colcon.colcon_core.verb:Building package 'control' with the following arguments: {'ament_cmake_args': None, 'build_base': '/home/ngt/ZENS-Final-AUVC/build/control', 'catkin_cmake_args': None, 'catkin_skip_building_tests': False, 'cmake_args': None, 'cmake_clean_cache': False, 'cmake_clean_first': False, 'cmake_force_configure': False, 'cmake_target': None, 'cmake_target_skip_unavailable': False, 'install_base': '/home/ngt/ZENS-Final-AUVC/install/control', 'merge_install': False, 'path': '/home/ngt/ZENS-Final-AUVC/ros_ws/src/control', 'symlink_install': False, 'test_result_base': None}
[1.377s] Level 5:colcon.colcon_core.verb:set package 'cv' build argument 'cmake_args' from command line to 'None'
[1.377s] Level 5:colcon.colcon_core.verb:set package 'cv' build argument 'cmake_target' from command line to 'None'
[1.377s] Level 5:colcon.colcon_core.verb:set package 'cv' build argument 'cmake_target_skip_unavailable' from command line to 'False'
[1.378s] Level 5:colcon.colcon_core.verb:set package 'cv' build argument 'cmake_clean_cache' from command line to 'False'
[1.378s] Level 5:colcon.colcon_core.verb:set package 'cv' build argument 'cmake_clean_first' from command line to 'False'
[1.378s] Level 5:colcon.colcon_core.verb:set package 'cv' build argument 'cmake_force_configure' from command line to 'False'
[1.378s] Level 5:colcon.colcon_core.verb:set package 'cv' build argument 'ament_cmake_args' from command line to 'None'
[1.378s] Level 5:colcon.colcon_core.verb:set package 'cv' build argument 'catkin_cmake_args' from command line to 'None'
[1.378s] Level 5:colcon.colcon_core.verb:set package 'cv' build argument 'catkin_skip_building_tests' from command line to 'False'
[1.378s] DEBUG:colcon.colcon_core.verb:Building package 'cv' with the following arguments: {'ament_cmake_args': None, 'build_base': '/home/ngt/ZENS-Final-AUVC/build/cv', 'catkin_cmake_args': None, 'catkin_skip_building_tests': False, 'cmake_args': None, 'cmake_clean_cache': False, 'cmake_clean_first': False, 'cmake_force_configure': False, 'cmake_target': None, 'cmake_target_skip_unavailable': False, 'install_base': '/home/ngt/ZENS-Final-AUVC/install/cv', 'merge_install': False, 'path': '/home/ngt/ZENS-Final-AUVC/ros_ws/src/cv', 'symlink_install': False, 'test_result_base': None}
[1.380s] Level 5:colcon.colcon_core.verb:set package 'flashing' build argument 'cmake_args' from command line to 'None'
[1.380s] Level 5:colcon.colcon_core.verb:set package 'flashing' build argument 'cmake_target' from command line to 'None'
[1.380s] Level 5:colcon.colcon_core.verb:set package 'flashing' build argument 'cmake_target_skip_unavailable' from command line to 'False'
[1.380s] Level 5:colcon.colcon_core.verb:set package 'flashing' build argument 'cmake_clean_cache' from command line to 'False'
[1.380s] Level 5:colcon.colcon_core.verb:set package 'flashing' build argument 'cmake_clean_first' from command line to 'False'
[1.380s] Level 5:colcon.colcon_core.verb:set package 'flashing' build argument 'cmake_force_configure' from command line to 'False'
[1.380s] Level 5:colcon.colcon_core.verb:set package 'flashing' build argument 'ament_cmake_args' from command line to 'None'
[1.380s] Level 5:colcon.colcon_core.verb:set package 'flashing' build argument 'catkin_cmake_args' from command line to 'None'
[1.380s] Level 5:colcon.colcon_core.verb:set package 'flashing' build argument 'catkin_skip_building_tests' from command line to 'False'
[1.381s] DEBUG:colcon.colcon_core.verb:Building package 'flashing' with the following arguments: {'ament_cmake_args': None, 'build_base': '/home/ngt/ZENS-Final-AUVC/build/flashing', 'catkin_cmake_args': None, 'catkin_skip_building_tests': False, 'cmake_args': None, 'cmake_clean_cache': False, 'cmake_clean_first': False, 'cmake_force_configure': False, 'cmake_target': None, 'cmake_target_skip_unavailable': False, 'install_base': '/home/ngt/ZENS-Final-AUVC/install/flashing', 'merge_install': False, 'path': '/home/ngt/ZENS-Final-AUVC/ros_ws/src/flashing', 'symlink_install': False, 'test_result_base': None}
[1.382s] Level 5:colcon.colcon_core.verb:set package 'hardware' build argument 'cmake_args' from command line to 'None'
[1.382s] Level 5:colcon.colcon_core.verb:set package 'hardware' build argument 'cmake_target' from command line to 'None'
[1.382s] Level 5:colcon.colcon_core.verb:set package 'hardware' build argument 'cmake_target_skip_unavailable' from command line to 'False'
[1.382s] Level 5:colcon.colcon_core.verb:set package 'hardware' build argument 'cmake_clean_cache' from command line to 'False'
[1.383s] Level 5:colcon.colcon_core.verb:set package 'hardware' build argument 'cmake_clean_first' from command line to 'False'
[1.383s] Level 5:colcon.colcon_core.verb:set package 'hardware' build argument 'cmake_force_configure' from command line to 'False'
[1.383s] Level 5:colcon.colcon_core.verb:set package 'hardware' build argument 'ament_cmake_args' from command line to 'None'
[1.383s] Level 5:colcon.colcon_core.verb:set package 'hardware' build argument 'catkin_cmake_args' from command line to 'None'
[1.383s] Level 5:colcon.colcon_core.verb:set package 'hardware' build argument 'catkin_skip_building_tests' from command line to 'False'
[1.383s] DEBUG:colcon.colcon_core.verb:Building package 'hardware' with the following arguments: {'ament_cmake_args': None, 'build_base': '/home/ngt/ZENS-Final-AUVC/build/hardware', 'catkin_cmake_args': None, 'catkin_skip_building_tests': False, 'cmake_args': None, 'cmake_clean_cache': False, 'cmake_clean_first': False, 'cmake_force_configure': False, 'cmake_target': None, 'cmake_target_skip_unavailable': False, 'install_base': '/home/ngt/ZENS-Final-AUVC/install/hardware', 'merge_install': False, 'path': '/home/ngt/ZENS-Final-AUVC/ros_ws/src/hardware', 'symlink_install': False, 'test_result_base': None}
[1.385s] Level 5:colcon.colcon_core.verb:set package 'msgs' build argument 'cmake_args' from command line to 'None'
[1.385s] Level 5:colcon.colcon_core.verb:set package 'msgs' build argument 'cmake_target' from command line to 'None'
[1.385s] Level 5:colcon.colcon_core.verb:set package 'msgs' build argument 'cmake_target_skip_unavailable' from command line to 'False'
[1.385s] Level 5:colcon.colcon_core.verb:set package 'msgs' build argument 'cmake_clean_cache' from command line to 'False'
[1.385s] Level 5:colcon.colcon_core.verb:set package 'msgs' build argument 'cmake_clean_first' from command line to 'False'
[1.385s] Level 5:colcon.colcon_core.verb:set package 'msgs' build argument 'cmake_force_configure' from command line to 'False'
[1.385s] Level 5:colcon.colcon_core.verb:set package 'msgs' build argument 'ament_cmake_args' from command line to 'None'
[1.385s] Level 5:colcon.colcon_core.verb:set package 'msgs' build argument 'catkin_cmake_args' from command line to 'None'
[1.386s] Level 5:colcon.colcon_core.verb:set package 'msgs' build argument 'catkin_skip_building_tests' from command line to 'False'
[1.386s] DEBUG:colcon.colcon_core.verb:Building package 'msgs' with the following arguments: {'ament_cmake_args': None, 'build_base': '/home/ngt/ZENS-Final-AUVC/build/msgs', 'catkin_cmake_args': None, 'catkin_skip_building_tests': False, 'cmake_args': None, 'cmake_clean_cache': False, 'cmake_clean_first': False, 'cmake_force_configure': False, 'cmake_target': None, 'cmake_target_skip_unavailable': False, 'install_base': '/home/ngt/ZENS-Final-AUVC/install/msgs', 'merge_install': False, 'path': '/home/ngt/ZENS-Final-AUVC/ros_ws/src/msgs', 'symlink_install': False, 'test_result_base': None}
[1.386s] INFO:colcon.colcon_core.executor:Executing jobs using 'parallel' executor
[1.389s] DEBUG:colcon.colcon_parallel_executor.executor.parallel:run_until_complete
[1.390s] INFO:colcon.colcon_ros.task.ament_python.build:Building ROS package in '/home/ngt/ZENS-Final-AUVC/ros_ws/src/bringup' with build type 'ament_python'
[1.391s] Level 1:colcon.colcon_core.shell:create_environment_hook('bringup', 'ament_prefix_path')
[1.401s] INFO:colcon.colcon_core.plugin_system:Skipping extension 'colcon_core.shell.bat': Not used on non-Windows systems
[1.402s] INFO:colcon.colcon_core.shell:Creating environment hook '/home/ngt/ZENS-Final-AUVC/install/bringup/share/bringup/hook/ament_prefix_path.ps1'
[1.405s] INFO:colcon.colcon_core.shell:Creating environment descriptor '/home/ngt/ZENS-Final-AUVC/install/bringup/share/bringup/hook/ament_prefix_path.dsv'
[1.407s] INFO:colcon.colcon_core.shell:Creating environment hook '/home/ngt/ZENS-Final-AUVC/install/bringup/share/bringup/hook/ament_prefix_path.sh'
[1.410s] INFO:colcon.colcon_core.shell:Skip shell extension 'powershell' for command environment: Not usable outside of PowerShell
[1.410s] DEBUG:colcon.colcon_core.shell:Skip shell extension 'dsv' for command environment
[1.441s] INFO:colcon.colcon_ros.task.ament_python.build:Building ROS package in '/home/ngt/ZENS-Final-AUVC/ros_ws/src/control' with build type 'ament_python'
[1.442s] Level 1:colcon.colcon_core.shell:create_environment_hook('control', 'ament_prefix_path')
[1.443s] INFO:colcon.colcon_core.shell:Creating environment hook '/home/ngt/ZENS-Final-AUVC/install/control/share/control/hook/ament_prefix_path.ps1'
[1.445s] INFO:colcon.colcon_core.shell:Creating environment descriptor '/home/ngt/ZENS-Final-AUVC/install/control/share/control/hook/ament_prefix_path.dsv'
[1.447s] INFO:colcon.colcon_core.shell:Creating environment hook '/home/ngt/ZENS-Final-AUVC/install/control/share/control/hook/ament_prefix_path.sh'
[1.450s] INFO:colcon.colcon_core.shell:Skip shell extension 'powershell' for command environment: Not usable outside of PowerShell
[1.451s] DEBUG:colcon.colcon_core.shell:Skip shell extension 'dsv' for command environment
[1.483s] INFO:colcon.colcon_ros.task.ament_python.build:Building ROS package in '/home/ngt/ZENS-Final-AUVC/ros_ws/src/cv' with build type 'ament_python'
[1.484s] Level 1:colcon.colcon_core.shell:create_environment_hook('cv', 'ament_prefix_path')
[1.486s] INFO:colcon.colcon_core.shell:Creating environment hook '/home/ngt/ZENS-Final-AUVC/install/cv/share/cv/hook/ament_prefix_path.ps1'
[1.488s] INFO:colcon.colcon_core.shell:Creating environment descriptor '/home/ngt/ZENS-Final-AUVC/install/cv/share/cv/hook/ament_prefix_path.dsv'
[1.491s] INFO:colcon.colcon_core.shell:Creating environment hook '/home/ngt/ZENS-Final-AUVC/install/cv/share/cv/hook/ament_prefix_path.sh'
[1.494s] INFO:colcon.colcon_core.shell:Skip shell extension 'powershell' for command environment: Not usable outside of PowerShell
[1.494s] DEBUG:colcon.colcon_core.shell:Skip shell extension 'dsv' for command environment
[1.525s] INFO:colcon.colcon_ros.task.ament_python.build:Building ROS package in '/home/ngt/ZENS-Final-AUVC/ros_ws/src/flashing' with build type 'ament_python'
[1.525s] Level 1:colcon.colcon_core.shell:create_environment_hook('flashing', 'ament_prefix_path')
[1.526s] INFO:colcon.colcon_core.shell:Creating environment hook '/home/ngt/ZENS-Final-AUVC/install/flashing/share/flashing/hook/ament_prefix_path.ps1'
[1.529s] INFO:colcon.colcon_core.shell:Creating environment descriptor '/home/ngt/ZENS-Final-AUVC/install/flashing/share/flashing/hook/ament_prefix_path.dsv'
[1.531s] INFO:colcon.colcon_core.shell:Creating environment hook '/home/ngt/ZENS-Final-AUVC/install/flashing/share/flashing/hook/ament_prefix_path.sh'
[1.534s] INFO:colcon.colcon_core.shell:Skip shell extension 'powershell' for command environment: Not usable outside of PowerShell
[1.535s] DEBUG:colcon.colcon_core.shell:Skip shell extension 'dsv' for command environment
[2.803s] INFO:colcon.colcon_core.task.python.build:Building Python package in '/home/ngt/ZENS-Final-AUVC/ros_ws/src/bringup'
[2.804s] INFO:colcon.colcon_core.shell:Skip shell extension 'powershell' for command environment: Not usable outside of PowerShell
[2.804s] DEBUG:colcon.colcon_core.shell:Skip shell extension 'dsv' for command environment
[4.075s] INFO:colcon.colcon_core.task.python.build:Building Python package in '/home/ngt/ZENS-Final-AUVC/ros_ws/src/control'
[4.076s] INFO:colcon.colcon_core.shell:Skip shell extension 'powershell' for command environment: Not usable outside of PowerShell
[4.076s] DEBUG:colcon.colcon_core.shell:Skip shell extension 'dsv' for command environment
[5.373s] INFO:colcon.colcon_core.task.python.build:Building Python package in '/home/ngt/ZENS-Final-AUVC/ros_ws/src/cv'
[5.374s] INFO:colcon.colcon_core.shell:Skip shell extension 'powershell' for command environment: Not usable outside of PowerShell
[5.374s] DEBUG:colcon.colcon_core.shell:Skip shell extension 'dsv' for command environment
[6.629s] INFO:colcon.colcon_core.task.python.build:Building Python package in '/home/ngt/ZENS-Final-AUVC/ros_ws/src/flashing'
[6.630s] INFO:colcon.colcon_core.shell:Skip shell extension 'powershell' for command environment: Not usable outside of PowerShell
[6.630s] DEBUG:colcon.colcon_core.shell:Skip shell extension 'dsv' for command environment
[12.526s] DEBUG:colcon.colcon_core.task.python.build:Available setuptools commands: install_egg_info, dist_info, upload_docs, extract_messages, saveopts, symlink_data, install_lib, setopt, develop, test, rotate, bdist_rpm, upload, init_catalog, install_data, alias, bdist, egg_info, compile_catalog, install_scripts, build, build_py, update_catalog, sdist, check, register, clean, install, editable_wheel, bdist_wheel, easy_install, build_scripts, bdist_dumb, bdist_egg, install_headers, build_clib, build_ext
[12.564s] DEBUG:colcon.colcon_core.event_handler.log_command:Invoking command in '/home/ngt/ZENS-Final-AUVC/ros_ws/src/cv': PYTHONPATH=/home/ngt/ZENS-Final-AUVC/build/cv/prefix_override:/usr/lib/python3/dist-packages/colcon_core/task/python/colcon_distutils_commands:/home/ngt/ZENS-Final-AUVC/install/cv/lib/python3.12/site-packages:${PYTHONPATH} /usr/bin/python3 -W ignore:setup.py install is deprecated -W ignore:easy_install command is deprecated setup.py egg_info --egg-base ../../../build/cv build --build-base /home/ngt/ZENS-Final-AUVC/build/cv/build install --record /home/ngt/ZENS-Final-AUVC/build/cv/install.log --install-scripts $base/lib/cv --single-version-externally-managed install_data
[12.588s] DEBUG:colcon.colcon_core.task.python.build:Available setuptools commands: install_egg_info, dist_info, upload_docs, extract_messages, saveopts, symlink_data, install_lib, setopt, develop, test, rotate, bdist_rpm, upload, init_catalog, install_data, alias, bdist, egg_info, compile_catalog, install_scripts, build, build_py, update_catalog, sdist, check, register, clean, install, editable_wheel, bdist_wheel, easy_install, build_scripts, bdist_dumb, bdist_egg, install_headers, build_clib, build_ext
[12.615s] DEBUG:colcon.colcon_core.event_handler.log_command:Invoking command in '/home/ngt/ZENS-Final-AUVC/ros_ws/src/bringup': PYTHONPATH=/home/ngt/ZENS-Final-AUVC/build/bringup/prefix_override:/usr/lib/python3/dist-packages/colcon_core/task/python/colcon_distutils_commands:/home/ngt/ZENS-Final-AUVC/install/bringup/lib/python3.12/site-packages:${PYTHONPATH} /usr/bin/python3 -W ignore:setup.py install is deprecated -W ignore:easy_install command is deprecated setup.py egg_info --egg-base ../../../build/bringup build --build-base /home/ngt/ZENS-Final-AUVC/build/bringup/build install --record /home/ngt/ZENS-Final-AUVC/build/bringup/install.log --install-scripts $base/lib/bringup --single-version-externally-managed install_data
[12.626s] DEBUG:colcon.colcon_core.task.python.build:Available setuptools commands: install_egg_info, dist_info, upload_docs, extract_messages, saveopts, symlink_data, install_lib, setopt, develop, test, rotate, bdist_rpm, upload, init_catalog, install_data, alias, bdist, egg_info, compile_catalog, install_scripts, build, build_py, update_catalog, sdist, check, register, clean, install, editable_wheel, bdist_wheel, easy_install, build_scripts, bdist_dumb, bdist_egg, install_headers, build_clib, build_ext
[12.650s] DEBUG:colcon.colcon_core.event_handler.log_command:Invoking command in '/home/ngt/ZENS-Final-AUVC/ros_ws/src/flashing': PYTHONPATH=/home/ngt/ZENS-Final-AUVC/build/flashing/prefix_override:/usr/lib/python3/dist-packages/colcon_core/task/python/colcon_distutils_commands:/home/ngt/ZENS-Final-AUVC/install/flashing/lib/python3.12/site-packages:${PYTHONPATH} /usr/bin/python3 -W ignore:setup.py install is deprecated -W ignore:easy_install command is deprecated setup.py egg_info --egg-base ../../../build/flashing build --build-base /home/ngt/ZENS-Final-AUVC/build/flashing/build install --record /home/ngt/ZENS-Final-AUVC/build/flashing/install.log --install-scripts $base/lib/flashing --single-version-externally-managed install_data
[12.660s] DEBUG:colcon.colcon_core.task.python.build:Available setuptools commands: install_egg_info, dist_info, upload_docs, extract_messages, saveopts, symlink_data, install_lib, setopt, develop, test, rotate, bdist_rpm, upload, init_catalog, install_data, alias, bdist, egg_info, compile_catalog, install_scripts, build, build_py, update_catalog, sdist, check, register, clean, install, editable_wheel, bdist_wheel, easy_install, build_scripts, bdist_dumb, bdist_egg, install_headers, build_clib, build_ext
[12.675s] DEBUG:colcon.colcon_core.event_handler.log_command:Invoking command in '/home/ngt/ZENS-Final-AUVC/ros_ws/src/control': PYTHONPATH=/home/ngt/ZENS-Final-AUVC/build/control/prefix_override:/usr/lib/python3/dist-packages/colcon_core/task/python/colcon_distutils_commands:/home/ngt/ZENS-Final-AUVC/install/control/lib/python3.12/site-packages:${PYTHONPATH} /usr/bin/python3 -W ignore:setup.py install is deprecated -W ignore:easy_install command is deprecated setup.py egg_info --egg-base ../../../build/control build --build-base /home/ngt/ZENS-Final-AUVC/build/control/build install --record /home/ngt/ZENS-Final-AUVC/build/control/install.log --install-scripts $base/lib/control --single-version-externally-managed install_data
[18.152s] DEBUG:colcon.colcon_core.event_handler.log_command:Invoked command in '/home/ngt/ZENS-Final-AUVC/ros_ws/src/control' returned '0': PYTHONPATH=/home/ngt/ZENS-Final-AUVC/build/control/prefix_override:/usr/lib/python3/dist-packages/colcon_core/task/python/colcon_distutils_commands:/home/ngt/ZENS-Final-AUVC/install/control/lib/python3.12/site-packages:${PYTHONPATH} /usr/bin/python3 -W ignore:setup.py install is deprecated -W ignore:easy_install command is deprecated setup.py egg_info --egg-base ../../../build/control build --build-base /home/ngt/ZENS-Final-AUVC/build/control/build install --record /home/ngt/ZENS-Final-AUVC/build/control/install.log --install-scripts $base/lib/control --single-version-externally-managed install_data
[18.178s] Level 1:colcon.colcon_core.environment:checking '/home/ngt/ZENS-Final-AUVC/install/control' for CMake module files
[18.186s] Level 1:colcon.colcon_core.environment:checking '/home/ngt/ZENS-Final-AUVC/install/control' for CMake config files
[18.199s] Level 1:colcon.colcon_core.environment:checking '/home/ngt/ZENS-Final-AUVC/install/control/lib'
[18.201s] Level 1:colcon.colcon_core.environment:checking '/home/ngt/ZENS-Final-AUVC/install/control/bin'
[18.203s] Level 1:colcon.colcon_core.environment:checking '/home/ngt/ZENS-Final-AUVC/install/control/lib/pkgconfig/control.pc'
[18.205s] Level 1:colcon.colcon_core.environment:checking '/home/ngt/ZENS-Final-AUVC/install/control/lib/python3.12/site-packages'
[18.207s] Level 1:colcon.colcon_core.shell:create_environment_hook('control', 'pythonpath')
[18.209s] INFO:colcon.colcon_core.shell:Creating environment hook '/home/ngt/ZENS-Final-AUVC/install/control/share/control/hook/pythonpath.ps1'
[18.212s] INFO:colcon.colcon_core.shell:Creating environment descriptor '/home/ngt/ZENS-Final-AUVC/install/control/share/control/hook/pythonpath.dsv'
[18.216s] INFO:colcon.colcon_core.shell:Creating environment hook '/home/ngt/ZENS-Final-AUVC/install/control/share/control/hook/pythonpath.sh'
[18.221s] Level 1:colcon.colcon_core.environment:checking '/home/ngt/ZENS-Final-AUVC/install/control/bin'
[18.222s] Level 1:colcon.colcon_core.environment:create_environment_scripts_only(control)
[18.224s] INFO:colcon.colcon_core.shell:Creating package script '/home/ngt/ZENS-Final-AUVC/install/control/share/control/package.ps1'
[18.234s] INFO:colcon.colcon_core.shell:Creating package descriptor '/home/ngt/ZENS-Final-AUVC/install/control/share/control/package.dsv'
[18.240s] INFO:colcon.colcon_core.shell:Creating package script '/home/ngt/ZENS-Final-AUVC/install/control/share/control/package.sh'
[18.247s] INFO:colcon.colcon_core.shell:Creating package script '/home/ngt/ZENS-Final-AUVC/install/control/share/control/package.bash'
[18.252s] INFO:colcon.colcon_core.shell:Creating package script '/home/ngt/ZENS-Final-AUVC/install/control/share/control/package.zsh'
[18.256s] Level 1:colcon.colcon_core.environment:create_file_with_runtime_dependencies(/home/ngt/ZENS-Final-AUVC/install/control/share/colcon-core/packages/control)
[18.263s] INFO:colcon.colcon_ros.task.ament_python.build:Building ROS package in '/home/ngt/ZENS-Final-AUVC/ros_ws/src/hardware' with build type 'ament_python'
[18.264s] Level 1:colcon.colcon_core.shell:create_environment_hook('hardware', 'ament_prefix_path')
[18.265s] INFO:colcon.colcon_core.shell:Creating environment hook '/home/ngt/ZENS-Final-AUVC/install/hardware/share/hardware/hook/ament_prefix_path.ps1'
[18.270s] INFO:colcon.colcon_core.shell:Creating environment descriptor '/home/ngt/ZENS-Final-AUVC/install/hardware/share/hardware/hook/ament_prefix_path.dsv'
[18.273s] INFO:colcon.colcon_core.shell:Creating environment hook '/home/ngt/ZENS-Final-AUVC/install/hardware/share/hardware/hook/ament_prefix_path.sh'
[18.277s] INFO:colcon.colcon_core.shell:Skip shell extension 'powershell' for command environment: Not usable outside of PowerShell
[18.278s] DEBUG:colcon.colcon_core.shell:Skip shell extension 'dsv' for command environment
[18.347s] Level 1:colcon.colcon_core.environment:checking '/home/ngt/ZENS-Final-AUVC/install/bringup' for CMake module files
[18.349s] DEBUG:colcon.colcon_core.event_handler.log_command:Invoked command in '/home/ngt/ZENS-Final-AUVC/ros_ws/src/bringup' returned '0': PYTHONPATH=/home/ngt/ZENS-Final-AUVC/build/bringup/prefix_override:/usr/lib/python3/dist-packages/colcon_core/task/python/colcon_distutils_commands:/home/ngt/ZENS-Final-AUVC/install/bringup/lib/python3.12/site-packages:${PYTHONPATH} /usr/bin/python3 -W ignore:setup.py install is deprecated -W ignore:easy_install command is deprecated setup.py egg_info --egg-base ../../../build/bringup build --build-base /home/ngt/ZENS-Final-AUVC/build/bringup/build install --record /home/ngt/ZENS-Final-AUVC/build/bringup/install.log --install-scripts $base/lib/bringup --single-version-externally-managed install_data
[18.360s] Level 1:colcon.colcon_core.environment:checking '/home/ngt/ZENS-Final-AUVC/install/bringup' for CMake config files
[18.368s] Level 1:colcon.colcon_core.environment:checking '/home/ngt/ZENS-Final-AUVC/install/bringup/lib'
[18.369s] Level 1:colcon.colcon_core.environment:checking '/home/ngt/ZENS-Final-AUVC/install/bringup/bin'
[18.370s] Level 1:colcon.colcon_core.environment:checking '/home/ngt/ZENS-Final-AUVC/install/bringup/lib/pkgconfig/bringup.pc'
[18.371s] Level 1:colcon.colcon_core.environment:checking '/home/ngt/ZENS-Final-AUVC/install/bringup/lib/python3.12/site-packages'
[18.372s] Level 1:colcon.colcon_core.shell:create_environment_hook('bringup', 'pythonpath')
[18.373s] INFO:colcon.colcon_core.shell:Creating environment hook '/home/ngt/ZENS-Final-AUVC/install/bringup/share/bringup/hook/pythonpath.ps1'
[18.376s] INFO:colcon.colcon_core.shell:Creating environment descriptor '/home/ngt/ZENS-Final-AUVC/install/bringup/share/bringup/hook/pythonpath.dsv'
[18.378s] INFO:colcon.colcon_core.shell:Creating environment hook '/home/ngt/ZENS-Final-AUVC/install/bringup/share/bringup/hook/pythonpath.sh'
[18.381s] Level 1:colcon.colcon_core.environment:checking '/home/ngt/ZENS-Final-AUVC/install/bringup/bin'
[18.382s] Level 1:colcon.colcon_core.environment:create_environment_scripts_only(bringup)
[18.383s] INFO:colcon.colcon_core.shell:Creating package script '/home/ngt/ZENS-Final-AUVC/install/bringup/share/bringup/package.ps1'
[18.386s] INFO:colcon.colcon_core.shell:Creating package descriptor '/home/ngt/ZENS-Final-AUVC/install/bringup/share/bringup/package.dsv'
[18.389s] INFO:colcon.colcon_core.shell:Creating package script '/home/ngt/ZENS-Final-AUVC/install/bringup/share/bringup/package.sh'
[18.392s] INFO:colcon.colcon_core.shell:Creating package script '/home/ngt/ZENS-Final-AUVC/install/bringup/share/bringup/package.bash'
[18.395s] INFO:colcon.colcon_core.shell:Creating package script '/home/ngt/ZENS-Final-AUVC/install/bringup/share/bringup/package.zsh'
[18.397s] Level 1:colcon.colcon_core.environment:create_file_with_runtime_dependencies(/home/ngt/ZENS-Final-AUVC/install/bringup/share/colcon-core/packages/bringup)
[18.403s] INFO:colcon.colcon_ros.task.ament_cmake.build:Building ROS package in '/home/ngt/ZENS-Final-AUVC/ros_ws/src/msgs' with build type 'ament_cmake'
[18.403s] INFO:colcon.colcon_cmake.task.cmake.build:Building CMake package in '/home/ngt/ZENS-Final-AUVC/ros_ws/src/msgs'
[18.404s] INFO:colcon.colcon_core.shell:Skip shell extension 'powershell' for command environment: Not usable outside of PowerShell
[18.404s] DEBUG:colcon.colcon_core.shell:Skip shell extension 'dsv' for command environment
[19.769s] INFO:colcon.colcon_core.task.python.build:Building Python package in '/home/ngt/ZENS-Final-AUVC/ros_ws/src/hardware'
[19.770s] INFO:colcon.colcon_core.shell:Skip shell extension 'powershell' for command environment: Not usable outside of PowerShell
[19.770s] DEBUG:colcon.colcon_core.shell:Skip shell extension 'dsv' for command environment
[19.804s] Level 1:colcon.colcon_core.environment:checking '/home/ngt/ZENS-Final-AUVC/install/flashing' for CMake module files
[19.806s] DEBUG:colcon.colcon_core.event_handler.log_command:Invoked command in '/home/ngt/ZENS-Final-AUVC/ros_ws/src/flashing' returned '0': PYTHONPATH=/home/ngt/ZENS-Final-AUVC/build/flashing/prefix_override:/usr/lib/python3/dist-packages/colcon_core/task/python/colcon_distutils_commands:/home/ngt/ZENS-Final-AUVC/install/flashing/lib/python3.12/site-packages:${PYTHONPATH} /usr/bin/python3 -W ignore:setup.py install is deprecated -W ignore:easy_install command is deprecated setup.py egg_info --egg-base ../../../build/flashing build --build-base /home/ngt/ZENS-Final-AUVC/build/flashing/build install --record /home/ngt/ZENS-Final-AUVC/build/flashing/install.log --install-scripts $base/lib/flashing --single-version-externally-managed install_data
[19.809s] Level 1:colcon.colcon_core.environment:checking '/home/ngt/ZENS-Final-AUVC/install/flashing' for CMake config files
[19.813s] Level 1:colcon.colcon_core.environment:checking '/home/ngt/ZENS-Final-AUVC/install/flashing/lib'
[19.813s] Level 1:colcon.colcon_core.environment:checking '/home/ngt/ZENS-Final-AUVC/install/flashing/bin'
[19.814s] Level 1:colcon.colcon_core.environment:checking '/home/ngt/ZENS-Final-AUVC/install/flashing/lib/pkgconfig/flashing.pc'
[19.815s] Level 1:colcon.colcon_core.environment:checking '/home/ngt/ZENS-Final-AUVC/install/flashing/lib/python3.12/site-packages'
[19.816s] Level 1:colcon.colcon_core.shell:create_environment_hook('flashing', 'pythonpath')
[19.817s] INFO:colcon.colcon_core.shell:Creating environment hook '/home/ngt/ZENS-Final-AUVC/install/flashing/share/flashing/hook/pythonpath.ps1'
[19.819s] INFO:colcon.colcon_core.shell:Creating environment descriptor '/home/ngt/ZENS-Final-AUVC/install/flashing/share/flashing/hook/pythonpath.dsv'
[19.821s] INFO:colcon.colcon_core.shell:Creating environment hook '/home/ngt/ZENS-Final-AUVC/install/flashing/share/flashing/hook/pythonpath.sh'
[19.824s] Level 1:colcon.colcon_core.environment:checking '/home/ngt/ZENS-Final-AUVC/install/flashing/bin'
[19.825s] Level 1:colcon.colcon_core.environment:create_environment_scripts_only(flashing)
[19.826s] INFO:colcon.colcon_core.shell:Creating package script '/home/ngt/ZENS-Final-AUVC/install/flashing/share/flashing/package.ps1'
[19.828s] INFO:colcon.colcon_core.shell:Creating package descriptor '/home/ngt/ZENS-Final-AUVC/install/flashing/share/flashing/package.dsv'
[19.831s] INFO:colcon.colcon_core.shell:Creating package script '/home/ngt/ZENS-Final-AUVC/install/flashing/share/flashing/package.sh'
[19.833s] INFO:colcon.colcon_core.shell:Creating package script '/home/ngt/ZENS-Final-AUVC/install/flashing/share/flashing/package.bash'
[19.835s] INFO:colcon.colcon_core.shell:Creating package script '/home/ngt/ZENS-Final-AUVC/install/flashing/share/flashing/package.zsh'
[19.837s] Level 1:colcon.colcon_core.environment:create_file_with_runtime_dependencies(/home/ngt/ZENS-Final-AUVC/install/flashing/share/colcon-core/packages/flashing)
[19.855s] DEBUG:colcon.colcon_core.event_handler.log_command:Invoking command in '/home/ngt/ZENS-Final-AUVC/build/msgs': CMAKE_PREFIX_PATH=${CMAKE_PREFIX_PATH}:/home/ngt/ZENS-Final-AUVC/install/hardware:/home/ngt/ZENS-Final-AUVC/install/flashing:/home/ngt/ZENS-Final-AUVC/install/cv:/home/ngt/ZENS-Final-AUVC/install/control:/home/ngt/ZENS-Final-AUVC/install/bringup:/home/ngt/auvc_ws/install/tutorial_virtualenvs:/home/ngt/auvc_ws/install/tutorial_pid:/home/ngt/auvc_ws/install/tutorial_ardusub:/home/ngt/auvc_ws/install/tutorial:/home/ngt/auvc_ws/install/rosmav:/home/ngt/cv_ws/install/cv:/home/ngt/pid_ws/install/pid:/home/ngt/auv_dancing/install/tutorial:/opt/ros/jazzy /usr/bin/cmake --build /home/ngt/ZENS-Final-AUVC/build/msgs -- -j4 -l4
[19.857s] Level 1:colcon.colcon_core.environment:checking '/home/ngt/ZENS-Final-AUVC/install/cv' for CMake module files
[19.859s] DEBUG:colcon.colcon_core.event_handler.log_command:Invoked command in '/home/ngt/ZENS-Final-AUVC/ros_ws/src/cv' returned '0': PYTHONPATH=/home/ngt/ZENS-Final-AUVC/build/cv/prefix_override:/usr/lib/python3/dist-packages/colcon_core/task/python/colcon_distutils_commands:/home/ngt/ZENS-Final-AUVC/install/cv/lib/python3.12/site-packages:${PYTHONPATH} /usr/bin/python3 -W ignore:setup.py install is deprecated -W ignore:easy_install command is deprecated setup.py egg_info --egg-base ../../../build/cv build --build-base /home/ngt/ZENS-Final-AUVC/build/cv/build install --record /home/ngt/ZENS-Final-AUVC/build/cv/install.log --install-scripts $base/lib/cv --single-version-externally-managed install_data
[19.861s] Level 1:colcon.colcon_core.environment:checking '/home/ngt/ZENS-Final-AUVC/install/cv' for CMake config files
[19.867s] Level 1:colcon.colcon_core.environment:checking '/home/ngt/ZENS-Final-AUVC/install/cv/lib'
[19.867s] Level 1:colcon.colcon_core.environment:checking '/home/ngt/ZENS-Final-AUVC/install/cv/bin'
[19.868s] Level 1:colcon.colcon_core.environment:checking '/home/ngt/ZENS-Final-AUVC/install/cv/lib/pkgconfig/cv.pc'
[19.869s] Level 1:colcon.colcon_core.environment:checking '/home/ngt/ZENS-Final-AUVC/install/cv/lib/python3.12/site-packages'
[19.869s] Level 1:colcon.colcon_core.shell:create_environment_hook('cv', 'pythonpath')
[19.870s] INFO:colcon.colcon_core.shell:Creating environment hook '/home/ngt/ZENS-Final-AUVC/install/cv/share/cv/hook/pythonpath.ps1'
[19.873s] INFO:colcon.colcon_core.shell:Creating environment descriptor '/home/ngt/ZENS-Final-AUVC/install/cv/share/cv/hook/pythonpath.dsv'
[19.875s] INFO:colcon.colcon_core.shell:Creating environment hook '/home/ngt/ZENS-Final-AUVC/install/cv/share/cv/hook/pythonpath.sh'
[19.879s] Level 1:colcon.colcon_core.environment:checking '/home/ngt/ZENS-Final-AUVC/install/cv/bin'
[19.879s] Level 1:colcon.colcon_core.environment:create_environment_scripts_only(cv)
[19.880s] INFO:colcon.colcon_core.shell:Creating package script '/home/ngt/ZENS-Final-AUVC/install/cv/share/cv/package.ps1'
[19.884s] INFO:colcon.colcon_core.shell:Creating package descriptor '/home/ngt/ZENS-Final-AUVC/install/cv/share/cv/package.dsv'
[19.887s] INFO:colcon.colcon_core.shell:Creating package script '/home/ngt/ZENS-Final-AUVC/install/cv/share/cv/package.sh'
[19.889s] INFO:colcon.colcon_core.shell:Creating package script '/home/ngt/ZENS-Final-AUVC/install/cv/share/cv/package.bash'
[19.891s] INFO:colcon.colcon_core.shell:Creating package script '/home/ngt/ZENS-Final-AUVC/install/cv/share/cv/package.zsh'
[19.893s] Level 1:colcon.colcon_core.environment:create_file_with_runtime_dependencies(/home/ngt/ZENS-Final-AUVC/install/cv/share/colcon-core/packages/cv)
[25.948s] DEBUG:colcon.colcon_core.task.python.build:Available setuptools commands: install_egg_info, dist_info, upload_docs, extract_messages, saveopts, symlink_data, install_lib, setopt, develop, test, rotate, bdist_rpm, upload, init_catalog, install_data, alias, bdist, egg_info, compile_catalog, install_scripts, build, build_py, update_catalog, sdist, check, register, clean, install, editable_wheel, bdist_wheel, easy_install, build_scripts, bdist_dumb, bdist_egg, install_headers, build_clib, build_ext
[27.628s] DEBUG:colcon.colcon_core.event_handler.log_command:Invoking command in '/home/ngt/ZENS-Final-AUVC/ros_ws/src/hardware': PYTHONPATH=/home/ngt/ZENS-Final-AUVC/build/hardware/prefix_override:/usr/lib/python3/dist-packages/colcon_core/task/python/colcon_distutils_commands:/home/ngt/ZENS-Final-AUVC/install/hardware/lib/python3.12/site-packages:${PYTHONPATH} /usr/bin/python3 -W ignore:setup.py install is deprecated -W ignore:easy_install command is deprecated setup.py egg_info --egg-base ../../../build/hardware build --build-base /home/ngt/ZENS-Final-AUVC/build/hardware/build install --record /home/ngt/ZENS-Final-AUVC/build/hardware/install.log --install-scripts $base/lib/hardware --single-version-externally-managed install_data
[31.540s] Level 1:colcon.colcon_core.environment:checking '/home/ngt/ZENS-Final-AUVC/install/hardware' for CMake module files
[31.541s] DEBUG:colcon.colcon_core.event_handler.log_command:Invoked command in '/home/ngt/ZENS-Final-AUVC/ros_ws/src/hardware' returned '0': PYTHONPATH=/home/ngt/ZENS-Final-AUVC/build/hardware/prefix_override:/usr/lib/python3/dist-packages/colcon_core/task/python/colcon_distutils_commands:/home/ngt/ZENS-Final-AUVC/install/hardware/lib/python3.12/site-packages:${PYTHONPATH} /usr/bin/python3 -W ignore:setup.py install is deprecated -W ignore:easy_install command is deprecated setup.py egg_info --egg-base ../../../build/hardware build --build-base /home/ngt/ZENS-Final-AUVC/build/hardware/build install --record /home/ngt/ZENS-Final-AUVC/build/hardware/install.log --install-scripts $base/lib/hardware --single-version-externally-managed install_data
[31.547s] Level 1:colcon.colcon_core.environment:checking '/home/ngt/ZENS-Final-AUVC/install/hardware' for CMake config files
[31.551s] Level 1:colcon.colcon_core.environment:checking '/home/ngt/ZENS-Final-AUVC/install/hardware/lib'
[31.551s] Level 1:colcon.colcon_core.environment:checking '/home/ngt/ZENS-Final-AUVC/install/hardware/bin'
[31.552s] Level 1:colcon.colcon_core.environment:checking '/home/ngt/ZENS-Final-AUVC/install/hardware/lib/pkgconfig/hardware.pc'
[31.553s] Level 1:colcon.colcon_core.environment:checking '/home/ngt/ZENS-Final-AUVC/install/hardware/lib/python3.12/site-packages'
[31.553s] Level 1:colcon.colcon_core.shell:create_environment_hook('hardware', 'pythonpath')
[31.554s] INFO:colcon.colcon_core.shell:Creating environment hook '/home/ngt/ZENS-Final-AUVC/install/hardware/share/hardware/hook/pythonpath.ps1'
[31.556s] INFO:colcon.colcon_core.shell:Creating environment descriptor '/home/ngt/ZENS-Final-AUVC/install/hardware/share/hardware/hook/pythonpath.dsv'
[31.558s] INFO:colcon.colcon_core.shell:Creating environment hook '/home/ngt/ZENS-Final-AUVC/install/hardware/share/hardware/hook/pythonpath.sh'
[31.561s] Level 1:colcon.colcon_core.environment:checking '/home/ngt/ZENS-Final-AUVC/install/hardware/bin'
[31.562s] Level 1:colcon.colcon_core.environment:create_environment_scripts_only(hardware)
[31.563s] INFO:colcon.colcon_core.shell:Creating package script '/home/ngt/ZENS-Final-AUVC/install/hardware/share/hardware/package.ps1'
[31.567s] INFO:colcon.colcon_core.shell:Creating package descriptor '/home/ngt/ZENS-Final-AUVC/install/hardware/share/hardware/package.dsv'
[31.570s] INFO:colcon.colcon_core.shell:Creating package script '/home/ngt/ZENS-Final-AUVC/install/hardware/share/hardware/package.sh'
[31.572s] INFO:colcon.colcon_core.shell:Creating package script '/home/ngt/ZENS-Final-AUVC/install/hardware/share/hardware/package.bash'
[31.574s] INFO:colcon.colcon_core.shell:Creating package script '/home/ngt/ZENS-Final-AUVC/install/hardware/share/hardware/package.zsh'
[31.576s] Level 1:colcon.colcon_core.environment:create_file_with_runtime_dependencies(/home/ngt/ZENS-Final-AUVC/install/hardware/share/colcon-core/packages/hardware)
[35.694s] DEBUG:colcon.colcon_core.event_handler.log_command:Invoked command in '/home/ngt/ZENS-Final-AUVC/build/msgs' returned '0': CMAKE_PREFIX_PATH=${CMAKE_PREFIX_PATH}:/home/ngt/ZENS-Final-AUVC/install/hardware:/home/ngt/ZENS-Final-AUVC/install/flashing:/home/ngt/ZENS-Final-AUVC/install/cv:/home/ngt/ZENS-Final-AUVC/install/control:/home/ngt/ZENS-Final-AUVC/install/bringup:/home/ngt/auvc_ws/install/tutorial_virtualenvs:/home/ngt/auvc_ws/install/tutorial_pid:/home/ngt/auvc_ws/install/tutorial_ardusub:/home/ngt/auvc_ws/install/tutorial:/home/ngt/auvc_ws/install/rosmav:/home/ngt/cv_ws/install/cv:/home/ngt/pid_ws/install/pid:/home/ngt/auv_dancing/install/tutorial:/opt/ros/jazzy /usr/bin/cmake --build /home/ngt/ZENS-Final-AUVC/build/msgs -- -j4 -l4
[35.760s] DEBUG:colcon.colcon_core.event_handler.log_command:Invoking command in '/home/ngt/ZENS-Final-AUVC/build/msgs': CMAKE_PREFIX_PATH=${CMAKE_PREFIX_PATH}:/home/ngt/ZENS-Final-AUVC/install/hardware:/home/ngt/ZENS-Final-AUVC/install/flashing:/home/ngt/ZENS-Final-AUVC/install/cv:/home/ngt/ZENS-Final-AUVC/install/control:/home/ngt/ZENS-Final-AUVC/install/bringup:/home/ngt/auvc_ws/install/tutorial_virtualenvs:/home/ngt/auvc_ws/install/tutorial_pid:/home/ngt/auvc_ws/install/tutorial_ardusub:/home/ngt/auvc_ws/install/tutorial:/home/ngt/auvc_ws/install/rosmav:/home/ngt/cv_ws/install/cv:/home/ngt/pid_ws/install/pid:/home/ngt/auv_dancing/install/tutorial:/opt/ros/jazzy /usr/bin/cmake --install /home/ngt/ZENS-Final-AUVC/build/msgs
[36.296s] Level 1:colcon.colcon_core.environment:create_environment_scripts_only(msgs)
[36.297s] Level 1:colcon.colcon_core.environment:checking '/home/ngt/ZENS-Final-AUVC/install/msgs' for CMake module files
[36.299s] DEBUG:colcon.colcon_core.event_handler.log_command:Invoked command in '/home/ngt/ZENS-Final-AUVC/build/msgs' returned '0': CMAKE_PREFIX_PATH=${CMAKE_PREFIX_PATH}:/home/ngt/ZENS-Final-AUVC/install/hardware:/home/ngt/ZENS-Final-AUVC/install/flashing:/home/ngt/ZENS-Final-AUVC/install/cv:/home/ngt/ZENS-Final-AUVC/install/control:/home/ngt/ZENS-Final-AUVC/install/bringup:/home/ngt/auvc_ws/install/tutorial_virtualenvs:/home/ngt/auvc_ws/install/tutorial_pid:/home/ngt/auvc_ws/install/tutorial_ardusub:/home/ngt/auvc_ws/install/tutorial:/home/ngt/auvc_ws/install/rosmav:/home/ngt/cv_ws/install/cv:/home/ngt/pid_ws/install/pid:/home/ngt/auv_dancing/install/tutorial:/opt/ros/jazzy /usr/bin/cmake --install /home/ngt/ZENS-Final-AUVC/build/msgs
[36.302s] Level 1:colcon.colcon_core.environment:checking '/home/ngt/ZENS-Final-AUVC/install/msgs' for CMake config files
[36.305s] Level 1:colcon.colcon_core.shell:create_environment_hook('msgs', 'cmake_prefix_path')
[36.306s] INFO:colcon.colcon_core.shell:Creating environment hook '/home/ngt/ZENS-Final-AUVC/install/msgs/share/msgs/hook/cmake_prefix_path.ps1'
[36.309s] INFO:colcon.colcon_core.shell:Creating environment descriptor '/home/ngt/ZENS-Final-AUVC/install/msgs/share/msgs/hook/cmake_prefix_path.dsv'
[36.310s] INFO:colcon.colcon_core.shell:Creating environment hook '/home/ngt/ZENS-Final-AUVC/install/msgs/share/msgs/hook/cmake_prefix_path.sh'
[36.314s] Level 1:colcon.colcon_core.environment:checking '/home/ngt/ZENS-Final-AUVC/install/msgs/lib'
[36.315s] Level 1:colcon.colcon_core.shell:create_environment_hook('msgs', 'ld_library_path_lib')
[36.316s] INFO:colcon.colcon_core.shell:Creating environment hook '/home/ngt/ZENS-Final-AUVC/install/msgs/share/msgs/hook/ld_library_path_lib.ps1'
[36.317s] INFO:colcon.colcon_core.shell:Creating environment descriptor '/home/ngt/ZENS-Final-AUVC/install/msgs/share/msgs/hook/ld_library_path_lib.dsv'
[36.319s] INFO:colcon.colcon_core.shell:Creating environment hook '/home/ngt/ZENS-Final-AUVC/install/msgs/share/msgs/hook/ld_library_path_lib.sh'
[36.320s] Level 1:colcon.colcon_core.environment:checking '/home/ngt/ZENS-Final-AUVC/install/msgs/bin'
[36.321s] Level 1:colcon.colcon_core.environment:checking '/home/ngt/ZENS-Final-AUVC/install/msgs/lib/pkgconfig/msgs.pc'
[36.321s] Level 1:colcon.colcon_core.environment:checking '/home/ngt/ZENS-Final-AUVC/install/msgs/lib/python3.12/site-packages'
[36.322s] Level 1:colcon.colcon_core.shell:create_environment_hook('msgs', 'pythonpath')
[36.323s] INFO:colcon.colcon_core.shell:Creating environment hook '/home/ngt/ZENS-Final-AUVC/install/msgs/share/msgs/hook/pythonpath.ps1'
[36.324s] INFO:colcon.colcon_core.shell:Creating environment descriptor '/home/ngt/ZENS-Final-AUVC/install/msgs/share/msgs/hook/pythonpath.dsv'
[36.326s] INFO:colcon.colcon_core.shell:Creating environment hook '/home/ngt/ZENS-Final-AUVC/install/msgs/share/msgs/hook/pythonpath.sh'
[36.328s] Level 1:colcon.colcon_core.environment:checking '/home/ngt/ZENS-Final-AUVC/install/msgs/bin'
[36.330s] INFO:colcon.colcon_core.shell:Creating package script '/home/ngt/ZENS-Final-AUVC/install/msgs/share/msgs/package.ps1'
[36.333s] INFO:colcon.colcon_core.shell:Creating package descriptor '/home/ngt/ZENS-Final-AUVC/install/msgs/share/msgs/package.dsv'
[36.335s] INFO:colcon.colcon_core.shell:Creating package script '/home/ngt/ZENS-Final-AUVC/install/msgs/share/msgs/package.sh'
[36.337s] INFO:colcon.colcon_core.shell:Creating package script '/home/ngt/ZENS-Final-AUVC/install/msgs/share/msgs/package.bash'
[36.339s] INFO:colcon.colcon_core.shell:Creating package script '/home/ngt/ZENS-Final-AUVC/install/msgs/share/msgs/package.zsh'
[36.340s] Level 1:colcon.colcon_core.environment:create_file_with_runtime_dependencies(/home/ngt/ZENS-Final-AUVC/install/msgs/share/colcon-core/packages/msgs)
[36.343s] Level 1:colcon.colcon_core.environment:create_environment_scripts_only(msgs)
[36.345s] Level 1:colcon.colcon_core.environment:checking '/home/ngt/ZENS-Final-AUVC/install/msgs' for CMake module files
[36.349s] Level 1:colcon.colcon_core.environment:checking '/home/ngt/ZENS-Final-AUVC/install/msgs' for CMake config files
[36.352s] Level 1:colcon.colcon_core.shell:create_environment_hook('msgs', 'cmake_prefix_path')
[36.352s] INFO:colcon.colcon_core.shell:Creating environment hook '/home/ngt/ZENS-Final-AUVC/install/msgs/share/msgs/hook/cmake_prefix_path.ps1'
[36.354s] INFO:colcon.colcon_core.shell:Creating environment descriptor '/home/ngt/ZENS-Final-AUVC/install/msgs/share/msgs/hook/cmake_prefix_path.dsv'
[36.356s] INFO:colcon.colcon_core.shell:Creating environment hook '/home/ngt/ZENS-Final-AUVC/install/msgs/share/msgs/hook/cmake_prefix_path.sh'
[36.358s] Level 1:colcon.colcon_core.environment:checking '/home/ngt/ZENS-Final-AUVC/install/msgs/lib'
[36.359s] Level 1:colcon.colcon_core.shell:create_environment_hook('msgs', 'ld_library_path_lib')
[36.360s] INFO:colcon.colcon_core.shell:Creating environment hook '/home/ngt/ZENS-Final-AUVC/install/msgs/share/msgs/hook/ld_library_path_lib.ps1'
[36.362s] INFO:colcon.colcon_core.shell:Creating environment descriptor '/home/ngt/ZENS-Final-AUVC/install/msgs/share/msgs/hook/ld_library_path_lib.dsv'
[36.364s] INFO:colcon.colcon_core.shell:Creating environment hook '/home/ngt/ZENS-Final-AUVC/install/msgs/share/msgs/hook/ld_library_path_lib.sh'
[36.366s] Level 1:colcon.colcon_core.environment:checking '/home/ngt/ZENS-Final-AUVC/install/msgs/bin'
[36.367s] Level 1:colcon.colcon_core.environment:checking '/home/ngt/ZENS-Final-AUVC/install/msgs/lib/pkgconfig/msgs.pc'
[36.368s] Level 1:colcon.colcon_core.environment:checking '/home/ngt/ZENS-Final-AUVC/install/msgs/lib/python3.12/site-packages'
[36.368s] Level 1:colcon.colcon_core.shell:create_environment_hook('msgs', 'pythonpath')
[36.369s] INFO:colcon.colcon_core.shell:Creating environment hook '/home/ngt/ZENS-Final-AUVC/install/msgs/share/msgs/hook/pythonpath.ps1'
[36.371s] INFO:colcon.colcon_core.shell:Creating environment descriptor '/home/ngt/ZENS-Final-AUVC/install/msgs/share/msgs/hook/pythonpath.dsv'
[36.372s] INFO:colcon.colcon_core.shell:Creating environment hook '/home/ngt/ZENS-Final-AUVC/install/msgs/share/msgs/hook/pythonpath.sh'
[36.375s] Level 1:colcon.colcon_core.environment:checking '/home/ngt/ZENS-Final-AUVC/install/msgs/bin'
[36.377s] INFO:colcon.colcon_core.shell:Creating package script '/home/ngt/ZENS-Final-AUVC/install/msgs/share/msgs/package.ps1'
[36.380s] INFO:colcon.colcon_core.shell:Creating package descriptor '/home/ngt/ZENS-Final-AUVC/install/msgs/share/msgs/package.dsv'
[36.382s] INFO:colcon.colcon_core.shell:Creating package script '/home/ngt/ZENS-Final-AUVC/install/msgs/share/msgs/package.sh'
[36.385s] INFO:colcon.colcon_core.shell:Creating package script '/home/ngt/ZENS-Final-AUVC/install/msgs/share/msgs/package.bash'
[36.387s] INFO:colcon.colcon_core.shell:Creating package script '/home/ngt/ZENS-Final-AUVC/install/msgs/share/msgs/package.zsh'
[36.388s] Level 1:colcon.colcon_core.environment:create_file_with_runtime_dependencies(/home/ngt/ZENS-Final-AUVC/install/msgs/share/colcon-core/packages/msgs)
[36.390s] DEBUG:colcon.colcon_parallel_executor.executor.parallel:closing loop
[36.391s] DEBUG:colcon.colcon_parallel_executor.executor.parallel:loop closed
[36.392s] DEBUG:colcon.colcon_parallel_executor.executor.parallel:run_until_complete finished with '0'
[36.392s] DEBUG:colcon.colcon_core.event_reactor:joining thread
[36.395s] DEBUG:colcon.colcon_core.event_reactor:joined thread
[36.396s] INFO:colcon.colcon_core.shell:Creating prefix script '/home/ngt/ZENS-Final-AUVC/install/local_setup.ps1'
[36.400s] INFO:colcon.colcon_core.shell:Creating prefix util module '/home/ngt/ZENS-Final-AUVC/install/_local_setup_util_ps1.py'
[36.405s] INFO:colcon.colcon_core.shell:Creating prefix chain script '/home/ngt/ZENS-Final-AUVC/install/setup.ps1'
[36.415s] INFO:colcon.colcon_core.shell:Creating prefix script '/home/ngt/ZENS-Final-AUVC/install/local_setup.sh'
[36.418s] INFO:colcon.colcon_core.shell:Creating prefix util module '/home/ngt/ZENS-Final-AUVC/install/_local_setup_util_sh.py'
[36.422s] INFO:colcon.colcon_core.shell:Creating prefix chain script '/home/ngt/ZENS-Final-AUVC/install/setup.sh'
[36.433s] INFO:colcon.colcon_core.shell:Creating prefix script '/home/ngt/ZENS-Final-AUVC/install/local_setup.bash'
[36.436s] INFO:colcon.colcon_core.shell:Creating prefix chain script '/home/ngt/ZENS-Final-AUVC/install/setup.bash'
[36.446s] INFO:colcon.colcon_core.shell:Creating prefix script '/home/ngt/ZENS-Final-AUVC/install/local_setup.zsh'
[36.449s] INFO:colcon.colcon_core.shell:Creating prefix chain script '/home/ngt/ZENS-Final-AUVC/install/setup.zsh'
