[0.850s] DEBUG:colcon:Command line arguments: ['/home/ngt/.virtualenvs/ardusub/bin/colcon', 'build']
[0.850s] DEBUG:colcon:Parsed command line arguments: Namespace(log_base=None, log_level=None, verb_name='build', build_base='build', install_base='install', merge_install=False, symlink_install=False, test_result_base=None, continue_on_error=False, executor='parallel', parallel_workers=4, event_handlers=None, ignore_user_meta=False, metas=['./colcon.meta'], base_paths=['.'], packages_ignore=None, packages_ignore_regex=None, paths=None, packages_up_to=None, packages_up_to_regex=None, packages_above=None, packages_above_and_dependencies=None, packages_above_depth=None, packages_select_by_dep=None, packages_skip_by_dep=None, packages_skip_up_to=None, packages_select_build_failed=False, packages_skip_build_finished=False, packages_select_test_failures=False, packages_skip_test_passed=False, packages_select=None, packages_skip=None, packages_select_regex=None, packages_skip_regex=None, packages_start=None, packages_end=None, cmake_args=None, cmake_target=None, cmake_target_skip_unavailable=False, cmake_clean_cache=False, cmake_clean_first=False, cmake_force_configure=False, ament_cmake_args=None, catkin_cmake_args=None, catkin_skip_building_tests=False, verb_parser=<colcon_defaults.argument_parser.defaults.DefaultArgumentsDecorator object at 0xffff7de0dbb0>, verb_extension=<colcon_core.verb.build.BuildVerb object at 0xffff7de0dc40>, main=<bound method BuildVerb.main of <colcon_core.verb.build.BuildVerb object at 0xffff7de0dc40>>)
[1.046s] Level 1:colcon.colcon_core.package_discovery:discover_packages(colcon_meta) check parameters
[1.047s] Level 1:colcon.colcon_core.package_discovery:discover_packages(recursive) check parameters
[1.047s] Level 1:colcon.colcon_core.package_discovery:discover_packages(ignore) check parameters
[1.047s] Level 1:colcon.colcon_core.package_discovery:discover_packages(path) check parameters
[1.047s] Level 1:colcon.colcon_core.package_discovery:discover_packages(colcon_meta) discover
[1.048s] Level 1:colcon.colcon_core.package_discovery:discover_packages(recursive) discover
[1.048s] INFO:colcon.colcon_core.package_discovery:Crawling recursively for packages in '/home/ngt/ZENS-Final-AUVC'
[1.048s] Level 1:colcon.colcon_core.package_identification:_identify(.) by extensions ['ignore', 'ignore_ament_install']
[1.049s] Level 1:colcon.colcon_core.package_identification:_identify(.) by extension 'ignore'
[1.049s] Level 1:colcon.colcon_core.package_identification:_identify(.) by extension 'ignore_ament_install'
[1.050s] Level 1:colcon.colcon_core.package_identification:_identify(.) by extensions ['colcon_pkg']
[1.050s] Level 1:colcon.colcon_core.package_identification:_identify(.) by extension 'colcon_pkg'
[1.050s] Level 1:colcon.colcon_core.package_identification:_identify(.) by extensions ['colcon_meta']
[1.050s] Level 1:colcon.colcon_core.package_identification:_identify(.) by extension 'colcon_meta'
[1.050s] Level 1:colcon.colcon_core.package_identification:_identify(.) by extensions ['ros']
[1.051s] Level 1:colcon.colcon_core.package_identification:_identify(.) by extension 'ros'
[1.188s] Level 1:colcon.colcon_core.package_identification:_identify(.) by extensions ['cmake', 'python']
[1.188s] Level 1:colcon.colcon_core.package_identification:_identify(.) by extension 'cmake'
[1.189s] Level 1:colcon.colcon_core.package_identification:_identify(.) by extension 'python'
[1.189s] Level 1:colcon.colcon_core.package_identification:_identify(.) by extensions ['python_setup_py']
[1.189s] Level 1:colcon.colcon_core.package_identification:_identify(.) by extension 'python_setup_py'
[1.189s] Level 1:colcon.colcon_core.package_identification:_identify(analysis) by extensions ['ignore', 'ignore_ament_install']
[1.190s] Level 1:colcon.colcon_core.package_identification:_identify(analysis) by extension 'ignore'
[1.190s] Level 1:colcon.colcon_core.package_identification:_identify(analysis) by extension 'ignore_ament_install'
[1.190s] Level 1:colcon.colcon_core.package_identification:_identify(analysis) by extensions ['colcon_pkg']
[1.191s] Level 1:colcon.colcon_core.package_identification:_identify(analysis) by extension 'colcon_pkg'
[1.191s] Level 1:colcon.colcon_core.package_identification:_identify(analysis) by extensions ['colcon_meta']
[1.191s] Level 1:colcon.colcon_core.package_identification:_identify(analysis) by extension 'colcon_meta'
[1.191s] Level 1:colcon.colcon_core.package_identification:_identify(analysis) by extensions ['ros']
[1.191s] Level 1:colcon.colcon_core.package_identification:_identify(analysis) by extension 'ros'
[1.192s] Level 1:colcon.colcon_core.package_identification:_identify(analysis) by extensions ['cmake', 'python']
[1.192s] Level 1:colcon.colcon_core.package_identification:_identify(analysis) by extension 'cmake'
[1.192s] Level 1:colcon.colcon_core.package_identification:_identify(analysis) by extension 'python'
[1.192s] Level 1:colcon.colcon_core.package_identification:_identify(analysis) by extensions ['python_setup_py']
[1.193s] Level 1:colcon.colcon_core.package_identification:_identify(analysis) by extension 'python_setup_py'
[1.193s] Level 1:colcon.colcon_core.package_identification:_identify(analysis/notebooks) by extensions ['ignore', 'ignore_ament_install']
[1.194s] Level 1:colcon.colcon_core.package_identification:_identify(analysis/notebooks) by extension 'ignore'
[1.194s] Level 1:colcon.colcon_core.package_identification:_identify(analysis/notebooks) by extension 'ignore_ament_install'
[1.194s] Level 1:colcon.colcon_core.package_identification:_identify(analysis/notebooks) by extensions ['colcon_pkg']
[1.194s] Level 1:colcon.colcon_core.package_identification:_identify(analysis/notebooks) by extension 'colcon_pkg'
[1.194s] Level 1:colcon.colcon_core.package_identification:_identify(analysis/notebooks) by extensions ['colcon_meta']
[1.195s] Level 1:colcon.colcon_core.package_identification:_identify(analysis/notebooks) by extension 'colcon_meta'
[1.195s] Level 1:colcon.colcon_core.package_identification:_identify(analysis/notebooks) by extensions ['ros']
[1.195s] Level 1:colcon.colcon_core.package_identification:_identify(analysis/notebooks) by extension 'ros'
[1.195s] Level 1:colcon.colcon_core.package_identification:_identify(analysis/notebooks) by extensions ['cmake', 'python']
[1.195s] Level 1:colcon.colcon_core.package_identification:_identify(analysis/notebooks) by extension 'cmake'
[1.196s] Level 1:colcon.colcon_core.package_identification:_identify(analysis/notebooks) by extension 'python'
[1.196s] Level 1:colcon.colcon_core.package_identification:_identify(analysis/notebooks) by extensions ['python_setup_py']
[1.196s] Level 1:colcon.colcon_core.package_identification:_identify(analysis/notebooks) by extension 'python_setup_py'
[1.196s] Level 1:colcon.colcon_core.package_identification:_identify(assets) by extensions ['ignore', 'ignore_ament_install']
[1.197s] Level 1:colcon.colcon_core.package_identification:_identify(assets) by extension 'ignore'
[1.197s] Level 1:colcon.colcon_core.package_identification:_identify(assets) by extension 'ignore_ament_install'
[1.197s] Level 1:colcon.colcon_core.package_identification:_identify(assets) by extensions ['colcon_pkg']
[1.197s] Level 1:colcon.colcon_core.package_identification:_identify(assets) by extension 'colcon_pkg'
[1.198s] Level 1:colcon.colcon_core.package_identification:_identify(assets) by extensions ['colcon_meta']
[1.198s] Level 1:colcon.colcon_core.package_identification:_identify(assets) by extension 'colcon_meta'
[1.198s] Level 1:colcon.colcon_core.package_identification:_identify(assets) by extensions ['ros']
[1.198s] Level 1:colcon.colcon_core.package_identification:_identify(assets) by extension 'ros'
[1.198s] Level 1:colcon.colcon_core.package_identification:_identify(assets) by extensions ['cmake', 'python']
[1.199s] Level 1:colcon.colcon_core.package_identification:_identify(assets) by extension 'cmake'
[1.199s] Level 1:colcon.colcon_core.package_identification:_identify(assets) by extension 'python'
[1.199s] Level 1:colcon.colcon_core.package_identification:_identify(assets) by extensions ['python_setup_py']
[1.199s] Level 1:colcon.colcon_core.package_identification:_identify(assets) by extension 'python_setup_py'
[1.200s] Level 1:colcon.colcon_core.package_identification:_identify(build) by extensions ['ignore', 'ignore_ament_install']
[1.200s] Level 1:colcon.colcon_core.package_identification:_identify(build) by extension 'ignore'
[1.201s] Level 1:colcon.colcon_core.package_identification:_identify(build) ignored
[1.201s] Level 1:colcon.colcon_core.package_identification:_identify(bwsibot) by extensions ['ignore', 'ignore_ament_install']
[1.202s] Level 1:colcon.colcon_core.package_identification:_identify(bwsibot) by extension 'ignore'
[1.202s] Level 1:colcon.colcon_core.package_identification:_identify(bwsibot) by extension 'ignore_ament_install'
[1.202s] Level 1:colcon.colcon_core.package_identification:_identify(bwsibot) by extensions ['colcon_pkg']
[1.202s] Level 1:colcon.colcon_core.package_identification:_identify(bwsibot) by extension 'colcon_pkg'
[1.202s] Level 1:colcon.colcon_core.package_identification:_identify(bwsibot) by extensions ['colcon_meta']
[1.203s] Level 1:colcon.colcon_core.package_identification:_identify(bwsibot) by extension 'colcon_meta'
[1.203s] Level 1:colcon.colcon_core.package_identification:_identify(bwsibot) by extensions ['ros']
[1.203s] Level 1:colcon.colcon_core.package_identification:_identify(bwsibot) by extension 'ros'
[1.203s] Level 1:colcon.colcon_core.package_identification:_identify(bwsibot) by extensions ['cmake', 'python']
[1.203s] Level 1:colcon.colcon_core.package_identification:_identify(bwsibot) by extension 'cmake'
[1.204s] Level 1:colcon.colcon_core.package_identification:_identify(bwsibot) by extension 'python'
[1.204s] Level 1:colcon.colcon_core.package_identification:_identify(bwsibot) by extensions ['python_setup_py']
[1.204s] Level 1:colcon.colcon_core.package_identification:_identify(bwsibot) by extension 'python_setup_py'
[1.204s] Level 1:colcon.colcon_core.package_identification:_identify(bwsibot/logs) by extensions ['ignore', 'ignore_ament_install']
[1.205s] Level 1:colcon.colcon_core.package_identification:_identify(bwsibot/logs) by extension 'ignore'
[1.205s] Level 1:colcon.colcon_core.package_identification:_identify(bwsibot/logs) by extension 'ignore_ament_install'
[1.205s] Level 1:colcon.colcon_core.package_identification:_identify(bwsibot/logs) by extensions ['colcon_pkg']
[1.205s] Level 1:colcon.colcon_core.package_identification:_identify(bwsibot/logs) by extension 'colcon_pkg'
[1.206s] Level 1:colcon.colcon_core.package_identification:_identify(bwsibot/logs) by extensions ['colcon_meta']
[1.206s] Level 1:colcon.colcon_core.package_identification:_identify(bwsibot/logs) by extension 'colcon_meta'
[1.206s] Level 1:colcon.colcon_core.package_identification:_identify(bwsibot/logs) by extensions ['ros']
[1.206s] Level 1:colcon.colcon_core.package_identification:_identify(bwsibot/logs) by extension 'ros'
[1.207s] Level 1:colcon.colcon_core.package_identification:_identify(bwsibot/logs) by extensions ['cmake', 'python']
[1.207s] Level 1:colcon.colcon_core.package_identification:_identify(bwsibot/logs) by extension 'cmake'
[1.207s] Level 1:colcon.colcon_core.package_identification:_identify(bwsibot/logs) by extension 'python'
[1.207s] Level 1:colcon.colcon_core.package_identification:_identify(bwsibot/logs) by extensions ['python_setup_py']
[1.207s] Level 1:colcon.colcon_core.package_identification:_identify(bwsibot/logs) by extension 'python_setup_py'
[1.208s] Level 1:colcon.colcon_core.package_identification:_identify(bwsibot/logs/2026-07-26) by extensions ['ignore', 'ignore_ament_install']
[1.208s] Level 1:colcon.colcon_core.package_identification:_identify(bwsibot/logs/2026-07-26) by extension 'ignore'
[1.209s] Level 1:colcon.colcon_core.package_identification:_identify(bwsibot/logs/2026-07-26) by extension 'ignore_ament_install'
[1.209s] Level 1:colcon.colcon_core.package_identification:_identify(bwsibot/logs/2026-07-26) by extensions ['colcon_pkg']
[1.209s] Level 1:colcon.colcon_core.package_identification:_identify(bwsibot/logs/2026-07-26) by extension 'colcon_pkg'
[1.209s] Level 1:colcon.colcon_core.package_identification:_identify(bwsibot/logs/2026-07-26) by extensions ['colcon_meta']
[1.209s] Level 1:colcon.colcon_core.package_identification:_identify(bwsibot/logs/2026-07-26) by extension 'colcon_meta'
[1.210s] Level 1:colcon.colcon_core.package_identification:_identify(bwsibot/logs/2026-07-26) by extensions ['ros']
[1.210s] Level 1:colcon.colcon_core.package_identification:_identify(bwsibot/logs/2026-07-26) by extension 'ros'
[1.210s] Level 1:colcon.colcon_core.package_identification:_identify(bwsibot/logs/2026-07-26) by extensions ['cmake', 'python']
[1.210s] Level 1:colcon.colcon_core.package_identification:_identify(bwsibot/logs/2026-07-26) by extension 'cmake'
[1.211s] Level 1:colcon.colcon_core.package_identification:_identify(bwsibot/logs/2026-07-26) by extension 'python'
[1.211s] Level 1:colcon.colcon_core.package_identification:_identify(bwsibot/logs/2026-07-26) by extensions ['python_setup_py']
[1.211s] Level 1:colcon.colcon_core.package_identification:_identify(bwsibot/logs/2026-07-26) by extension 'python_setup_py'
[1.211s] Level 1:colcon.colcon_core.package_identification:_identify(bwsibot/logs/2026-07-26/flight1) by extensions ['ignore', 'ignore_ament_install']
[1.212s] Level 1:colcon.colcon_core.package_identification:_identify(bwsibot/logs/2026-07-26/flight1) by extension 'ignore'
[1.212s] Level 1:colcon.colcon_core.package_identification:_identify(bwsibot/logs/2026-07-26/flight1) by extension 'ignore_ament_install'
[1.212s] Level 1:colcon.colcon_core.package_identification:_identify(bwsibot/logs/2026-07-26/flight1) by extensions ['colcon_pkg']
[1.213s] Level 1:colcon.colcon_core.package_identification:_identify(bwsibot/logs/2026-07-26/flight1) by extension 'colcon_pkg'
[1.213s] Level 1:colcon.colcon_core.package_identification:_identify(bwsibot/logs/2026-07-26/flight1) by extensions ['colcon_meta']
[1.213s] Level 1:colcon.colcon_core.package_identification:_identify(bwsibot/logs/2026-07-26/flight1) by extension 'colcon_meta'
[1.214s] Level 1:colcon.colcon_core.package_identification:_identify(bwsibot/logs/2026-07-26/flight1) by extensions ['ros']
[1.214s] Level 1:colcon.colcon_core.package_identification:_identify(bwsibot/logs/2026-07-26/flight1) by extension 'ros'
[1.214s] Level 1:colcon.colcon_core.package_identification:_identify(bwsibot/logs/2026-07-26/flight1) by extensions ['cmake', 'python']
[1.215s] Level 1:colcon.colcon_core.package_identification:_identify(bwsibot/logs/2026-07-26/flight1) by extension 'cmake'
[1.215s] Level 1:colcon.colcon_core.package_identification:_identify(bwsibot/logs/2026-07-26/flight1) by extension 'python'
[1.215s] Level 1:colcon.colcon_core.package_identification:_identify(bwsibot/logs/2026-07-26/flight1) by extensions ['python_setup_py']
[1.216s] Level 1:colcon.colcon_core.package_identification:_identify(bwsibot/logs/2026-07-26/flight1) by extension 'python_setup_py'
[1.216s] Level 1:colcon.colcon_core.package_identification:_identify(calibration) by extensions ['ignore', 'ignore_ament_install']
[1.217s] Level 1:colcon.colcon_core.package_identification:_identify(calibration) by extension 'ignore'
[1.217s] Level 1:colcon.colcon_core.package_identification:_identify(calibration) by extension 'ignore_ament_install'
[1.217s] Level 1:colcon.colcon_core.package_identification:_identify(calibration) by extensions ['colcon_pkg']
[1.218s] Level 1:colcon.colcon_core.package_identification:_identify(calibration) by extension 'colcon_pkg'
[1.218s] Level 1:colcon.colcon_core.package_identification:_identify(calibration) by extensions ['colcon_meta']
[1.218s] Level 1:colcon.colcon_core.package_identification:_identify(calibration) by extension 'colcon_meta'
[1.218s] Level 1:colcon.colcon_core.package_identification:_identify(calibration) by extensions ['ros']
[1.219s] Level 1:colcon.colcon_core.package_identification:_identify(calibration) by extension 'ros'
[1.219s] Level 1:colcon.colcon_core.package_identification:_identify(calibration) by extensions ['cmake', 'python']
[1.219s] Level 1:colcon.colcon_core.package_identification:_identify(calibration) by extension 'cmake'
[1.220s] Level 1:colcon.colcon_core.package_identification:_identify(calibration) by extension 'python'
[1.220s] Level 1:colcon.colcon_core.package_identification:_identify(calibration) by extensions ['python_setup_py']
[1.220s] Level 1:colcon.colcon_core.package_identification:_identify(calibration) by extension 'python_setup_py'
[1.221s] Level 1:colcon.colcon_core.package_identification:_identify(install) by extensions ['ignore', 'ignore_ament_install']
[1.221s] Level 1:colcon.colcon_core.package_identification:_identify(install) by extension 'ignore'
[1.222s] Level 1:colcon.colcon_core.package_identification:_identify(install) ignored
[1.222s] Level 1:colcon.colcon_core.package_identification:_identify(log) by extensions ['ignore', 'ignore_ament_install']
[1.223s] Level 1:colcon.colcon_core.package_identification:_identify(log) by extension 'ignore'
[1.223s] Level 1:colcon.colcon_core.package_identification:_identify(log) ignored
[1.223s] Level 1:colcon.colcon_core.package_identification:_identify(notebooks) by extensions ['ignore', 'ignore_ament_install']
[1.224s] Level 1:colcon.colcon_core.package_identification:_identify(notebooks) by extension 'ignore'
[1.224s] Level 1:colcon.colcon_core.package_identification:_identify(notebooks) by extension 'ignore_ament_install'
[1.225s] Level 1:colcon.colcon_core.package_identification:_identify(notebooks) by extensions ['colcon_pkg']
[1.225s] Level 1:colcon.colcon_core.package_identification:_identify(notebooks) by extension 'colcon_pkg'
[1.225s] Level 1:colcon.colcon_core.package_identification:_identify(notebooks) by extensions ['colcon_meta']
[1.225s] Level 1:colcon.colcon_core.package_identification:_identify(notebooks) by extension 'colcon_meta'
[1.226s] Level 1:colcon.colcon_core.package_identification:_identify(notebooks) by extensions ['ros']
[1.226s] Level 1:colcon.colcon_core.package_identification:_identify(notebooks) by extension 'ros'
[1.226s] Level 1:colcon.colcon_core.package_identification:_identify(notebooks) by extensions ['cmake', 'python']
[1.227s] Level 1:colcon.colcon_core.package_identification:_identify(notebooks) by extension 'cmake'
[1.227s] Level 1:colcon.colcon_core.package_identification:_identify(notebooks) by extension 'python'
[1.227s] Level 1:colcon.colcon_core.package_identification:_identify(notebooks) by extensions ['python_setup_py']
[1.228s] Level 1:colcon.colcon_core.package_identification:_identify(notebooks) by extension 'python_setup_py'
[1.228s] Level 1:colcon.colcon_core.package_identification:_identify(ros_ws) by extensions ['ignore', 'ignore_ament_install']
[1.229s] Level 1:colcon.colcon_core.package_identification:_identify(ros_ws) by extension 'ignore'
[1.229s] Level 1:colcon.colcon_core.package_identification:_identify(ros_ws) by extension 'ignore_ament_install'
[1.230s] Level 1:colcon.colcon_core.package_identification:_identify(ros_ws) by extensions ['colcon_pkg']
[1.230s] Level 1:colcon.colcon_core.package_identification:_identify(ros_ws) by extension 'colcon_pkg'
[1.230s] Level 1:colcon.colcon_core.package_identification:_identify(ros_ws) by extensions ['colcon_meta']
[1.230s] Level 1:colcon.colcon_core.package_identification:_identify(ros_ws) by extension 'colcon_meta'
[1.230s] Level 1:colcon.colcon_core.package_identification:_identify(ros_ws) by extensions ['ros']
[1.231s] Level 1:colcon.colcon_core.package_identification:_identify(ros_ws) by extension 'ros'
[1.231s] Level 1:colcon.colcon_core.package_identification:_identify(ros_ws) by extensions ['cmake', 'python']
[1.231s] Level 1:colcon.colcon_core.package_identification:_identify(ros_ws) by extension 'cmake'
[1.232s] Level 1:colcon.colcon_core.package_identification:_identify(ros_ws) by extension 'python'
[1.232s] Level 1:colcon.colcon_core.package_identification:_identify(ros_ws) by extensions ['python_setup_py']
[1.232s] Level 1:colcon.colcon_core.package_identification:_identify(ros_ws) by extension 'python_setup_py'
[1.233s] Level 1:colcon.colcon_core.package_identification:_identify(ros_ws/build) by extensions ['ignore', 'ignore_ament_install']
[1.234s] Level 1:colcon.colcon_core.package_identification:_identify(ros_ws/build) by extension 'ignore'
[1.234s] Level 1:colcon.colcon_core.package_identification:_identify(ros_ws/build) ignored
[1.235s] Level 1:colcon.colcon_core.package_identification:_identify(ros_ws/install) by extensions ['ignore', 'ignore_ament_install']
[1.235s] Level 1:colcon.colcon_core.package_identification:_identify(ros_ws/install) by extension 'ignore'
[1.235s] Level 1:colcon.colcon_core.package_identification:_identify(ros_ws/install) ignored
[1.236s] Level 1:colcon.colcon_core.package_identification:_identify(ros_ws/log) by extensions ['ignore', 'ignore_ament_install']
[1.237s] Level 1:colcon.colcon_core.package_identification:_identify(ros_ws/log) by extension 'ignore'
[1.237s] Level 1:colcon.colcon_core.package_identification:_identify(ros_ws/log) ignored
[1.238s] Level 1:colcon.colcon_core.package_identification:_identify(ros_ws/src) by extensions ['ignore', 'ignore_ament_install']
[1.238s] Level 1:colcon.colcon_core.package_identification:_identify(ros_ws/src) by extension 'ignore'
[1.239s] Level 1:colcon.colcon_core.package_identification:_identify(ros_ws/src) by extension 'ignore_ament_install'
[1.239s] Level 1:colcon.colcon_core.package_identification:_identify(ros_ws/src) by extensions ['colcon_pkg']
[1.240s] Level 1:colcon.colcon_core.package_identification:_identify(ros_ws/src) by extension 'colcon_pkg'
[1.240s] Level 1:colcon.colcon_core.package_identification:_identify(ros_ws/src) by extensions ['colcon_meta']
[1.240s] Level 1:colcon.colcon_core.package_identification:_identify(ros_ws/src) by extension 'colcon_meta'
[1.241s] Level 1:colcon.colcon_core.package_identification:_identify(ros_ws/src) by extensions ['ros']
[1.241s] Level 1:colcon.colcon_core.package_identification:_identify(ros_ws/src) by extension 'ros'
[1.241s] Level 1:colcon.colcon_core.package_identification:_identify(ros_ws/src) by extensions ['cmake', 'python']
[1.242s] Level 1:colcon.colcon_core.package_identification:_identify(ros_ws/src) by extension 'cmake'
[1.242s] Level 1:colcon.colcon_core.package_identification:_identify(ros_ws/src) by extension 'python'
[1.242s] Level 1:colcon.colcon_core.package_identification:_identify(ros_ws/src) by extensions ['python_setup_py']
[1.243s] Level 1:colcon.colcon_core.package_identification:_identify(ros_ws/src) by extension 'python_setup_py'
[1.243s] Level 1:colcon.colcon_core.package_identification:_identify(ros_ws/src/bringup) by extensions ['ignore', 'ignore_ament_install']
[1.244s] Level 1:colcon.colcon_core.package_identification:_identify(ros_ws/src/bringup) by extension 'ignore'
[1.244s] Level 1:colcon.colcon_core.package_identification:_identify(ros_ws/src/bringup) by extension 'ignore_ament_install'
[1.245s] Level 1:colcon.colcon_core.package_identification:_identify(ros_ws/src/bringup) by extensions ['colcon_pkg']
[1.245s] Level 1:colcon.colcon_core.package_identification:_identify(ros_ws/src/bringup) by extension 'colcon_pkg'
[1.246s] Level 1:colcon.colcon_core.package_identification:_identify(ros_ws/src/bringup) by extensions ['colcon_meta']
[1.246s] Level 1:colcon.colcon_core.package_identification:_identify(ros_ws/src/bringup) by extension 'colcon_meta'
[1.246s] Level 1:colcon.colcon_core.package_identification:_identify(ros_ws/src/bringup) by extensions ['ros']
[1.247s] Level 1:colcon.colcon_core.package_identification:_identify(ros_ws/src/bringup) by extension 'ros'
[1.256s] DEBUG:colcon.colcon_core.package_identification:Package 'ros_ws/src/bringup' with type 'ros.ament_python' and name 'bringup'
[1.257s] Level 1:colcon.colcon_core.package_identification:_identify(ros_ws/src/control) by extensions ['ignore', 'ignore_ament_install']
[1.257s] Level 1:colcon.colcon_core.package_identification:_identify(ros_ws/src/control) by extension 'ignore'
[1.257s] Level 1:colcon.colcon_core.package_identification:_identify(ros_ws/src/control) by extension 'ignore_ament_install'
[1.258s] Level 1:colcon.colcon_core.package_identification:_identify(ros_ws/src/control) by extensions ['colcon_pkg']
[1.258s] Level 1:colcon.colcon_core.package_identification:_identify(ros_ws/src/control) by extension 'colcon_pkg'
[1.258s] Level 1:colcon.colcon_core.package_identification:_identify(ros_ws/src/control) by extensions ['colcon_meta']
[1.258s] Level 1:colcon.colcon_core.package_identification:_identify(ros_ws/src/control) by extension 'colcon_meta'
[1.259s] Level 1:colcon.colcon_core.package_identification:_identify(ros_ws/src/control) by extensions ['ros']
[1.259s] Level 1:colcon.colcon_core.package_identification:_identify(ros_ws/src/control) by extension 'ros'
[1.262s] DEBUG:colcon.colcon_core.package_identification:Package 'ros_ws/src/control' with type 'ros.ament_python' and name 'control'
[1.263s] Level 1:colcon.colcon_core.package_identification:_identify(ros_ws/src/cv) by extensions ['ignore', 'ignore_ament_install']
[1.263s] Level 1:colcon.colcon_core.package_identification:_identify(ros_ws/src/cv) by extension 'ignore'
[1.264s] Level 1:colcon.colcon_core.package_identification:_identify(ros_ws/src/cv) by extension 'ignore_ament_install'
[1.264s] Level 1:colcon.colcon_core.package_identification:_identify(ros_ws/src/cv) by extensions ['colcon_pkg']
[1.264s] Level 1:colcon.colcon_core.package_identification:_identify(ros_ws/src/cv) by extension 'colcon_pkg'
[1.264s] Level 1:colcon.colcon_core.package_identification:_identify(ros_ws/src/cv) by extensions ['colcon_meta']
[1.264s] Level 1:colcon.colcon_core.package_identification:_identify(ros_ws/src/cv) by extension 'colcon_meta'
[1.265s] Level 1:colcon.colcon_core.package_identification:_identify(ros_ws/src/cv) by extensions ['ros']
[1.265s] Level 1:colcon.colcon_core.package_identification:_identify(ros_ws/src/cv) by extension 'ros'
[1.269s] DEBUG:colcon.colcon_core.package_identification:Package 'ros_ws/src/cv' with type 'ros.ament_python' and name 'cv'
[1.269s] Level 1:colcon.colcon_core.package_identification:_identify(ros_ws/src/flashing) by extensions ['ignore', 'ignore_ament_install']
[1.270s] Level 1:colcon.colcon_core.package_identification:_identify(ros_ws/src/flashing) by extension 'ignore'
[1.270s] Level 1:colcon.colcon_core.package_identification:_identify(ros_ws/src/flashing) by extension 'ignore_ament_install'
[1.270s] Level 1:colcon.colcon_core.package_identification:_identify(ros_ws/src/flashing) by extensions ['colcon_pkg']
[1.271s] Level 1:colcon.colcon_core.package_identification:_identify(ros_ws/src/flashing) by extension 'colcon_pkg'
[1.271s] Level 1:colcon.colcon_core.package_identification:_identify(ros_ws/src/flashing) by extensions ['colcon_meta']
[1.271s] Level 1:colcon.colcon_core.package_identification:_identify(ros_ws/src/flashing) by extension 'colcon_meta'
[1.271s] Level 1:colcon.colcon_core.package_identification:_identify(ros_ws/src/flashing) by extensions ['ros']
[1.271s] Level 1:colcon.colcon_core.package_identification:_identify(ros_ws/src/flashing) by extension 'ros'
[1.274s] DEBUG:colcon.colcon_core.package_identification:Package 'ros_ws/src/flashing' with type 'ros.ament_python' and name 'flashing'
[1.274s] Level 1:colcon.colcon_core.package_identification:_identify(ros_ws/src/hardware) by extensions ['ignore', 'ignore_ament_install']
[1.275s] Level 1:colcon.colcon_core.package_identification:_identify(ros_ws/src/hardware) by extension 'ignore'
[1.275s] Level 1:colcon.colcon_core.package_identification:_identify(ros_ws/src/hardware) by extension 'ignore_ament_install'
[1.275s] Level 1:colcon.colcon_core.package_identification:_identify(ros_ws/src/hardware) by extensions ['colcon_pkg']
[1.275s] Level 1:colcon.colcon_core.package_identification:_identify(ros_ws/src/hardware) by extension 'colcon_pkg'
[1.276s] Level 1:colcon.colcon_core.package_identification:_identify(ros_ws/src/hardware) by extensions ['colcon_meta']
[1.276s] Level 1:colcon.colcon_core.package_identification:_identify(ros_ws/src/hardware) by extension 'colcon_meta'
[1.276s] Level 1:colcon.colcon_core.package_identification:_identify(ros_ws/src/hardware) by extensions ['ros']
[1.276s] Level 1:colcon.colcon_core.package_identification:_identify(ros_ws/src/hardware) by extension 'ros'
[1.282s] DEBUG:colcon.colcon_core.package_identification:Package 'ros_ws/src/hardware' with type 'ros.ament_python' and name 'hardware'
[1.282s] Level 1:colcon.colcon_core.package_identification:_identify(ros_ws/src/msgs) by extensions ['ignore', 'ignore_ament_install']
[1.283s] Level 1:colcon.colcon_core.package_identification:_identify(ros_ws/src/msgs) by extension 'ignore'
[1.283s] Level 1:colcon.colcon_core.package_identification:_identify(ros_ws/src/msgs) by extension 'ignore_ament_install'
[1.283s] Level 1:colcon.colcon_core.package_identification:_identify(ros_ws/src/msgs) by extensions ['colcon_pkg']
[1.283s] Level 1:colcon.colcon_core.package_identification:_identify(ros_ws/src/msgs) by extension 'colcon_pkg'
[1.283s] Level 1:colcon.colcon_core.package_identification:_identify(ros_ws/src/msgs) by extensions ['colcon_meta']
[1.284s] Level 1:colcon.colcon_core.package_identification:_identify(ros_ws/src/msgs) by extension 'colcon_meta'
[1.284s] Level 1:colcon.colcon_core.package_identification:_identify(ros_ws/src/msgs) by extensions ['ros']
[1.284s] Level 1:colcon.colcon_core.package_identification:_identify(ros_ws/src/msgs) by extension 'ros'
[1.286s] DEBUG:colcon.colcon_core.package_identification:Package 'ros_ws/src/msgs' with type 'ros.ament_cmake' and name 'msgs'
[1.287s] Level 1:colcon.colcon_core.package_identification:_identify(scripts) by extensions ['ignore', 'ignore_ament_install']
[1.287s] Level 1:colcon.colcon_core.package_identification:_identify(scripts) by extension 'ignore'
[1.287s] Level 1:colcon.colcon_core.package_identification:_identify(scripts) by extension 'ignore_ament_install'
[1.288s] Level 1:colcon.colcon_core.package_identification:_identify(scripts) by extensions ['colcon_pkg']
[1.288s] Level 1:colcon.colcon_core.package_identification:_identify(scripts) by extension 'colcon_pkg'
[1.288s] Level 1:colcon.colcon_core.package_identification:_identify(scripts) by extensions ['colcon_meta']
[1.288s] Level 1:colcon.colcon_core.package_identification:_identify(scripts) by extension 'colcon_meta'
[1.288s] Level 1:colcon.colcon_core.package_identification:_identify(scripts) by extensions ['ros']
[1.288s] Level 1:colcon.colcon_core.package_identification:_identify(scripts) by extension 'ros'
[1.289s] Level 1:colcon.colcon_core.package_identification:_identify(scripts) by extensions ['cmake', 'python']
[1.289s] Level 1:colcon.colcon_core.package_identification:_identify(scripts) by extension 'cmake'
[1.289s] Level 1:colcon.colcon_core.package_identification:_identify(scripts) by extension 'python'
[1.290s] Level 1:colcon.colcon_core.package_identification:_identify(scripts) by extensions ['python_setup_py']
[1.290s] Level 1:colcon.colcon_core.package_identification:_identify(scripts) by extension 'python_setup_py'
[1.290s] Level 1:colcon.colcon_core.package_identification:_identify(simulation) by extensions ['ignore', 'ignore_ament_install']
[1.290s] Level 1:colcon.colcon_core.package_identification:_identify(simulation) by extension 'ignore'
[1.291s] Level 1:colcon.colcon_core.package_identification:_identify(simulation) by extension 'ignore_ament_install'
[1.291s] Level 1:colcon.colcon_core.package_identification:_identify(simulation) by extensions ['colcon_pkg']
[1.291s] Level 1:colcon.colcon_core.package_identification:_identify(simulation) by extension 'colcon_pkg'
[1.292s] Level 1:colcon.colcon_core.package_identification:_identify(simulation) by extensions ['colcon_meta']
[1.292s] Level 1:colcon.colcon_core.package_identification:_identify(simulation) by extension 'colcon_meta'
[1.292s] Level 1:colcon.colcon_core.package_identification:_identify(simulation) by extensions ['ros']
[1.292s] Level 1:colcon.colcon_core.package_identification:_identify(simulation) by extension 'ros'
[1.292s] Level 1:colcon.colcon_core.package_identification:_identify(simulation) by extensions ['cmake', 'python']
[1.293s] Level 1:colcon.colcon_core.package_identification:_identify(simulation) by extension 'cmake'
[1.293s] Level 1:colcon.colcon_core.package_identification:_identify(simulation) by extension 'python'
[1.293s] Level 1:colcon.colcon_core.package_identification:_identify(simulation) by extensions ['python_setup_py']
[1.293s] Level 1:colcon.colcon_core.package_identification:_identify(simulation) by extension 'python_setup_py'
[1.294s] Level 1:colcon.colcon_core.package_identification:_identify(simulation/gazebo_bluerov2) by extensions ['ignore', 'ignore_ament_install']
[1.294s] Level 1:colcon.colcon_core.package_identification:_identify(simulation/gazebo_bluerov2) by extension 'ignore'
[1.294s] Level 1:colcon.colcon_core.package_identification:_identify(simulation/gazebo_bluerov2) by extension 'ignore_ament_install'
[1.295s] Level 1:colcon.colcon_core.package_identification:_identify(simulation/gazebo_bluerov2) by extensions ['colcon_pkg']
[1.295s] Level 1:colcon.colcon_core.package_identification:_identify(simulation/gazebo_bluerov2) by extension 'colcon_pkg'
[1.295s] Level 1:colcon.colcon_core.package_identification:_identify(simulation/gazebo_bluerov2) by extensions ['colcon_meta']
[1.295s] Level 1:colcon.colcon_core.package_identification:_identify(simulation/gazebo_bluerov2) by extension 'colcon_meta'
[1.295s] Level 1:colcon.colcon_core.package_identification:_identify(simulation/gazebo_bluerov2) by extensions ['ros']
[1.295s] Level 1:colcon.colcon_core.package_identification:_identify(simulation/gazebo_bluerov2) by extension 'ros'
[1.297s] DEBUG:colcon.colcon_core.package_identification:Package 'simulation/gazebo_bluerov2' with type 'ros.ament_cmake' and name 'gazebo_bluerov2'
[1.298s] Level 1:colcon.colcon_core.package_discovery:discover_packages(recursive) using defaults
[1.298s] Level 1:colcon.colcon_core.package_discovery:discover_packages(ignore) discover
[1.298s] Level 1:colcon.colcon_core.package_discovery:discover_packages(ignore) using defaults
[1.298s] Level 1:colcon.colcon_core.package_discovery:discover_packages(path) discover
[1.298s] Level 1:colcon.colcon_core.package_discovery:discover_packages(path) using defaults
[1.383s] Level 5:colcon.colcon_core.verb:set package 'bringup' build argument 'cmake_args' from command line to 'None'
[1.384s] Level 5:colcon.colcon_core.verb:set package 'bringup' build argument 'cmake_target' from command line to 'None'
[1.384s] Level 5:colcon.colcon_core.verb:set package 'bringup' build argument 'cmake_target_skip_unavailable' from command line to 'False'
[1.384s] Level 5:colcon.colcon_core.verb:set package 'bringup' build argument 'cmake_clean_cache' from command line to 'False'
[1.384s] Level 5:colcon.colcon_core.verb:set package 'bringup' build argument 'cmake_clean_first' from command line to 'False'
[1.384s] Level 5:colcon.colcon_core.verb:set package 'bringup' build argument 'cmake_force_configure' from command line to 'False'
[1.384s] Level 5:colcon.colcon_core.verb:set package 'bringup' build argument 'ament_cmake_args' from command line to 'None'
[1.384s] Level 5:colcon.colcon_core.verb:set package 'bringup' build argument 'catkin_cmake_args' from command line to 'None'
[1.384s] Level 5:colcon.colcon_core.verb:set package 'bringup' build argument 'catkin_skip_building_tests' from command line to 'False'
[1.385s] DEBUG:colcon.colcon_core.verb:Building package 'bringup' with the following arguments: {'ament_cmake_args': None, 'build_base': '/home/ngt/ZENS-Final-AUVC/build/bringup', 'catkin_cmake_args': None, 'catkin_skip_building_tests': False, 'cmake_args': None, 'cmake_clean_cache': False, 'cmake_clean_first': False, 'cmake_force_configure': False, 'cmake_target': None, 'cmake_target_skip_unavailable': False, 'install_base': '/home/ngt/ZENS-Final-AUVC/install/bringup', 'merge_install': False, 'path': '/home/ngt/ZENS-Final-AUVC/ros_ws/src/bringup', 'symlink_install': False, 'test_result_base': None}
[1.386s] Level 5:colcon.colcon_core.verb:set package 'control' build argument 'cmake_args' from command line to 'None'
[1.386s] Level 5:colcon.colcon_core.verb:set package 'control' build argument 'cmake_target' from command line to 'None'
[1.386s] Level 5:colcon.colcon_core.verb:set package 'control' build argument 'cmake_target_skip_unavailable' from command line to 'False'
[1.386s] Level 5:colcon.colcon_core.verb:set package 'control' build argument 'cmake_clean_cache' from command line to 'False'
[1.386s] Level 5:colcon.colcon_core.verb:set package 'control' build argument 'cmake_clean_first' from command line to 'False'
[1.386s] Level 5:colcon.colcon_core.verb:set package 'control' build argument 'cmake_force_configure' from command line to 'False'
[1.386s] Level 5:colcon.colcon_core.verb:set package 'control' build argument 'ament_cmake_args' from command line to 'None'
[1.386s] Level 5:colcon.colcon_core.verb:set package 'control' build argument 'catkin_cmake_args' from command line to 'None'
[1.387s] Level 5:colcon.colcon_core.verb:set package 'control' build argument 'catkin_skip_building_tests' from command line to 'False'
[1.387s] DEBUG:colcon.colcon_core.verb:Building package 'control' with the following arguments: {'ament_cmake_args': None, 'build_base': '/home/ngt/ZENS-Final-AUVC/build/control', 'catkin_cmake_args': None, 'catkin_skip_building_tests': False, 'cmake_args': None, 'cmake_clean_cache': False, 'cmake_clean_first': False, 'cmake_force_configure': False, 'cmake_target': None, 'cmake_target_skip_unavailable': False, 'install_base': '/home/ngt/ZENS-Final-AUVC/install/control', 'merge_install': False, 'path': '/home/ngt/ZENS-Final-AUVC/ros_ws/src/control', 'symlink_install': False, 'test_result_base': None}
[1.388s] Level 5:colcon.colcon_core.verb:set package 'cv' build argument 'cmake_args' from command line to 'None'
[1.388s] Level 5:colcon.colcon_core.verb:set package 'cv' build argument 'cmake_target' from command line to 'None'
[1.388s] Level 5:colcon.colcon_core.verb:set package 'cv' build argument 'cmake_target_skip_unavailable' from command line to 'False'
[1.388s] Level 5:colcon.colcon_core.verb:set package 'cv' build argument 'cmake_clean_cache' from command line to 'False'
[1.388s] Level 5:colcon.colcon_core.verb:set package 'cv' build argument 'cmake_clean_first' from command line to 'False'
[1.388s] Level 5:colcon.colcon_core.verb:set package 'cv' build argument 'cmake_force_configure' from command line to 'False'
[1.388s] Level 5:colcon.colcon_core.verb:set package 'cv' build argument 'ament_cmake_args' from command line to 'None'
[1.388s] Level 5:colcon.colcon_core.verb:set package 'cv' build argument 'catkin_cmake_args' from command line to 'None'
[1.389s] Level 5:colcon.colcon_core.verb:set package 'cv' build argument 'catkin_skip_building_tests' from command line to 'False'
[1.389s] DEBUG:colcon.colcon_core.verb:Building package 'cv' with the following arguments: {'ament_cmake_args': None, 'build_base': '/home/ngt/ZENS-Final-AUVC/build/cv', 'catkin_cmake_args': None, 'catkin_skip_building_tests': False, 'cmake_args': None, 'cmake_clean_cache': False, 'cmake_clean_first': False, 'cmake_force_configure': False, 'cmake_target': None, 'cmake_target_skip_unavailable': False, 'install_base': '/home/ngt/ZENS-Final-AUVC/install/cv', 'merge_install': False, 'path': '/home/ngt/ZENS-Final-AUVC/ros_ws/src/cv', 'symlink_install': False, 'test_result_base': None}
[1.390s] Level 5:colcon.colcon_core.verb:set package 'flashing' build argument 'cmake_args' from command line to 'None'
[1.390s] Level 5:colcon.colcon_core.verb:set package 'flashing' build argument 'cmake_target' from command line to 'None'
[1.390s] Level 5:colcon.colcon_core.verb:set package 'flashing' build argument 'cmake_target_skip_unavailable' from command line to 'False'
[1.391s] Level 5:colcon.colcon_core.verb:set package 'flashing' build argument 'cmake_clean_cache' from command line to 'False'
[1.391s] Level 5:colcon.colcon_core.verb:set package 'flashing' build argument 'cmake_clean_first' from command line to 'False'
[1.391s] Level 5:colcon.colcon_core.verb:set package 'flashing' build argument 'cmake_force_configure' from command line to 'False'
[1.391s] Level 5:colcon.colcon_core.verb:set package 'flashing' build argument 'ament_cmake_args' from command line to 'None'
[1.391s] Level 5:colcon.colcon_core.verb:set package 'flashing' build argument 'catkin_cmake_args' from command line to 'None'
[1.392s] Level 5:colcon.colcon_core.verb:set package 'flashing' build argument 'catkin_skip_building_tests' from command line to 'False'
[1.392s] DEBUG:colcon.colcon_core.verb:Building package 'flashing' with the following arguments: {'ament_cmake_args': None, 'build_base': '/home/ngt/ZENS-Final-AUVC/build/flashing', 'catkin_cmake_args': None, 'catkin_skip_building_tests': False, 'cmake_args': None, 'cmake_clean_cache': False, 'cmake_clean_first': False, 'cmake_force_configure': False, 'cmake_target': None, 'cmake_target_skip_unavailable': False, 'install_base': '/home/ngt/ZENS-Final-AUVC/install/flashing', 'merge_install': False, 'path': '/home/ngt/ZENS-Final-AUVC/ros_ws/src/flashing', 'symlink_install': False, 'test_result_base': None}
[1.393s] Level 5:colcon.colcon_core.verb:set package 'gazebo_bluerov2' build argument 'cmake_args' from command line to 'None'
[1.393s] Level 5:colcon.colcon_core.verb:set package 'gazebo_bluerov2' build argument 'cmake_target' from command line to 'None'
[1.393s] Level 5:colcon.colcon_core.verb:set package 'gazebo_bluerov2' build argument 'cmake_target_skip_unavailable' from command line to 'False'
[1.393s] Level 5:colcon.colcon_core.verb:set package 'gazebo_bluerov2' build argument 'cmake_clean_cache' from command line to 'False'
[1.393s] Level 5:colcon.colcon_core.verb:set package 'gazebo_bluerov2' build argument 'cmake_clean_first' from command line to 'False'
[1.393s] Level 5:colcon.colcon_core.verb:set package 'gazebo_bluerov2' build argument 'cmake_force_configure' from command line to 'False'
[1.393s] Level 5:colcon.colcon_core.verb:set package 'gazebo_bluerov2' build argument 'ament_cmake_args' from command line to 'None'
[1.393s] Level 5:colcon.colcon_core.verb:set package 'gazebo_bluerov2' build argument 'catkin_cmake_args' from command line to 'None'
[1.394s] Level 5:colcon.colcon_core.verb:set package 'gazebo_bluerov2' build argument 'catkin_skip_building_tests' from command line to 'False'
[1.394s] DEBUG:colcon.colcon_core.verb:Building package 'gazebo_bluerov2' with the following arguments: {'ament_cmake_args': None, 'build_base': '/home/ngt/ZENS-Final-AUVC/build/gazebo_bluerov2', 'catkin_cmake_args': None, 'catkin_skip_building_tests': False, 'cmake_args': None, 'cmake_clean_cache': False, 'cmake_clean_first': False, 'cmake_force_configure': False, 'cmake_target': None, 'cmake_target_skip_unavailable': False, 'install_base': '/home/ngt/ZENS-Final-AUVC/install/gazebo_bluerov2', 'merge_install': False, 'path': '/home/ngt/ZENS-Final-AUVC/simulation/gazebo_bluerov2', 'symlink_install': False, 'test_result_base': None}
[1.394s] Level 5:colcon.colcon_core.verb:set package 'hardware' build argument 'cmake_args' from command line to 'None'
[1.395s] Level 5:colcon.colcon_core.verb:set package 'hardware' build argument 'cmake_target' from command line to 'None'
[1.395s] Level 5:colcon.colcon_core.verb:set package 'hardware' build argument 'cmake_target_skip_unavailable' from command line to 'False'
[1.395s] Level 5:colcon.colcon_core.verb:set package 'hardware' build argument 'cmake_clean_cache' from command line to 'False'
[1.395s] Level 5:colcon.colcon_core.verb:set package 'hardware' build argument 'cmake_clean_first' from command line to 'False'
[1.395s] Level 5:colcon.colcon_core.verb:set package 'hardware' build argument 'cmake_force_configure' from command line to 'False'
[1.395s] Level 5:colcon.colcon_core.verb:set package 'hardware' build argument 'ament_cmake_args' from command line to 'None'
[1.395s] Level 5:colcon.colcon_core.verb:set package 'hardware' build argument 'catkin_cmake_args' from command line to 'None'
[1.396s] Level 5:colcon.colcon_core.verb:set package 'hardware' build argument 'catkin_skip_building_tests' from command line to 'False'
[1.396s] DEBUG:colcon.colcon_core.verb:Building package 'hardware' with the following arguments: {'ament_cmake_args': None, 'build_base': '/home/ngt/ZENS-Final-AUVC/build/hardware', 'catkin_cmake_args': None, 'catkin_skip_building_tests': False, 'cmake_args': None, 'cmake_clean_cache': False, 'cmake_clean_first': False, 'cmake_force_configure': False, 'cmake_target': None, 'cmake_target_skip_unavailable': False, 'install_base': '/home/ngt/ZENS-Final-AUVC/install/hardware', 'merge_install': False, 'path': '/home/ngt/ZENS-Final-AUVC/ros_ws/src/hardware', 'symlink_install': False, 'test_result_base': None}
[1.397s] Level 5:colcon.colcon_core.verb:set package 'msgs' build argument 'cmake_args' from command line to 'None'
[1.397s] Level 5:colcon.colcon_core.verb:set package 'msgs' build argument 'cmake_target' from command line to 'None'
[1.398s] Level 5:colcon.colcon_core.verb:set package 'msgs' build argument 'cmake_target_skip_unavailable' from command line to 'False'
[1.398s] Level 5:colcon.colcon_core.verb:set package 'msgs' build argument 'cmake_clean_cache' from command line to 'False'
[1.398s] Level 5:colcon.colcon_core.verb:set package 'msgs' build argument 'cmake_clean_first' from command line to 'False'
[1.398s] Level 5:colcon.colcon_core.verb:set package 'msgs' build argument 'cmake_force_configure' from command line to 'False'
[1.398s] Level 5:colcon.colcon_core.verb:set package 'msgs' build argument 'ament_cmake_args' from command line to 'None'
[1.398s] Level 5:colcon.colcon_core.verb:set package 'msgs' build argument 'catkin_cmake_args' from command line to 'None'
[1.398s] Level 5:colcon.colcon_core.verb:set package 'msgs' build argument 'catkin_skip_building_tests' from command line to 'False'
[1.399s] DEBUG:colcon.colcon_core.verb:Building package 'msgs' with the following arguments: {'ament_cmake_args': None, 'build_base': '/home/ngt/ZENS-Final-AUVC/build/msgs', 'catkin_cmake_args': None, 'catkin_skip_building_tests': False, 'cmake_args': None, 'cmake_clean_cache': False, 'cmake_clean_first': False, 'cmake_force_configure': False, 'cmake_target': None, 'cmake_target_skip_unavailable': False, 'install_base': '/home/ngt/ZENS-Final-AUVC/install/msgs', 'merge_install': False, 'path': '/home/ngt/ZENS-Final-AUVC/ros_ws/src/msgs', 'symlink_install': False, 'test_result_base': None}
[1.399s] INFO:colcon.colcon_core.executor:Executing jobs using 'parallel' executor
[1.403s] DEBUG:colcon.colcon_parallel_executor.executor.parallel:run_until_complete
[1.404s] INFO:colcon.colcon_ros.task.ament_python.build:Building ROS package in '/home/ngt/ZENS-Final-AUVC/ros_ws/src/bringup' with build type 'ament_python'
[1.405s] Level 1:colcon.colcon_core.shell:create_environment_hook('bringup', 'ament_prefix_path')
[1.418s] INFO:colcon.colcon_core.plugin_system:Skipping extension 'colcon_core.shell.bat': Not used on non-Windows systems
[1.419s] INFO:colcon.colcon_core.shell:Creating environment hook '/home/ngt/ZENS-Final-AUVC/install/bringup/share/bringup/hook/ament_prefix_path.ps1'
[1.422s] INFO:colcon.colcon_core.shell:Creating environment descriptor '/home/ngt/ZENS-Final-AUVC/install/bringup/share/bringup/hook/ament_prefix_path.dsv'
[1.424s] INFO:colcon.colcon_core.shell:Creating environment hook '/home/ngt/ZENS-Final-AUVC/install/bringup/share/bringup/hook/ament_prefix_path.sh'
[1.427s] INFO:colcon.colcon_core.shell:Skip shell extension 'powershell' for command environment: Not usable outside of PowerShell
[1.428s] DEBUG:colcon.colcon_core.shell:Skip shell extension 'dsv' for command environment
[1.471s] INFO:colcon.colcon_ros.task.ament_python.build:Building ROS package in '/home/ngt/ZENS-Final-AUVC/ros_ws/src/control' with build type 'ament_python'
[1.472s] Level 1:colcon.colcon_core.shell:create_environment_hook('control', 'ament_prefix_path')
[1.473s] INFO:colcon.colcon_core.shell:Creating environment hook '/home/ngt/ZENS-Final-AUVC/install/control/share/control/hook/ament_prefix_path.ps1'
[1.476s] INFO:colcon.colcon_core.shell:Creating environment descriptor '/home/ngt/ZENS-Final-AUVC/install/control/share/control/hook/ament_prefix_path.dsv'
[1.479s] INFO:colcon.colcon_core.shell:Creating environment hook '/home/ngt/ZENS-Final-AUVC/install/control/share/control/hook/ament_prefix_path.sh'
[1.482s] INFO:colcon.colcon_core.shell:Skip shell extension 'powershell' for command environment: Not usable outside of PowerShell
[1.482s] DEBUG:colcon.colcon_core.shell:Skip shell extension 'dsv' for command environment
[1.518s] INFO:colcon.colcon_ros.task.ament_python.build:Building ROS package in '/home/ngt/ZENS-Final-AUVC/ros_ws/src/cv' with build type 'ament_python'
[1.519s] Level 1:colcon.colcon_core.shell:create_environment_hook('cv', 'ament_prefix_path')
[1.519s] INFO:colcon.colcon_core.shell:Creating environment hook '/home/ngt/ZENS-Final-AUVC/install/cv/share/cv/hook/ament_prefix_path.ps1'
[1.528s] INFO:colcon.colcon_core.shell:Creating environment descriptor '/home/ngt/ZENS-Final-AUVC/install/cv/share/cv/hook/ament_prefix_path.dsv'
[1.531s] INFO:colcon.colcon_core.shell:Creating environment hook '/home/ngt/ZENS-Final-AUVC/install/cv/share/cv/hook/ament_prefix_path.sh'
[1.534s] INFO:colcon.colcon_core.shell:Skip shell extension 'powershell' for command environment: Not usable outside of PowerShell
[1.535s] DEBUG:colcon.colcon_core.shell:Skip shell extension 'dsv' for command environment
[1.570s] INFO:colcon.colcon_ros.task.ament_python.build:Building ROS package in '/home/ngt/ZENS-Final-AUVC/ros_ws/src/flashing' with build type 'ament_python'
[1.570s] Level 1:colcon.colcon_core.shell:create_environment_hook('flashing', 'ament_prefix_path')
[1.571s] INFO:colcon.colcon_core.shell:Creating environment hook '/home/ngt/ZENS-Final-AUVC/install/flashing/share/flashing/hook/ament_prefix_path.ps1'
[1.574s] INFO:colcon.colcon_core.shell:Creating environment descriptor '/home/ngt/ZENS-Final-AUVC/install/flashing/share/flashing/hook/ament_prefix_path.dsv'
[1.578s] INFO:colcon.colcon_core.shell:Creating environment hook '/home/ngt/ZENS-Final-AUVC/install/flashing/share/flashing/hook/ament_prefix_path.sh'
[1.581s] INFO:colcon.colcon_core.shell:Skip shell extension 'powershell' for command environment: Not usable outside of PowerShell
[1.582s] DEBUG:colcon.colcon_core.shell:Skip shell extension 'dsv' for command environment
[2.705s] INFO:colcon.colcon_core.task.python.build:Building Python package in '/home/ngt/ZENS-Final-AUVC/ros_ws/src/bringup'
[2.706s] INFO:colcon.colcon_core.shell:Skip shell extension 'powershell' for command environment: Not usable outside of PowerShell
[2.706s] DEBUG:colcon.colcon_core.shell:Skip shell extension 'dsv' for command environment
[3.818s] INFO:colcon.colcon_core.task.python.build:Building Python package in '/home/ngt/ZENS-Final-AUVC/ros_ws/src/control'
[3.819s] INFO:colcon.colcon_core.shell:Skip shell extension 'powershell' for command environment: Not usable outside of PowerShell
[3.820s] DEBUG:colcon.colcon_core.shell:Skip shell extension 'dsv' for command environment
[4.947s] INFO:colcon.colcon_core.task.python.build:Building Python package in '/home/ngt/ZENS-Final-AUVC/ros_ws/src/cv'
[4.948s] INFO:colcon.colcon_core.shell:Skip shell extension 'powershell' for command environment: Not usable outside of PowerShell
[4.948s] DEBUG:colcon.colcon_core.shell:Skip shell extension 'dsv' for command environment
[6.081s] INFO:colcon.colcon_core.task.python.build:Building Python package in '/home/ngt/ZENS-Final-AUVC/ros_ws/src/flashing'
[6.082s] INFO:colcon.colcon_core.shell:Skip shell extension 'powershell' for command environment: Not usable outside of PowerShell
[6.082s] DEBUG:colcon.colcon_core.shell:Skip shell extension 'dsv' for command environment
[10.020s] DEBUG:colcon.colcon_core.task.python.build:Available setuptools commands: bdist_rpm, alias, build_scripts, rotate, bdist_egg, install_headers, build_py, install_lib, symlink_data, install, develop, bdist, build_ext, egg_info, build_clib, dist_info, clean, check, build, easy_install, bdist_wheel, editable_wheel, sdist, bdist_dumb, install_egg_info, setopt, install_data, install_scripts, saveopts
[10.071s] DEBUG:colcon.colcon_core.event_handler.log_command:Invoking command in '/home/ngt/ZENS-Final-AUVC/ros_ws/src/cv': PYTHONPATH=/home/ngt/ZENS-Final-AUVC/build/cv/prefix_override:/home/ngt/.virtualenvs/ardusub/lib/python3.12/site-packages/colcon_core/task/python/colcon_distutils_commands:/home/ngt/ZENS-Final-AUVC/install/cv/lib/python3.12/site-packages:${PYTHONPATH} /home/ngt/.virtualenvs/ardusub/bin/python -W ignore:setup.py install is deprecated -W ignore:easy_install command is deprecated setup.py egg_info --egg-base ../../../build/cv build --build-base /home/ngt/ZENS-Final-AUVC/build/cv/build install --record /home/ngt/ZENS-Final-AUVC/build/cv/install.log --install-scripts $base/lib/cv --single-version-externally-managed install_data
[10.090s] DEBUG:colcon.colcon_core.task.python.build:Available setuptools commands: bdist_rpm, alias, build_scripts, rotate, bdist_egg, install_headers, build_py, install_lib, symlink_data, install, develop, bdist, build_ext, egg_info, build_clib, dist_info, clean, check, build, easy_install, bdist_wheel, editable_wheel, sdist, bdist_dumb, install_egg_info, setopt, install_data, install_scripts, saveopts
[10.106s] DEBUG:colcon.colcon_core.event_handler.log_command:Invoking command in '/home/ngt/ZENS-Final-AUVC/ros_ws/src/bringup': PYTHONPATH=/home/ngt/ZENS-Final-AUVC/build/bringup/prefix_override:/home/ngt/.virtualenvs/ardusub/lib/python3.12/site-packages/colcon_core/task/python/colcon_distutils_commands:/home/ngt/ZENS-Final-AUVC/install/bringup/lib/python3.12/site-packages:${PYTHONPATH} /home/ngt/.virtualenvs/ardusub/bin/python -W ignore:setup.py install is deprecated -W ignore:easy_install command is deprecated setup.py egg_info --egg-base ../../../build/bringup build --build-base /home/ngt/ZENS-Final-AUVC/build/bringup/build install --record /home/ngt/ZENS-Final-AUVC/build/bringup/install.log --single-version-externally-managed install_data
[10.108s] DEBUG:colcon.colcon_core.task.python.build:Available setuptools commands: bdist_rpm, alias, build_scripts, rotate, bdist_egg, install_headers, build_py, install_lib, symlink_data, install, develop, bdist, build_ext, egg_info, build_clib, dist_info, clean, check, build, easy_install, bdist_wheel, editable_wheel, sdist, bdist_dumb, install_egg_info, setopt, install_data, install_scripts, saveopts
[10.125s] DEBUG:colcon.colcon_core.event_handler.log_command:Invoking command in '/home/ngt/ZENS-Final-AUVC/ros_ws/src/control': PYTHONPATH=/home/ngt/ZENS-Final-AUVC/build/control/prefix_override:/home/ngt/.virtualenvs/ardusub/lib/python3.12/site-packages/colcon_core/task/python/colcon_distutils_commands:/home/ngt/ZENS-Final-AUVC/install/control/lib/python3.12/site-packages:${PYTHONPATH} /home/ngt/.virtualenvs/ardusub/bin/python -W ignore:setup.py install is deprecated -W ignore:easy_install command is deprecated setup.py egg_info --egg-base ../../../build/control build --build-base /home/ngt/ZENS-Final-AUVC/build/control/build install --record /home/ngt/ZENS-Final-AUVC/build/control/install.log --install-scripts $base/lib/control --single-version-externally-managed install_data
[10.338s] DEBUG:colcon.colcon_core.task.python.build:Available setuptools commands: bdist_rpm, alias, build_scripts, rotate, bdist_egg, install_headers, build_py, install_lib, symlink_data, install, develop, bdist, build_ext, egg_info, build_clib, dist_info, clean, check, build, easy_install, bdist_wheel, editable_wheel, sdist, bdist_dumb, install_egg_info, setopt, install_data, install_scripts, saveopts
[10.370s] DEBUG:colcon.colcon_core.event_handler.log_command:Invoking command in '/home/ngt/ZENS-Final-AUVC/ros_ws/src/flashing': PYTHONPATH=/home/ngt/ZENS-Final-AUVC/build/flashing/prefix_override:/home/ngt/.virtualenvs/ardusub/lib/python3.12/site-packages/colcon_core/task/python/colcon_distutils_commands:/home/ngt/ZENS-Final-AUVC/install/flashing/lib/python3.12/site-packages:${PYTHONPATH} /home/ngt/.virtualenvs/ardusub/bin/python -W ignore:setup.py install is deprecated -W ignore:easy_install command is deprecated setup.py egg_info --egg-base ../../../build/flashing build --build-base /home/ngt/ZENS-Final-AUVC/build/flashing/build install --record /home/ngt/ZENS-Final-AUVC/build/flashing/install.log --install-scripts $base/lib/flashing --single-version-externally-managed install_data
[13.783s] DEBUG:colcon.colcon_core.event_handler.log_command:Invoked command in '/home/ngt/ZENS-Final-AUVC/ros_ws/src/bringup' returned '0': PYTHONPATH=/home/ngt/ZENS-Final-AUVC/build/bringup/prefix_override:/home/ngt/.virtualenvs/ardusub/lib/python3.12/site-packages/colcon_core/task/python/colcon_distutils_commands:/home/ngt/ZENS-Final-AUVC/install/bringup/lib/python3.12/site-packages:${PYTHONPATH} /home/ngt/.virtualenvs/ardusub/bin/python -W ignore:setup.py install is deprecated -W ignore:easy_install command is deprecated setup.py egg_info --egg-base ../../../build/bringup build --build-base /home/ngt/ZENS-Final-AUVC/build/bringup/build install --record /home/ngt/ZENS-Final-AUVC/build/bringup/install.log --single-version-externally-managed install_data
[13.798s] Level 1:colcon.colcon_core.environment:checking '/home/ngt/ZENS-Final-AUVC/install/bringup' for CMake module files
[13.801s] Level 1:colcon.colcon_core.environment:checking '/home/ngt/ZENS-Final-AUVC/install/bringup' for CMake config files
[13.807s] Level 1:colcon.colcon_core.environment:checking '/home/ngt/ZENS-Final-AUVC/install/bringup/lib'
[13.808s] Level 1:colcon.colcon_core.environment:checking '/home/ngt/ZENS-Final-AUVC/install/bringup/bin'
[13.809s] Level 1:colcon.colcon_core.environment:checking '/home/ngt/ZENS-Final-AUVC/install/bringup/lib/pkgconfig/bringup.pc'
[13.811s] Level 1:colcon.colcon_core.environment:checking '/home/ngt/ZENS-Final-AUVC/install/bringup/lib/python3.12/site-packages'
[13.812s] Level 1:colcon.colcon_core.shell:create_environment_hook('bringup', 'pythonpath')
[13.813s] INFO:colcon.colcon_core.shell:Creating environment hook '/home/ngt/ZENS-Final-AUVC/install/bringup/share/bringup/hook/pythonpath.ps1'
[13.816s] INFO:colcon.colcon_core.shell:Creating environment descriptor '/home/ngt/ZENS-Final-AUVC/install/bringup/share/bringup/hook/pythonpath.dsv'
[13.819s] INFO:colcon.colcon_core.shell:Creating environment hook '/home/ngt/ZENS-Final-AUVC/install/bringup/share/bringup/hook/pythonpath.sh'
[13.824s] Level 1:colcon.colcon_core.environment:checking '/home/ngt/ZENS-Final-AUVC/install/bringup/bin'
[13.824s] Level 1:colcon.colcon_core.environment:create_environment_scripts_only(bringup)
[13.826s] INFO:colcon.colcon_core.shell:Creating package script '/home/ngt/ZENS-Final-AUVC/install/bringup/share/bringup/package.ps1'
[13.841s] INFO:colcon.colcon_core.shell:Creating package descriptor '/home/ngt/ZENS-Final-AUVC/install/bringup/share/bringup/package.dsv'
[13.851s] INFO:colcon.colcon_core.shell:Creating package script '/home/ngt/ZENS-Final-AUVC/install/bringup/share/bringup/package.sh'
[13.861s] INFO:colcon.colcon_core.shell:Creating package script '/home/ngt/ZENS-Final-AUVC/install/bringup/share/bringup/package.bash'
[13.878s] INFO:colcon.colcon_core.shell:Creating package script '/home/ngt/ZENS-Final-AUVC/install/bringup/share/bringup/package.zsh'
[13.885s] Level 1:colcon.colcon_core.environment:create_file_with_runtime_dependencies(/home/ngt/ZENS-Final-AUVC/install/bringup/share/colcon-core/packages/bringup)
[13.896s] INFO:colcon.colcon_ros.task.ament_cmake.build:Building ROS package in '/home/ngt/ZENS-Final-AUVC/simulation/gazebo_bluerov2' with build type 'ament_cmake'
[13.897s] INFO:colcon.colcon_cmake.task.cmake.build:Building CMake package in '/home/ngt/ZENS-Final-AUVC/simulation/gazebo_bluerov2'
[13.898s] INFO:colcon.colcon_core.shell:Skip shell extension 'powershell' for command environment: Not usable outside of PowerShell
[13.905s] DEBUG:colcon.colcon_core.shell:Skip shell extension 'dsv' for command environment
[14.018s] DEBUG:colcon.colcon_core.event_handler.log_command:Invoking command in '/home/ngt/ZENS-Final-AUVC/build/gazebo_bluerov2': CMAKE_PREFIX_PATH=${CMAKE_PREFIX_PATH}:/home/ngt/ZENS-Final-AUVC/install/hardware:/home/ngt/ZENS-Final-AUVC/install/flashing:/home/ngt/ZENS-Final-AUVC/install/cv:/home/ngt/ZENS-Final-AUVC/install/control:/home/ngt/ZENS-Final-AUVC/install/bringup:/home/ngt/auvc_ws/install/tutorial_virtualenvs:/home/ngt/auvc_ws/install/tutorial_pid:/home/ngt/auvc_ws/install/tutorial_ardusub:/home/ngt/auvc_ws/install/tutorial:/home/ngt/auvc_ws/install/rosmav:/home/ngt/cv_ws/install/cv:/home/ngt/pid_ws/install/pid:/home/ngt/auv_dancing/install/tutorial:/opt/ros/jazzy /usr/bin/cmake --build /home/ngt/ZENS-Final-AUVC/build/gazebo_bluerov2 -- -j4 -l4
[14.346s] Level 1:colcon.colcon_core.environment:checking '/home/ngt/ZENS-Final-AUVC/install/cv' for CMake module files
[14.357s] DEBUG:colcon.colcon_core.event_handler.log_command:Invoked command in '/home/ngt/ZENS-Final-AUVC/ros_ws/src/cv' returned '0': PYTHONPATH=/home/ngt/ZENS-Final-AUVC/build/cv/prefix_override:/home/ngt/.virtualenvs/ardusub/lib/python3.12/site-packages/colcon_core/task/python/colcon_distutils_commands:/home/ngt/ZENS-Final-AUVC/install/cv/lib/python3.12/site-packages:${PYTHONPATH} /home/ngt/.virtualenvs/ardusub/bin/python -W ignore:setup.py install is deprecated -W ignore:easy_install command is deprecated setup.py egg_info --egg-base ../../../build/cv build --build-base /home/ngt/ZENS-Final-AUVC/build/cv/build install --record /home/ngt/ZENS-Final-AUVC/build/cv/install.log --install-scripts $base/lib/cv --single-version-externally-managed install_data
[14.364s] Level 1:colcon.colcon_core.environment:checking '/home/ngt/ZENS-Final-AUVC/install/cv' for CMake config files
[14.387s] Level 1:colcon.colcon_core.environment:checking '/home/ngt/ZENS-Final-AUVC/install/cv/lib'
[14.388s] Level 1:colcon.colcon_core.environment:checking '/home/ngt/ZENS-Final-AUVC/install/cv/bin'
[14.391s] Level 1:colcon.colcon_core.shell:create_environment_hook('cv', 'path')
[14.392s] INFO:colcon.colcon_core.shell:Creating environment hook '/home/ngt/ZENS-Final-AUVC/install/cv/share/cv/hook/path.ps1'
[14.405s] INFO:colcon.colcon_core.shell:Creating environment descriptor '/home/ngt/ZENS-Final-AUVC/install/cv/share/cv/hook/path.dsv'
[14.410s] INFO:colcon.colcon_core.shell:Creating environment hook '/home/ngt/ZENS-Final-AUVC/install/cv/share/cv/hook/path.sh'
[14.418s] Level 1:colcon.colcon_core.environment:checking '/home/ngt/ZENS-Final-AUVC/install/cv/lib/pkgconfig/cv.pc'
[14.420s] Level 1:colcon.colcon_core.environment:checking '/home/ngt/ZENS-Final-AUVC/install/cv/lib/python3.12/site-packages'
[14.421s] Level 1:colcon.colcon_core.shell:create_environment_hook('cv', 'pythonpath')
[14.430s] INFO:colcon.colcon_core.shell:Creating environment hook '/home/ngt/ZENS-Final-AUVC/install/cv/share/cv/hook/pythonpath.ps1'
[14.437s] INFO:colcon.colcon_core.shell:Creating environment descriptor '/home/ngt/ZENS-Final-AUVC/install/cv/share/cv/hook/pythonpath.dsv'
[14.455s] INFO:colcon.colcon_core.shell:Creating environment hook '/home/ngt/ZENS-Final-AUVC/install/cv/share/cv/hook/pythonpath.sh'
[14.472s] Level 1:colcon.colcon_core.environment:checking '/home/ngt/ZENS-Final-AUVC/install/cv/bin'
[14.473s] Level 1:colcon.colcon_core.shell:create_environment_hook('cv', 'pythonscriptspath')
[14.478s] INFO:colcon.colcon_core.shell:Creating environment hook '/home/ngt/ZENS-Final-AUVC/install/cv/share/cv/hook/pythonscriptspath.ps1'
[14.495s] INFO:colcon.colcon_core.shell:Creating environment descriptor '/home/ngt/ZENS-Final-AUVC/install/cv/share/cv/hook/pythonscriptspath.dsv'
[14.510s] INFO:colcon.colcon_core.shell:Creating environment hook '/home/ngt/ZENS-Final-AUVC/install/cv/share/cv/hook/pythonscriptspath.sh'
[14.522s] Level 1:colcon.colcon_core.environment:create_environment_scripts_only(cv)
[14.527s] INFO:colcon.colcon_core.shell:Creating package script '/home/ngt/ZENS-Final-AUVC/install/cv/share/cv/package.ps1'
[14.543s] INFO:colcon.colcon_core.shell:Creating package descriptor '/home/ngt/ZENS-Final-AUVC/install/cv/share/cv/package.dsv'
[14.566s] INFO:colcon.colcon_core.shell:Creating package script '/home/ngt/ZENS-Final-AUVC/install/cv/share/cv/package.sh'
[14.575s] INFO:colcon.colcon_core.shell:Creating package script '/home/ngt/ZENS-Final-AUVC/install/cv/share/cv/package.bash'
[14.584s] INFO:colcon.colcon_core.shell:Creating package script '/home/ngt/ZENS-Final-AUVC/install/cv/share/cv/package.zsh'
[14.596s] Level 1:colcon.colcon_core.environment:create_file_with_runtime_dependencies(/home/ngt/ZENS-Final-AUVC/install/cv/share/colcon-core/packages/cv)
[14.606s] INFO:colcon.colcon_ros.task.ament_python.build:Building ROS package in '/home/ngt/ZENS-Final-AUVC/ros_ws/src/hardware' with build type 'ament_python'
[14.610s] Level 1:colcon.colcon_core.shell:create_environment_hook('hardware', 'ament_prefix_path')
[14.619s] INFO:colcon.colcon_core.shell:Creating environment hook '/home/ngt/ZENS-Final-AUVC/install/hardware/share/hardware/hook/ament_prefix_path.ps1'
[14.635s] INFO:colcon.colcon_core.shell:Creating environment descriptor '/home/ngt/ZENS-Final-AUVC/install/hardware/share/hardware/hook/ament_prefix_path.dsv'
[14.659s] INFO:colcon.colcon_core.shell:Creating environment hook '/home/ngt/ZENS-Final-AUVC/install/hardware/share/hardware/hook/ament_prefix_path.sh'
[14.672s] INFO:colcon.colcon_core.shell:Skip shell extension 'powershell' for command environment: Not usable outside of PowerShell
[14.673s] DEBUG:colcon.colcon_core.shell:Skip shell extension 'dsv' for command environment
[14.911s] Level 1:colcon.colcon_core.environment:checking '/home/ngt/ZENS-Final-AUVC/install/flashing' for CMake module files
[14.913s] DEBUG:colcon.colcon_core.event_handler.log_command:Invoked command in '/home/ngt/ZENS-Final-AUVC/ros_ws/src/flashing' returned '0': PYTHONPATH=/home/ngt/ZENS-Final-AUVC/build/flashing/prefix_override:/home/ngt/.virtualenvs/ardusub/lib/python3.12/site-packages/colcon_core/task/python/colcon_distutils_commands:/home/ngt/ZENS-Final-AUVC/install/flashing/lib/python3.12/site-packages:${PYTHONPATH} /home/ngt/.virtualenvs/ardusub/bin/python -W ignore:setup.py install is deprecated -W ignore:easy_install command is deprecated setup.py egg_info --egg-base ../../../build/flashing build --build-base /home/ngt/ZENS-Final-AUVC/build/flashing/build install --record /home/ngt/ZENS-Final-AUVC/build/flashing/install.log --install-scripts $base/lib/flashing --single-version-externally-managed install_data
[14.919s] Level 1:colcon.colcon_core.environment:checking '/home/ngt/ZENS-Final-AUVC/install/flashing' for CMake config files
[14.937s] Level 1:colcon.colcon_core.environment:checking '/home/ngt/ZENS-Final-AUVC/install/flashing/lib'
[14.941s] Level 1:colcon.colcon_core.environment:checking '/home/ngt/ZENS-Final-AUVC/install/flashing/bin'
[14.945s] Level 1:colcon.colcon_core.shell:create_environment_hook('flashing', 'path')
[14.950s] INFO:colcon.colcon_core.shell:Creating environment hook '/home/ngt/ZENS-Final-AUVC/install/flashing/share/flashing/hook/path.ps1'
[14.960s] INFO:colcon.colcon_core.shell:Creating environment descriptor '/home/ngt/ZENS-Final-AUVC/install/flashing/share/flashing/hook/path.dsv'
[14.966s] INFO:colcon.colcon_core.shell:Creating environment hook '/home/ngt/ZENS-Final-AUVC/install/flashing/share/flashing/hook/path.sh'
[14.976s] Level 1:colcon.colcon_core.environment:checking '/home/ngt/ZENS-Final-AUVC/install/flashing/lib/pkgconfig/flashing.pc'
[14.981s] Level 1:colcon.colcon_core.environment:checking '/home/ngt/ZENS-Final-AUVC/install/flashing/lib/python3.12/site-packages'
[14.987s] Level 1:colcon.colcon_core.shell:create_environment_hook('flashing', 'pythonpath')
[14.991s] INFO:colcon.colcon_core.shell:Creating environment hook '/home/ngt/ZENS-Final-AUVC/install/flashing/share/flashing/hook/pythonpath.ps1'
[15.000s] INFO:colcon.colcon_core.shell:Creating environment descriptor '/home/ngt/ZENS-Final-AUVC/install/flashing/share/flashing/hook/pythonpath.dsv'
[15.012s] INFO:colcon.colcon_core.shell:Creating environment hook '/home/ngt/ZENS-Final-AUVC/install/flashing/share/flashing/hook/pythonpath.sh'
[15.026s] Level 1:colcon.colcon_core.environment:checking '/home/ngt/ZENS-Final-AUVC/install/flashing/bin'
[15.031s] Level 1:colcon.colcon_core.shell:create_environment_hook('flashing', 'pythonscriptspath')
[15.033s] INFO:colcon.colcon_core.shell:Creating environment hook '/home/ngt/ZENS-Final-AUVC/install/flashing/share/flashing/hook/pythonscriptspath.ps1'
[15.041s] INFO:colcon.colcon_core.shell:Creating environment descriptor '/home/ngt/ZENS-Final-AUVC/install/flashing/share/flashing/hook/pythonscriptspath.dsv'
[15.050s] INFO:colcon.colcon_core.shell:Creating environment hook '/home/ngt/ZENS-Final-AUVC/install/flashing/share/flashing/hook/pythonscriptspath.sh'
[15.053s] Level 1:colcon.colcon_core.environment:create_environment_scripts_only(flashing)
[15.062s] INFO:colcon.colcon_core.shell:Creating package script '/home/ngt/ZENS-Final-AUVC/install/flashing/share/flashing/package.ps1'
[15.073s] INFO:colcon.colcon_core.shell:Creating package descriptor '/home/ngt/ZENS-Final-AUVC/install/flashing/share/flashing/package.dsv'
[15.087s] INFO:colcon.colcon_core.shell:Creating package script '/home/ngt/ZENS-Final-AUVC/install/flashing/share/flashing/package.sh'
[15.091s] INFO:colcon.colcon_core.shell:Creating package script '/home/ngt/ZENS-Final-AUVC/install/flashing/share/flashing/package.bash'
[15.099s] INFO:colcon.colcon_core.shell:Creating package script '/home/ngt/ZENS-Final-AUVC/install/flashing/share/flashing/package.zsh'
[15.108s] Level 1:colcon.colcon_core.environment:create_file_with_runtime_dependencies(/home/ngt/ZENS-Final-AUVC/install/flashing/share/colcon-core/packages/flashing)
[15.113s] INFO:colcon.colcon_ros.task.ament_cmake.build:Building ROS package in '/home/ngt/ZENS-Final-AUVC/ros_ws/src/msgs' with build type 'ament_cmake'
[15.116s] INFO:colcon.colcon_cmake.task.cmake.build:Building CMake package in '/home/ngt/ZENS-Final-AUVC/ros_ws/src/msgs'
[15.121s] INFO:colcon.colcon_core.shell:Skip shell extension 'powershell' for command environment: Not usable outside of PowerShell
[15.129s] DEBUG:colcon.colcon_core.shell:Skip shell extension 'dsv' for command environment
[16.383s] INFO:colcon.colcon_core.task.python.build:Building Python package in '/home/ngt/ZENS-Final-AUVC/ros_ws/src/hardware'
[16.384s] INFO:colcon.colcon_core.shell:Skip shell extension 'powershell' for command environment: Not usable outside of PowerShell
[16.384s] DEBUG:colcon.colcon_core.shell:Skip shell extension 'dsv' for command environment
[16.419s] Level 1:colcon.colcon_core.environment:checking '/home/ngt/ZENS-Final-AUVC/install/control' for CMake module files
[16.421s] DEBUG:colcon.colcon_core.event_handler.log_command:Invoked command in '/home/ngt/ZENS-Final-AUVC/ros_ws/src/control' returned '0': PYTHONPATH=/home/ngt/ZENS-Final-AUVC/build/control/prefix_override:/home/ngt/.virtualenvs/ardusub/lib/python3.12/site-packages/colcon_core/task/python/colcon_distutils_commands:/home/ngt/ZENS-Final-AUVC/install/control/lib/python3.12/site-packages:${PYTHONPATH} /home/ngt/.virtualenvs/ardusub/bin/python -W ignore:setup.py install is deprecated -W ignore:easy_install command is deprecated setup.py egg_info --egg-base ../../../build/control build --build-base /home/ngt/ZENS-Final-AUVC/build/control/build install --record /home/ngt/ZENS-Final-AUVC/build/control/install.log --install-scripts $base/lib/control --single-version-externally-managed install_data
[16.423s] Level 1:colcon.colcon_core.environment:checking '/home/ngt/ZENS-Final-AUVC/install/control' for CMake config files
[16.428s] Level 1:colcon.colcon_core.environment:checking '/home/ngt/ZENS-Final-AUVC/install/control/lib'
[16.429s] Level 1:colcon.colcon_core.environment:checking '/home/ngt/ZENS-Final-AUVC/install/control/bin'
[16.429s] Level 1:colcon.colcon_core.shell:create_environment_hook('control', 'path')
[16.431s] INFO:colcon.colcon_core.shell:Creating environment hook '/home/ngt/ZENS-Final-AUVC/install/control/share/control/hook/path.ps1'
[16.433s] INFO:colcon.colcon_core.shell:Creating environment descriptor '/home/ngt/ZENS-Final-AUVC/install/control/share/control/hook/path.dsv'
[16.435s] INFO:colcon.colcon_core.shell:Creating environment hook '/home/ngt/ZENS-Final-AUVC/install/control/share/control/hook/path.sh'
[16.437s] Level 1:colcon.colcon_core.environment:checking '/home/ngt/ZENS-Final-AUVC/install/control/lib/pkgconfig/control.pc'
[16.438s] Level 1:colcon.colcon_core.environment:checking '/home/ngt/ZENS-Final-AUVC/install/control/lib/python3.12/site-packages'
[16.439s] Level 1:colcon.colcon_core.shell:create_environment_hook('control', 'pythonpath')
[16.440s] INFO:colcon.colcon_core.shell:Creating environment hook '/home/ngt/ZENS-Final-AUVC/install/control/share/control/hook/pythonpath.ps1'
[16.442s] INFO:colcon.colcon_core.shell:Creating environment descriptor '/home/ngt/ZENS-Final-AUVC/install/control/share/control/hook/pythonpath.dsv'
[16.444s] INFO:colcon.colcon_core.shell:Creating environment hook '/home/ngt/ZENS-Final-AUVC/install/control/share/control/hook/pythonpath.sh'
[16.447s] Level 1:colcon.colcon_core.environment:checking '/home/ngt/ZENS-Final-AUVC/install/control/bin'
[16.448s] Level 1:colcon.colcon_core.shell:create_environment_hook('control', 'pythonscriptspath')
[16.449s] INFO:colcon.colcon_core.shell:Creating environment hook '/home/ngt/ZENS-Final-AUVC/install/control/share/control/hook/pythonscriptspath.ps1'
[16.451s] INFO:colcon.colcon_core.shell:Creating environment descriptor '/home/ngt/ZENS-Final-AUVC/install/control/share/control/hook/pythonscriptspath.dsv'
[16.453s] INFO:colcon.colcon_core.shell:Creating environment hook '/home/ngt/ZENS-Final-AUVC/install/control/share/control/hook/pythonscriptspath.sh'
[16.455s] Level 1:colcon.colcon_core.environment:create_environment_scripts_only(control)
[16.456s] INFO:colcon.colcon_core.shell:Creating package script '/home/ngt/ZENS-Final-AUVC/install/control/share/control/package.ps1'
[16.459s] INFO:colcon.colcon_core.shell:Creating package descriptor '/home/ngt/ZENS-Final-AUVC/install/control/share/control/package.dsv'
[16.462s] INFO:colcon.colcon_core.shell:Creating package script '/home/ngt/ZENS-Final-AUVC/install/control/share/control/package.sh'
[16.464s] INFO:colcon.colcon_core.shell:Creating package script '/home/ngt/ZENS-Final-AUVC/install/control/share/control/package.bash'
[16.466s] INFO:colcon.colcon_core.shell:Creating package script '/home/ngt/ZENS-Final-AUVC/install/control/share/control/package.zsh'
[16.468s] Level 1:colcon.colcon_core.environment:create_file_with_runtime_dependencies(/home/ngt/ZENS-Final-AUVC/install/control/share/colcon-core/packages/control)
[16.486s] DEBUG:colcon.colcon_core.event_handler.log_command:Invoking command in '/home/ngt/ZENS-Final-AUVC/build/msgs': CMAKE_PREFIX_PATH=${CMAKE_PREFIX_PATH}:/home/ngt/ZENS-Final-AUVC/install/hardware:/home/ngt/ZENS-Final-AUVC/install/flashing:/home/ngt/ZENS-Final-AUVC/install/cv:/home/ngt/ZENS-Final-AUVC/install/control:/home/ngt/ZENS-Final-AUVC/install/bringup:/home/ngt/auvc_ws/install/tutorial_virtualenvs:/home/ngt/auvc_ws/install/tutorial_pid:/home/ngt/auvc_ws/install/tutorial_ardusub:/home/ngt/auvc_ws/install/tutorial:/home/ngt/auvc_ws/install/rosmav:/home/ngt/cv_ws/install/cv:/home/ngt/pid_ws/install/pid:/home/ngt/auv_dancing/install/tutorial:/opt/ros/jazzy /usr/bin/cmake --build /home/ngt/ZENS-Final-AUVC/build/msgs -- -j4 -l4
[16.491s] DEBUG:colcon.colcon_core.event_handler.log_command:Invoked command in '/home/ngt/ZENS-Final-AUVC/build/gazebo_bluerov2' returned '0': CMAKE_PREFIX_PATH=${CMAKE_PREFIX_PATH}:/home/ngt/ZENS-Final-AUVC/install/hardware:/home/ngt/ZENS-Final-AUVC/install/flashing:/home/ngt/ZENS-Final-AUVC/install/cv:/home/ngt/ZENS-Final-AUVC/install/control:/home/ngt/ZENS-Final-AUVC/install/bringup:/home/ngt/auvc_ws/install/tutorial_virtualenvs:/home/ngt/auvc_ws/install/tutorial_pid:/home/ngt/auvc_ws/install/tutorial_ardusub:/home/ngt/auvc_ws/install/tutorial:/home/ngt/auvc_ws/install/rosmav:/home/ngt/cv_ws/install/cv:/home/ngt/pid_ws/install/pid:/home/ngt/auv_dancing/install/tutorial:/opt/ros/jazzy /usr/bin/cmake --build /home/ngt/ZENS-Final-AUVC/build/gazebo_bluerov2 -- -j4 -l4
[16.570s] DEBUG:colcon.colcon_core.event_handler.log_command:Invoking command in '/home/ngt/ZENS-Final-AUVC/build/gazebo_bluerov2': CMAKE_PREFIX_PATH=${CMAKE_PREFIX_PATH}:/home/ngt/ZENS-Final-AUVC/install/hardware:/home/ngt/ZENS-Final-AUVC/install/flashing:/home/ngt/ZENS-Final-AUVC/install/cv:/home/ngt/ZENS-Final-AUVC/install/control:/home/ngt/ZENS-Final-AUVC/install/bringup:/home/ngt/auvc_ws/install/tutorial_virtualenvs:/home/ngt/auvc_ws/install/tutorial_pid:/home/ngt/auvc_ws/install/tutorial_ardusub:/home/ngt/auvc_ws/install/tutorial:/home/ngt/auvc_ws/install/rosmav:/home/ngt/cv_ws/install/cv:/home/ngt/pid_ws/install/pid:/home/ngt/auv_dancing/install/tutorial:/opt/ros/jazzy /usr/bin/cmake --install /home/ngt/ZENS-Final-AUVC/build/gazebo_bluerov2
[17.084s] Level 1:colcon.colcon_core.environment:create_environment_scripts_only(gazebo_bluerov2)
[17.085s] Level 1:colcon.colcon_core.environment:checking '/home/ngt/ZENS-Final-AUVC/install/gazebo_bluerov2' for CMake module files
[17.100s] Level 1:colcon.colcon_core.environment:checking '/home/ngt/ZENS-Final-AUVC/install/gazebo_bluerov2' for CMake config files
[17.103s] Level 1:colcon.colcon_core.shell:create_environment_hook('gazebo_bluerov2', 'cmake_prefix_path')
[17.107s] INFO:colcon.colcon_core.shell:Creating environment hook '/home/ngt/ZENS-Final-AUVC/install/gazebo_bluerov2/share/gazebo_bluerov2/hook/cmake_prefix_path.ps1'
[17.111s] INFO:colcon.colcon_core.shell:Creating environment descriptor '/home/ngt/ZENS-Final-AUVC/install/gazebo_bluerov2/share/gazebo_bluerov2/hook/cmake_prefix_path.dsv'
[17.119s] INFO:colcon.colcon_core.shell:Creating environment hook '/home/ngt/ZENS-Final-AUVC/install/gazebo_bluerov2/share/gazebo_bluerov2/hook/cmake_prefix_path.sh'
[17.130s] Level 1:colcon.colcon_core.environment:checking '/home/ngt/ZENS-Final-AUVC/install/gazebo_bluerov2/lib'
[17.135s] Level 1:colcon.colcon_core.shell:create_environment_hook('gazebo_bluerov2', 'ld_library_path_lib')
[17.138s] INFO:colcon.colcon_core.shell:Creating environment hook '/home/ngt/ZENS-Final-AUVC/install/gazebo_bluerov2/share/gazebo_bluerov2/hook/ld_library_path_lib.ps1'
[17.149s] INFO:colcon.colcon_core.shell:Creating environment descriptor '/home/ngt/ZENS-Final-AUVC/install/gazebo_bluerov2/share/gazebo_bluerov2/hook/ld_library_path_lib.dsv'
[17.154s] INFO:colcon.colcon_core.shell:Creating environment hook '/home/ngt/ZENS-Final-AUVC/install/gazebo_bluerov2/share/gazebo_bluerov2/hook/ld_library_path_lib.sh'
[17.164s] Level 1:colcon.colcon_core.environment:checking '/home/ngt/ZENS-Final-AUVC/install/gazebo_bluerov2/bin'
[17.170s] Level 1:colcon.colcon_core.environment:checking '/home/ngt/ZENS-Final-AUVC/install/gazebo_bluerov2/lib/pkgconfig/gazebo_bluerov2.pc'
[17.171s] Level 1:colcon.colcon_core.environment:checking '/home/ngt/ZENS-Final-AUVC/install/gazebo_bluerov2/lib/python3.12/site-packages'
[17.176s] Level 1:colcon.colcon_core.environment:checking '/home/ngt/ZENS-Final-AUVC/install/gazebo_bluerov2/bin'
[17.178s] INFO:colcon.colcon_core.shell:Creating package script '/home/ngt/ZENS-Final-AUVC/install/gazebo_bluerov2/share/gazebo_bluerov2/package.ps1'
[17.184s] INFO:colcon.colcon_core.shell:Creating package descriptor '/home/ngt/ZENS-Final-AUVC/install/gazebo_bluerov2/share/gazebo_bluerov2/package.dsv'
[17.192s] INFO:colcon.colcon_core.shell:Creating package script '/home/ngt/ZENS-Final-AUVC/install/gazebo_bluerov2/share/gazebo_bluerov2/package.sh'
[17.203s] INFO:colcon.colcon_core.shell:Creating package script '/home/ngt/ZENS-Final-AUVC/install/gazebo_bluerov2/share/gazebo_bluerov2/package.bash'
[17.210s] INFO:colcon.colcon_core.shell:Creating package script '/home/ngt/ZENS-Final-AUVC/install/gazebo_bluerov2/share/gazebo_bluerov2/package.zsh'
[17.219s] Level 1:colcon.colcon_core.environment:create_file_with_runtime_dependencies(/home/ngt/ZENS-Final-AUVC/install/gazebo_bluerov2/share/colcon-core/packages/gazebo_bluerov2)
[17.222s] Level 1:colcon.colcon_core.environment:create_environment_scripts_only(gazebo_bluerov2)
[17.227s] Level 1:colcon.colcon_core.environment:checking '/home/ngt/ZENS-Final-AUVC/install/gazebo_bluerov2' for CMake module files
[17.236s] Level 1:colcon.colcon_core.environment:checking '/home/ngt/ZENS-Final-AUVC/install/gazebo_bluerov2' for CMake config files
[17.247s] Level 1:colcon.colcon_core.shell:create_environment_hook('gazebo_bluerov2', 'cmake_prefix_path')
[17.248s] INFO:colcon.colcon_core.shell:Creating environment hook '/home/ngt/ZENS-Final-AUVC/install/gazebo_bluerov2/share/gazebo_bluerov2/hook/cmake_prefix_path.ps1'
[17.255s] INFO:colcon.colcon_core.shell:Creating environment descriptor '/home/ngt/ZENS-Final-AUVC/install/gazebo_bluerov2/share/gazebo_bluerov2/hook/cmake_prefix_path.dsv'
[17.260s] INFO:colcon.colcon_core.shell:Creating environment hook '/home/ngt/ZENS-Final-AUVC/install/gazebo_bluerov2/share/gazebo_bluerov2/hook/cmake_prefix_path.sh'
[17.272s] Level 1:colcon.colcon_core.environment:checking '/home/ngt/ZENS-Final-AUVC/install/gazebo_bluerov2/lib'
[17.275s] Level 1:colcon.colcon_core.shell:create_environment_hook('gazebo_bluerov2', 'ld_library_path_lib')
[17.276s] INFO:colcon.colcon_core.shell:Creating environment hook '/home/ngt/ZENS-Final-AUVC/install/gazebo_bluerov2/share/gazebo_bluerov2/hook/ld_library_path_lib.ps1'
[17.294s] INFO:colcon.colcon_core.shell:Creating environment descriptor '/home/ngt/ZENS-Final-AUVC/install/gazebo_bluerov2/share/gazebo_bluerov2/hook/ld_library_path_lib.dsv'
[17.325s] INFO:colcon.colcon_core.shell:Creating environment hook '/home/ngt/ZENS-Final-AUVC/install/gazebo_bluerov2/share/gazebo_bluerov2/hook/ld_library_path_lib.sh'
[17.342s] Level 1:colcon.colcon_core.environment:checking '/home/ngt/ZENS-Final-AUVC/install/gazebo_bluerov2/bin'
[17.344s] Level 1:colcon.colcon_core.environment:checking '/home/ngt/ZENS-Final-AUVC/install/gazebo_bluerov2/lib/pkgconfig/gazebo_bluerov2.pc'
[17.346s] Level 1:colcon.colcon_core.environment:checking '/home/ngt/ZENS-Final-AUVC/install/gazebo_bluerov2/lib/python3.12/site-packages'
[17.354s] Level 1:colcon.colcon_core.environment:checking '/home/ngt/ZENS-Final-AUVC/install/gazebo_bluerov2/bin'
[17.367s] INFO:colcon.colcon_core.shell:Creating package script '/home/ngt/ZENS-Final-AUVC/install/gazebo_bluerov2/share/gazebo_bluerov2/package.ps1'
[17.389s] INFO:colcon.colcon_core.shell:Creating package descriptor '/home/ngt/ZENS-Final-AUVC/install/gazebo_bluerov2/share/gazebo_bluerov2/package.dsv'
[17.399s] INFO:colcon.colcon_core.shell:Creating package script '/home/ngt/ZENS-Final-AUVC/install/gazebo_bluerov2/share/gazebo_bluerov2/package.sh'
[17.418s] INFO:colcon.colcon_core.shell:Creating package script '/home/ngt/ZENS-Final-AUVC/install/gazebo_bluerov2/share/gazebo_bluerov2/package.bash'
[17.442s] INFO:colcon.colcon_core.shell:Creating package script '/home/ngt/ZENS-Final-AUVC/install/gazebo_bluerov2/share/gazebo_bluerov2/package.zsh'
[17.462s] Level 1:colcon.colcon_core.environment:create_file_with_runtime_dependencies(/home/ngt/ZENS-Final-AUVC/install/gazebo_bluerov2/share/colcon-core/packages/gazebo_bluerov2)
[17.550s] DEBUG:colcon.colcon_core.event_handler.log_command:Invoked command in '/home/ngt/ZENS-Final-AUVC/build/gazebo_bluerov2' returned '0': CMAKE_PREFIX_PATH=${CMAKE_PREFIX_PATH}:/home/ngt/ZENS-Final-AUVC/install/hardware:/home/ngt/ZENS-Final-AUVC/install/flashing:/home/ngt/ZENS-Final-AUVC/install/cv:/home/ngt/ZENS-Final-AUVC/install/control:/home/ngt/ZENS-Final-AUVC/install/bringup:/home/ngt/auvc_ws/install/tutorial_virtualenvs:/home/ngt/auvc_ws/install/tutorial_pid:/home/ngt/auvc_ws/install/tutorial_ardusub:/home/ngt/auvc_ws/install/tutorial:/home/ngt/auvc_ws/install/rosmav:/home/ngt/cv_ws/install/cv:/home/ngt/pid_ws/install/pid:/home/ngt/auv_dancing/install/tutorial:/opt/ros/jazzy /usr/bin/cmake --install /home/ngt/ZENS-Final-AUVC/build/gazebo_bluerov2
[19.905s] DEBUG:colcon.colcon_core.task.python.build:Available setuptools commands: bdist_rpm, alias, build_scripts, rotate, bdist_egg, install_headers, build_py, install_lib, symlink_data, install, develop, bdist, build_ext, egg_info, build_clib, dist_info, clean, check, build, easy_install, bdist_wheel, editable_wheel, sdist, bdist_dumb, install_egg_info, setopt, install_data, install_scripts, saveopts
[19.921s] DEBUG:colcon.colcon_core.event_handler.log_command:Invoking command in '/home/ngt/ZENS-Final-AUVC/ros_ws/src/hardware': PYTHONPATH=/home/ngt/ZENS-Final-AUVC/build/hardware/prefix_override:/home/ngt/.virtualenvs/ardusub/lib/python3.12/site-packages/colcon_core/task/python/colcon_distutils_commands:/home/ngt/ZENS-Final-AUVC/install/hardware/lib/python3.12/site-packages:${PYTHONPATH} /home/ngt/.virtualenvs/ardusub/bin/python -W ignore:setup.py install is deprecated -W ignore:easy_install command is deprecated setup.py egg_info --egg-base ../../../build/hardware build --build-base /home/ngt/ZENS-Final-AUVC/build/hardware/build install --record /home/ngt/ZENS-Final-AUVC/build/hardware/install.log --install-scripts $base/lib/hardware --single-version-externally-managed install_data
[22.195s] DEBUG:colcon.colcon_core.event_handler.log_command:Invoked command in '/home/ngt/ZENS-Final-AUVC/build/msgs' returned '0': CMAKE_PREFIX_PATH=${CMAKE_PREFIX_PATH}:/home/ngt/ZENS-Final-AUVC/install/hardware:/home/ngt/ZENS-Final-AUVC/install/flashing:/home/ngt/ZENS-Final-AUVC/install/cv:/home/ngt/ZENS-Final-AUVC/install/control:/home/ngt/ZENS-Final-AUVC/install/bringup:/home/ngt/auvc_ws/install/tutorial_virtualenvs:/home/ngt/auvc_ws/install/tutorial_pid:/home/ngt/auvc_ws/install/tutorial_ardusub:/home/ngt/auvc_ws/install/tutorial:/home/ngt/auvc_ws/install/rosmav:/home/ngt/cv_ws/install/cv:/home/ngt/pid_ws/install/pid:/home/ngt/auv_dancing/install/tutorial:/opt/ros/jazzy /usr/bin/cmake --build /home/ngt/ZENS-Final-AUVC/build/msgs -- -j4 -l4
[22.204s] DEBUG:colcon.colcon_core.event_handler.log_command:Invoking command in '/home/ngt/ZENS-Final-AUVC/build/msgs': CMAKE_PREFIX_PATH=${CMAKE_PREFIX_PATH}:/home/ngt/ZENS-Final-AUVC/install/hardware:/home/ngt/ZENS-Final-AUVC/install/flashing:/home/ngt/ZENS-Final-AUVC/install/cv:/home/ngt/ZENS-Final-AUVC/install/control:/home/ngt/ZENS-Final-AUVC/install/bringup:/home/ngt/auvc_ws/install/tutorial_virtualenvs:/home/ngt/auvc_ws/install/tutorial_pid:/home/ngt/auvc_ws/install/tutorial_ardusub:/home/ngt/auvc_ws/install/tutorial:/home/ngt/auvc_ws/install/rosmav:/home/ngt/cv_ws/install/cv:/home/ngt/pid_ws/install/pid:/home/ngt/auv_dancing/install/tutorial:/opt/ros/jazzy /usr/bin/cmake --install /home/ngt/ZENS-Final-AUVC/build/msgs
[22.491s] Level 1:colcon.colcon_core.environment:checking '/home/ngt/ZENS-Final-AUVC/install/hardware' for CMake module files
[22.495s] DEBUG:colcon.colcon_core.event_handler.log_command:Invoked command in '/home/ngt/ZENS-Final-AUVC/ros_ws/src/hardware' returned '0': PYTHONPATH=/home/ngt/ZENS-Final-AUVC/build/hardware/prefix_override:/home/ngt/.virtualenvs/ardusub/lib/python3.12/site-packages/colcon_core/task/python/colcon_distutils_commands:/home/ngt/ZENS-Final-AUVC/install/hardware/lib/python3.12/site-packages:${PYTHONPATH} /home/ngt/.virtualenvs/ardusub/bin/python -W ignore:setup.py install is deprecated -W ignore:easy_install command is deprecated setup.py egg_info --egg-base ../../../build/hardware build --build-base /home/ngt/ZENS-Final-AUVC/build/hardware/build install --record /home/ngt/ZENS-Final-AUVC/build/hardware/install.log --install-scripts $base/lib/hardware --single-version-externally-managed install_data
[22.497s] Level 1:colcon.colcon_core.environment:checking '/home/ngt/ZENS-Final-AUVC/install/hardware' for CMake config files
[22.501s] Level 1:colcon.colcon_core.environment:checking '/home/ngt/ZENS-Final-AUVC/install/hardware/lib'
[22.502s] Level 1:colcon.colcon_core.environment:checking '/home/ngt/ZENS-Final-AUVC/install/hardware/bin'
[22.503s] Level 1:colcon.colcon_core.shell:create_environment_hook('hardware', 'path')
[22.503s] INFO:colcon.colcon_core.shell:Creating environment hook '/home/ngt/ZENS-Final-AUVC/install/hardware/share/hardware/hook/path.ps1'
[22.506s] INFO:colcon.colcon_core.shell:Creating environment descriptor '/home/ngt/ZENS-Final-AUVC/install/hardware/share/hardware/hook/path.dsv'
[22.508s] INFO:colcon.colcon_core.shell:Creating environment hook '/home/ngt/ZENS-Final-AUVC/install/hardware/share/hardware/hook/path.sh'
[22.511s] Level 1:colcon.colcon_core.environment:checking '/home/ngt/ZENS-Final-AUVC/install/hardware/lib/pkgconfig/hardware.pc'
[22.512s] Level 1:colcon.colcon_core.environment:checking '/home/ngt/ZENS-Final-AUVC/install/hardware/lib/python3.12/site-packages'
[22.513s] Level 1:colcon.colcon_core.shell:create_environment_hook('hardware', 'pythonpath')
[22.514s] INFO:colcon.colcon_core.shell:Creating environment hook '/home/ngt/ZENS-Final-AUVC/install/hardware/share/hardware/hook/pythonpath.ps1'
[22.517s] INFO:colcon.colcon_core.shell:Creating environment descriptor '/home/ngt/ZENS-Final-AUVC/install/hardware/share/hardware/hook/pythonpath.dsv'
[22.520s] INFO:colcon.colcon_core.shell:Creating environment hook '/home/ngt/ZENS-Final-AUVC/install/hardware/share/hardware/hook/pythonpath.sh'
[22.524s] Level 1:colcon.colcon_core.environment:checking '/home/ngt/ZENS-Final-AUVC/install/hardware/bin'
[22.525s] Level 1:colcon.colcon_core.shell:create_environment_hook('hardware', 'pythonscriptspath')
[22.526s] INFO:colcon.colcon_core.shell:Creating environment hook '/home/ngt/ZENS-Final-AUVC/install/hardware/share/hardware/hook/pythonscriptspath.ps1'
[22.529s] INFO:colcon.colcon_core.shell:Creating environment descriptor '/home/ngt/ZENS-Final-AUVC/install/hardware/share/hardware/hook/pythonscriptspath.dsv'
[22.532s] INFO:colcon.colcon_core.shell:Creating environment hook '/home/ngt/ZENS-Final-AUVC/install/hardware/share/hardware/hook/pythonscriptspath.sh'
[22.535s] Level 1:colcon.colcon_core.environment:create_environment_scripts_only(hardware)
[22.536s] INFO:colcon.colcon_core.shell:Creating package script '/home/ngt/ZENS-Final-AUVC/install/hardware/share/hardware/package.ps1'
[22.540s] INFO:colcon.colcon_core.shell:Creating package descriptor '/home/ngt/ZENS-Final-AUVC/install/hardware/share/hardware/package.dsv'
[22.544s] INFO:colcon.colcon_core.shell:Creating package script '/home/ngt/ZENS-Final-AUVC/install/hardware/share/hardware/package.sh'
[22.547s] INFO:colcon.colcon_core.shell:Creating package script '/home/ngt/ZENS-Final-AUVC/install/hardware/share/hardware/package.bash'
[22.550s] INFO:colcon.colcon_core.shell:Creating package script '/home/ngt/ZENS-Final-AUVC/install/hardware/share/hardware/package.zsh'
[22.552s] Level 1:colcon.colcon_core.environment:create_file_with_runtime_dependencies(/home/ngt/ZENS-Final-AUVC/install/hardware/share/colcon-core/packages/hardware)
[22.740s] Level 1:colcon.colcon_core.environment:create_environment_scripts_only(msgs)
[22.741s] Level 1:colcon.colcon_core.environment:checking '/home/ngt/ZENS-Final-AUVC/install/msgs' for CMake module files
[22.753s] Level 1:colcon.colcon_core.environment:checking '/home/ngt/ZENS-Final-AUVC/install/msgs' for CMake config files
[22.762s] Level 1:colcon.colcon_core.shell:create_environment_hook('msgs', 'cmake_prefix_path')
[22.766s] INFO:colcon.colcon_core.shell:Creating environment hook '/home/ngt/ZENS-Final-AUVC/install/msgs/share/msgs/hook/cmake_prefix_path.ps1'
[22.772s] INFO:colcon.colcon_core.shell:Creating environment descriptor '/home/ngt/ZENS-Final-AUVC/install/msgs/share/msgs/hook/cmake_prefix_path.dsv'
[22.774s] DEBUG:colcon.colcon_core.event_handler.log_command:Invoked command in '/home/ngt/ZENS-Final-AUVC/build/msgs' returned '0': CMAKE_PREFIX_PATH=${CMAKE_PREFIX_PATH}:/home/ngt/ZENS-Final-AUVC/install/hardware:/home/ngt/ZENS-Final-AUVC/install/flashing:/home/ngt/ZENS-Final-AUVC/install/cv:/home/ngt/ZENS-Final-AUVC/install/control:/home/ngt/ZENS-Final-AUVC/install/bringup:/home/ngt/auvc_ws/install/tutorial_virtualenvs:/home/ngt/auvc_ws/install/tutorial_pid:/home/ngt/auvc_ws/install/tutorial_ardusub:/home/ngt/auvc_ws/install/tutorial:/home/ngt/auvc_ws/install/rosmav:/home/ngt/cv_ws/install/cv:/home/ngt/pid_ws/install/pid:/home/ngt/auv_dancing/install/tutorial:/opt/ros/jazzy /usr/bin/cmake --install /home/ngt/ZENS-Final-AUVC/build/msgs
[22.779s] INFO:colcon.colcon_core.shell:Creating environment hook '/home/ngt/ZENS-Final-AUVC/install/msgs/share/msgs/hook/cmake_prefix_path.sh'
[22.782s] Level 1:colcon.colcon_core.environment:checking '/home/ngt/ZENS-Final-AUVC/install/msgs/lib'
[22.783s] Level 1:colcon.colcon_core.shell:create_environment_hook('msgs', 'ld_library_path_lib')
[22.783s] INFO:colcon.colcon_core.shell:Creating environment hook '/home/ngt/ZENS-Final-AUVC/install/msgs/share/msgs/hook/ld_library_path_lib.ps1'
[22.791s] INFO:colcon.colcon_core.shell:Creating environment descriptor '/home/ngt/ZENS-Final-AUVC/install/msgs/share/msgs/hook/ld_library_path_lib.dsv'
[22.795s] INFO:colcon.colcon_core.shell:Creating environment hook '/home/ngt/ZENS-Final-AUVC/install/msgs/share/msgs/hook/ld_library_path_lib.sh'
[22.801s] Level 1:colcon.colcon_core.environment:checking '/home/ngt/ZENS-Final-AUVC/install/msgs/bin'
[22.807s] Level 1:colcon.colcon_core.environment:checking '/home/ngt/ZENS-Final-AUVC/install/msgs/lib/pkgconfig/msgs.pc'
[22.808s] Level 1:colcon.colcon_core.environment:checking '/home/ngt/ZENS-Final-AUVC/install/msgs/lib/python3.12/site-packages'
[22.809s] Level 1:colcon.colcon_core.shell:create_environment_hook('msgs', 'pythonpath')
[22.811s] INFO:colcon.colcon_core.shell:Creating environment hook '/home/ngt/ZENS-Final-AUVC/install/msgs/share/msgs/hook/pythonpath.ps1'
[22.817s] INFO:colcon.colcon_core.shell:Creating environment descriptor '/home/ngt/ZENS-Final-AUVC/install/msgs/share/msgs/hook/pythonpath.dsv'
[22.819s] INFO:colcon.colcon_core.shell:Creating environment hook '/home/ngt/ZENS-Final-AUVC/install/msgs/share/msgs/hook/pythonpath.sh'
[22.827s] Level 1:colcon.colcon_core.environment:checking '/home/ngt/ZENS-Final-AUVC/install/msgs/bin'
[22.828s] INFO:colcon.colcon_core.shell:Creating package script '/home/ngt/ZENS-Final-AUVC/install/msgs/share/msgs/package.ps1'
[22.836s] INFO:colcon.colcon_core.shell:Creating package descriptor '/home/ngt/ZENS-Final-AUVC/install/msgs/share/msgs/package.dsv'
[22.844s] INFO:colcon.colcon_core.shell:Creating package script '/home/ngt/ZENS-Final-AUVC/install/msgs/share/msgs/package.sh'
[22.847s] INFO:colcon.colcon_core.shell:Creating package script '/home/ngt/ZENS-Final-AUVC/install/msgs/share/msgs/package.bash'
[22.853s] INFO:colcon.colcon_core.shell:Creating package script '/home/ngt/ZENS-Final-AUVC/install/msgs/share/msgs/package.zsh'
[22.860s] Level 1:colcon.colcon_core.environment:create_file_with_runtime_dependencies(/home/ngt/ZENS-Final-AUVC/install/msgs/share/colcon-core/packages/msgs)
[22.866s] Level 1:colcon.colcon_core.environment:create_environment_scripts_only(msgs)
[22.870s] Level 1:colcon.colcon_core.environment:checking '/home/ngt/ZENS-Final-AUVC/install/msgs' for CMake module files
[22.878s] Level 1:colcon.colcon_core.environment:checking '/home/ngt/ZENS-Final-AUVC/install/msgs' for CMake config files
[22.882s] Level 1:colcon.colcon_core.shell:create_environment_hook('msgs', 'cmake_prefix_path')
[22.883s] INFO:colcon.colcon_core.shell:Creating environment hook '/home/ngt/ZENS-Final-AUVC/install/msgs/share/msgs/hook/cmake_prefix_path.ps1'
[22.885s] INFO:colcon.colcon_core.shell:Creating environment descriptor '/home/ngt/ZENS-Final-AUVC/install/msgs/share/msgs/hook/cmake_prefix_path.dsv'
[22.893s] INFO:colcon.colcon_core.shell:Creating environment hook '/home/ngt/ZENS-Final-AUVC/install/msgs/share/msgs/hook/cmake_prefix_path.sh'
[22.900s] Level 1:colcon.colcon_core.environment:checking '/home/ngt/ZENS-Final-AUVC/install/msgs/lib'
[22.903s] Level 1:colcon.colcon_core.shell:create_environment_hook('msgs', 'ld_library_path_lib')
[22.904s] INFO:colcon.colcon_core.shell:Creating environment hook '/home/ngt/ZENS-Final-AUVC/install/msgs/share/msgs/hook/ld_library_path_lib.ps1'
[22.910s] INFO:colcon.colcon_core.shell:Creating environment descriptor '/home/ngt/ZENS-Final-AUVC/install/msgs/share/msgs/hook/ld_library_path_lib.dsv'
[22.913s] INFO:colcon.colcon_core.shell:Creating environment hook '/home/ngt/ZENS-Final-AUVC/install/msgs/share/msgs/hook/ld_library_path_lib.sh'
[22.922s] Level 1:colcon.colcon_core.environment:checking '/home/ngt/ZENS-Final-AUVC/install/msgs/bin'
[22.923s] Level 1:colcon.colcon_core.environment:checking '/home/ngt/ZENS-Final-AUVC/install/msgs/lib/pkgconfig/msgs.pc'
[22.924s] Level 1:colcon.colcon_core.environment:checking '/home/ngt/ZENS-Final-AUVC/install/msgs/lib/python3.12/site-packages'
[22.927s] Level 1:colcon.colcon_core.shell:create_environment_hook('msgs', 'pythonpath')
[22.928s] INFO:colcon.colcon_core.shell:Creating environment hook '/home/ngt/ZENS-Final-AUVC/install/msgs/share/msgs/hook/pythonpath.ps1'
[22.931s] INFO:colcon.colcon_core.shell:Creating environment descriptor '/home/ngt/ZENS-Final-AUVC/install/msgs/share/msgs/hook/pythonpath.dsv'
[22.938s] INFO:colcon.colcon_core.shell:Creating environment hook '/home/ngt/ZENS-Final-AUVC/install/msgs/share/msgs/hook/pythonpath.sh'
[22.943s] Level 1:colcon.colcon_core.environment:checking '/home/ngt/ZENS-Final-AUVC/install/msgs/bin'
[22.944s] INFO:colcon.colcon_core.shell:Creating package script '/home/ngt/ZENS-Final-AUVC/install/msgs/share/msgs/package.ps1'
[22.950s] INFO:colcon.colcon_core.shell:Creating package descriptor '/home/ngt/ZENS-Final-AUVC/install/msgs/share/msgs/package.dsv'
[22.954s] INFO:colcon.colcon_core.shell:Creating package script '/home/ngt/ZENS-Final-AUVC/install/msgs/share/msgs/package.sh'
[22.960s] INFO:colcon.colcon_core.shell:Creating package script '/home/ngt/ZENS-Final-AUVC/install/msgs/share/msgs/package.bash'
[22.965s] INFO:colcon.colcon_core.shell:Creating package script '/home/ngt/ZENS-Final-AUVC/install/msgs/share/msgs/package.zsh'
[22.967s] Level 1:colcon.colcon_core.environment:create_file_with_runtime_dependencies(/home/ngt/ZENS-Final-AUVC/install/msgs/share/colcon-core/packages/msgs)
[22.969s] DEBUG:colcon.colcon_parallel_executor.executor.parallel:closing loop
[22.971s] DEBUG:colcon.colcon_parallel_executor.executor.parallel:loop closed
[22.974s] DEBUG:colcon.colcon_parallel_executor.executor.parallel:run_until_complete finished with '0'
[22.974s] DEBUG:colcon.colcon_core.event_reactor:joining thread
[22.982s] DEBUG:colcon.colcon_core.event_reactor:joined thread
[22.983s] INFO:colcon.colcon_core.shell:Creating prefix script '/home/ngt/ZENS-Final-AUVC/install/local_setup.ps1'
[22.988s] INFO:colcon.colcon_core.shell:Creating prefix util module '/home/ngt/ZENS-Final-AUVC/install/_local_setup_util_ps1.py'
[22.995s] INFO:colcon.colcon_core.shell:Creating prefix chain script '/home/ngt/ZENS-Final-AUVC/install/setup.ps1'
[23.012s] INFO:colcon.colcon_core.shell:Creating prefix script '/home/ngt/ZENS-Final-AUVC/install/local_setup.sh'
[23.015s] INFO:colcon.colcon_core.shell:Creating prefix util module '/home/ngt/ZENS-Final-AUVC/install/_local_setup_util_sh.py'
[23.019s] INFO:colcon.colcon_core.shell:Creating prefix chain script '/home/ngt/ZENS-Final-AUVC/install/setup.sh'
[23.031s] INFO:colcon.colcon_core.shell:Creating prefix script '/home/ngt/ZENS-Final-AUVC/install/local_setup.bash'
[23.034s] INFO:colcon.colcon_core.shell:Creating prefix chain script '/home/ngt/ZENS-Final-AUVC/install/setup.bash'
[23.047s] INFO:colcon.colcon_core.shell:Creating prefix script '/home/ngt/ZENS-Final-AUVC/install/local_setup.zsh'
[23.050s] INFO:colcon.colcon_core.shell:Creating prefix chain script '/home/ngt/ZENS-Final-AUVC/install/setup.zsh'
